source	translation	status
﻿Key\tJapanese\tEnglish\r\nImport\tインポート {0}\tImport {0}\r\nNotLinkedScenarioLabel\t{0}: はリンク先が存在しないシナリオラベルです\n{1}\t{0} is not linked scenario label.{1}\r\nRedefinitionScenarioLabel\t{0}: 二重に定義されたシナリオラベルです\n{1}\t{0} is redefinition scenario label.{1}\r\nNotFoundScnarioLabel\t{0}: はジャンプ先が存在しないシナリオラベルです\t{0} is not found in all scenario labels.\nNotSettingSheet\t{0}: はSetting用のシートではありません\t{0} is not setting sheet.\r\nUnknownTag\t{0}: 不明なタグです\t{0} is unknown tag.\r\nSoudType\tサウンド{0}のタイプは{1}ですが、{2}として使用しようしました\t\tSound[{0}] is {1} type. But to uesed {2} type.\r\nBgLayerIsNotDefined\tBg用のLayerが設定されていません。\tBg layer is not defined\r\nReadLayerSaveData\tセーブデータの読み込みに失敗しました。レイヤー[{0}]が設定されていません\tRead Layer save data error.\r\nElseIf\t{0}: ifがないままElseIfが始まっています\tIf-else-endif logic error.\r\nElse\tifがないままElseが始まっています\tIf-else-endif logic error.\r\nEndif\tifがないままEndifが始まっています\tIf-else-endif logic error.\r\nCommandParseNull\t不正な記述です\tCommand parse error.\r\nNotScenarioLabel\t{0}:はシナリオラベルではありません\t{0} is not scnario label.\r\nNotFoundTweenGameObject\t{0}: という名前のGameObjectcが見つからなかったためTween処理が出来ませんでした。\tGameobject {0} is not found. By tween animation.\nUpdateSceneLabel\tシーン{0}が終わっていなのに、新しいシーン{1}に移っているいます。別のシナリオに移る前にEndSceneGalleryを使ってください。\tEndSceneGallery is not set.\r\nEndSceneGallery\tシーン回想に登録されていないのに、シーン回想終了がされています。\tThis Scenario is not set in SecneGallery. But EndSceneGallery is called.\nChacacterCountOnImport\t文字数={0}\tCharacter count = {0}.\n\r\n\r\n\r\n\r\n		
﻿Key\tJapanese\tEnglish\nYes\tはい\tYes\nNo\tいいえ\tNo\nOk\tOK\tOK\nCancel\tキャンセル\tCancel\nBack\tもどる\tBack\nClear\tクリア\tClear\nRetry\tリトライ\tRetry\nHistory\t履歴\tHistory\nSave\tセーブ\tSave\nLoad\tロード\tLoad\nOn\tオン\tOn\nOff\tオフ\tOff\nSkip\tスキップ\tSkip\nNone\tなし\tNone\nSound\tサウンド\tSound\nReview\tレビュー\tReview\nRestore\tリストア\tRestore\nDownload\tダウンロード\tDownload\nQuitGame\tゲームを終了しますか？\tQuit Game?\nDebugInfo\t●デバッグ情報\tDebug Info\nDebugLog\t●デバッグログ\tDebug Log\nDebugMenu\t●デバッグメニュー\tDebug Memu\nDeleteSaveAndQuit\tセーブ消去＆終了\tDelete Save\nDeleteCacheFile\tｷｬｯｼｭﾌｧｲﾙ削除\tDelete Cache\nLanguage\t言語\tLanguage\nDeleteAllSaveDataFilesTitle\t「宴」のセーブデータを消去\tDelete save data of "Utage"\nDeleteAllSaveDataFilesMessage\t「宴」のセーブデータを全て消去しますか？\t\tAre you sure you want to clear all saved data of "Utage"?\nDeleteAllCacheFilesTitle\t「宴」のキャッシュファイルを消去\t\tDelete cache files of "Utage"\nDeleteAllCacheFilesMessage\t「宴」のキャッシュファイルを全て消去しますか？\t\tAre you sure you want to clear all cache files of "Utage"?\nDeleteAllOutputFilesTitle\t「宴」の出力ファイルを消去\t\tDelete output files of "Utage"\nDeleteAllOutputFilesMessage\t「宴」の出力ファイル（セーブデータとキャッシュファイル）を全て消去しますか？\t\tAre you sure you want to clear all (cache file and save data) output file of "Utage"?\nDownloading\tダウンロード中です...\tDownloading...\nDownloadCount\t{0}/{1}\t{0}/{1}\nDownloadPercent\t{0:f2}%\nDownloadFinished\tダウンロード完了！\tDownload Finished!\nWarningNotOnline\tネットワークにつながっていません\tWarning! Not Online\nWarningNotWifi\tサイズの大きいデータがダウンロードされます。Wifi接続ではないですがよろしいですか。\tWarning! Not Wifi\nChangeCurrentProject\t現在のシナリオプロジェクトファイルを変更します\tChange Current Scenario Data Project\nVersionUpScene\t宴のシーンをバージョンアップする必要があります。よろしいですか\tCurrent UTAGE scene should be upgraded. Is it OK？\nVersionUpScenario\t宴のシナリオを再インポートしてバージョンアップする必要があります。よろしいですか\tCurrent UTAGE Scenario should be upgraded. Is it OK？\nRedownload\t再ﾀﾞｳﾝﾛｰﾄﾞ\tRedownload\nAppVersionDiscord\tアプリをバージョンアップする必要があります。ストアからアプリを最新に更新して下さい。\tThe app needs to be upgraded. Please update the app to the latest version from the store.\nErrorNetwork\tネットワーク接続エラーが発生しました。\tA network connection error has occurred.\nErrorInitalize\t初期化エラー。ゲームの起動失敗しました。\tInitialization error. Game failed to start.\n		
﻿Key\tJapanese\tEnglish\r\nNotFound\t{0}:が見つかりません\t{0} is not found\r\nUnknownType\t {0}: は不明なタイプです\t{0} is unknown type \r\nUnknownVersion\t{0}は不明なバージョンです\t{0} is unknown version\r\nColorParse\tカラー:{0} は書式が間違っています\tColor:{0} is error\nSpriteMimMap\t{0} ミップマップのあるテクスチャをスプライトに設定しようとしています\tCant make sprite from mimmap texture.\r\nUnknownFontData\tフォントに未設定の文字です。 [ {0} ]\t\tunknkown font data. [ {0} ]\r\nStringGridRowPraseColumnName\t列:{0} は存在しないかデータが空です。\t\tColumn {0} is null or emptyr.\nStringGridRowPraseColumnIndex\t{0} 列目は存在しないかデータが空です。\t\tColumn  index of {0} is null or emptyr.\nStringGridRowPrase\t{0}  列目のデータ: {1} を値に変換できません。正しい書式で入力してください\tColumn {0}: {1}. Parser Error.\nStringGridParseHaeder\t{0}:ヘッダーに指定した行が存在しません\n{1}\t {0}: Parser header error.\n{1}\r\nStringGridGetColumnIndex\t{0}:指定の名前の列は見つかりません\n\{1}\t Column {0} is not found\r\nSoundNotReadyToPlay\t{0}:はまだ再生準備が終わってません\t{0}: Sound is not readey to play.\r\nTweenWrite\tセーブすべきでないTween情報をセーブしようとしました\t\tTween save error\nFileWrite\t{0} ファイル書き込みエラー {1}\t\t{0} File write error.{1}\nFileRead\t{0} ファイル読み込みエラー {1}\t\t{0} File read error.{1}\nMemoryLeak\tメモリリーク\tMemory leak.\nFileReferecedIsNull\tファイルを参照しているオブジェクトがNULLです\tThe object refereced from file is null.\nFileIsNotReady\tファイルの使用準備が終わっていません。「ReadyToUse」を使ってください\tFile is not ready. Call "ReadyToUse".\nDisableChangeFileLoadFlag\tロード済みのファイルのロードフラグは変えられません\tDisable change FileLoadFlag\nDisableChangeFileVersion\tロード済みのファイルのバージョンは変えられません\tDisable change FileVersion\nSingletonError\tシングルトンなオブジェクトを二個以上作ろうとしました\tCan't create two ormore  singlton Object.\nNoChacheTypeFile\tキャッシュ書き込みしないファイルです\tNot cache type file.\r\nExpUnknownParameter\t{0} :不明なパラメーターです。\tUnknown paramter {0}.\r\nExpResultNotBool\t式の結果がbool型ではありません\tExceptoin is not boolean. \r\nExpIllegal\t不正な式の記述です\tExceptoin parse error.{0}\r\nPivotParse\tピボット:{0} は書式が間違っています\tPivot parse error.{0}\r\nTextTagParse\tテキストに不正な書式があります。< {0}\tText parse error.{0}\nTextCallbackCalcExpression\t文字列を数式に変換するコールバックが登録されていません \tCallbackCalcExpression is not assigend.\nTextFailedCalcExpression\t演算に失敗しました \tFailed calculate expression.\r\nExpressionOperateSubstition\t{0} に {1} を代入できません \tExceptoin operate error.{1}to{0}\r\nExpressionOperator\t演算子:{0} を適用できません \tExceptoin operator {0} error.\r\n\r\n		
﻿Key\tJapanese\tEnglish\nStartGame\tはじめから\tStart Game\nLoad\tロード\tLoad\nConfig\tコンフィグ\tConfig\nBack\t戻る\tBack\nTitle\tタイトル\tTitle\nResetDefault\tﾃﾞﾌｫﾙﾄ\nに戻す\tReset\nDefault\nMessageSpeed\tメッセージ速度\tMessage speed\nAutoMessageSpeed\t自動メッセージ速度\tAuto message speed\nWindowTransparent\tウインドウの透明度\tWindow transparent\nSkipUnread\t未読でもスキップする\tSkip unread\nSkipReleasedBySelection\t選択肢でスキップ解除\tSkip released by selection\nSendMesssageByMouseWheel\tマウスホイールで\n文字送り\tSend messsage\nby mouse wheel\nFullScreen\tフルスクリーン表示\tFull screen\nSoundVolume\t音量\tSound volume\nAll\t全体\tAll\nBgm\tBGM\tBGM\nSe\tSE\tSE\nAmbience\t環境音\tAmbience\nVoice\tボイス\tVoice\nContinueUntilNext\t次の音声まで再生を続ける\tContinue until next\nStopOnClick\tクリックで停止\tStopOnClick\nCgGallery\tCG回想\tCg Gallery\nSceneGallery\tシーン回想\tScene Gallery\nSoundRoom\tサウンドルーム\tSound Room\nGallery\tギャラリー\tGallery		
独白		
バリスタ		
損傷		
損傷2		
SOLDIER-387号		
射撃		
オートマタA		
オートマタB		
オートマタC		
ガラハド		
空白		
カグツチ		
カードハンター		
花咲		
カンタダ		
ソルジャー		
フェイリクスAT		
ワープアニメ		
桜アニメ		
ワープアニメ倍速		
ミナト		
真顔		
真顔2		
真顔3		
感心		
笑み		
笑み2		
笑み3		
笑み4		
笑み6		
笑み7		
笑み8		
笑み9		
笑み10		
驚き		
驚き2		
驚き3		
悲しみ		
悲しみ2		
悲しみ3		
悲しみ4		
悲しみ5		
悲しみ6		
悲しみ7		
悲しみ8		
悲しみ9		
悲しみ10		
悲しみ11		
悲しみ12		
悲しみ13		
不満		
苦笑		
苦笑2		
怒り		
怒り2		
怒り3		
怒り4		
怒り5		
怒り6		
怒り7		
怒り8		
怒り9		
怒り10		
怒り11		
怒り12		
挑発		
挑発2		
挑発3		
挑発4		
挑発5		
思案		
思案2		
思案3		
思案4		
思案5		
呆れ		
にやつき		
にやつき2		
嘲笑		
嘲笑2		
嘲笑3		
嘲笑4		
嘲笑5		
嘲笑6		
嘲笑7		
嘲笑8		
嘲笑9		
怪訝		
怪訝2		
怪訝3		
怪訝4		
怪訝5		
怪訝6		
目閉じ		
笑顔		
笑顔2		
激怒		
激怒2		
激怒3		
片目		
片目2		
ウインク		
ウインク2		
感心2		
感心3		
真顔・照れ		
真顔2・照れ		
真顔3・照れ		
感心・照れ		
笑み・照れ		
笑み2・照れ		
笑み3・照れ		
笑み4・照れ		
笑み5・照れ		
笑み6・照れ		
笑み7・照れ		
笑み8・照れ		
笑み9・照れ		
笑み10・照れ		
驚き・照れ		
驚き2・照れ		
驚き3・照れ		
悲しみ・照れ		
悲しみ2・照れ		
悲しみ3・照れ		
悲しみ4・照れ		
悲しみ5・照れ		
悲しみ6・照れ		
悲しみ7・照れ		
悲しみ8・照れ		
悲しみ9・照れ		
悲しみ10・照れ		
悲しみ11・照れ		
悲しみ12・照れ		
悲しみ13・照れ		
不満・照れ		
苦笑・照れ		
苦笑2・照れ		
怒り・照れ		
怒り2・照れ		
怒り3・照れ		
怒り4・照れ		
怒り5・照れ		
怒り6・照れ		
怒り7・照れ		
怒り8・照れ		
怒り9・照れ		
怒り10・照れ		
怒り11・照れ		
怒り12・照れ		
挑発・照れ		
挑発2・照れ		
挑発3・照れ		
挑発4・照れ		
挑発5・照れ		
思案・照れ		
思案2・照れ		
思案3・照れ		
思案4・照れ		
思案5・照れ		
呆れ・照れ		
にやつき・照れ		
にやつき2・照れ		
嘲笑・照れ		
嘲笑2・照れ		
嘲笑3・照れ		
嘲笑4・照れ		
嘲笑5・照れ		
嘲笑6・照れ		
嘲笑7・照れ		
嘲笑8・照れ		
嘲笑9・照れ		
怪訝・照れ		
怪訝2・照れ		
怪訝3・照れ		
怪訝4・照れ		
怪訝5・照れ		
怪訝6・照れ		
目閉じ・照れ		
笑顔・照れ		
笑顔2・照れ		
激怒・照れ		
激怒2・照れ		
激怒3・照れ		
片目・照れ		
片目2・照れ		
ウインク・照れ		
ウインク2・照れ		
感心2・照れ		
感心3・照れ		
サツキ		
真顔4		
驚き4		
笑み5		
冷笑		
冷笑2		
冷笑3		
笑顔3		
不満2		
不満3		
叫び		
苦笑3		
苦笑4		
苦笑5		
苦笑6		
挑発6		
挑発7		
挑発8		
呆れ2		
片目3		
激怒4		
激怒5		
激怒6		
激怒7		
激怒8		
激怒9		
激怒10		
激怒11		
激怒12		
ウインク3		
ウインク4		
真顔4・照れ		
驚き4・照れ		
冷笑・照れ		
冷笑2・照れ		
冷笑3・照れ		
笑顔3・照れ		
不満2・照れ		
不満3・照れ		
叫び・照れ		
苦笑3・照れ		
苦笑4・照れ		
苦笑5・照れ		
苦笑6・照れ		
挑発6・照れ		
挑発7・照れ		
挑発8・照れ		
呆れ2・照れ		
片目3・照れ		
激怒4・照れ		
激怒5・照れ		
激怒6・照れ		
激怒7・照れ		
激怒8・照れ		
激怒9・照れ		
激怒10・照れ		
激怒11・照れ		
激怒12・照れ		
ウインク3・照れ		
ウインク4・照れ		
ノヴァ		
煽り		
煽り2		
煽り3		
笑顔4		
笑顔5		
煽り・照れ		
煽り2・照れ		
煽り3・照れ		
アメリア		
煽り4		
煽り5		
真剣		
真剣2		
真剣3		
怒り13		
困惑		
困惑2		
困惑3		
思案6		
煽り4・照れ		
煽り5・照れ		
真剣・照れ		
真剣2・照れ		
真剣3・照れ		
怒り13・照れ		
困惑・照れ		
困惑2・照れ		
困惑3・照れ		
笑顔4・照れ		
思案6・照れ		
ユリヒメ		
悲しみ14		
悲しみ15		
悲しみ16		
絶望		
絶望2		
絶望3		
絶望4		
絶望5		
叫び2		
叫び3		
叫び4		
叫び5		
叫び6		
怒り14		
切迫		
切迫2		
切迫3		
切迫4		
切迫5		
切迫6		
切迫7		
切迫8		
切迫9		
笑顔6		
笑顔7		
笑顔8		
笑顔9		
笑顔10		
笑顔11		
笑顔12		
笑顔13		
笑顔14		
笑顔15		
笑顔16		
笑顔17		
笑顔18		
笑顔19		
笑顔20		
笑顔21		
悲しみ14・照れ		
悲しみ15・照れ		
悲しみ16・照れ		
絶望・照れ		
絶望2・照れ		
絶望3・照れ		
絶望4・照れ		
絶望5・照れ		
叫び2・照れ		
叫び3・照れ		
叫び4・照れ		
叫び5・照れ		
叫び6・照れ		
怒り14・照れ		
切迫・照れ		
切迫2・照れ		
切迫3・照れ		
切迫4・照れ		
切迫5・照れ		
切迫6・照れ		
切迫7・照れ		
切迫8・照れ		
切迫9・照れ		
笑顔5・照れ		
笑顔6・照れ		
笑顔7・照れ		
笑顔8・照れ		
笑顔9・照れ		
笑顔10・照れ		
笑顔11・照れ		
笑顔12・照れ		
笑顔13・照れ		
笑顔14・照れ		
笑顔15・照れ		
笑顔16・照れ		
笑顔17・照れ		
笑顔18・照れ		
笑顔19・照れ		
笑顔20・照れ		
笑顔21・照れ		
ユート		
明石		
挑発9		
挑発9・照れ		
風真		
困惑4		
困惑4・照れ		
イスズ		
盾守副総監		
フーゲツ		
影山		
カグヤ		
真顔5		
真顔6		
ステラ		
真顔・私服		
真顔2・私服		
真顔3・私服		
感心・私服		
笑み・私服		
笑み2・私服		
笑み3・私服		
笑み4・私服		
笑み5・私服		
笑み6・私服		
笑み7・私服		
笑み8・私服		
笑み9・私服		
笑み10・私服		
驚き・私服		
驚き2・私服		
驚き3・私服		
悲しみ・私服		
悲しみ2・私服		
悲しみ3・私服		
悲しみ4・私服		
悲しみ5・私服		
悲しみ6・私服		
悲しみ7・私服		
悲しみ8・私服		
悲しみ9・私服		
悲しみ10・私服		
悲しみ11・私服		
悲しみ12・私服		
悲しみ13・私服		
不満・私服		
苦笑・私服		
苦笑2・私服		
怒り・私服		
怒り2・私服		
怒り3・私服		
怒り4・私服		
怒り5・私服		
怒り6・私服		
怒り7・私服		
怒り8・私服		
怒り9・私服		
怒り10・私服		
怒り11・私服		
怒り12・私服		
挑発・私服		
挑発2・私服		
挑発3・私服		
挑発4・私服		
挑発5・私服		
思案・私服		
思案2・私服		
思案3・私服		
思案4・私服		
思案5・私服		
呆れ・私服		
にやつき・私服		
にやつき2・私服		
嘲笑・私服		
嘲笑2・私服		
嘲笑3・私服		
嘲笑4・私服		
嘲笑5・私服		
嘲笑6・私服		
嘲笑7・私服		
嘲笑8・私服		
嘲笑9・私服		
怪訝・私服		
怪訝2・私服		
怪訝3・私服		
怪訝4・私服		
怪訝5・私服		
怪訝6・私服		
目閉じ・私服		
笑顔・私服		
笑顔2・私服		
激怒・私服		
激怒2・私服		
激怒3・私服		
片目・私服		
片目2・私服		
ウインク・私服		
ウインク2・私服		
感心2・私服		
感心3・私服		
真顔・照れ・私服		
真顔2・照れ・私服		
真顔3・照れ・私服		
感心・照れ・私服		
笑み・照れ・私服		
笑み2・照れ・私服		
笑み3・照れ・私服		
笑み4・照れ・私服		
笑み5・照れ・私服		
笑み6・照れ・私服		
笑み7・照れ・私服		
笑み8・照れ・私服		
笑み9・照れ・私服		
笑み10・照れ・私服		
驚き・照れ・私服		
驚き2・照れ・私服		
驚き3・照れ・私服		
悲しみ・照れ・私服		
悲しみ2・照れ・私服		
悲しみ3・照れ・私服		
悲しみ4・照れ・私服		
悲しみ5・照れ・私服		
悲しみ6・照れ・私服		
悲しみ7・照れ・私服		
悲しみ8・照れ・私服		
悲しみ9・照れ・私服		
悲しみ10・照れ・私服		
悲しみ11・照れ・私服		
悲しみ12・照れ・私服		
悲しみ13・照れ・私服		
不満・照れ・私服		
苦笑・照れ・私服		
苦笑2・照れ・私服		
怒り・照れ・私服		
怒り2・照れ・私服		
怒り3・照れ・私服		
怒り4・照れ・私服		
怒り5・照れ・私服		
怒り6・照れ・私服		
怒り7・照れ・私服		
怒り8・照れ・私服		
怒り9・照れ・私服		
怒り10・照れ・私服		
怒り11・照れ・私服		
怒り12・照れ・私服		
挑発・照れ・私服		
挑発2・照れ・私服		
挑発3・照れ・私服		
挑発4・照れ・私服		
挑発5・照れ・私服		
思案・照れ・私服		
思案2・照れ・私服		
思案3・照れ・私服		
思案4・照れ・私服		
思案5・照れ・私服		
呆れ・照れ・私服		
にやつき・照れ・私服		
にやつき2・照れ・私服		
嘲笑・照れ・私服		
嘲笑2・照れ・私服		
嘲笑3・照れ・私服		
嘲笑4・照れ・私服		
嘲笑5・照れ・私服		
嘲笑6・照れ・私服		
嘲笑7・照れ・私服		
嘲笑8・照れ・私服		
嘲笑9・照れ・私服		
怪訝・照れ・私服		
怪訝2・照れ・私服		
怪訝3・照れ・私服		
怪訝4・照れ・私服		
怪訝5・照れ・私服		
怪訝6・照れ・私服		
目閉じ・照れ・私服		
笑顔・照れ・私服		
笑顔2・照れ・私服		
激怒・照れ・私服		
激怒2・照れ・私服		
激怒3・照れ・私服		
片目・照れ・私服		
片目2・照れ・私服		
ウインク・照れ・私服		
ウインク2・照れ・私服		
感心2・照れ・私服		
感心3・照れ・私服		
真顔4・私服		
驚き4・私服		
冷笑・私服		
冷笑2・私服		
冷笑3・私服		
笑顔3・私服		
不満2・私服		
不満3・私服		
叫び・私服		
苦笑3・私服		
苦笑4・私服		
苦笑5・私服		
苦笑6・私服		
挑発6・私服		
挑発7・私服		
挑発8・私服		
呆れ2・私服		
片目3・私服		
激怒4・私服		
激怒5・私服		
激怒6・私服		
激怒7・私服		
激怒8・私服		
激怒9・私服		
激怒10・私服		
激怒11・私服		
激怒12・私服		
ウインク3・私服		
ウインク4・私服		
真顔4・照れ・私服		
驚き4・照れ・私服		
冷笑・照れ・私服		
冷笑2・照れ・私服		
冷笑3・照れ・私服		
笑顔3・照れ・私服		
不満2・照れ・私服		
不満3・照れ・私服		
叫び・照れ・私服		
苦笑3・照れ・私服		
苦笑4・照れ・私服		
苦笑5・照れ・私服		
苦笑6・照れ・私服		
挑発6・照れ・私服		
挑発7・照れ・私服		
挑発8・照れ・私服		
呆れ2・照れ・私服		
片目3・照れ・私服		
激怒4・照れ・私服		
激怒5・照れ・私服		
激怒6・照れ・私服		
激怒7・照れ・私服		
激怒8・照れ・私服		
激怒9・照れ・私服		
激怒10・照れ・私服		
激怒11・照れ・私服		
激怒12・照れ・私服		
ウインク3・照れ・私服		
ウインク4・照れ・私服		
煽り・私服		
煽り2・私服		
煽り3・私服		
真剣・私服		
困惑・私服		
困惑2・私服		
叫び2・私服		
叫び3・私服		
煽り・照れ・私服		
煽り2・照れ・私服		
煽り3・照れ・私服		
真剣・照れ・私服		
困惑・照れ・私服		
困惑2・照れ・私服		
叫び2・照れ・私服		
叫び3・照れ・私服		
煽り4・私服		
煽り5・私服		
真剣2・私服		
真剣3・私服		
怒り13・私服		
困惑3・私服		
笑顔4・私服		
思案6・私服		
煽り4・照れ・私服		
煽り5・照れ・私服		
真剣2・照れ・私服		
真剣3・照れ・私服		
怒り13・照れ・私服		
困惑3・照れ・私服		
笑顔4・照れ・私服		
思案6・照れ・私服		
真顔・警官服		
真顔2・警官服		
真顔3・警官服		
驚き・警官服		
笑み・警官服		
笑み2・警官服		
笑み3・警官服		
笑み4・警官服		
笑み5・警官服		
驚き2・警官服		
驚き3・警官服		
驚き4・警官服		
悲しみ・警官服		
悲しみ2・警官服		
悲しみ3・警官服		
悲しみ4・警官服		
悲しみ5・警官服		
悲しみ6・警官服		
悲しみ7・警官服		
悲しみ8・警官服		
悲しみ9・警官服		
苦笑・警官服		
苦笑2・警官服		
苦笑3・警官服		
苦笑4・警官服		
煽り・警官服		
煽り2・警官服		
煽り3・警官服		
煽り4・警官服		
煽り5・警官服		
嘲笑・警官服		
嘲笑2・警官服		
真剣・警官服		
真剣2・警官服		
真剣3・警官服		
挑発・警官服		
挑発2・警官服		
挑発3・警官服		
挑発4・警官服		
挑発5・警官服		
怒り・警官服		
怒り2・警官服		
怒り3・警官服		
怒り4・警官服		
怒り5・警官服		
怒り6・警官服		
怒り7・警官服		
怒り8・警官服		
怒り9・警官服		
怒り10・警官服		
怒り11・警官服		
怒り12・警官服		
怒り13・警官服		
激怒・警官服		
激怒2・警官服		
激怒3・警官服		
激怒4・警官服		
激怒5・警官服		
激怒6・警官服		
呆れ・警官服		
呆れ2・警官服		
困惑・警官服		
困惑2・警官服		
困惑3・警官服		
笑顔・警官服		
笑顔2・警官服		
笑顔3・警官服		
笑顔4・警官服		
思案・警官服		
思案2・警官服		
思案3・警官服		
思案4・警官服		
思案5・警官服		
思案6・警官服		
ウインク・警官服		
ウインク2・警官服		
片目・警官服		
片目2・警官服		
真顔・照れ・警官服		
真顔2・照れ・警官服		
真顔3・照れ・警官服		
驚き・照れ・警官服		
笑み・照れ・警官服		
笑み2・照れ・警官服		
笑み3・照れ・警官服		
笑み4・照れ・警官服		
笑み5・照れ・警官服		
驚き2・照れ・警官服		
驚き3・照れ・警官服		
驚き4・照れ・警官服		
悲しみ・照れ・警官服		
悲しみ2・照れ・警官服		
悲しみ3・照れ・警官服		
悲しみ4・照れ・警官服		
悲しみ5・照れ・警官服		
悲しみ6・照れ・警官服		
悲しみ7・照れ・警官服		
悲しみ8・照れ・警官服		
悲しみ9・照れ・警官服		
苦笑・照れ・警官服		
苦笑2・照れ・警官服		
苦笑3・照れ・警官服		
苦笑4・照れ・警官服		
煽り・照れ・警官服		
煽り2・照れ・警官服		
煽り3・照れ・警官服		
煽り4・照れ・警官服		
煽り5・照れ・警官服		
嘲笑・照れ・警官服		
嘲笑2・照れ・警官服		
真剣・照れ・警官服		
真剣2・照れ・警官服		
真剣3・照れ・警官服		
挑発・照れ・警官服		
挑発2・照れ・警官服		
挑発3・照れ・警官服		
挑発4・照れ・警官服		
挑発5・照れ・警官服		
怒り・照れ・警官服		
怒り2・照れ・警官服		
怒り3・照れ・警官服		
怒り4・照れ・警官服		
怒り5・照れ・警官服		
怒り6・照れ・警官服		
怒り7・照れ・警官服		
怒り8・照れ・警官服		
怒り9・照れ・警官服		
怒り10・照れ・警官服		
怒り11・照れ・警官服		
怒り12・照れ・警官服		
怒り13・照れ・警官服		
激怒・照れ・警官服		
激怒2・照れ・警官服		
激怒3・照れ・警官服		
激怒4・照れ・警官服		
激怒5・照れ・警官服		
激怒6・照れ・警官服		
呆れ・照れ・警官服		
呆れ2・照れ・警官服		
困惑・照れ・警官服		
困惑2・照れ・警官服		
困惑3・照れ・警官服		
笑顔・照れ・警官服		
笑顔2・照れ・警官服		
笑顔3・照れ・警官服		
笑顔4・照れ・警官服		
思案・照れ・警官服		
思案2・照れ・警官服		
思案3・照れ・警官服		
思案4・照れ・警官服		
思案5・照れ・警官服		
思案6・照れ・警官服		
ウインク・照れ・警官服		
ウインク2・照れ・警官服		
片目・照れ・警官服		
片目2・照れ・警官服		
真顔・特攻服		
真顔2・特攻服		
真顔3・特攻服		
驚き・特攻服		
笑み・特攻服		
笑み2・特攻服		
笑み3・特攻服		
笑み4・特攻服		
笑み5・特攻服		
驚き2・特攻服		
驚き3・特攻服		
驚き4・特攻服		
悲しみ・特攻服		
悲しみ2・特攻服		
悲しみ3・特攻服		
悲しみ4・特攻服		
悲しみ5・特攻服		
悲しみ6・特攻服		
悲しみ7・特攻服		
悲しみ8・特攻服		
悲しみ9・特攻服		
苦笑・特攻服		
苦笑2・特攻服		
苦笑3・特攻服		
苦笑4・特攻服		
煽り・特攻服		
煽り2・特攻服		
煽り3・特攻服		
煽り4・特攻服		
煽り5・特攻服		
嘲笑・特攻服		
嘲笑2・特攻服		
真剣・特攻服		
真剣2・特攻服		
真剣3・特攻服		
挑発・特攻服		
挑発2・特攻服		
挑発3・特攻服		
挑発4・特攻服		
挑発5・特攻服		
怒り・特攻服		
怒り2・特攻服		
怒り3・特攻服		
怒り4・特攻服		
怒り5・特攻服		
怒り6・特攻服		
怒り7・特攻服		
怒り8・特攻服		
怒り9・特攻服		
怒り10・特攻服		
怒り11・特攻服		
怒り12・特攻服		
怒り13・特攻服		
激怒・特攻服		
激怒2・特攻服		
激怒3・特攻服		
激怒4・特攻服		
激怒5・特攻服		
激怒6・特攻服		
呆れ・特攻服		
呆れ2・特攻服		
困惑・特攻服		
困惑2・特攻服		
困惑3・特攻服		
笑顔・特攻服		
笑顔2・特攻服		
笑顔3・特攻服		
笑顔4・特攻服		
思案・特攻服		
思案2・特攻服		
思案3・特攻服		
思案4・特攻服		
思案5・特攻服		
思案6・特攻服		
ウインク・特攻服		
ウインク2・特攻服		
片目・特攻服		
片目2・特攻服		
真顔・照れ・特攻服		
真顔2・照れ・特攻服		
真顔3・照れ・特攻服		
驚き・照れ・特攻服		
笑み・照れ・特攻服		
笑み2・照れ・特攻服		
笑み3・照れ・特攻服		
笑み4・照れ・特攻服		
笑み5・照れ・特攻服		
驚き2・照れ・特攻服		
驚き3・照れ・特攻服		
驚き4・照れ・特攻服		
悲しみ・照れ・特攻服		
悲しみ2・照れ・特攻服		
悲しみ3・照れ・特攻服		
悲しみ4・照れ・特攻服		
悲しみ5・照れ・特攻服		
悲しみ6・照れ・特攻服		
悲しみ7・照れ・特攻服		
悲しみ8・照れ・特攻服		
悲しみ9・照れ・特攻服		
苦笑・照れ・特攻服		
苦笑2・照れ・特攻服		
苦笑3・照れ・特攻服		
苦笑4・照れ・特攻服		
煽り・照れ・特攻服		
煽り2・照れ・特攻服		
煽り3・照れ・特攻服		
煽り4・照れ・特攻服		
煽り5・照れ・特攻服		
嘲笑・照れ・特攻服		
嘲笑2・照れ・特攻服		
真剣・照れ・特攻服		
真剣2・照れ・特攻服		
真剣3・照れ・特攻服		
挑発・照れ・特攻服		
挑発2・照れ・特攻服		
挑発3・照れ・特攻服		
挑発4・照れ・特攻服		
挑発5・照れ・特攻服		
怒り・照れ・特攻服		
怒り2・照れ・特攻服		
怒り3・照れ・特攻服		
怒り4・照れ・特攻服		
怒り5・照れ・特攻服		
怒り6・照れ・特攻服		
怒り7・照れ・特攻服		
怒り8・照れ・特攻服		
怒り9・照れ・特攻服		
怒り10・照れ・特攻服		
怒り11・照れ・特攻服		
怒り12・照れ・特攻服		
怒り13・照れ・特攻服		
激怒・照れ・特攻服		
激怒2・照れ・特攻服		
激怒3・照れ・特攻服		
激怒4・照れ・特攻服		
激怒5・照れ・特攻服		
激怒6・照れ・特攻服		
呆れ・照れ・特攻服		
呆れ2・照れ・特攻服		
困惑・照れ・特攻服		
困惑2・照れ・特攻服		
困惑3・照れ・特攻服		
笑顔・照れ・特攻服		
笑顔2・照れ・特攻服		
笑顔3・照れ・特攻服		
笑顔4・照れ・特攻服		
思案・照れ・特攻服		
思案2・照れ・特攻服		
思案3・照れ・特攻服		
思案4・照れ・特攻服		
思案5・照れ・特攻服		
思案6・照れ・特攻服		
ウインク・照れ・特攻服		
ウインク2・照れ・特攻服		
片目・照れ・特攻服		
片目2・照れ・特攻服		
真顔・スーツ		
真顔2・スーツ		
驚き・スーツ		
驚き2・スーツ		
驚き3・スーツ		
笑み・スーツ		
笑み2・スーツ		
笑み3・スーツ		
笑み4・スーツ		
笑み5・スーツ		
笑み6・スーツ		
笑み7・スーツ		
笑み8・スーツ		
笑み9・スーツ		
悲しみ・スーツ		
悲しみ2・スーツ		
悲しみ3・スーツ		
悲しみ4・スーツ		
悲しみ5・スーツ		
悲しみ6・スーツ		
悲しみ7・スーツ		
悲しみ8・スーツ		
苦笑・スーツ		
苦笑2・スーツ		
苦笑3・スーツ		
煽り・スーツ		
煽り2・スーツ		
煽り3・スーツ		
真剣・スーツ		
真剣2・スーツ		
挑発・スーツ		
挑発2・スーツ		
挑発3・スーツ		
挑発4・スーツ		
挑発5・スーツ		
挑発6・スーツ		
挑発7・スーツ		
挑発8・スーツ		
怒り・スーツ		
怒り2・スーツ		
怒り3・スーツ		
怒り4・スーツ		
怒り5・スーツ		
怒り6・スーツ		
怒り7・スーツ		
怒り8・スーツ		
怒り9・スーツ		
怒り10・スーツ		
怒り11・スーツ		
怒り12・スーツ		
呆れ・スーツ		
呆れ2・スーツ		
激怒・スーツ		
激怒2・スーツ		
激怒3・スーツ		
激怒4・スーツ		
激怒5・スーツ		
激怒6・スーツ		
困惑・スーツ		
困惑2・スーツ		
困惑3・スーツ		
困惑4・スーツ		
笑顔・スーツ		
笑顔2・スーツ		
片目・スーツ		
片目2・スーツ		
ウインク・スーツ		
ウインク2・スーツ		
思案・スーツ		
思案2・スーツ		
思案3・スーツ		
思案4・スーツ		
真顔・照れ・スーツ		
真顔2・照れ・スーツ		
驚き・照れ・スーツ		
驚き2・照れ・スーツ		
驚き3・照れ・スーツ		
笑み・照れ・スーツ		
笑み2・照れ・スーツ		
笑み3・照れ・スーツ		
笑み4・照れ・スーツ		
笑み5・照れ・スーツ		
笑み6・照れ・スーツ		
笑み7・照れ・スーツ		
笑み8・照れ・スーツ		
笑み9・照れ・スーツ		
悲しみ・照れ・スーツ		
悲しみ2・照れ・スーツ		
悲しみ3・照れ・スーツ		
悲しみ4・照れ・スーツ		
悲しみ5・照れ・スーツ		
悲しみ6・照れ・スーツ		
悲しみ7・照れ・スーツ		
悲しみ8・照れ・スーツ		
苦笑・照れ・スーツ		
苦笑2・照れ・スーツ		
苦笑3・照れ・スーツ		
煽り・照れ・スーツ		
煽り2・照れ・スーツ		
煽り3・照れ・スーツ		
真剣・照れ・スーツ		
真剣2・照れ・スーツ		
挑発・照れ・スーツ		
挑発2・照れ・スーツ		
挑発3・照れ・スーツ		
挑発4・照れ・スーツ		
挑発5・照れ・スーツ		
挑発6・照れ・スーツ		
挑発7・照れ・スーツ		
挑発8・照れ・スーツ		
怒り・照れ・スーツ		
怒り2・照れ・スーツ		
怒り3・照れ・スーツ		
怒り4・照れ・スーツ		
怒り5・照れ・スーツ		
怒り6・照れ・スーツ		
怒り7・照れ・スーツ		
怒り8・照れ・スーツ		
怒り9・照れ・スーツ		
怒り10・照れ・スーツ		
怒り11・照れ・スーツ		
怒り12・照れ・スーツ		
呆れ・照れ・スーツ		
呆れ2・照れ・スーツ		
激怒・照れ・スーツ		
激怒2・照れ・スーツ		
激怒3・照れ・スーツ		
激怒4・照れ・スーツ		
激怒5・照れ・スーツ		
激怒6・照れ・スーツ		
困惑・照れ・スーツ		
困惑2・照れ・スーツ		
困惑3・照れ・スーツ		
困惑4・照れ・スーツ		
笑顔・照れ・スーツ		
笑顔2・照れ・スーツ		
片目・照れ・スーツ		
片目2・照れ・スーツ		
ウインク・照れ・スーツ		
ウインク2・照れ・スーツ		
思案・照れ・スーツ		
思案2・照れ・スーツ		
思案3・照れ・スーツ		
思案4・照れ・スーツ		
笑み6・警官服		
笑み7・警官服		
笑み8・警官服		
挑発6・警官服		
挑発7・警官服		
挑発8・警官服		
困惑4・警官服		
笑み6・照れ・警官服		
笑み7・照れ・警官服		
笑み8・照れ・警官服		
矢車		
真顔・サングラス		
驚き・サングラス		
驚き2・サングラス		
笑み・サングラス		
笑み2・サングラス		
悲しみ・サングラス		
悲しみ2・サングラス		
苦笑・サングラス		
煽り・サングラス		
挑発・サングラス		
挑発2・サングラス		
怒り・サングラス		
怒り2・サングラス		
怒り3・サングラス		
怒り4・サングラス		
天道		
ジュリ		
困惑5		
リサ		
ジト目		
ウォーロック		
カーディナル		
真顔・制服		
真顔2・制服		
真顔3・制服		
驚き・制服		
驚き2・制服		
驚き3・制服		
驚き4・制服		
笑み・制服		
笑み2・制服		
笑み3・制服		
笑み4・制服		
笑み5・制服		
笑み6・制服		
笑み7・制服		
笑み8・制服		
笑み9・制服		
笑み10・制服		
悲しみ・制服		
悲しみ2・制服		
悲しみ3・制服		
悲しみ4・制服		
悲しみ5・制服		
悲しみ6・制服		
悲しみ7・制服		
悲しみ8・制服		
悲しみ9・制服		
悲しみ10・制服		
悲しみ11・制服		
悲しみ12・制服		
悲しみ13・制服		
悲しみ14・制服		
悲しみ15・制服		
悲しみ16・制服		
絶望・制服		
絶望2・制服		
絶望3・制服		
絶望4・制服		
絶望5・制服		
叫び・制服		
叫び2・制服		
叫び3・制服		
叫び4・制服		
叫び5・制服		
叫び6・制服		
苦笑・制服		
苦笑2・制服		
苦笑3・制服		
苦笑4・制服		
苦笑5・制服		
苦笑6・制服		
怒り・制服		
怒り2・制服		
怒り3・制服		
怒り4・制服		
怒り5・制服		
怒り6・制服		
怒り7・制服		
怒り8・制服		
怒り9・制服		
怒り10・制服		
怒り11・制服		
怒り12・制服		
怒り13・制服		
怒り14・制服		
激怒・制服		
激怒2・制服		
激怒3・制服		
激怒4・制服		
激怒5・制服		
激怒6・制服		
激怒7・制服		
激怒8・制服		
激怒9・制服		
切迫・制服		
切迫2・制服		
切迫3・制服		
切迫4・制服		
切迫5・制服		
切迫6・制服		
切迫7・制服		
切迫8・制服		
切迫9・制服		
嘲笑・制服		
嘲笑2・制服		
嘲笑3・制服		
嘲笑4・制服		
嘲笑5・制服		
挑発・制服		
挑発2・制服		
挑発3・制服		
挑発4・制服		
挑発5・制服		
挑発6・制服		
挑発7・制服		
呆れ・制服		
呆れ2・制服		
怪訝・制服		
怪訝2・制服		
笑顔・制服		
笑顔2・制服		
笑顔3・制服		
笑顔4・制服		
笑顔5・制服		
笑顔6・制服		
笑顔7・制服		
笑顔8・制服		
笑顔9・制服		
笑顔10・制服		
笑顔11・制服		
笑顔12・制服		
笑顔13・制服		
笑顔14・制服		
笑顔15・制服		
笑顔16・制服		
笑顔17・制服		
笑顔18・制服		
笑顔19・制服		
笑顔20・制服		
笑顔21・制服		
片目・制服		
片目2・制服		
ウインク・制服		
ウインク2・制服		
ウインク3・制服		
ウインク4・制服		
思案・制服		
思案2・制服		
真顔・照れ・制服		
真顔2・照れ・制服		
真顔3・照れ・制服		
驚き・照れ・制服		
驚き2・照れ・制服		
驚き3・照れ・制服		
驚き4・照れ・制服		
笑み・照れ・制服		
笑み2・照れ・制服		
笑み3・照れ・制服		
笑み4・照れ・制服		
笑み5・照れ・制服		
笑み6・照れ・制服		
笑み7・照れ・制服		
笑み8・照れ・制服		
笑み9・照れ・制服		
笑み10・照れ・制服		
悲しみ・照れ・制服		
悲しみ2・照れ・制服		
悲しみ3・照れ・制服		
悲しみ4・照れ・制服		
悲しみ5・照れ・制服		
悲しみ6・照れ・制服		
悲しみ7・照れ・制服		
悲しみ8・照れ・制服		
悲しみ9・照れ・制服		
悲しみ10・照れ・制服		
悲しみ11・照れ・制服		
悲しみ12・照れ・制服		
悲しみ13・照れ・制服		
悲しみ14・照れ・制服		
悲しみ15・照れ・制服		
悲しみ16・照れ・制服		
絶望・照れ・制服		
絶望2・照れ・制服		
絶望3・照れ・制服		
絶望4・照れ・制服		
絶望5・照れ・制服		
叫び・照れ・制服		
叫び2・照れ・制服		
叫び3・照れ・制服		
叫び4・照れ・制服		
叫び5・照れ・制服		
叫び6・照れ・制服		
苦笑・照れ・制服		
苦笑2・照れ・制服		
苦笑3・照れ・制服		
苦笑4・照れ・制服		
苦笑5・照れ・制服		
苦笑6・照れ・制服		
怒り・照れ・制服		
怒り2・照れ・制服		
怒り3・照れ・制服		
怒り4・照れ・制服		
怒り5・照れ・制服		
怒り6・照れ・制服		
怒り7・照れ・制服		
怒り8・照れ・制服		
怒り9・照れ・制服		
怒り10・照れ・制服		
怒り11・照れ・制服		
怒り12・照れ・制服		
怒り13・照れ・制服		
怒り14・照れ・制服		
激怒・照れ・制服		
激怒2・照れ・制服		
激怒3・照れ・制服		
激怒4・照れ・制服		
激怒5・照れ・制服		
激怒6・照れ・制服		
激怒7・照れ・制服		
激怒8・照れ・制服		
激怒9・照れ・制服		
切迫・照れ・制服		
切迫2・照れ・制服		
切迫3・照れ・制服		
切迫4・照れ・制服		
切迫5・照れ・制服		
切迫6・照れ・制服		
切迫7・照れ・制服		
切迫8・照れ・制服		
切迫9・照れ・制服		
嘲笑・照れ・制服		
嘲笑2・照れ・制服		
嘲笑3・照れ・制服		
嘲笑4・照れ・制服		
嘲笑5・照れ・制服		
挑発・照れ・制服		
挑発2・照れ・制服		
挑発3・照れ・制服		
挑発4・照れ・制服		
挑発5・照れ・制服		
挑発6・照れ・制服		
挑発7・照れ・制服		
呆れ・照れ・制服		
呆れ2・照れ・制服		
怪訝・照れ・制服		
怪訝2・照れ・制服		
笑顔・照れ・制服		
笑顔2・照れ・制服		
笑顔3・照れ・制服		
笑顔4・照れ・制服		
笑顔5・照れ・制服		
笑顔6・照れ・制服		
笑顔7・照れ・制服		
笑顔8・照れ・制服		
笑顔9・照れ・制服		
笑顔10・照れ・制服		
笑顔11・照れ・制服		
笑顔12・照れ・制服		
笑顔13・照れ・制服		
笑顔14・照れ・制服		
笑顔15・照れ・制服		
笑顔16・照れ・制服		
笑顔17・照れ・制服		
笑顔18・照れ・制服		
笑顔19・照れ・制服		
笑顔20・照れ・制服		
笑顔21・照れ・制服		
片目・照れ・制服		
片目2・照れ・制服		
ウインク・照れ・制服		
ウインク2・照れ・制服		
ウインク3・照れ・制服		
ウインク4・照れ・制服		
思案・照れ・制服		
思案2・照れ・制服		
笑み9・警官服		
笑み10・警官服		
悲しみ10・警官服		
悲しみ11・警官服		
悲しみ12・警官服		
悲しみ13・警官服		
悲しみ14・警官服		
悲しみ15・警官服		
悲しみ16・警官服		
絶望・警官服		
絶望2・警官服		
絶望3・警官服		
絶望4・警官服		
絶望5・警官服		
叫び・警官服		
叫び2・警官服		
叫び3・警官服		
叫び4・警官服		
叫び5・警官服		
叫び6・警官服		
苦笑5・警官服		
苦笑6・警官服		
怒り14・警官服		
激怒7・警官服		
激怒8・警官服		
激怒9・警官服		
切迫・警官服		
切迫2・警官服		
切迫3・警官服		
切迫4・警官服		
切迫5・警官服		
切迫6・警官服		
切迫7・警官服		
切迫8・警官服		
切迫9・警官服		
嘲笑3・警官服		
嘲笑4・警官服		
嘲笑5・警官服		
怪訝・警官服		
怪訝2・警官服		
笑顔5・警官服		
笑顔6・警官服		
笑顔7・警官服		
笑顔8・警官服		
笑顔9・警官服		
笑顔10・警官服		
笑顔11・警官服		
笑顔12・警官服		
笑顔13・警官服		
笑顔14・警官服		
笑顔15・警官服		
笑顔16・警官服		
笑顔17・警官服		
笑顔18・警官服		
笑顔19・警官服		
笑顔20・警官服		
笑顔21・警官服		
ウインク3・警官服		
ウインク4・警官服		
笑み9・照れ・警官服		
笑み10・照れ・警官服		
悲しみ10・照れ・警官服		
悲しみ11・照れ・警官服		
悲しみ12・照れ・警官服		
悲しみ13・照れ・警官服		
悲しみ14・照れ・警官服		
悲しみ15・照れ・警官服		
悲しみ16・照れ・警官服		
絶望・照れ・警官服		
絶望2・照れ・警官服		
絶望3・照れ・警官服		
絶望4・照れ・警官服		
絶望5・照れ・警官服		
叫び・照れ・警官服		
叫び2・照れ・警官服		
叫び3・照れ・警官服		
叫び4・照れ・警官服		
叫び5・照れ・警官服		
叫び6・照れ・警官服		
苦笑5・照れ・警官服		
苦笑6・照れ・警官服		
怒り14・照れ・警官服		
激怒7・照れ・警官服		
激怒8・照れ・警官服		
激怒9・照れ・警官服		
切迫・照れ・警官服		
切迫2・照れ・警官服		
切迫3・照れ・警官服		
切迫4・照れ・警官服		
切迫5・照れ・警官服		
切迫6・照れ・警官服		
切迫7・照れ・警官服		
切迫8・照れ・警官服		
切迫9・照れ・警官服		
嘲笑3・照れ・警官服		
嘲笑4・照れ・警官服		
嘲笑5・照れ・警官服		
挑発6・照れ・警官服		
挑発7・照れ・警官服		
怪訝・照れ・警官服		
怪訝2・照れ・警官服		
笑顔5・照れ・警官服		
笑顔6・照れ・警官服		
笑顔7・照れ・警官服		
笑顔8・照れ・警官服		
笑顔9・照れ・警官服		
笑顔10・照れ・警官服		
笑顔11・照れ・警官服		
笑顔12・照れ・警官服		
笑顔13・照れ・警官服		
笑顔14・照れ・警官服		
笑顔15・照れ・警官服		
笑顔16・照れ・警官服		
笑顔17・照れ・警官服		
笑顔18・照れ・警官服		
笑顔19・照れ・警官服		
笑顔20・照れ・警官服		
笑顔21・照れ・警官服		
ウインク3・照れ・警官服		
ウインク4・照れ・警官服		
真顔・Yシャツ		
真顔2・Yシャツ		
真顔3・Yシャツ		
驚き・Yシャツ		
驚き2・Yシャツ		
驚き3・Yシャツ		
驚き4・Yシャツ		
笑み・Yシャツ		
笑み2・Yシャツ		
笑み3・Yシャツ		
笑み4・Yシャツ		
笑み5・Yシャツ		
笑み6・Yシャツ		
笑み7・Yシャツ		
笑み8・Yシャツ		
笑み9・Yシャツ		
笑み10・Yシャツ		
悲しみ・Yシャツ		
悲しみ2・Yシャツ		
悲しみ3・Yシャツ		
悲しみ4・Yシャツ		
悲しみ5・Yシャツ		
悲しみ6・Yシャツ		
悲しみ7・Yシャツ		
悲しみ8・Yシャツ		
悲しみ9・Yシャツ		
悲しみ10・Yシャツ		
悲しみ11・Yシャツ		
悲しみ12・Yシャツ		
悲しみ13・Yシャツ		
悲しみ14・Yシャツ		
悲しみ15・Yシャツ		
悲しみ16・Yシャツ		
絶望・Yシャツ		
絶望2・Yシャツ		
絶望3・Yシャツ		
絶望4・Yシャツ		
絶望5・Yシャツ		
叫び・Yシャツ		
叫び2・Yシャツ		
叫び3・Yシャツ		
叫び4・Yシャツ		
叫び5・Yシャツ		
叫び6・Yシャツ		
苦笑・Yシャツ		
苦笑2・Yシャツ		
苦笑3・Yシャツ		
苦笑4・Yシャツ		
苦笑5・Yシャツ		
苦笑6・Yシャツ		
怒り・Yシャツ		
怒り2・Yシャツ		
怒り3・Yシャツ		
怒り4・Yシャツ		
怒り5・Yシャツ		
怒り6・Yシャツ		
怒り7・Yシャツ		
怒り8・Yシャツ		
怒り9・Yシャツ		
怒り10・Yシャツ		
怒り11・Yシャツ		
怒り12・Yシャツ		
怒り13・Yシャツ		
怒り14・Yシャツ		
激怒・Yシャツ		
激怒2・Yシャツ		
激怒3・Yシャツ		
激怒4・Yシャツ		
激怒5・Yシャツ		
激怒6・Yシャツ		
激怒7・Yシャツ		
激怒8・Yシャツ		
激怒9・Yシャツ		
切迫・Yシャツ		
切迫2・Yシャツ		
切迫3・Yシャツ		
切迫4・Yシャツ		
切迫5・Yシャツ		
切迫6・Yシャツ		
切迫7・Yシャツ		
切迫8・Yシャツ		
切迫9・Yシャツ		
嘲笑・Yシャツ		
嘲笑2・Yシャツ		
嘲笑3・Yシャツ		
嘲笑4・Yシャツ		
嘲笑5・Yシャツ		
挑発・Yシャツ		
挑発2・Yシャツ		
挑発3・Yシャツ		
挑発4・Yシャツ		
挑発5・Yシャツ		
挑発6・Yシャツ		
挑発7・Yシャツ		
呆れ・Yシャツ		
呆れ2・Yシャツ		
怪訝・Yシャツ		
怪訝2・Yシャツ		
笑顔・Yシャツ		
笑顔2・Yシャツ		
笑顔3・Yシャツ		
笑顔4・Yシャツ		
笑顔5・Yシャツ		
笑顔6・Yシャツ		
笑顔7・Yシャツ		
笑顔8・Yシャツ		
笑顔9・Yシャツ		
笑顔10・Yシャツ		
笑顔11・Yシャツ		
笑顔12・Yシャツ		
笑顔13・Yシャツ		
笑顔14・Yシャツ		
笑顔15・Yシャツ		
笑顔16・Yシャツ		
笑顔17・Yシャツ		
笑顔18・Yシャツ		
笑顔19・Yシャツ		
笑顔20・Yシャツ		
笑顔21・Yシャツ		
片目・Yシャツ		
片目2・Yシャツ		
ウインク・Yシャツ		
ウインク2・Yシャツ		
ウインク3・Yシャツ		
ウインク4・Yシャツ		
思案・Yシャツ		
思案2・Yシャツ		
真顔・照れ・Yシャツ		
真顔2・照れ・Yシャツ		
真顔3・照れ・Yシャツ		
驚き・照れ・Yシャツ		
驚き2・照れ・Yシャツ		
驚き3・照れ・Yシャツ		
驚き4・照れ・Yシャツ		
笑み・照れ・Yシャツ		
笑み2・照れ・Yシャツ		
笑み3・照れ・Yシャツ		
笑み4・照れ・Yシャツ		
笑み5・照れ・Yシャツ		
笑み6・照れ・Yシャツ		
笑み7・照れ・Yシャツ		
笑み8・照れ・Yシャツ		
笑み9・照れ・Yシャツ		
笑み10・照れ・Yシャツ		
悲しみ・照れ・Yシャツ		
悲しみ2・照れ・Yシャツ		
悲しみ3・照れ・Yシャツ		
悲しみ4・照れ・Yシャツ		
悲しみ5・照れ・Yシャツ		
悲しみ6・照れ・Yシャツ		
悲しみ7・照れ・Yシャツ		
悲しみ8・照れ・Yシャツ		
悲しみ9・照れ・Yシャツ		
悲しみ10・照れ・Yシャツ		
悲しみ11・照れ・Yシャツ		
悲しみ12・照れ・Yシャツ		
悲しみ13・照れ・Yシャツ		
悲しみ14・照れ・Yシャツ		
悲しみ15・照れ・Yシャツ		
悲しみ16・照れ・Yシャツ		
絶望・照れ・Yシャツ		
絶望2・照れ・Yシャツ		
絶望3・照れ・Yシャツ		
絶望4・照れ・Yシャツ		
絶望5・照れ・Yシャツ		
叫び・照れ・Yシャツ		
叫び2・照れ・Yシャツ		
叫び3・照れ・Yシャツ		
叫び4・照れ・Yシャツ		
叫び5・照れ・Yシャツ		
叫び6・照れ・Yシャツ		
苦笑・照れ・Yシャツ		
苦笑2・照れ・Yシャツ		
苦笑3・照れ・Yシャツ		
苦笑4・照れ・Yシャツ		
苦笑5・照れ・Yシャツ		
苦笑6・照れ・Yシャツ		
怒り・照れ・Yシャツ		
怒り2・照れ・Yシャツ		
怒り3・照れ・Yシャツ		
怒り4・照れ・Yシャツ		
怒り5・照れ・Yシャツ		
怒り6・照れ・Yシャツ		
怒り7・照れ・Yシャツ		
怒り8・照れ・Yシャツ		
怒り9・照れ・Yシャツ		
怒り10・照れ・Yシャツ		
怒り11・照れ・Yシャツ		
怒り12・照れ・Yシャツ		
怒り13・照れ・Yシャツ		
怒り14・照れ・Yシャツ		
激怒・照れ・Yシャツ		
激怒2・照れ・Yシャツ		
激怒3・照れ・Yシャツ		
激怒4・照れ・Yシャツ		
激怒5・照れ・Yシャツ		
激怒6・照れ・Yシャツ		
激怒7・照れ・Yシャツ		
激怒8・照れ・Yシャツ		
激怒9・照れ・Yシャツ		
切迫・照れ・Yシャツ		
切迫2・照れ・Yシャツ		
切迫3・照れ・Yシャツ		
切迫4・照れ・Yシャツ		
切迫5・照れ・Yシャツ		
切迫6・照れ・Yシャツ		
切迫7・照れ・Yシャツ		
切迫8・照れ・Yシャツ		
切迫9・照れ・Yシャツ		
嘲笑・照れ・Yシャツ		
嘲笑2・照れ・Yシャツ		
嘲笑3・照れ・Yシャツ		
嘲笑4・照れ・Yシャツ		
嘲笑5・照れ・Yシャツ		
挑発・照れ・Yシャツ		
挑発2・照れ・Yシャツ		
挑発3・照れ・Yシャツ		
挑発4・照れ・Yシャツ		
挑発5・照れ・Yシャツ		
挑発6・照れ・Yシャツ		
挑発7・照れ・Yシャツ		
呆れ・照れ・Yシャツ		
呆れ2・照れ・Yシャツ		
怪訝・照れ・Yシャツ		
怪訝2・照れ・Yシャツ		
笑顔・照れ・Yシャツ		
笑顔2・照れ・Yシャツ		
笑顔3・照れ・Yシャツ		
笑顔4・照れ・Yシャツ		
笑顔5・照れ・Yシャツ		
笑顔6・照れ・Yシャツ		
笑顔7・照れ・Yシャツ		
笑顔8・照れ・Yシャツ		
笑顔9・照れ・Yシャツ		
笑顔10・照れ・Yシャツ		
笑顔11・照れ・Yシャツ		
笑顔12・照れ・Yシャツ		
笑顔13・照れ・Yシャツ		
笑顔14・照れ・Yシャツ		
笑顔15・照れ・Yシャツ		
笑顔16・照れ・Yシャツ		
笑顔17・照れ・Yシャツ		
笑顔18・照れ・Yシャツ		
笑顔19・照れ・Yシャツ		
笑顔20・照れ・Yシャツ		
笑顔21・照れ・Yシャツ		
片目・照れ・Yシャツ		
片目2・照れ・Yシャツ		
ウインク・照れ・Yシャツ		
ウインク2・照れ・Yシャツ		
ウインク3・照れ・Yシャツ		
ウインク4・照れ・Yシャツ		
思案・照れ・Yシャツ		
思案2・照れ・Yシャツ		
悲しみ14・私服		
悲しみ15・私服		
悲しみ16・私服		
絶望・私服		
絶望2・私服		
絶望3・私服		
絶望4・私服		
絶望5・私服		
叫び4・私服		
叫び5・私服		
叫び6・私服		
怒り14・私服		
切迫・私服		
切迫2・私服		
切迫3・私服		
切迫4・私服		
切迫5・私服		
切迫6・私服		
切迫7・私服		
切迫8・私服		
切迫9・私服		
笑顔5・私服		
笑顔6・私服		
笑顔7・私服		
笑顔8・私服		
笑顔9・私服		
笑顔10・私服		
笑顔11・私服		
笑顔12・私服		
笑顔13・私服		
笑顔14・私服		
笑顔15・私服		
笑顔16・私服		
笑顔17・私服		
笑顔18・私服		
笑顔19・私服		
笑顔20・私服		
笑顔21・私服		
悲しみ14・照れ・私服		
悲しみ15・照れ・私服		
悲しみ16・照れ・私服		
絶望・照れ・私服		
絶望2・照れ・私服		
絶望3・照れ・私服		
絶望4・照れ・私服		
絶望5・照れ・私服		
叫び4・照れ・私服		
叫び5・照れ・私服		
叫び6・照れ・私服		
怒り14・照れ・私服		
切迫・照れ・私服		
切迫2・照れ・私服		
切迫3・照れ・私服		
切迫4・照れ・私服		
切迫5・照れ・私服		
切迫6・照れ・私服		
切迫7・照れ・私服		
切迫8・照れ・私服		
切迫9・照れ・私服		
笑顔5・照れ・私服		
笑顔6・照れ・私服		
笑顔7・照れ・私服		
笑顔8・照れ・私服		
笑顔9・照れ・私服		
笑顔10・照れ・私服		
笑顔11・照れ・私服		
笑顔12・照れ・私服		
笑顔13・照れ・私服		
笑顔14・照れ・私服		
笑顔15・照れ・私服		
笑顔16・照れ・私服		
笑顔17・照れ・私服		
笑顔18・照れ・私服		
笑顔19・照れ・私服		
笑顔20・照れ・私服		
笑顔21・照れ・私服		
真顔・スーツ赤		
真顔2・スーツ赤		
真顔3・スーツ赤		
驚き・スーツ赤		
驚き2・スーツ赤		
驚き3・スーツ赤		
驚き4・スーツ赤		
笑み・スーツ赤		
笑み2・スーツ赤		
笑み3・スーツ赤		
笑み4・スーツ赤		
笑み5・スーツ赤		
笑み6・スーツ赤		
笑み7・スーツ赤		
笑み8・スーツ赤		
笑み9・スーツ赤		
笑み10・スーツ赤		
悲しみ・スーツ赤		
悲しみ2・スーツ赤		
悲しみ3・スーツ赤		
悲しみ4・スーツ赤		
悲しみ5・スーツ赤		
悲しみ6・スーツ赤		
悲しみ7・スーツ赤		
悲しみ8・スーツ赤		
悲しみ9・スーツ赤		
悲しみ10・スーツ赤		
悲しみ11・スーツ赤		
悲しみ12・スーツ赤		
悲しみ13・スーツ赤		
悲しみ14・スーツ赤		
悲しみ15・スーツ赤		
悲しみ16・スーツ赤		
絶望・スーツ赤		
絶望2・スーツ赤		
絶望3・スーツ赤		
絶望4・スーツ赤		
絶望5・スーツ赤		
叫び・スーツ赤		
叫び2・スーツ赤		
叫び3・スーツ赤		
叫び4・スーツ赤		
叫び5・スーツ赤		
叫び6・スーツ赤		
苦笑・スーツ赤		
苦笑2・スーツ赤		
苦笑3・スーツ赤		
苦笑4・スーツ赤		
苦笑5・スーツ赤		
苦笑6・スーツ赤		
怒り・スーツ赤		
怒り2・スーツ赤		
怒り3・スーツ赤		
怒り4・スーツ赤		
怒り5・スーツ赤		
怒り6・スーツ赤		
怒り7・スーツ赤		
怒り8・スーツ赤		
怒り9・スーツ赤		
怒り10・スーツ赤		
怒り11・スーツ赤		
怒り12・スーツ赤		
怒り13・スーツ赤		
怒り14・スーツ赤		
激怒・スーツ赤		
激怒2・スーツ赤		
激怒3・スーツ赤		
激怒4・スーツ赤		
激怒5・スーツ赤		
激怒6・スーツ赤		
激怒7・スーツ赤		
激怒8・スーツ赤		
激怒9・スーツ赤		
切迫・スーツ赤		
切迫2・スーツ赤		
切迫3・スーツ赤		
切迫4・スーツ赤		
切迫5・スーツ赤		
切迫6・スーツ赤		
切迫7・スーツ赤		
切迫8・スーツ赤		
切迫9・スーツ赤		
嘲笑・スーツ赤		
嘲笑2・スーツ赤		
嘲笑3・スーツ赤		
嘲笑4・スーツ赤		
嘲笑5・スーツ赤		
挑発・スーツ赤		
挑発2・スーツ赤		
挑発3・スーツ赤		
挑発4・スーツ赤		
挑発5・スーツ赤		
挑発6・スーツ赤		
挑発7・スーツ赤		
呆れ・スーツ赤		
呆れ2・スーツ赤		
怪訝・スーツ赤		
怪訝2・スーツ赤		
笑顔・スーツ赤		
笑顔2・スーツ赤		
笑顔3・スーツ赤		
笑顔4・スーツ赤		
笑顔5・スーツ赤		
笑顔6・スーツ赤		
笑顔7・スーツ赤		
笑顔8・スーツ赤		
笑顔9・スーツ赤		
笑顔10・スーツ赤		
笑顔11・スーツ赤		
笑顔12・スーツ赤		
笑顔13・スーツ赤		
笑顔14・スーツ赤		
笑顔15・スーツ赤		
笑顔16・スーツ赤		
笑顔17・スーツ赤		
笑顔18・スーツ赤		
笑顔19・スーツ赤		
笑顔20・スーツ赤		
笑顔21・スーツ赤		
片目・スーツ赤		
片目2・スーツ赤		
ウインク・スーツ赤		
ウインク2・スーツ赤		
ウインク3・スーツ赤		
ウインク4・スーツ赤		
思案・スーツ赤		
思案2・スーツ赤		
真顔・照れ・スーツ赤		
真顔2・照れ・スーツ赤		
真顔3・照れ・スーツ赤		
驚き・照れ・スーツ赤		
驚き2・照れ・スーツ赤		
驚き3・照れ・スーツ赤		
驚き4・照れ・スーツ赤		
笑み・照れ・スーツ赤		
笑み2・照れ・スーツ赤		
笑み3・照れ・スーツ赤		
笑み4・照れ・スーツ赤		
笑み5・照れ・スーツ赤		
笑み6・照れ・スーツ赤		
笑み7・照れ・スーツ赤		
笑み8・照れ・スーツ赤		
笑み9・照れ・スーツ赤		
笑み10・照れ・スーツ赤		
悲しみ・照れ・スーツ赤		
悲しみ2・照れ・スーツ赤		
悲しみ3・照れ・スーツ赤		
悲しみ4・照れ・スーツ赤		
悲しみ5・照れ・スーツ赤		
悲しみ6・照れ・スーツ赤		
悲しみ7・照れ・スーツ赤		
悲しみ8・照れ・スーツ赤		
悲しみ9・照れ・スーツ赤		
悲しみ10・照れ・スーツ赤		
悲しみ11・照れ・スーツ赤		
悲しみ12・照れ・スーツ赤		
悲しみ13・照れ・スーツ赤		
悲しみ14・照れ・スーツ赤		
悲しみ15・照れ・スーツ赤		
悲しみ16・照れ・スーツ赤		
絶望・照れ・スーツ赤		
絶望2・照れ・スーツ赤		
絶望3・照れ・スーツ赤		
絶望4・照れ・スーツ赤		
絶望5・照れ・スーツ赤		
叫び・照れ・スーツ赤		
叫び2・照れ・スーツ赤		
叫び3・照れ・スーツ赤		
叫び4・照れ・スーツ赤		
叫び5・照れ・スーツ赤		
叫び6・照れ・スーツ赤		
苦笑・照れ・スーツ赤		
苦笑2・照れ・スーツ赤		
苦笑3・照れ・スーツ赤		
苦笑4・照れ・スーツ赤		
苦笑5・照れ・スーツ赤		
苦笑6・照れ・スーツ赤		
怒り・照れ・スーツ赤		
怒り2・照れ・スーツ赤		
怒り3・照れ・スーツ赤		
怒り4・照れ・スーツ赤		
怒り5・照れ・スーツ赤		
怒り6・照れ・スーツ赤		
怒り7・照れ・スーツ赤		
怒り8・照れ・スーツ赤		
怒り9・照れ・スーツ赤		
怒り10・照れ・スーツ赤		
怒り11・照れ・スーツ赤		
怒り12・照れ・スーツ赤		
怒り13・照れ・スーツ赤		
怒り14・照れ・スーツ赤		
激怒・照れ・スーツ赤		
激怒2・照れ・スーツ赤		
激怒3・照れ・スーツ赤		
激怒4・照れ・スーツ赤		
激怒5・照れ・スーツ赤		
激怒6・照れ・スーツ赤		
激怒7・照れ・スーツ赤		
激怒8・照れ・スーツ赤		
激怒9・照れ・スーツ赤		
切迫・照れ・スーツ赤		
切迫2・照れ・スーツ赤		
切迫3・照れ・スーツ赤		
切迫4・照れ・スーツ赤		
切迫5・照れ・スーツ赤		
切迫6・照れ・スーツ赤		
切迫7・照れ・スーツ赤		
切迫8・照れ・スーツ赤		
切迫9・照れ・スーツ赤		
嘲笑・照れ・スーツ赤		
嘲笑2・照れ・スーツ赤		
嘲笑3・照れ・スーツ赤		
嘲笑4・照れ・スーツ赤		
嘲笑5・照れ・スーツ赤		
挑発・照れ・スーツ赤		
挑発2・照れ・スーツ赤		
挑発3・照れ・スーツ赤		
挑発4・照れ・スーツ赤		
挑発5・照れ・スーツ赤		
挑発6・照れ・スーツ赤		
挑発7・照れ・スーツ赤		
呆れ・照れ・スーツ赤		
呆れ2・照れ・スーツ赤		
怪訝・照れ・スーツ赤		
怪訝2・照れ・スーツ赤		
笑顔・照れ・スーツ赤		
笑顔2・照れ・スーツ赤		
笑顔3・照れ・スーツ赤		
笑顔4・照れ・スーツ赤		
笑顔5・照れ・スーツ赤		
笑顔6・照れ・スーツ赤		
笑顔7・照れ・スーツ赤		
笑顔8・照れ・スーツ赤		
笑顔9・照れ・スーツ赤		
笑顔10・照れ・スーツ赤		
笑顔11・照れ・スーツ赤		
笑顔12・照れ・スーツ赤		
笑顔13・照れ・スーツ赤		
笑顔14・照れ・スーツ赤		
笑顔15・照れ・スーツ赤		
笑顔16・照れ・スーツ赤		
笑顔17・照れ・スーツ赤		
笑顔18・照れ・スーツ赤		
笑顔19・照れ・スーツ赤		
笑顔20・照れ・スーツ赤		
笑顔21・照れ・スーツ赤		
片目・照れ・スーツ赤		
片目2・照れ・スーツ赤		
ウインク・照れ・スーツ赤		
ウインク2・照れ・スーツ赤		
ウインク3・照れ・スーツ赤		
ウインク4・照れ・スーツ赤		
思案・照れ・スーツ赤		
思案2・照れ・スーツ赤		
真顔・シスター		
真顔2・シスター		
真顔3・シスター		
驚き・シスター		
笑み・シスター		
笑み2・シスター		
笑み3・シスター		
笑み4・シスター		
笑み5・シスター		
悲しみ・シスター		
悲しみ2・シスター		
悲しみ3・シスター		
悲しみ4・シスター		
悲しみ5・シスター		
悲しみ6・シスター		
苦笑・シスター		
苦笑2・シスター		
苦笑3・シスター		
怒り・シスター		
怒り2・シスター		
怒り3・シスター		
怒り4・シスター		
挑発・シスター		
挑発2・シスター		
挑発3・シスター		
挑発4・シスター		
煽り・シスター		
煽り2・シスター		
煽り3・シスター		
呆れ・シスター		
呆れ2・シスター		
不満・シスター		
不満2・シスター		
思案・シスター		
思案2・シスター		
思案3・シスター		
笑顔・シスター		
笑顔2・シスター		
笑顔3・シスター		
片目・シスター		
片目2・シスター		
ウインク・シスター		
ウインク2・シスター		
感心・シスター		
感心2・シスター		
カナデ		
真顔・バスタオル		
真顔2・バスタオル		
驚き・バスタオル		
驚き2・バスタオル		
笑み・バスタオル		
笑み2・バスタオル		
笑み3・バスタオル		
笑み4・バスタオル		
笑み5・バスタオル		
笑み6・バスタオル		
笑み7・バスタオル		
悲しみ・バスタオル		
悲しみ2・バスタオル		
悲しみ3・バスタオル		
悲しみ4・バスタオル		
悲しみ5・バスタオル		
悲しみ6・バスタオル		
悲しみ7・バスタオル		
悲しみ8・バスタオル		
悲しみ9・バスタオル		
悲しみ10・バスタオル		
悲しみ11・バスタオル		
苦笑・バスタオル		
苦笑2・バスタオル		
苦笑3・バスタオル		
煽り・バスタオル		
煽り2・バスタオル		
煽り3・バスタオル		
挑発・バスタオル		
挑発2・バスタオル		
挑発3・バスタオル		
挑発4・バスタオル		
挑発5・バスタオル		
怒り・バスタオル		
怒り2・バスタオル		
怒り3・バスタオル		
怒り4・バスタオル		
怒り5・バスタオル		
怒り6・バスタオル		
怒り7・バスタオル		
怒り8・バスタオル		
呆れ・バスタオル		
呆れ2・バスタオル		
笑顔・バスタオル		
笑顔2・バスタオル		
片目・バスタオル		
片目2・バスタオル		
ウインク・バスタオル		
ウインク2・バスタオル		
思案・バスタオル		
思案2・バスタオル		
真顔・浴衣		
真顔2・浴衣		
驚き・浴衣		
驚き2・浴衣		
笑み・浴衣		
笑み2・浴衣		
笑み3・浴衣		
笑み4・浴衣		
笑み5・浴衣		
笑み6・浴衣		
笑み7・浴衣		
悲しみ・浴衣		
悲しみ2・浴衣		
悲しみ3・浴衣		
悲しみ4・浴衣		
悲しみ5・浴衣		
悲しみ6・浴衣		
悲しみ7・浴衣		
悲しみ8・浴衣		
悲しみ9・浴衣		
悲しみ10・浴衣		
悲しみ11・浴衣		
苦笑・浴衣		
苦笑2・浴衣		
苦笑3・浴衣		
煽り・浴衣		
煽り2・浴衣		
煽り3・浴衣		
挑発・浴衣		
挑発2・浴衣		
挑発3・浴衣		
挑発4・浴衣		
挑発5・浴衣		
怒り・浴衣		
怒り2・浴衣		
怒り3・浴衣		
怒り4・浴衣		
怒り5・浴衣		
怒り6・浴衣		
怒り7・浴衣		
怒り8・浴衣		
呆れ・浴衣		
呆れ2・浴衣		
笑顔・浴衣		
笑顔2・浴衣		
片目・浴衣		
片目2・浴衣		
ウインク・浴衣		
ウインク2・浴衣		
思案・浴衣		
思案2・浴衣		
真顔・水着		
真顔2・水着		
驚き・水着		
驚き2・水着		
驚き3・水着		
笑み・水着		
笑み2・水着		
笑み3・水着		
笑み4・水着		
笑み5・水着		
悲しみ・水着		
悲しみ2・水着		
悲しみ3・水着		
悲しみ4・水着		
悲しみ5・水着		
悲しみ6・水着		
不満・水着		
不満2・水着		
苦笑・水着		
苦笑2・水着		
煽り・水着		
煽り2・水着		
煽り3・水着		
真剣・水着		
挑発・水着		
挑発2・水着		
挑発3・水着		
挑発4・水着		
挑発5・水着		
挑発6・水着		
怒り・水着		
怒り2・水着		
怒り3・水着		
怒り4・水着		
怒り5・水着		
怒り6・水着		
怒り7・水着		
怪訝・水着		
呆れ・水着		
呆れ2・水着		
思案・水着		
激怒・水着		
激怒2・水着		
激怒3・水着		
激怒4・水着		
激怒5・水着		
激怒6・水着		
困惑・水着		
困惑2・水着		
叫び・水着		
叫び2・水着		
思案4・水着		
笑顔・水着		
片目・水着		
片目2・水着		
ウインク・水着		
ウインク2・水着		
思案2・水着		
思案3・水着		
笑顔2・水着		
笑顔3・水着		
叫び3・水着		
真顔・照れ・水着		
真顔2・照れ・水着		
驚き・照れ・水着		
驚き2・照れ・水着		
驚き3・照れ・水着		
笑み・照れ・水着		
笑み2・照れ・水着		
笑み3・照れ・水着		
笑み4・照れ・水着		
笑み5・照れ・水着		
悲しみ・照れ・水着		
悲しみ2・照れ・水着		
悲しみ3・照れ・水着		
悲しみ4・照れ・水着		
悲しみ5・照れ・水着		
悲しみ6・照れ・水着		
不満・照れ・水着		
不満2・照れ・水着		
苦笑・照れ・水着		
苦笑2・照れ・水着		
煽り・照れ・水着		
煽り2・照れ・水着		
煽り3・照れ・水着		
真剣・照れ・水着		
挑発・照れ・水着		
挑発2・照れ・水着		
挑発3・照れ・水着		
挑発4・照れ・水着		
挑発5・照れ・水着		
挑発6・照れ・水着		
怒り・照れ・水着		
怒り2・照れ・水着		
怒り3・照れ・水着		
怒り4・照れ・水着		
怒り5・照れ・水着		
怒り6・照れ・水着		
怒り7・照れ・水着		
怪訝・照れ・水着		
呆れ・照れ・水着		
呆れ2・照れ・水着		
思案・照れ・水着		
激怒・照れ・水着		
激怒2・照れ・水着		
激怒3・照れ・水着		
困惑・照れ・水着		
困惑2・照れ・水着		
叫び・照れ・水着		
叫び2・照れ・水着		
思案4・照れ・水着		
笑顔・照れ・水着		
片目・照れ・水着		
片目2・照れ・水着		
ウインク・照れ・水着		
ウインク2・照れ・水着		
思案2・照れ・水着		
思案3・照れ・水着		
笑顔2・照れ・水着		
笑顔3・照れ・水着		
叫び3・照れ・水着		
激怒4・照れ・水着		
驚き3・浴衣		
不満・浴衣		
不満2・浴衣		
真剣・浴衣		
挑発6・浴衣		
怪訝・浴衣		
激怒・浴衣		
激怒2・浴衣		
激怒3・浴衣		
激怒4・浴衣		
激怒5・浴衣		
激怒6・浴衣		
困惑・浴衣		
困惑2・浴衣		
叫び・浴衣		
叫び2・浴衣		
思案4・浴衣		
思案3・浴衣		
笑顔3・浴衣		
叫び3・浴衣		
真顔・照れ・浴衣		
真顔2・照れ・浴衣		
驚き・照れ・浴衣		
驚き2・照れ・浴衣		
驚き3・照れ・浴衣		
笑み・照れ・浴衣		
笑み2・照れ・浴衣		
笑み3・照れ・浴衣		
笑み4・照れ・浴衣		
笑み5・照れ・浴衣		
悲しみ・照れ・浴衣		
悲しみ2・照れ・浴衣		
悲しみ3・照れ・浴衣		
悲しみ4・照れ・浴衣		
悲しみ5・照れ・浴衣		
悲しみ6・照れ・浴衣		
不満・照れ・浴衣		
不満2・照れ・浴衣		
苦笑・照れ・浴衣		
苦笑2・照れ・浴衣		
煽り・照れ・浴衣		
煽り2・照れ・浴衣		
煽り3・照れ・浴衣		
真剣・照れ・浴衣		
挑発・照れ・浴衣		
挑発2・照れ・浴衣		
挑発3・照れ・浴衣		
挑発4・照れ・浴衣		
挑発5・照れ・浴衣		
挑発6・照れ・浴衣		
怒り・照れ・浴衣		
怒り2・照れ・浴衣		
怒り3・照れ・浴衣		
怒り4・照れ・浴衣		
怒り5・照れ・浴衣		
怒り6・照れ・浴衣		
怒り7・照れ・浴衣		
怪訝・照れ・浴衣		
呆れ・照れ・浴衣		
呆れ2・照れ・浴衣		
思案・照れ・浴衣		
激怒・照れ・浴衣		
激怒2・照れ・浴衣		
激怒3・照れ・浴衣		
困惑・照れ・浴衣		
困惑2・照れ・浴衣		
叫び・照れ・浴衣		
叫び2・照れ・浴衣		
思案4・照れ・浴衣		
笑顔・照れ・浴衣		
片目・照れ・浴衣		
片目2・照れ・浴衣		
ウインク・照れ・浴衣		
ウインク2・照れ・浴衣		
思案2・照れ・浴衣		
思案3・照れ・浴衣		
笑顔2・照れ・浴衣		
笑顔3・照れ・浴衣		
叫び3・照れ・浴衣		
激怒4・照れ・浴衣		
真顔3・水着		
感心・水着		
笑み6・水着		
笑み7・水着		
笑み8・水着		
笑み9・水着		
笑み10・水着		
悲しみ7・水着		
悲しみ8・水着		
悲しみ9・水着		
悲しみ10・水着		
悲しみ11・水着		
悲しみ12・水着		
悲しみ13・水着		
怒り8・水着		
怒り9・水着		
怒り10・水着		
怒り11・水着		
怒り12・水着		
思案5・水着		
にやつき・水着		
にやつき2・水着		
嘲笑・水着		
嘲笑2・水着		
嘲笑3・水着		
嘲笑4・水着		
嘲笑5・水着		
嘲笑6・水着		
嘲笑7・水着		
嘲笑8・水着		
嘲笑9・水着		
怪訝2・水着		
怪訝3・水着		
怪訝4・水着		
怪訝5・水着		
怪訝6・水着		
目閉じ・水着		
感心2・水着		
感心3・水着		
真顔3・照れ・水着		
感心・照れ・水着		
笑み6・照れ・水着		
笑み7・照れ・水着		
笑み8・照れ・水着		
笑み9・照れ・水着		
笑み10・照れ・水着		
悲しみ7・照れ・水着		
悲しみ8・照れ・水着		
悲しみ9・照れ・水着		
悲しみ10・照れ・水着		
悲しみ11・照れ・水着		
悲しみ12・照れ・水着		
悲しみ13・照れ・水着		
怒り8・照れ・水着		
怒り9・照れ・水着		
怒り10・照れ・水着		
怒り11・照れ・水着		
怒り12・照れ・水着		
思案5・照れ・水着		
にやつき・照れ・水着		
にやつき2・照れ・水着		
嘲笑・照れ・水着		
嘲笑2・照れ・水着		
嘲笑3・照れ・水着		
嘲笑4・照れ・水着		
嘲笑5・照れ・水着		
嘲笑6・照れ・水着		
嘲笑7・照れ・水着		
嘲笑8・照れ・水着		
嘲笑9・照れ・水着		
怪訝2・照れ・水着		
怪訝3・照れ・水着		
怪訝4・照れ・水着		
怪訝5・照れ・水着		
怪訝6・照れ・水着		
目閉じ・照れ・水着		
感心2・照れ・水着		
感心3・照れ・水着		
真顔3・バスタオル		
感心・バスタオル		
笑み8・バスタオル		
笑み9・バスタオル		
笑み10・バスタオル		
驚き3・バスタオル		
悲しみ12・バスタオル		
悲しみ13・バスタオル		
不満・バスタオル		
怒り9・バスタオル		
怒り10・バスタオル		
怒り11・バスタオル		
怒り12・バスタオル		
思案3・バスタオル		
思案4・バスタオル		
思案5・バスタオル		
にやつき・バスタオル		
にやつき2・バスタオル		
嘲笑・バスタオル		
嘲笑2・バスタオル		
嘲笑3・バスタオル		
嘲笑4・バスタオル		
嘲笑5・バスタオル		
嘲笑6・バスタオル		
嘲笑7・バスタオル		
嘲笑8・バスタオル		
嘲笑9・バスタオル		
怪訝・バスタオル		
怪訝2・バスタオル		
怪訝3・バスタオル		
怪訝4・バスタオル		
怪訝5・バスタオル		
怪訝6・バスタオル		
目閉じ・バスタオル		
激怒・バスタオル		
激怒2・バスタオル		
激怒3・バスタオル		
感心2・バスタオル		
感心3・バスタオル		
真顔・照れ・バスタオル		
真顔2・照れ・バスタオル		
真顔3・照れ・バスタオル		
感心・照れ・バスタオル		
笑み・照れ・バスタオル		
笑み2・照れ・バスタオル		
笑み3・照れ・バスタオル		
笑み4・照れ・バスタオル		
笑み5・照れ・バスタオル		
笑み6・照れ・バスタオル		
笑み7・照れ・バスタオル		
笑み8・照れ・バスタオル		
笑み9・照れ・バスタオル		
笑み10・照れ・バスタオル		
驚き・照れ・バスタオル		
驚き2・照れ・バスタオル		
驚き3・照れ・バスタオル		
悲しみ・照れ・バスタオル		
悲しみ2・照れ・バスタオル		
悲しみ3・照れ・バスタオル		
悲しみ4・照れ・バスタオル		
悲しみ5・照れ・バスタオル		
悲しみ6・照れ・バスタオル		
悲しみ7・照れ・バスタオル		
悲しみ8・照れ・バスタオル		
悲しみ9・照れ・バスタオル		
悲しみ10・照れ・バスタオル		
悲しみ11・照れ・バスタオル		
悲しみ12・照れ・バスタオル		
悲しみ13・照れ・バスタオル		
不満・照れ・バスタオル		
苦笑・照れ・バスタオル		
苦笑2・照れ・バスタオル		
怒り・照れ・バスタオル		
怒り2・照れ・バスタオル		
怒り3・照れ・バスタオル		
怒り4・照れ・バスタオル		
怒り5・照れ・バスタオル		
怒り6・照れ・バスタオル		
怒り7・照れ・バスタオル		
怒り8・照れ・バスタオル		
怒り9・照れ・バスタオル		
怒り10・照れ・バスタオル		
怒り11・照れ・バスタオル		
怒り12・照れ・バスタオル		
挑発・照れ・バスタオル		
挑発2・照れ・バスタオル		
挑発3・照れ・バスタオル		
挑発4・照れ・バスタオル		
挑発5・照れ・バスタオル		
思案・照れ・バスタオル		
思案2・照れ・バスタオル		
思案3・照れ・バスタオル		
思案4・照れ・バスタオル		
思案5・照れ・バスタオル		
呆れ・照れ・バスタオル		
にやつき・照れ・バスタオル		
にやつき2・照れ・バスタオル		
嘲笑・照れ・バスタオル		
嘲笑2・照れ・バスタオル		
嘲笑3・照れ・バスタオル		
嘲笑4・照れ・バスタオル		
嘲笑5・照れ・バスタオル		
嘲笑6・照れ・バスタオル		
嘲笑7・照れ・バスタオル		
嘲笑8・照れ・バスタオル		
嘲笑9・照れ・バスタオル		
怪訝・照れ・バスタオル		
怪訝2・照れ・バスタオル		
怪訝3・照れ・バスタオル		
怪訝4・照れ・バスタオル		
怪訝5・照れ・バスタオル		
怪訝6・照れ・バスタオル		
目閉じ・照れ・バスタオル		
笑顔・照れ・バスタオル		
笑顔2・照れ・バスタオル		
激怒・照れ・バスタオル		
激怒2・照れ・バスタオル		
激怒3・照れ・バスタオル		
片目・照れ・バスタオル		
片目2・照れ・バスタオル		
ウインク・照れ・バスタオル		
ウインク2・照れ・バスタオル		
感心2・照れ・バスタオル		
感心3・照れ・バスタオル		
真顔3・浴衣		
感心・浴衣		
笑み8・浴衣		
笑み9・浴衣		
笑み10・浴衣		
悲しみ12・浴衣		
悲しみ13・浴衣		
怒り9・浴衣		
怒り10・浴衣		
怒り11・浴衣		
怒り12・浴衣		
思案5・浴衣		
にやつき・浴衣		
にやつき2・浴衣		
嘲笑・浴衣		
嘲笑2・浴衣		
嘲笑3・浴衣		
嘲笑4・浴衣		
嘲笑5・浴衣		
嘲笑6・浴衣		
嘲笑7・浴衣		
嘲笑8・浴衣		
嘲笑9・浴衣		
怪訝2・浴衣		
怪訝3・浴衣		
怪訝4・浴衣		
怪訝5・浴衣		
怪訝6・浴衣		
目閉じ・浴衣		
感心2・浴衣		
感心3・浴衣		
真顔3・照れ・浴衣		
感心・照れ・浴衣		
笑み6・照れ・浴衣		
笑み7・照れ・浴衣		
笑み8・照れ・浴衣		
笑み9・照れ・浴衣		
笑み10・照れ・浴衣		
悲しみ7・照れ・浴衣		
悲しみ8・照れ・浴衣		
悲しみ9・照れ・浴衣		
悲しみ10・照れ・浴衣		
悲しみ11・照れ・浴衣		
悲しみ12・照れ・浴衣		
悲しみ13・照れ・浴衣		
怒り8・照れ・浴衣		
怒り9・照れ・浴衣		
怒り10・照れ・浴衣		
怒り11・照れ・浴衣		
怒り12・照れ・浴衣		
思案5・照れ・浴衣		
にやつき・照れ・浴衣		
にやつき2・照れ・浴衣		
嘲笑・照れ・浴衣		
嘲笑2・照れ・浴衣		
嘲笑3・照れ・浴衣		
嘲笑4・照れ・浴衣		
嘲笑5・照れ・浴衣		
嘲笑6・照れ・浴衣		
嘲笑7・照れ・浴衣		
嘲笑8・照れ・浴衣		
嘲笑9・照れ・浴衣		
怪訝2・照れ・浴衣		
怪訝3・照れ・浴衣		
怪訝4・照れ・浴衣		
怪訝5・照れ・浴衣		
怪訝6・照れ・浴衣		
目閉じ・照れ・浴衣		
感心2・照れ・浴衣		
感心3・照れ・浴衣		
真顔4・水着		
驚き4・水着		
冷笑・水着		
冷笑2・水着		
冷笑3・水着		
不満3・水着		
苦笑3・水着		
苦笑4・水着		
苦笑5・水着		
苦笑6・水着		
挑発7・水着		
挑発8・水着		
片目3・水着		
激怒7・水着		
激怒8・水着		
激怒9・水着		
激怒10・水着		
激怒11・水着		
激怒12・水着		
ウインク3・水着		
ウインク4・水着		
真顔4・照れ・水着		
驚き4・照れ・水着		
冷笑・照れ・水着		
冷笑2・照れ・水着		
冷笑3・照れ・水着		
不満3・照れ・水着		
苦笑3・照れ・水着		
苦笑4・照れ・水着		
苦笑5・照れ・水着		
苦笑6・照れ・水着		
挑発7・照れ・水着		
挑発8・照れ・水着		
片目3・照れ・水着		
激怒5・照れ・水着		
激怒6・照れ・水着		
激怒7・照れ・水着		
激怒8・照れ・水着		
激怒9・照れ・水着		
激怒10・照れ・水着		
激怒11・照れ・水着		
激怒12・照れ・水着		
ウインク3・照れ・水着		
ウインク4・照れ・水着		
真顔4・バスタオル		
驚き4・バスタオル		
冷笑・バスタオル		
冷笑2・バスタオル		
冷笑3・バスタオル		
笑顔3・バスタオル		
不満2・バスタオル		
不満3・バスタオル		
叫び・バスタオル		
苦笑4・バスタオル		
苦笑5・バスタオル		
苦笑6・バスタオル		
挑発6・バスタオル		
挑発7・バスタオル		
挑発8・バスタオル		
片目3・バスタオル		
激怒4・バスタオル		
激怒5・バスタオル		
激怒6・バスタオル		
激怒7・バスタオル		
激怒8・バスタオル		
激怒9・バスタオル		
激怒10・バスタオル		
激怒11・バスタオル		
激怒12・バスタオル		
ウインク3・バスタオル		
ウインク4・バスタオル		
真顔4・照れ・バスタオル		
驚き4・照れ・バスタオル		
冷笑・照れ・バスタオル		
冷笑2・照れ・バスタオル		
冷笑3・照れ・バスタオル		
笑顔3・照れ・バスタオル		
不満2・照れ・バスタオル		
不満3・照れ・バスタオル		
叫び・照れ・バスタオル		
苦笑3・照れ・バスタオル		
苦笑4・照れ・バスタオル		
苦笑5・照れ・バスタオル		
苦笑6・照れ・バスタオル		
挑発6・照れ・バスタオル		
挑発7・照れ・バスタオル		
挑発8・照れ・バスタオル		
呆れ2・照れ・バスタオル		
片目3・照れ・バスタオル		
激怒4・照れ・バスタオル		
激怒5・照れ・バスタオル		
激怒6・照れ・バスタオル		
激怒7・照れ・バスタオル		
激怒8・照れ・バスタオル		
激怒9・照れ・バスタオル		
激怒10・照れ・バスタオル		
激怒11・照れ・バスタオル		
激怒12・照れ・バスタオル		
ウインク3・照れ・バスタオル		
ウインク4・照れ・バスタオル		
真顔4・浴衣		
驚き4・浴衣		
冷笑・浴衣		
冷笑2・浴衣		
冷笑3・浴衣		
不満3・浴衣		
苦笑4・浴衣		
苦笑5・浴衣		
苦笑6・浴衣		
挑発7・浴衣		
挑発8・浴衣		
片目3・浴衣		
激怒7・浴衣		
激怒8・浴衣		
激怒9・浴衣		
激怒10・浴衣		
激怒11・浴衣		
激怒12・浴衣		
ウインク3・浴衣		
ウインク4・浴衣		
真顔4・照れ・浴衣		
驚き4・照れ・浴衣		
冷笑・照れ・浴衣		
冷笑2・照れ・浴衣		
冷笑3・照れ・浴衣		
不満3・照れ・浴衣		
苦笑3・照れ・浴衣		
苦笑4・照れ・浴衣		
苦笑5・照れ・浴衣		
苦笑6・照れ・浴衣		
挑発7・照れ・浴衣		
挑発8・照れ・浴衣		
片目3・照れ・浴衣		
激怒5・照れ・浴衣		
激怒6・照れ・浴衣		
激怒7・照れ・浴衣		
激怒8・照れ・浴衣		
激怒9・照れ・浴衣		
激怒10・照れ・浴衣		
激怒11・照れ・浴衣		
激怒12・照れ・浴衣		
ウインク3・照れ・浴衣		
ウインク4・照れ・浴衣		
不満・警官服		
不満2・警官服		
感心・警官服		
感心2・警官服		
真顔・部屋着		
真顔2・部屋着		
真顔3・部屋着		
驚き・部屋着		
驚き2・部屋着		
笑み・部屋着		
笑み2・部屋着		
笑み3・部屋着		
笑み4・部屋着		
笑み5・部屋着		
笑み6・部屋着		
悲しみ・部屋着		
悲しみ2・部屋着		
悲しみ3・部屋着		
悲しみ4・部屋着		
悲しみ5・部屋着		
悲しみ6・部屋着		
苦笑・部屋着		
苦笑2・部屋着		
苦笑3・部屋着		
怒り・部屋着		
怒り2・部屋着		
怒り3・部屋着		
怒り4・部屋着		
挑発・部屋着		
挑発2・部屋着		
挑発3・部屋着		
挑発4・部屋着		
挑発5・部屋着		
挑発6・部屋着		
煽り・部屋着		
煽り2・部屋着		
煽り3・部屋着		
呆れ・部屋着		
呆れ2・部屋着		
不満・部屋着		
不満2・部屋着		
思案・部屋着		
思案2・部屋着		
思案3・部屋着		
笑顔・部屋着		
笑顔2・部屋着		
笑顔3・部屋着		
笑顔4・部屋着		
笑顔5・部屋着		
片目・部屋着		
片目2・部屋着		
ウインク・部屋着		
ウインク2・部屋着		
感心・部屋着		
感心2・部屋着		
真顔・メイド服		
真顔2・メイド服		
真顔3・メイド服		
驚き・メイド服		
驚き2・メイド服		
笑み・メイド服		
笑み2・メイド服		
笑み3・メイド服		
笑み4・メイド服		
笑み5・メイド服		
笑み6・メイド服		
悲しみ・メイド服		
悲しみ2・メイド服		
悲しみ3・メイド服		
悲しみ4・メイド服		
悲しみ5・メイド服		
悲しみ6・メイド服		
苦笑・メイド服		
苦笑2・メイド服		
苦笑3・メイド服		
怒り・メイド服		
怒り2・メイド服		
怒り3・メイド服		
怒り4・メイド服		
挑発・メイド服		
挑発2・メイド服		
挑発3・メイド服		
挑発4・メイド服		
挑発5・メイド服		
挑発6・メイド服		
煽り・メイド服		
煽り2・メイド服		
煽り3・メイド服		
呆れ・メイド服		
呆れ2・メイド服		
不満・メイド服		
不満2・メイド服		
思案・メイド服		
思案2・メイド服		
思案3・メイド服		
笑顔・メイド服		
笑顔2・メイド服		
笑顔3・メイド服		
笑顔4・メイド服		
笑顔5・メイド服		
片目・メイド服		
片目2・メイド服		
ウインク・メイド服		
ウインク2・メイド服		
感心・メイド服		
感心2・メイド服		
真顔・魔法少女		
真顔2・魔法少女		
真顔3・魔法少女		
驚き・魔法少女		
驚き2・魔法少女		
笑み・魔法少女		
笑み2・魔法少女		
笑み3・魔法少女		
笑み4・魔法少女		
笑み5・魔法少女		
笑み6・魔法少女		
悲しみ・魔法少女		
悲しみ2・魔法少女		
悲しみ3・魔法少女		
悲しみ4・魔法少女		
悲しみ5・魔法少女		
悲しみ6・魔法少女		
苦笑・魔法少女		
苦笑2・魔法少女		
苦笑3・魔法少女		
怒り・魔法少女		
怒り2・魔法少女		
怒り3・魔法少女		
怒り4・魔法少女		
挑発・魔法少女		
挑発2・魔法少女		
挑発3・魔法少女		
挑発4・魔法少女		
挑発5・魔法少女		
挑発6・魔法少女		
煽り・魔法少女		
煽り2・魔法少女		
煽り3・魔法少女		
呆れ・魔法少女		
呆れ2・魔法少女		
不満・魔法少女		
不満2・魔法少女		
思案・魔法少女		
思案2・魔法少女		
思案3・魔法少女		
笑顔・魔法少女		
笑顔2・魔法少女		
笑顔3・魔法少女		
笑顔4・魔法少女		
笑顔5・魔法少女		
片目・魔法少女		
片目2・魔法少女		
ウインク・魔法少女		
ウインク2・魔法少女		
感心・魔法少女		
感心2・魔法少女		
真顔・制服b		
真顔2・制服b		
真顔3・制服b		
驚き・制服b		
驚き2・制服b		
笑み・制服b		
笑み2・制服b		
笑み3・制服b		
笑み4・制服b		
笑み5・制服b		
笑み6・制服b		
悲しみ・制服b		
悲しみ2・制服b		
悲しみ3・制服b		
悲しみ4・制服b		
悲しみ5・制服b		
悲しみ6・制服b		
苦笑・制服b		
苦笑2・制服b		
苦笑3・制服b		
怒り・制服b		
怒り2・制服b		
怒り3・制服b		
怒り4・制服b		
挑発・制服b		
挑発2・制服b		
挑発3・制服b		
挑発4・制服b		
挑発5・制服b		
挑発6・制服b		
煽り・制服b		
煽り2・制服b		
煽り3・制服b		
呆れ・制服b		
呆れ2・制服b		
不満・制服b		
不満2・制服b		
思案・制服b		
思案2・制服b		
思案3・制服b		
笑顔・制服b		
笑顔2・制服b		
笑顔3・制服b		
笑顔4・制服b		
笑顔5・制服b		
片目・制服b		
片目2・制服b		
ウインク・制服b		
ウインク2・制服b		
感心・制服b		
感心2・制服b		
困惑5・照れ		
ノエル		
メカユート		
片目4		
片目5		
片目6		
アイゼン		
呆れ3		
フェイリクス		
真顔・マスク		
真顔2・マスク		
驚き・マスク		
驚き2・マスク		
驚き3・マスク		
笑み・マスク		
笑み2・マスク		
笑み3・マスク		
笑み4・マスク		
笑み5・マスク		
悲しみ・マスク		
悲しみ2・マスク		
悲しみ3・マスク		
悲しみ4・マスク		
悲しみ5・マスク		
悲しみ6・マスク		
不満・マスク		
不満2・マスク		
苦笑・マスク		
苦笑2・マスク		
煽り・マスク		
煽り2・マスク		
煽り3・マスク		
真剣・マスク		
挑発・マスク		
挑発2・マスク		
挑発3・マスク		
挑発4・マスク		
挑発5・マスク		
挑発6・マスク		
怒り・マスク		
怒り2・マスク		
怒り3・マスク		
怒り4・マスク		
怒り5・マスク		
怒り6・マスク		
怒り7・マスク		
怪訝・マスク		
呆れ・マスク		
呆れ2・マスク		
思案・マスク		
激怒・マスク		
激怒2・マスク		
激怒3・マスク		
激怒4・マスク		
激怒5・マスク		
激怒6・マスク		
困惑・マスク		
困惑2・マスク		
叫び・マスク		
叫び2・マスク		
思案4・マスク		
笑顔・マスク		
片目・マスク		
片目2・マスク		
ウインク・マスク		
ウインク2・マスク		
思案2・マスク		
思案3・マスク		
笑顔2・マスク		
笑顔3・マスク		
叫び3・マスク		
真田		
真顔-M		
真顔2-M		
真顔3-M		
感心-M		
笑み-M		
笑み2-M		
笑み3-M		
笑み4-M		
笑み6-M		
笑み7-M		
笑み8-M		
笑み9-M		
笑み10-M		
驚き-M		
驚き2-M		
驚き3-M		
悲しみ-M		
悲しみ2-M		
悲しみ3-M		
悲しみ4-M		
悲しみ5-M		
悲しみ6-M		
悲しみ7-M		
悲しみ8-M		
悲しみ9-M		
悲しみ10-M		
悲しみ11-M		
悲しみ12-M		
悲しみ13-M		
不満-M		
苦笑-M		
苦笑2-M		
怒り-M		
怒り2-M		
怒り3-M		
怒り4-M		
怒り5-M		
怒り6-M		
怒り7-M		
怒り8-M		
怒り9-M		
怒り10-M		
怒り11-M		
怒り12-M		
挑発-M		
挑発2-M		
挑発3-M		
挑発4-M		
挑発5-M		
思案-M		
思案2-M		
思案3-M		
思案4-M		
思案5-M		
呆れ-M		
にやつき-M		
にやつき2-M		
嘲笑-M		
嘲笑2-M		
嘲笑3-M		
嘲笑4-M		
嘲笑5-M		
嘲笑6-M		
嘲笑7-M		
嘲笑8-M		
嘲笑9-M		
怪訝-M		
怪訝2-M		
怪訝3-M		
怪訝4-M		
怪訝5-M		
怪訝6-M		
目閉じ-M		
笑顔-M		
笑顔2-M		
激怒-M		
激怒2-M		
激怒3-M		
片目-M		
片目2-M		
ウインク-M		
ウインク2-M		
感心2-M		
感心3-M		
真顔・照れ-M		
真顔2・照れ-M		
真顔3・照れ-M		
感心・照れ-M		
笑み・照れ-M		
笑み2・照れ-M		
笑み3・照れ-M		
笑み4・照れ-M		
笑み5・照れ-M		
笑み6・照れ-M		
笑み7・照れ-M		
笑み8・照れ-M		
笑み9・照れ-M		
笑み10・照れ-M		
驚き・照れ-M		
驚き2・照れ-M		
驚き3・照れ-M		
悲しみ・照れ-M		
悲しみ2・照れ-M		
悲しみ3・照れ-M		
悲しみ4・照れ-M		
悲しみ5・照れ-M		
悲しみ6・照れ-M		
悲しみ7・照れ-M		
悲しみ8・照れ-M		
悲しみ9・照れ-M		
悲しみ10・照れ-M		
悲しみ11・照れ-M		
悲しみ12・照れ-M		
悲しみ13・照れ-M		
不満・照れ-M		
苦笑・照れ-M		
苦笑2・照れ-M		
怒り・照れ-M		
怒り2・照れ-M		
怒り3・照れ-M		
怒り4・照れ-M		
怒り5・照れ-M		
怒り6・照れ-M		
怒り7・照れ-M		
怒り8・照れ-M		
怒り9・照れ-M		
怒り10・照れ-M		
怒り11・照れ-M		
怒り12・照れ-M		
挑発・照れ-M		
挑発2・照れ-M		
挑発3・照れ-M		
挑発4・照れ-M		
挑発5・照れ-M		
思案・照れ-M		
思案2・照れ-M		
思案3・照れ-M		
思案4・照れ-M		
思案5・照れ-M		
呆れ・照れ-M		
にやつき・照れ-M		
にやつき2・照れ-M		
嘲笑・照れ-M		
嘲笑2・照れ-M		
嘲笑3・照れ-M		
嘲笑4・照れ-M		
嘲笑5・照れ-M		
嘲笑6・照れ-M		
嘲笑7・照れ-M		
嘲笑8・照れ-M		
嘲笑9・照れ-M		
怪訝・照れ-M		
怪訝2・照れ-M		
怪訝3・照れ-M		
怪訝4・照れ-M		
怪訝5・照れ-M		
怪訝6・照れ-M		
目閉じ・照れ-M		
笑顔・照れ-M		
笑顔2・照れ-M		
激怒・照れ-M		
激怒2・照れ-M		
激怒3・照れ-M		
片目・照れ-M		
片目2・照れ-M		
ウインク・照れ-M		
ウインク2・照れ-M		
感心2・照れ-M		
感心3・照れ-M		
真顔4-M		
驚き4-M		
笑み5-M		
冷笑-M		
冷笑2-M		
冷笑3-M		
笑顔3-M		
不満2-M		
不満3-M		
叫び-M		
苦笑3-M		
苦笑4-M		
苦笑5-M		
苦笑6-M		
挑発6-M		
挑発7-M		
挑発8-M		
呆れ2-M		
片目3-M		
激怒4-M		
激怒5-M		
激怒6-M		
激怒7-M		
激怒8-M		
激怒9-M		
激怒10-M		
激怒11-M		
激怒12-M		
ウインク3-M		
ウインク4-M		
真顔4・照れ-M		
驚き4・照れ-M		
冷笑・照れ-M		
冷笑2・照れ-M		
冷笑3・照れ-M		
笑顔3・照れ-M		
不満2・照れ-M		
不満3・照れ-M		
叫び・照れ-M		
苦笑3・照れ-M		
苦笑4・照れ-M		
苦笑5・照れ-M		
苦笑6・照れ-M		
挑発6・照れ-M		
挑発7・照れ-M		
挑発8・照れ-M		
呆れ2・照れ-M		
片目3・照れ-M		
激怒4・照れ-M		
激怒5・照れ-M		
激怒6・照れ-M		
激怒7・照れ-M		
激怒8・照れ-M		
激怒9・照れ-M		
激怒10・照れ-M		
激怒11・照れ-M		
激怒12・照れ-M		
ウインク3・照れ-M		
ウインク4・照れ-M		
煽り-M		
煽り2-M		
煽り3-M		
笑顔4-M		
笑顔5-M		
煽り・照れ-M		
煽り2・照れ-M		
煽り3・照れ-M		
煽り4-M		
煽り5-M		
真剣-M		
真剣2-M		
真剣3-M		
怒り13-M		
困惑-M		
困惑2-M		
困惑3-M		
思案6-M		
煽り4・照れ-M		
煽り5・照れ-M		
真剣・照れ-M		
真剣2・照れ-M		
真剣3・照れ-M		
怒り13・照れ-M		
困惑・照れ-M		
困惑2・照れ-M		
困惑3・照れ-M		
笑顔4・照れ-M		
思案6・照れ-M		
悲しみ14-M		
悲しみ15-M		
悲しみ16-M		
絶望-M		
絶望2-M		
絶望3-M		
絶望4-M		
絶望5-M		
叫び2-M		
叫び3-M		
叫び4-M		
叫び5-M		
叫び6-M		
怒り14-M		
切迫-M		
切迫2-M		
切迫3-M		
切迫4-M		
切迫5-M		
切迫6-M		
切迫7-M		
切迫8-M		
切迫9-M		
笑顔6-M		
笑顔7-M		
笑顔8-M		
笑顔9-M		
笑顔10-M		
笑顔11-M		
笑顔12-M		
笑顔13-M		
笑顔14-M		
笑顔15-M		
笑顔16-M		
笑顔17-M		
笑顔18-M		
笑顔19-M		
笑顔20-M		
笑顔21-M		
悲しみ14・照れ-M		
悲しみ15・照れ-M		
悲しみ16・照れ-M		
絶望・照れ-M		
絶望2・照れ-M		
絶望3・照れ-M		
絶望4・照れ-M		
絶望5・照れ-M		
叫び2・照れ-M		
叫び3・照れ-M		
叫び4・照れ-M		
叫び5・照れ-M		
叫び6・照れ-M		
怒り14・照れ-M		
切迫・照れ-M		
切迫2・照れ-M		
切迫3・照れ-M		
切迫4・照れ-M		
切迫5・照れ-M		
切迫6・照れ-M		
切迫7・照れ-M		
切迫8・照れ-M		
切迫9・照れ-M		
笑顔5・照れ-M		
笑顔6・照れ-M		
笑顔7・照れ-M		
笑顔8・照れ-M		
笑顔9・照れ-M		
笑顔10・照れ-M		
笑顔11・照れ-M		
笑顔12・照れ-M		
笑顔13・照れ-M		
笑顔14・照れ-M		
笑顔15・照れ-M		
笑顔16・照れ-M		
笑顔17・照れ-M		
笑顔18・照れ-M		
笑顔19・照れ-M		
笑顔20・照れ-M		
笑顔21・照れ-M		
困惑4-M		
真顔5-M		
真顔6-M		
真顔・私服-M		
真顔2・私服-M		
真顔3・私服-M		
感心・私服-M		
笑み・私服-M		
笑み2・私服-M		
笑み3・私服-M		
笑み4・私服-M		
笑み5・私服-M		
笑み6・私服-M		
笑み7・私服-M		
笑み8・私服-M		
笑み9・私服-M		
笑み10・私服-M		
驚き・私服-M		
驚き2・私服-M		
驚き3・私服-M		
悲しみ・私服-M		
悲しみ2・私服-M		
悲しみ3・私服-M		
悲しみ4・私服-M		
悲しみ5・私服-M		
悲しみ6・私服-M		
悲しみ7・私服-M		
悲しみ8・私服-M		
悲しみ9・私服-M		
悲しみ10・私服-M		
悲しみ11・私服-M		
悲しみ12・私服-M		
悲しみ13・私服-M		
不満・私服-M		
苦笑・私服-M		
苦笑2・私服-M		
怒り・私服-M		
怒り2・私服-M		
怒り3・私服-M		
怒り4・私服-M		
怒り5・私服-M		
怒り6・私服-M		
怒り7・私服-M		
怒り8・私服-M		
怒り9・私服-M		
怒り10・私服-M		
怒り11・私服-M		
怒り12・私服-M		
挑発・私服-M		
挑発2・私服-M		
挑発3・私服-M		
挑発4・私服-M		
挑発5・私服-M		
思案・私服-M		
思案2・私服-M		
思案3・私服-M		
思案4・私服-M		
思案5・私服-M		
呆れ・私服-M		
にやつき・私服-M		
にやつき2・私服-M		
嘲笑・私服-M		
嘲笑2・私服-M		
嘲笑3・私服-M		
嘲笑4・私服-M		
嘲笑5・私服-M		
嘲笑6・私服-M		
嘲笑7・私服-M		
嘲笑8・私服-M		
嘲笑9・私服-M		
怪訝・私服-M		
怪訝2・私服-M		
怪訝3・私服-M		
怪訝4・私服-M		
怪訝5・私服-M		
怪訝6・私服-M		
目閉じ・私服-M		
笑顔・私服-M		
笑顔2・私服-M		
激怒・私服-M		
激怒2・私服-M		
激怒3・私服-M		
片目・私服-M		
片目2・私服-M		
ウインク・私服-M		
ウインク2・私服-M		
感心2・私服-M		
感心3・私服-M		
真顔・照れ・私服-M		
真顔2・照れ・私服-M		
真顔3・照れ・私服-M		
感心・照れ・私服-M		
笑み・照れ・私服-M		
笑み2・照れ・私服-M		
笑み3・照れ・私服-M		
笑み4・照れ・私服-M		
笑み5・照れ・私服-M		
笑み6・照れ・私服-M		
笑み7・照れ・私服-M		
笑み8・照れ・私服-M		
笑み9・照れ・私服-M		
笑み10・照れ・私服-M		
驚き・照れ・私服-M		
驚き2・照れ・私服-M		
驚き3・照れ・私服-M		
悲しみ・照れ・私服-M		
悲しみ2・照れ・私服-M		
悲しみ3・照れ・私服-M		
悲しみ4・照れ・私服-M		
悲しみ5・照れ・私服-M		
悲しみ6・照れ・私服-M		
悲しみ7・照れ・私服-M		
悲しみ8・照れ・私服-M		
悲しみ9・照れ・私服-M		
悲しみ10・照れ・私服-M		
悲しみ11・照れ・私服-M		
悲しみ12・照れ・私服-M		
悲しみ13・照れ・私服-M		
不満・照れ・私服-M		
苦笑・照れ・私服-M		
苦笑2・照れ・私服-M		
怒り・照れ・私服-M		
怒り2・照れ・私服-M		
怒り3・照れ・私服-M		
怒り4・照れ・私服-M		
怒り5・照れ・私服-M		
怒り6・照れ・私服-M		
怒り7・照れ・私服-M		
怒り8・照れ・私服-M		
怒り9・照れ・私服-M		
怒り10・照れ・私服-M		
怒り11・照れ・私服-M		
怒り12・照れ・私服-M		
挑発・照れ・私服-M		
挑発2・照れ・私服-M		
挑発3・照れ・私服-M		
挑発4・照れ・私服-M		
挑発5・照れ・私服-M		
思案・照れ・私服-M		
思案2・照れ・私服-M		
思案3・照れ・私服-M		
思案4・照れ・私服-M		
思案5・照れ・私服-M		
呆れ・照れ・私服-M		
にやつき・照れ・私服-M		
にやつき2・照れ・私服-M		
嘲笑・照れ・私服-M		
嘲笑2・照れ・私服-M		
嘲笑3・照れ・私服-M		
嘲笑4・照れ・私服-M		
嘲笑5・照れ・私服-M		
嘲笑6・照れ・私服-M		
嘲笑7・照れ・私服-M		
嘲笑8・照れ・私服-M		
嘲笑9・照れ・私服-M		
怪訝・照れ・私服-M		
怪訝2・照れ・私服-M		
怪訝3・照れ・私服-M		
怪訝4・照れ・私服-M		
怪訝5・照れ・私服-M		
怪訝6・照れ・私服-M		
目閉じ・照れ・私服-M		
笑顔・照れ・私服-M		
笑顔2・照れ・私服-M		
激怒・照れ・私服-M		
激怒2・照れ・私服-M		
激怒3・照れ・私服-M		
片目・照れ・私服-M		
片目2・照れ・私服-M		
ウインク・照れ・私服-M		
ウインク2・照れ・私服-M		
感心2・照れ・私服-M		
感心3・照れ・私服-M		
真顔4・私服-M		
驚き4・私服-M		
冷笑・私服-M		
冷笑2・私服-M		
冷笑3・私服-M		
笑顔3・私服-M		
不満2・私服-M		
不満3・私服-M		
叫び・私服-M		
苦笑3・私服-M		
苦笑4・私服-M		
苦笑5・私服-M		
苦笑6・私服-M		
挑発6・私服-M		
挑発7・私服-M		
挑発8・私服-M		
呆れ2・私服-M		
片目3・私服-M		
激怒4・私服-M		
激怒5・私服-M		
激怒6・私服-M		
激怒7・私服-M		
激怒8・私服-M		
激怒9・私服-M		
激怒10・私服-M		
激怒11・私服-M		
激怒12・私服-M		
ウインク3・私服-M		
ウインク4・私服-M		
真顔4・照れ・私服-M		
驚き4・照れ・私服-M		
冷笑・照れ・私服-M		
冷笑2・照れ・私服-M		
冷笑3・照れ・私服-M		
笑顔3・照れ・私服-M		
不満2・照れ・私服-M		
不満3・照れ・私服-M		
叫び・照れ・私服-M		
苦笑3・照れ・私服-M		
苦笑4・照れ・私服-M		
苦笑5・照れ・私服-M		
苦笑6・照れ・私服-M		
挑発6・照れ・私服-M		
挑発7・照れ・私服-M		
挑発8・照れ・私服-M		
呆れ2・照れ・私服-M		
片目3・照れ・私服-M		
激怒4・照れ・私服-M		
激怒5・照れ・私服-M		
激怒6・照れ・私服-M		
激怒7・照れ・私服-M		
激怒8・照れ・私服-M		
激怒9・照れ・私服-M		
激怒10・照れ・私服-M		
激怒11・照れ・私服-M		
激怒12・照れ・私服-M		
ウインク3・照れ・私服-M		
ウインク4・照れ・私服-M		
煽り・私服-M		
煽り2・私服-M		
煽り3・私服-M		
煽り4・私服-M		
煽り5・私服-M		
真剣・私服-M		
真剣2・私服-M		
真剣3・私服-M		
怒り13・私服-M		
困惑・私服-M		
困惑2・私服-M		
困惑3・私服-M		
笑顔4・私服-M		
思案6・私服-M		
煽り・照れ・私服-M		
煽り2・照れ・私服-M		
煽り3・照れ・私服-M		
煽り4・照れ・私服-M		
煽り5・照れ・私服-M		
真剣・照れ・私服-M		
真剣2・照れ・私服-M		
真剣3・照れ・私服-M		
怒り13・照れ・私服-M		
困惑・照れ・私服-M		
困惑2・照れ・私服-M		
困惑3・照れ・私服-M		
笑顔4・照れ・私服-M		
思案6・照れ・私服-M		
真顔・警官服-M		
真顔2・警官服-M		
真顔3・警官服-M		
驚き・警官服-M		
笑み・警官服-M		
笑み2・警官服-M		
笑み3・警官服-M		
笑み4・警官服-M		
笑み5・警官服-M		
驚き2・警官服-M		
驚き3・警官服-M		
驚き4・警官服-M		
悲しみ・警官服-M		
悲しみ2・警官服-M		
悲しみ3・警官服-M		
悲しみ4・警官服-M		
悲しみ5・警官服-M		
悲しみ6・警官服-M		
悲しみ7・警官服-M		
悲しみ8・警官服-M		
悲しみ9・警官服-M		
苦笑・警官服-M		
苦笑2・警官服-M		
苦笑3・警官服-M		
苦笑4・警官服-M		
煽り・警官服-M		
煽り2・警官服-M		
煽り3・警官服-M		
煽り4・警官服-M		
煽り5・警官服-M		
嘲笑・警官服-M		
嘲笑2・警官服-M		
真剣・警官服-M		
真剣2・警官服-M		
真剣3・警官服-M		
挑発・警官服-M		
挑発2・警官服-M		
挑発3・警官服-M		
挑発4・警官服-M		
挑発5・警官服-M		
怒り・警官服-M		
怒り2・警官服-M		
怒り3・警官服-M		
怒り4・警官服-M		
怒り5・警官服-M		
怒り6・警官服-M		
怒り7・警官服-M		
怒り8・警官服-M		
怒り9・警官服-M		
怒り10・警官服-M		
怒り11・警官服-M		
怒り12・警官服-M		
怒り13・警官服-M		
激怒・警官服-M		
激怒2・警官服-M		
激怒3・警官服-M		
激怒4・警官服-M		
激怒5・警官服-M		
激怒6・警官服-M		
呆れ・警官服-M		
呆れ2・警官服-M		
困惑・警官服-M		
困惑2・警官服-M		
困惑3・警官服-M		
笑顔・警官服-M		
笑顔2・警官服-M		
笑顔3・警官服-M		
笑顔4・警官服-M		
思案・警官服-M		
思案2・警官服-M		
思案3・警官服-M		
思案4・警官服-M		
思案5・警官服-M		
思案6・警官服-M		
ウインク・警官服-M		
ウインク2・警官服-M		
片目・警官服-M		
片目2・警官服-M		
真顔・照れ・警官服-M		
真顔2・照れ・警官服-M		
真顔3・照れ・警官服-M		
驚き・照れ・警官服-M		
笑み・照れ・警官服-M		
笑み2・照れ・警官服-M		
笑み3・照れ・警官服-M		
笑み4・照れ・警官服-M		
笑み5・照れ・警官服-M		
驚き2・照れ・警官服-M		
驚き3・照れ・警官服-M		
驚き4・照れ・警官服-M		
悲しみ・照れ・警官服-M		
悲しみ2・照れ・警官服-M		
悲しみ3・照れ・警官服-M		
悲しみ4・照れ・警官服-M		
悲しみ5・照れ・警官服-M		
悲しみ6・照れ・警官服-M		
悲しみ7・照れ・警官服-M		
悲しみ8・照れ・警官服-M		
悲しみ9・照れ・警官服-M		
苦笑・照れ・警官服-M		
苦笑2・照れ・警官服-M		
苦笑3・照れ・警官服-M		
苦笑4・照れ・警官服-M		
煽り・照れ・警官服-M		
煽り2・照れ・警官服-M		
煽り3・照れ・警官服-M		
煽り4・照れ・警官服-M		
煽り5・照れ・警官服-M		
嘲笑・照れ・警官服-M		
嘲笑2・照れ・警官服-M		
真剣・照れ・警官服-M		
真剣2・照れ・警官服-M		
真剣3・照れ・警官服-M		
挑発・照れ・警官服-M		
挑発2・照れ・警官服-M		
挑発3・照れ・警官服-M		
挑発4・照れ・警官服-M		
挑発5・照れ・警官服-M		
怒り・照れ・警官服-M		
怒り2・照れ・警官服-M		
怒り3・照れ・警官服-M		
怒り4・照れ・警官服-M		
怒り5・照れ・警官服-M		
怒り6・照れ・警官服-M		
怒り7・照れ・警官服-M		
怒り8・照れ・警官服-M		
怒り9・照れ・警官服-M		
怒り10・照れ・警官服-M		
怒り11・照れ・警官服-M		
怒り12・照れ・警官服-M		
怒り13・照れ・警官服-M		
激怒・照れ・警官服-M		
激怒2・照れ・警官服-M		
激怒3・照れ・警官服-M		
激怒4・照れ・警官服-M		
激怒5・照れ・警官服-M		
激怒6・照れ・警官服-M		
呆れ・照れ・警官服-M		
呆れ2・照れ・警官服-M		
困惑・照れ・警官服-M		
困惑2・照れ・警官服-M		
困惑3・照れ・警官服-M		
笑顔・照れ・警官服-M		
笑顔2・照れ・警官服-M		
笑顔3・照れ・警官服-M		
笑顔4・照れ・警官服-M		
思案・照れ・警官服-M		
思案2・照れ・警官服-M		
思案3・照れ・警官服-M		
思案4・照れ・警官服-M		
思案5・照れ・警官服-M		
思案6・照れ・警官服-M		
ウインク・照れ・警官服-M		
ウインク2・照れ・警官服-M		
片目・照れ・警官服-M		
片目2・照れ・警官服-M		
真顔・特攻服-M		
真顔2・特攻服-M		
真顔3・特攻服-M		
驚き・特攻服-M		
笑み・特攻服-M		
笑み2・特攻服-M		
笑み3・特攻服-M		
笑み4・特攻服-M		
笑み5・特攻服-M		
驚き2・特攻服-M		
驚き3・特攻服-M		
驚き4・特攻服-M		
悲しみ・特攻服-M		
悲しみ2・特攻服-M		
悲しみ3・特攻服-M		
悲しみ4・特攻服-M		
悲しみ5・特攻服-M		
悲しみ6・特攻服-M		
悲しみ7・特攻服-M		
悲しみ8・特攻服-M		
悲しみ9・特攻服-M		
苦笑・特攻服-M		
苦笑2・特攻服-M		
苦笑3・特攻服-M		
苦笑4・特攻服-M		
煽り・特攻服-M		
煽り2・特攻服-M		
煽り3・特攻服-M		
煽り4・特攻服-M		
煽り5・特攻服-M		
嘲笑・特攻服-M		
嘲笑2・特攻服-M		
真剣・特攻服-M		
真剣2・特攻服-M		
真剣3・特攻服-M		
挑発・特攻服-M		
挑発2・特攻服-M		
挑発3・特攻服-M		
挑発4・特攻服-M		
挑発5・特攻服-M		
怒り・特攻服-M		
怒り2・特攻服-M		
怒り3・特攻服-M		
怒り4・特攻服-M		
怒り5・特攻服-M		
怒り6・特攻服-M		
怒り7・特攻服-M		
怒り8・特攻服-M		
怒り9・特攻服-M		
怒り10・特攻服-M		
怒り11・特攻服-M		
怒り12・特攻服-M		
怒り13・特攻服-M		
激怒・特攻服-M		
激怒2・特攻服-M		
激怒3・特攻服-M		
激怒4・特攻服-M		
激怒5・特攻服-M		
激怒6・特攻服-M		
呆れ・特攻服-M		
呆れ2・特攻服-M		
困惑・特攻服-M		
困惑2・特攻服-M		
困惑3・特攻服-M		
笑顔・特攻服-M		
笑顔2・特攻服-M		
笑顔3・特攻服-M		
笑顔4・特攻服-M		
思案・特攻服-M		
思案2・特攻服-M		
思案3・特攻服-M		
思案4・特攻服-M		
思案5・特攻服-M		
思案6・特攻服-M		
ウインク・特攻服-M		
ウインク2・特攻服-M		
片目・特攻服-M		
片目2・特攻服-M		
真顔・照れ・特攻服-M		
真顔2・照れ・特攻服-M		
真顔3・照れ・特攻服-M		
驚き・照れ・特攻服-M		
笑み・照れ・特攻服-M		
笑み2・照れ・特攻服-M		
笑み3・照れ・特攻服-M		
笑み4・照れ・特攻服-M		
笑み5・照れ・特攻服-M		
驚き2・照れ・特攻服-M		
驚き3・照れ・特攻服-M		
驚き4・照れ・特攻服-M		
悲しみ・照れ・特攻服-M		
悲しみ2・照れ・特攻服-M		
悲しみ3・照れ・特攻服-M		
悲しみ4・照れ・特攻服-M		
悲しみ5・照れ・特攻服-M		
悲しみ6・照れ・特攻服-M		
悲しみ7・照れ・特攻服-M		
悲しみ8・照れ・特攻服-M		
悲しみ9・照れ・特攻服-M		
苦笑・照れ・特攻服-M		
苦笑2・照れ・特攻服-M		
苦笑3・照れ・特攻服-M		
苦笑4・照れ・特攻服-M		
煽り・照れ・特攻服-M		
煽り2・照れ・特攻服-M		
煽り3・照れ・特攻服-M		
煽り4・照れ・特攻服-M		
煽り5・照れ・特攻服-M		
嘲笑・照れ・特攻服-M		
嘲笑2・照れ・特攻服-M		
真剣・照れ・特攻服-M		
真剣2・照れ・特攻服-M		
真剣3・照れ・特攻服-M		
挑発・照れ・特攻服-M		
挑発2・照れ・特攻服-M		
挑発3・照れ・特攻服-M		
挑発4・照れ・特攻服-M		
挑発5・照れ・特攻服-M		
怒り・照れ・特攻服-M		
怒り2・照れ・特攻服-M		
怒り3・照れ・特攻服-M		
怒り4・照れ・特攻服-M		
怒り5・照れ・特攻服-M		
怒り6・照れ・特攻服-M		
怒り7・照れ・特攻服-M		
怒り8・照れ・特攻服-M		
怒り9・照れ・特攻服-M		
怒り10・照れ・特攻服-M		
怒り11・照れ・特攻服-M		
怒り12・照れ・特攻服-M		
怒り13・照れ・特攻服-M		
激怒・照れ・特攻服-M		
激怒2・照れ・特攻服-M		
激怒3・照れ・特攻服-M		
激怒4・照れ・特攻服-M		
激怒5・照れ・特攻服-M		
激怒6・照れ・特攻服-M		
呆れ・照れ・特攻服-M		
呆れ2・照れ・特攻服-M		
困惑・照れ・特攻服-M		
困惑2・照れ・特攻服-M		
困惑3・照れ・特攻服-M		
笑顔・照れ・特攻服-M		
笑顔2・照れ・特攻服-M		
笑顔3・照れ・特攻服-M		
笑顔4・照れ・特攻服-M		
思案・照れ・特攻服-M		
思案2・照れ・特攻服-M		
思案3・照れ・特攻服-M		
思案4・照れ・特攻服-M		
思案5・照れ・特攻服-M		
思案6・照れ・特攻服-M		
ウインク・照れ・特攻服-M		
ウインク2・照れ・特攻服-M		
片目・照れ・特攻服-M		
片目2・照れ・特攻服-M		
笑み6・警官服-M		
笑み7・警官服-M		
笑み8・警官服-M		
挑発6・警官服-M		
挑発7・警官服-M		
挑発8・警官服-M		
困惑4・警官服-M		
笑み6・照れ・警官服-M		
笑み7・照れ・警官服-M		
笑み8・照れ・警官服-M		
真顔・サングラス-M		
驚き・サングラス-M		
驚き2・サングラス-M		
笑み・サングラス-M		
笑み2・サングラス-M		
悲しみ・サングラス-M		
悲しみ2・サングラス-M		
苦笑・サングラス-M		
煽り・サングラス-M		
挑発・サングラス-M		
挑発2・サングラス-M		
怒り・サングラス-M		
怒り2・サングラス-M		
怒り3・サングラス-M		
怒り4・サングラス-M		
困惑5-M		
ジト目-M		
真顔・制服-M		
真顔2・制服-M		
真顔3・制服-M		
驚き・制服-M		
驚き2・制服-M		
驚き3・制服-M		
驚き4・制服-M		
笑み・制服-M		
笑み2・制服-M		
笑み3・制服-M		
笑み4・制服-M		
笑み5・制服-M		
笑み6・制服-M		
笑み7・制服-M		
笑み8・制服-M		
笑み9・制服-M		
笑み10・制服-M		
悲しみ・制服-M		
悲しみ2・制服-M		
悲しみ3・制服-M		
悲しみ4・制服-M		
悲しみ5・制服-M		
悲しみ6・制服-M		
悲しみ7・制服-M		
悲しみ8・制服-M		
悲しみ9・制服-M		
悲しみ10・制服-M		
悲しみ11・制服-M		
悲しみ12・制服-M		
悲しみ13・制服-M		
悲しみ14・制服-M		
悲しみ15・制服-M		
悲しみ16・制服-M		
絶望・制服-M		
絶望2・制服-M		
絶望3・制服-M		
絶望4・制服-M		
絶望5・制服-M		
叫び・制服-M		
叫び2・制服-M		
叫び3・制服-M		
叫び4・制服-M		
叫び5・制服-M		
叫び6・制服-M		
苦笑・制服-M		
苦笑2・制服-M		
苦笑3・制服-M		
苦笑4・制服-M		
苦笑5・制服-M		
苦笑6・制服-M		
怒り・制服-M		
怒り2・制服-M		
怒り3・制服-M		
怒り4・制服-M		
怒り5・制服-M		
怒り6・制服-M		
怒り7・制服-M		
怒り8・制服-M		
怒り9・制服-M		
怒り10・制服-M		
怒り11・制服-M		
怒り12・制服-M		
怒り13・制服-M		
怒り14・制服-M		
激怒・制服-M		
激怒2・制服-M		
激怒3・制服-M		
激怒4・制服-M		
激怒5・制服-M		
激怒6・制服-M		
激怒7・制服-M		
激怒8・制服-M		
激怒9・制服-M		
切迫・制服-M		
切迫2・制服-M		
切迫3・制服-M		
切迫4・制服-M		
切迫5・制服-M		
切迫6・制服-M		
切迫7・制服-M		
切迫8・制服-M		
切迫9・制服-M		
嘲笑・制服-M		
嘲笑2・制服-M		
嘲笑3・制服-M		
嘲笑4・制服-M		
嘲笑5・制服-M		
挑発・制服-M		
挑発2・制服-M		
挑発3・制服-M		
挑発4・制服-M		
挑発5・制服-M		
挑発6・制服-M		
挑発7・制服-M		
呆れ・制服-M		
呆れ2・制服-M		
怪訝・制服-M		
怪訝2・制服-M		
笑顔・制服-M		
笑顔2・制服-M		
笑顔3・制服-M		
笑顔4・制服-M		
笑顔5・制服-M		
笑顔6・制服-M		
笑顔7・制服-M		
笑顔8・制服-M		
笑顔9・制服-M		
笑顔10・制服-M		
笑顔11・制服-M		
笑顔12・制服-M		
笑顔13・制服-M		
笑顔14・制服-M		
笑顔15・制服-M		
笑顔16・制服-M		
笑顔17・制服-M		
笑顔18・制服-M		
笑顔19・制服-M		
笑顔20・制服-M		
笑顔21・制服-M		
片目・制服-M		
片目2・制服-M		
ウインク・制服-M		
ウインク2・制服-M		
ウインク3・制服-M		
ウインク4・制服-M		
思案・制服-M		
思案2・制服-M		
真顔・照れ・制服-M		
真顔2・照れ・制服-M		
真顔3・照れ・制服-M		
驚き・照れ・制服-M		
驚き2・照れ・制服-M		
驚き3・照れ・制服-M		
驚き4・照れ・制服-M		
笑み・照れ・制服-M		
笑み2・照れ・制服-M		
笑み3・照れ・制服-M		
笑み4・照れ・制服-M		
笑み5・照れ・制服-M		
笑み6・照れ・制服-M		
笑み7・照れ・制服-M		
笑み8・照れ・制服-M		
笑み9・照れ・制服-M		
笑み10・照れ・制服-M		
悲しみ・照れ・制服-M		
悲しみ2・照れ・制服-M		
悲しみ3・照れ・制服-M		
悲しみ4・照れ・制服-M		
悲しみ5・照れ・制服-M		
悲しみ6・照れ・制服-M		
悲しみ7・照れ・制服-M		
悲しみ8・照れ・制服-M		
悲しみ9・照れ・制服-M		
悲しみ10・照れ・制服-M		
悲しみ11・照れ・制服-M		
悲しみ12・照れ・制服-M		
悲しみ13・照れ・制服-M		
悲しみ14・照れ・制服-M		
悲しみ15・照れ・制服-M		
悲しみ16・照れ・制服-M		
絶望・照れ・制服-M		
絶望2・照れ・制服-M		
絶望3・照れ・制服-M		
絶望4・照れ・制服-M		
絶望5・照れ・制服-M		
叫び・照れ・制服-M		
叫び2・照れ・制服-M		
叫び3・照れ・制服-M		
叫び4・照れ・制服-M		
叫び5・照れ・制服-M		
叫び6・照れ・制服-M		
苦笑・照れ・制服-M		
苦笑2・照れ・制服-M		
苦笑3・照れ・制服-M		
苦笑4・照れ・制服-M		
苦笑5・照れ・制服-M		
苦笑6・照れ・制服-M		
怒り・照れ・制服-M		
怒り2・照れ・制服-M		
怒り3・照れ・制服-M		
怒り4・照れ・制服-M		
怒り5・照れ・制服-M		
怒り6・照れ・制服-M		
怒り7・照れ・制服-M		
怒り8・照れ・制服-M		
怒り9・照れ・制服-M		
怒り10・照れ・制服-M		
怒り11・照れ・制服-M		
怒り12・照れ・制服-M		
怒り13・照れ・制服-M		
怒り14・照れ・制服-M		
激怒・照れ・制服-M		
激怒2・照れ・制服-M		
激怒3・照れ・制服-M		
激怒4・照れ・制服-M		
激怒5・照れ・制服-M		
激怒6・照れ・制服-M		
激怒7・照れ・制服-M		
激怒8・照れ・制服-M		
激怒9・照れ・制服-M		
切迫・照れ・制服-M		
切迫2・照れ・制服-M		
切迫3・照れ・制服-M		
切迫4・照れ・制服-M		
切迫5・照れ・制服-M		
切迫6・照れ・制服-M		
切迫7・照れ・制服-M		
切迫8・照れ・制服-M		
切迫9・照れ・制服-M		
嘲笑・照れ・制服-M		
嘲笑2・照れ・制服-M		
嘲笑3・照れ・制服-M		
嘲笑4・照れ・制服-M		
嘲笑5・照れ・制服-M		
挑発・照れ・制服-M		
挑発2・照れ・制服-M		
挑発3・照れ・制服-M		
挑発4・照れ・制服-M		
挑発5・照れ・制服-M		
挑発6・照れ・制服-M		
挑発7・照れ・制服-M		
呆れ・照れ・制服-M		
呆れ2・照れ・制服-M		
怪訝・照れ・制服-M		
怪訝2・照れ・制服-M		
笑顔・照れ・制服-M		
笑顔2・照れ・制服-M		
笑顔3・照れ・制服-M		
笑顔4・照れ・制服-M		
笑顔5・照れ・制服-M		
笑顔6・照れ・制服-M		
笑顔7・照れ・制服-M		
笑顔8・照れ・制服-M		
笑顔9・照れ・制服-M		
笑顔10・照れ・制服-M		
笑顔11・照れ・制服-M		
笑顔12・照れ・制服-M		
笑顔13・照れ・制服-M		
笑顔14・照れ・制服-M		
笑顔15・照れ・制服-M		
笑顔16・照れ・制服-M		
笑顔17・照れ・制服-M		
笑顔18・照れ・制服-M		
笑顔19・照れ・制服-M		
笑顔20・照れ・制服-M		
笑顔21・照れ・制服-M		
片目・照れ・制服-M		
片目2・照れ・制服-M		
ウインク・照れ・制服-M		
ウインク2・照れ・制服-M		
ウインク3・照れ・制服-M		
ウインク4・照れ・制服-M		
思案・照れ・制服-M		
思案2・照れ・制服-M		
笑み9・警官服-M		
笑み10・警官服-M		
悲しみ10・警官服-M		
悲しみ11・警官服-M		
悲しみ12・警官服-M		
悲しみ13・警官服-M		
悲しみ14・警官服-M		
悲しみ15・警官服-M		
悲しみ16・警官服-M		
絶望・警官服-M		
絶望2・警官服-M		
絶望3・警官服-M		
絶望4・警官服-M		
絶望5・警官服-M		
叫び・警官服-M		
叫び2・警官服-M		
叫び3・警官服-M		
叫び4・警官服-M		
叫び5・警官服-M		
叫び6・警官服-M		
苦笑5・警官服-M		
苦笑6・警官服-M		
怒り14・警官服-M		
激怒7・警官服-M		
激怒8・警官服-M		
激怒9・警官服-M		
切迫・警官服-M		
切迫2・警官服-M		
切迫3・警官服-M		
切迫4・警官服-M		
切迫5・警官服-M		
切迫6・警官服-M		
切迫7・警官服-M		
切迫8・警官服-M		
切迫9・警官服-M		
嘲笑3・警官服-M		
嘲笑4・警官服-M		
嘲笑5・警官服-M		
怪訝・警官服-M		
怪訝2・警官服-M		
笑顔5・警官服-M		
笑顔6・警官服-M		
笑顔7・警官服-M		
笑顔8・警官服-M		
笑顔9・警官服-M		
笑顔10・警官服-M		
笑顔11・警官服-M		
笑顔12・警官服-M		
笑顔13・警官服-M		
笑顔14・警官服-M		
笑顔15・警官服-M		
笑顔16・警官服-M		
笑顔17・警官服-M		
笑顔18・警官服-M		
笑顔19・警官服-M		
笑顔20・警官服-M		
笑顔21・警官服-M		
ウインク3・警官服-M		
ウインク4・警官服-M		
笑み9・照れ・警官服-M		
笑み10・照れ・警官服-M		
悲しみ10・照れ・警官服-M		
悲しみ11・照れ・警官服-M		
悲しみ12・照れ・警官服-M		
悲しみ13・照れ・警官服-M		
悲しみ14・照れ・警官服-M		
悲しみ15・照れ・警官服-M		
悲しみ16・照れ・警官服-M		
絶望・照れ・警官服-M		
絶望2・照れ・警官服-M		
絶望3・照れ・警官服-M		
絶望4・照れ・警官服-M		
絶望5・照れ・警官服-M		
叫び・照れ・警官服-M		
叫び2・照れ・警官服-M		
叫び3・照れ・警官服-M		
叫び4・照れ・警官服-M		
叫び5・照れ・警官服-M		
叫び6・照れ・警官服-M		
苦笑5・照れ・警官服-M		
苦笑6・照れ・警官服-M		
怒り14・照れ・警官服-M		
激怒7・照れ・警官服-M		
激怒8・照れ・警官服-M		
激怒9・照れ・警官服-M		
切迫・照れ・警官服-M		
切迫2・照れ・警官服-M		
切迫3・照れ・警官服-M		
切迫4・照れ・警官服-M		
切迫5・照れ・警官服-M		
切迫6・照れ・警官服-M		
切迫7・照れ・警官服-M		
切迫8・照れ・警官服-M		
切迫9・照れ・警官服-M		
嘲笑3・照れ・警官服-M		
嘲笑4・照れ・警官服-M		
嘲笑5・照れ・警官服-M		
挑発6・照れ・警官服-M		
挑発7・照れ・警官服-M		
怪訝・照れ・警官服-M		
怪訝2・照れ・警官服-M		
笑顔5・照れ・警官服-M		
笑顔6・照れ・警官服-M		
笑顔7・照れ・警官服-M		
笑顔8・照れ・警官服-M		
笑顔9・照れ・警官服-M		
笑顔10・照れ・警官服-M		
笑顔11・照れ・警官服-M		
笑顔12・照れ・警官服-M		
笑顔13・照れ・警官服-M		
笑顔14・照れ・警官服-M		
笑顔15・照れ・警官服-M		
笑顔16・照れ・警官服-M		
笑顔17・照れ・警官服-M		
笑顔18・照れ・警官服-M		
笑顔19・照れ・警官服-M		
笑顔20・照れ・警官服-M		
笑顔21・照れ・警官服-M		
ウインク3・照れ・警官服-M		
ウインク4・照れ・警官服-M		
真顔・Yシャツ-M		
真顔2・Yシャツ-M		
真顔3・Yシャツ-M		
驚き・Yシャツ-M		
驚き2・Yシャツ-M		
驚き3・Yシャツ-M		
驚き4・Yシャツ-M		
笑み・Yシャツ-M		
笑み2・Yシャツ-M		
笑み3・Yシャツ-M		
笑み4・Yシャツ-M		
笑み5・Yシャツ-M		
笑み6・Yシャツ-M		
笑み7・Yシャツ-M		
笑み8・Yシャツ-M		
笑み9・Yシャツ-M		
笑み10・Yシャツ-M		
悲しみ・Yシャツ-M		
悲しみ2・Yシャツ-M		
悲しみ3・Yシャツ-M		
悲しみ4・Yシャツ-M		
悲しみ5・Yシャツ-M		
悲しみ6・Yシャツ-M		
悲しみ7・Yシャツ-M		
悲しみ8・Yシャツ-M		
悲しみ9・Yシャツ-M		
悲しみ10・Yシャツ-M		
悲しみ11・Yシャツ-M		
悲しみ12・Yシャツ-M		
悲しみ13・Yシャツ-M		
悲しみ14・Yシャツ-M		
悲しみ15・Yシャツ-M		
悲しみ16・Yシャツ-M		
絶望・Yシャツ-M		
絶望2・Yシャツ-M		
絶望3・Yシャツ-M		
絶望4・Yシャツ-M		
絶望5・Yシャツ-M		
叫び・Yシャツ-M		
叫び2・Yシャツ-M		
叫び3・Yシャツ-M		
叫び4・Yシャツ-M		
叫び5・Yシャツ-M		
叫び6・Yシャツ-M		
苦笑・Yシャツ-M		
苦笑2・Yシャツ-M		
苦笑3・Yシャツ-M		
苦笑4・Yシャツ-M		
苦笑5・Yシャツ-M		
苦笑6・Yシャツ-M		
怒り・Yシャツ-M		
怒り2・Yシャツ-M		
怒り3・Yシャツ-M		
怒り4・Yシャツ-M		
怒り5・Yシャツ-M		
怒り6・Yシャツ-M		
怒り7・Yシャツ-M		
怒り8・Yシャツ-M		
怒り9・Yシャツ-M		
怒り10・Yシャツ-M		
怒り11・Yシャツ-M		
怒り12・Yシャツ-M		
怒り13・Yシャツ-M		
怒り14・Yシャツ-M		
激怒・Yシャツ-M		
激怒2・Yシャツ-M		
激怒3・Yシャツ-M		
激怒4・Yシャツ-M		
激怒5・Yシャツ-M		
激怒6・Yシャツ-M		
激怒7・Yシャツ-M		
激怒8・Yシャツ-M		
激怒9・Yシャツ-M		
切迫・Yシャツ-M		
切迫2・Yシャツ-M		
切迫3・Yシャツ-M		
切迫4・Yシャツ-M		
切迫5・Yシャツ-M		
切迫6・Yシャツ-M		
切迫7・Yシャツ-M		
切迫8・Yシャツ-M		
切迫9・Yシャツ-M		
嘲笑・Yシャツ-M		
嘲笑2・Yシャツ-M		
嘲笑3・Yシャツ-M		
嘲笑4・Yシャツ-M		
嘲笑5・Yシャツ-M		
挑発・Yシャツ-M		
挑発2・Yシャツ-M		
挑発3・Yシャツ-M		
挑発4・Yシャツ-M		
挑発5・Yシャツ-M		
挑発6・Yシャツ-M		
挑発7・Yシャツ-M		
呆れ・Yシャツ-M		
呆れ2・Yシャツ-M		
怪訝・Yシャツ-M		
怪訝2・Yシャツ-M		
笑顔・Yシャツ-M		
笑顔2・Yシャツ-M		
笑顔3・Yシャツ-M		
笑顔4・Yシャツ-M		
笑顔5・Yシャツ-M		
笑顔6・Yシャツ-M		
笑顔7・Yシャツ-M		
笑顔8・Yシャツ-M		
笑顔9・Yシャツ-M		
笑顔10・Yシャツ-M		
笑顔11・Yシャツ-M		
笑顔12・Yシャツ-M		
笑顔13・Yシャツ-M		
笑顔14・Yシャツ-M		
笑顔15・Yシャツ-M		
笑顔16・Yシャツ-M		
笑顔17・Yシャツ-M		
笑顔18・Yシャツ-M		
笑顔19・Yシャツ-M		
笑顔20・Yシャツ-M		
笑顔21・Yシャツ-M		
片目・Yシャツ-M		
片目2・Yシャツ-M		
ウインク・Yシャツ-M		
ウインク2・Yシャツ-M		
ウインク3・Yシャツ-M		
ウインク4・Yシャツ-M		
思案・Yシャツ-M		
思案2・Yシャツ-M		
真顔・照れ・Yシャツ-M		
真顔2・照れ・Yシャツ-M		
真顔3・照れ・Yシャツ-M		
驚き・照れ・Yシャツ-M		
驚き2・照れ・Yシャツ-M		
驚き3・照れ・Yシャツ-M		
驚き4・照れ・Yシャツ-M		
笑み・照れ・Yシャツ-M		
笑み2・照れ・Yシャツ-M		
笑み3・照れ・Yシャツ-M		
笑み4・照れ・Yシャツ-M		
笑み5・照れ・Yシャツ-M		
笑み6・照れ・Yシャツ-M		
笑み7・照れ・Yシャツ-M		
笑み8・照れ・Yシャツ-M		
笑み9・照れ・Yシャツ-M		
笑み10・照れ・Yシャツ-M		
悲しみ・照れ・Yシャツ-M		
悲しみ2・照れ・Yシャツ-M		
悲しみ3・照れ・Yシャツ-M		
悲しみ4・照れ・Yシャツ-M		
悲しみ5・照れ・Yシャツ-M		
悲しみ6・照れ・Yシャツ-M		
悲しみ7・照れ・Yシャツ-M		
悲しみ8・照れ・Yシャツ-M		
悲しみ9・照れ・Yシャツ-M		
悲しみ10・照れ・Yシャツ-M		
悲しみ11・照れ・Yシャツ-M		
悲しみ12・照れ・Yシャツ-M		
悲しみ13・照れ・Yシャツ-M		
悲しみ14・照れ・Yシャツ-M		
悲しみ15・照れ・Yシャツ-M		
悲しみ16・照れ・Yシャツ-M		
絶望・照れ・Yシャツ-M		
絶望2・照れ・Yシャツ-M		
絶望3・照れ・Yシャツ-M		
絶望4・照れ・Yシャツ-M		
絶望5・照れ・Yシャツ-M		
叫び・照れ・Yシャツ-M		
叫び2・照れ・Yシャツ-M		
叫び3・照れ・Yシャツ-M		
叫び4・照れ・Yシャツ-M		
叫び5・照れ・Yシャツ-M		
叫び6・照れ・Yシャツ-M		
苦笑・照れ・Yシャツ-M		
苦笑2・照れ・Yシャツ-M		
苦笑3・照れ・Yシャツ-M		
苦笑4・照れ・Yシャツ-M		
苦笑5・照れ・Yシャツ-M		
苦笑6・照れ・Yシャツ-M		
怒り・照れ・Yシャツ-M		
怒り2・照れ・Yシャツ-M		
怒り3・照れ・Yシャツ-M		
怒り4・照れ・Yシャツ-M		
怒り5・照れ・Yシャツ-M		
怒り6・照れ・Yシャツ-M		
怒り7・照れ・Yシャツ-M		
怒り8・照れ・Yシャツ-M		
怒り9・照れ・Yシャツ-M		
怒り10・照れ・Yシャツ-M		
怒り11・照れ・Yシャツ-M		
怒り12・照れ・Yシャツ-M		
怒り13・照れ・Yシャツ-M		
怒り14・照れ・Yシャツ-M		
激怒・照れ・Yシャツ-M		
激怒2・照れ・Yシャツ-M		
激怒3・照れ・Yシャツ-M		
激怒4・照れ・Yシャツ-M		
激怒5・照れ・Yシャツ-M		
激怒6・照れ・Yシャツ-M		
激怒7・照れ・Yシャツ-M		
激怒8・照れ・Yシャツ-M		
激怒9・照れ・Yシャツ-M		
切迫・照れ・Yシャツ-M		
切迫2・照れ・Yシャツ-M		
切迫3・照れ・Yシャツ-M		
切迫4・照れ・Yシャツ-M		
切迫5・照れ・Yシャツ-M		
切迫6・照れ・Yシャツ-M		
切迫7・照れ・Yシャツ-M		
切迫8・照れ・Yシャツ-M		
切迫9・照れ・Yシャツ-M		
嘲笑・照れ・Yシャツ-M		
嘲笑2・照れ・Yシャツ-M		
嘲笑3・照れ・Yシャツ-M		
嘲笑4・照れ・Yシャツ-M		
嘲笑5・照れ・Yシャツ-M		
挑発・照れ・Yシャツ-M		
挑発2・照れ・Yシャツ-M		
挑発3・照れ・Yシャツ-M		
挑発4・照れ・Yシャツ-M		
挑発5・照れ・Yシャツ-M		
挑発6・照れ・Yシャツ-M		
挑発7・照れ・Yシャツ-M		
呆れ・照れ・Yシャツ-M		
呆れ2・照れ・Yシャツ-M		
怪訝・照れ・Yシャツ-M		
怪訝2・照れ・Yシャツ-M		
笑顔・照れ・Yシャツ-M		
笑顔2・照れ・Yシャツ-M		
笑顔3・照れ・Yシャツ-M		
笑顔4・照れ・Yシャツ-M		
笑顔5・照れ・Yシャツ-M		
笑顔6・照れ・Yシャツ-M		
笑顔7・照れ・Yシャツ-M		
笑顔8・照れ・Yシャツ-M		
笑顔9・照れ・Yシャツ-M		
笑顔10・照れ・Yシャツ-M		
笑顔11・照れ・Yシャツ-M		
笑顔12・照れ・Yシャツ-M		
笑顔13・照れ・Yシャツ-M		
笑顔14・照れ・Yシャツ-M		
笑顔15・照れ・Yシャツ-M		
笑顔16・照れ・Yシャツ-M		
笑顔17・照れ・Yシャツ-M		
笑顔18・照れ・Yシャツ-M		
笑顔19・照れ・Yシャツ-M		
笑顔20・照れ・Yシャツ-M		
笑顔21・照れ・Yシャツ-M		
片目・照れ・Yシャツ-M		
片目2・照れ・Yシャツ-M		
ウインク・照れ・Yシャツ-M		
ウインク2・照れ・Yシャツ-M		
ウインク3・照れ・Yシャツ-M		
ウインク4・照れ・Yシャツ-M		
思案・照れ・Yシャツ-M		
思案2・照れ・Yシャツ-M		
悲しみ14・私服-M		
悲しみ15・私服-M		
悲しみ16・私服-M		
絶望・私服-M		
絶望2・私服-M		
絶望3・私服-M		
絶望4・私服-M		
絶望5・私服-M		
叫び2・私服-M		
叫び3・私服-M		
叫び4・私服-M		
叫び5・私服-M		
叫び6・私服-M		
怒り14・私服-M		
切迫・私服-M		
切迫2・私服-M		
切迫3・私服-M		
切迫4・私服-M		
切迫5・私服-M		
切迫6・私服-M		
切迫7・私服-M		
切迫8・私服-M		
切迫9・私服-M		
笑顔5・私服-M		
笑顔6・私服-M		
笑顔7・私服-M		
笑顔8・私服-M		
笑顔9・私服-M		
笑顔10・私服-M		
笑顔11・私服-M		
笑顔12・私服-M		
笑顔13・私服-M		
笑顔14・私服-M		
笑顔15・私服-M		
笑顔16・私服-M		
笑顔17・私服-M		
笑顔18・私服-M		
笑顔19・私服-M		
笑顔20・私服-M		
笑顔21・私服-M		
悲しみ14・照れ・私服-M		
悲しみ15・照れ・私服-M		
悲しみ16・照れ・私服-M		
絶望・照れ・私服-M		
絶望2・照れ・私服-M		
絶望3・照れ・私服-M		
絶望4・照れ・私服-M		
絶望5・照れ・私服-M		
叫び2・照れ・私服-M		
叫び3・照れ・私服-M		
叫び4・照れ・私服-M		
叫び5・照れ・私服-M		
叫び6・照れ・私服-M		
怒り14・照れ・私服-M		
切迫・照れ・私服-M		
切迫2・照れ・私服-M		
切迫3・照れ・私服-M		
切迫4・照れ・私服-M		
切迫5・照れ・私服-M		
切迫6・照れ・私服-M		
切迫7・照れ・私服-M		
切迫8・照れ・私服-M		
切迫9・照れ・私服-M		
笑顔5・照れ・私服-M		
笑顔6・照れ・私服-M		
笑顔7・照れ・私服-M		
笑顔8・照れ・私服-M		
笑顔9・照れ・私服-M		
笑顔10・照れ・私服-M		
笑顔11・照れ・私服-M		
笑顔12・照れ・私服-M		
笑顔13・照れ・私服-M		
笑顔14・照れ・私服-M		
笑顔15・照れ・私服-M		
笑顔16・照れ・私服-M		
笑顔17・照れ・私服-M		
笑顔18・照れ・私服-M		
笑顔19・照れ・私服-M		
笑顔20・照れ・私服-M		
笑顔21・照れ・私服-M		
真顔・スーツ赤-M		
真顔2・スーツ赤-M		
真顔3・スーツ赤-M		
驚き・スーツ赤-M		
驚き2・スーツ赤-M		
驚き3・スーツ赤-M		
驚き4・スーツ赤-M		
笑み・スーツ赤-M		
笑み2・スーツ赤-M		
笑み3・スーツ赤-M		
笑み4・スーツ赤-M		
笑み5・スーツ赤-M		
笑み6・スーツ赤-M		
笑み7・スーツ赤-M		
笑み8・スーツ赤-M		
笑み9・スーツ赤-M		
笑み10・スーツ赤-M		
悲しみ・スーツ赤-M		
悲しみ2・スーツ赤-M		
悲しみ3・スーツ赤-M		
悲しみ4・スーツ赤-M		
悲しみ5・スーツ赤-M		
悲しみ6・スーツ赤-M		
悲しみ7・スーツ赤-M		
悲しみ8・スーツ赤-M		
悲しみ9・スーツ赤-M		
悲しみ10・スーツ赤-M		
悲しみ11・スーツ赤-M		
悲しみ12・スーツ赤-M		
悲しみ13・スーツ赤-M		
悲しみ14・スーツ赤-M		
悲しみ15・スーツ赤-M		
悲しみ16・スーツ赤-M		
絶望・スーツ赤-M		
絶望2・スーツ赤-M		
絶望3・スーツ赤-M		
絶望4・スーツ赤-M		
絶望5・スーツ赤-M		
叫び・スーツ赤-M		
叫び2・スーツ赤-M		
叫び3・スーツ赤-M		
叫び4・スーツ赤-M		
叫び5・スーツ赤-M		
叫び6・スーツ赤-M		
苦笑・スーツ赤-M		
苦笑2・スーツ赤-M		
苦笑3・スーツ赤-M		
苦笑4・スーツ赤-M		
苦笑5・スーツ赤-M		
苦笑6・スーツ赤-M		
怒り・スーツ赤-M		
怒り2・スーツ赤-M		
怒り3・スーツ赤-M		
怒り4・スーツ赤-M		
怒り5・スーツ赤-M		
怒り6・スーツ赤-M		
怒り7・スーツ赤-M		
怒り8・スーツ赤-M		
怒り9・スーツ赤-M		
怒り10・スーツ赤-M		
怒り11・スーツ赤-M		
怒り12・スーツ赤-M		
怒り13・スーツ赤-M		
怒り14・スーツ赤-M		
激怒・スーツ赤-M		
激怒2・スーツ赤-M		
激怒3・スーツ赤-M		
激怒4・スーツ赤-M		
激怒5・スーツ赤-M		
激怒6・スーツ赤-M		
激怒7・スーツ赤-M		
激怒8・スーツ赤-M		
激怒9・スーツ赤-M		
切迫・スーツ赤-M		
切迫2・スーツ赤-M		
切迫3・スーツ赤-M		
切迫4・スーツ赤-M		
切迫5・スーツ赤-M		
切迫6・スーツ赤-M		
切迫7・スーツ赤-M		
切迫8・スーツ赤-M		
切迫9・スーツ赤-M		
嘲笑・スーツ赤-M		
嘲笑2・スーツ赤-M		
嘲笑3・スーツ赤-M		
嘲笑4・スーツ赤-M		
嘲笑5・スーツ赤-M		
挑発・スーツ赤-M		
挑発2・スーツ赤-M		
挑発3・スーツ赤-M		
挑発4・スーツ赤-M		
挑発5・スーツ赤-M		
挑発6・スーツ赤-M		
挑発7・スーツ赤-M		
呆れ・スーツ赤-M		
呆れ2・スーツ赤-M		
怪訝・スーツ赤-M		
怪訝2・スーツ赤-M		
笑顔・スーツ赤-M		
笑顔2・スーツ赤-M		
笑顔3・スーツ赤-M		
笑顔4・スーツ赤-M		
笑顔5・スーツ赤-M		
笑顔6・スーツ赤-M		
笑顔7・スーツ赤-M		
笑顔8・スーツ赤-M		
笑顔9・スーツ赤-M		
笑顔10・スーツ赤-M		
笑顔11・スーツ赤-M		
笑顔12・スーツ赤-M		
笑顔13・スーツ赤-M		
笑顔14・スーツ赤-M		
笑顔15・スーツ赤-M		
笑顔16・スーツ赤-M		
笑顔17・スーツ赤-M		
笑顔18・スーツ赤-M		
笑顔19・スーツ赤-M		
笑顔20・スーツ赤-M		
笑顔21・スーツ赤-M		
片目・スーツ赤-M		
片目2・スーツ赤-M		
ウインク・スーツ赤-M		
ウインク2・スーツ赤-M		
ウインク3・スーツ赤-M		
ウインク4・スーツ赤-M		
思案・スーツ赤-M		
思案2・スーツ赤-M		
真顔・照れ・スーツ赤-M		
真顔2・照れ・スーツ赤-M		
真顔3・照れ・スーツ赤-M		
驚き・照れ・スーツ赤-M		
驚き2・照れ・スーツ赤-M		
驚き3・照れ・スーツ赤-M		
驚き4・照れ・スーツ赤-M		
笑み・照れ・スーツ赤-M		
笑み2・照れ・スーツ赤-M		
笑み3・照れ・スーツ赤-M		
笑み4・照れ・スーツ赤-M		
笑み5・照れ・スーツ赤-M		
笑み6・照れ・スーツ赤-M		
笑み7・照れ・スーツ赤-M		
笑み8・照れ・スーツ赤-M		
笑み9・照れ・スーツ赤-M		
笑み10・照れ・スーツ赤-M		
悲しみ・照れ・スーツ赤-M		
悲しみ2・照れ・スーツ赤-M		
悲しみ3・照れ・スーツ赤-M		
悲しみ4・照れ・スーツ赤-M		
悲しみ5・照れ・スーツ赤-M		
悲しみ6・照れ・スーツ赤-M		
悲しみ7・照れ・スーツ赤-M		
悲しみ8・照れ・スーツ赤-M		
悲しみ9・照れ・スーツ赤-M		
悲しみ10・照れ・スーツ赤-M		
悲しみ11・照れ・スーツ赤-M		
悲しみ12・照れ・スーツ赤-M		
悲しみ13・照れ・スーツ赤-M		
悲しみ14・照れ・スーツ赤-M		
悲しみ15・照れ・スーツ赤-M		
悲しみ16・照れ・スーツ赤-M		
絶望・照れ・スーツ赤-M		
絶望2・照れ・スーツ赤-M		
絶望3・照れ・スーツ赤-M		
絶望4・照れ・スーツ赤-M		
絶望5・照れ・スーツ赤-M		
叫び・照れ・スーツ赤-M		
叫び2・照れ・スーツ赤-M		
叫び3・照れ・スーツ赤-M		
叫び4・照れ・スーツ赤-M		
叫び5・照れ・スーツ赤-M		
叫び6・照れ・スーツ赤-M		
苦笑・照れ・スーツ赤-M		
苦笑2・照れ・スーツ赤-M		
苦笑3・照れ・スーツ赤-M		
苦笑4・照れ・スーツ赤-M		
苦笑5・照れ・スーツ赤-M		
苦笑6・照れ・スーツ赤-M		
怒り・照れ・スーツ赤-M		
怒り2・照れ・スーツ赤-M		
怒り3・照れ・スーツ赤-M		
怒り4・照れ・スーツ赤-M		
怒り5・照れ・スーツ赤-M		
怒り6・照れ・スーツ赤-M		
怒り7・照れ・スーツ赤-M		
怒り8・照れ・スーツ赤-M		
怒り9・照れ・スーツ赤-M		
怒り10・照れ・スーツ赤-M		
怒り11・照れ・スーツ赤-M		
怒り12・照れ・スーツ赤-M		
怒り13・照れ・スーツ赤-M		
怒り14・照れ・スーツ赤-M		
激怒・照れ・スーツ赤-M		
激怒2・照れ・スーツ赤-M		
激怒3・照れ・スーツ赤-M		
激怒4・照れ・スーツ赤-M		
激怒5・照れ・スーツ赤-M		
激怒6・照れ・スーツ赤-M		
激怒7・照れ・スーツ赤-M		
激怒8・照れ・スーツ赤-M		
激怒9・照れ・スーツ赤-M		
切迫・照れ・スーツ赤-M		
切迫2・照れ・スーツ赤-M		
切迫3・照れ・スーツ赤-M		
切迫4・照れ・スーツ赤-M		
切迫5・照れ・スーツ赤-M		
切迫6・照れ・スーツ赤-M		
切迫7・照れ・スーツ赤-M		
切迫8・照れ・スーツ赤-M		
切迫9・照れ・スーツ赤-M		
嘲笑・照れ・スーツ赤-M		
嘲笑2・照れ・スーツ赤-M		
嘲笑3・照れ・スーツ赤-M		
嘲笑4・照れ・スーツ赤-M		
嘲笑5・照れ・スーツ赤-M		
挑発・照れ・スーツ赤-M		
挑発2・照れ・スーツ赤-M		
挑発3・照れ・スーツ赤-M		
挑発4・照れ・スーツ赤-M		
挑発5・照れ・スーツ赤-M		
挑発6・照れ・スーツ赤-M		
挑発7・照れ・スーツ赤-M		
呆れ・照れ・スーツ赤-M		
呆れ2・照れ・スーツ赤-M		
怪訝・照れ・スーツ赤-M		
怪訝2・照れ・スーツ赤-M		
笑顔・照れ・スーツ赤-M		
笑顔2・照れ・スーツ赤-M		
笑顔3・照れ・スーツ赤-M		
笑顔4・照れ・スーツ赤-M		
笑顔5・照れ・スーツ赤-M		
笑顔6・照れ・スーツ赤-M		
笑顔7・照れ・スーツ赤-M		
笑顔8・照れ・スーツ赤-M		
笑顔9・照れ・スーツ赤-M		
笑顔10・照れ・スーツ赤-M		
笑顔11・照れ・スーツ赤-M		
笑顔12・照れ・スーツ赤-M		
笑顔13・照れ・スーツ赤-M		
笑顔14・照れ・スーツ赤-M		
笑顔15・照れ・スーツ赤-M		
笑顔16・照れ・スーツ赤-M		
笑顔17・照れ・スーツ赤-M		
笑顔18・照れ・スーツ赤-M		
笑顔19・照れ・スーツ赤-M		
笑顔20・照れ・スーツ赤-M		
笑顔21・照れ・スーツ赤-M		
片目・照れ・スーツ赤-M		
片目2・照れ・スーツ赤-M		
ウインク・照れ・スーツ赤-M		
ウインク2・照れ・スーツ赤-M		
ウインク3・照れ・スーツ赤-M		
ウインク4・照れ・スーツ赤-M		
思案・照れ・スーツ赤-M		
思案2・照れ・スーツ赤-M		
真顔・シスター-M		
真顔2・シスター-M		
真顔3・シスター-M		
驚き・シスター-M		
笑み・シスター-M		
笑み2・シスター-M		
笑み3・シスター-M		
笑み4・シスター-M		
笑み5・シスター-M		
悲しみ・シスター-M		
悲しみ2・シスター-M		
悲しみ3・シスター-M		
悲しみ4・シスター-M		
悲しみ5・シスター-M		
悲しみ6・シスター-M		
苦笑・シスター-M		
苦笑2・シスター-M		
苦笑3・シスター-M		
怒り・シスター-M		
怒り2・シスター-M		
怒り3・シスター-M		
怒り4・シスター-M		
挑発・シスター-M		
挑発2・シスター-M		
挑発3・シスター-M		
挑発4・シスター-M		
煽り・シスター-M		
煽り2・シスター-M		
煽り3・シスター-M		
呆れ・シスター-M		
呆れ2・シスター-M		
不満・シスター-M		
不満2・シスター-M		
思案・シスター-M		
思案2・シスター-M		
思案3・シスター-M		
笑顔・シスター-M		
笑顔2・シスター-M		
笑顔3・シスター-M		
片目・シスター-M		
片目2・シスター-M		
ウインク・シスター-M		
ウインク2・シスター-M		
感心・シスター-M		
感心2・シスター-M		
真顔・バスタオル-M		
真顔2・バスタオル-M		
驚き・バスタオル-M		
驚き2・バスタオル-M		
笑み・バスタオル-M		
笑み2・バスタオル-M		
笑み3・バスタオル-M		
笑み4・バスタオル-M		
笑み5・バスタオル-M		
笑み6・バスタオル-M		
笑み7・バスタオル-M		
悲しみ・バスタオル-M		
悲しみ2・バスタオル-M		
悲しみ3・バスタオル-M		
悲しみ4・バスタオル-M		
悲しみ5・バスタオル-M		
悲しみ6・バスタオル-M		
悲しみ7・バスタオル-M		
悲しみ8・バスタオル-M		
悲しみ9・バスタオル-M		
悲しみ10・バスタオル-M		
悲しみ11・バスタオル-M		
苦笑・バスタオル-M		
苦笑2・バスタオル-M		
苦笑3・バスタオル-M		
煽り・バスタオル-M		
煽り2・バスタオル-M		
煽り3・バスタオル-M		
挑発・バスタオル-M		
挑発2・バスタオル-M		
挑発3・バスタオル-M		
挑発4・バスタオル-M		
挑発5・バスタオル-M		
怒り・バスタオル-M		
怒り2・バスタオル-M		
怒り3・バスタオル-M		
怒り4・バスタオル-M		
怒り5・バスタオル-M		
怒り6・バスタオル-M		
怒り7・バスタオル-M		
怒り8・バスタオル-M		
呆れ・バスタオル-M		
呆れ2・バスタオル-M		
笑顔・バスタオル-M		
笑顔2・バスタオル-M		
片目・バスタオル-M		
片目2・バスタオル-M		
ウインク・バスタオル-M		
ウインク2・バスタオル-M		
思案・バスタオル-M		
思案2・バスタオル-M		
真顔・浴衣-M		
真顔2・浴衣-M		
驚き・浴衣-M		
驚き2・浴衣-M		
笑み・浴衣-M		
笑み2・浴衣-M		
笑み3・浴衣-M		
笑み4・浴衣-M		
笑み5・浴衣-M		
笑み6・浴衣-M		
笑み7・浴衣-M		
悲しみ・浴衣-M		
悲しみ2・浴衣-M		
悲しみ3・浴衣-M		
悲しみ4・浴衣-M		
悲しみ5・浴衣-M		
悲しみ6・浴衣-M		
悲しみ7・浴衣-M		
悲しみ8・浴衣-M		
悲しみ9・浴衣-M		
悲しみ10・浴衣-M		
悲しみ11・浴衣-M		
苦笑・浴衣-M		
苦笑2・浴衣-M		
苦笑3・浴衣-M		
煽り・浴衣-M		
煽り2・浴衣-M		
煽り3・浴衣-M		
挑発・浴衣-M		
挑発2・浴衣-M		
挑発3・浴衣-M		
挑発4・浴衣-M		
挑発5・浴衣-M		
怒り・浴衣-M		
怒り2・浴衣-M		
怒り3・浴衣-M		
怒り4・浴衣-M		
怒り5・浴衣-M		
怒り6・浴衣-M		
怒り7・浴衣-M		
怒り8・浴衣-M		
呆れ・浴衣-M		
呆れ2・浴衣-M		
笑顔・浴衣-M		
笑顔2・浴衣-M		
片目・浴衣-M		
片目2・浴衣-M		
ウインク・浴衣-M		
ウインク2・浴衣-M		
思案・浴衣-M		
思案2・浴衣-M		
真顔・水着-M		
真顔2・水着-M		
真顔3・水着-M		
感心・水着-M		
笑み・水着-M		
笑み2・水着-M		
笑み3・水着-M		
笑み4・水着-M		
笑み6・水着-M		
笑み7・水着-M		
笑み8・水着-M		
笑み9・水着-M		
笑み10・水着-M		
驚き・水着-M		
驚き2・水着-M		
驚き3・水着-M		
悲しみ・水着-M		
悲しみ2・水着-M		
悲しみ3・水着-M		
悲しみ4・水着-M		
悲しみ5・水着-M		
悲しみ6・水着-M		
悲しみ7・水着-M		
悲しみ8・水着-M		
悲しみ9・水着-M		
悲しみ10・水着-M		
悲しみ11・水着-M		
悲しみ12・水着-M		
悲しみ13・水着-M		
不満・水着-M		
苦笑・水着-M		
苦笑2・水着-M		
怒り・水着-M		
怒り2・水着-M		
怒り3・水着-M		
怒り4・水着-M		
怒り5・水着-M		
怒り6・水着-M		
怒り7・水着-M		
怒り8・水着-M		
怒り9・水着-M		
怒り10・水着-M		
怒り11・水着-M		
怒り12・水着-M		
挑発・水着-M		
挑発2・水着-M		
挑発3・水着-M		
挑発4・水着-M		
挑発5・水着-M		
思案・水着-M		
思案2・水着-M		
思案3・水着-M		
思案4・水着-M		
思案5・水着-M		
呆れ・水着-M		
にやつき・水着-M		
にやつき2・水着-M		
嘲笑・水着-M		
嘲笑2・水着-M		
嘲笑3・水着-M		
嘲笑4・水着-M		
嘲笑5・水着-M		
嘲笑6・水着-M		
嘲笑7・水着-M		
嘲笑8・水着-M		
嘲笑9・水着-M		
怪訝・水着-M		
怪訝2・水着-M		
怪訝3・水着-M		
怪訝4・水着-M		
怪訝5・水着-M		
怪訝6・水着-M		
目閉じ・水着-M		
笑顔・水着-M		
笑顔2・水着-M		
激怒・水着-M		
激怒2・水着-M		
激怒3・水着-M		
片目・水着-M		
片目2・水着-M		
ウインク・水着-M		
ウインク2・水着-M		
感心2・水着-M		
感心3・水着-M		
真顔・照れ・水着-M		
真顔2・照れ・水着-M		
真顔3・照れ・水着-M		
感心・照れ・水着-M		
笑み・照れ・水着-M		
笑み2・照れ・水着-M		
笑み3・照れ・水着-M		
笑み4・照れ・水着-M		
笑み5・照れ・水着-M		
笑み6・照れ・水着-M		
笑み7・照れ・水着-M		
笑み8・照れ・水着-M		
笑み9・照れ・水着-M		
笑み10・照れ・水着-M		
驚き・照れ・水着-M		
驚き2・照れ・水着-M		
驚き3・照れ・水着-M		
悲しみ・照れ・水着-M		
悲しみ2・照れ・水着-M		
悲しみ3・照れ・水着-M		
悲しみ4・照れ・水着-M		
悲しみ5・照れ・水着-M		
悲しみ6・照れ・水着-M		
悲しみ7・照れ・水着-M		
悲しみ8・照れ・水着-M		
悲しみ9・照れ・水着-M		
悲しみ10・照れ・水着-M		
悲しみ11・照れ・水着-M		
悲しみ12・照れ・水着-M		
悲しみ13・照れ・水着-M		
不満・照れ・水着-M		
苦笑・照れ・水着-M		
苦笑2・照れ・水着-M		
怒り・照れ・水着-M		
怒り2・照れ・水着-M		
怒り3・照れ・水着-M		
怒り4・照れ・水着-M		
怒り5・照れ・水着-M		
怒り6・照れ・水着-M		
怒り7・照れ・水着-M		
怒り8・照れ・水着-M		
怒り9・照れ・水着-M		
怒り10・照れ・水着-M		
怒り11・照れ・水着-M		
怒り12・照れ・水着-M		
挑発・照れ・水着-M		
挑発2・照れ・水着-M		
挑発3・照れ・水着-M		
挑発4・照れ・水着-M		
挑発5・照れ・水着-M		
思案・照れ・水着-M		
思案2・照れ・水着-M		
思案3・照れ・水着-M		
思案4・照れ・水着-M		
思案5・照れ・水着-M		
呆れ・照れ・水着-M		
にやつき・照れ・水着-M		
にやつき2・照れ・水着-M		
嘲笑・照れ・水着-M		
嘲笑2・照れ・水着-M		
嘲笑3・照れ・水着-M		
嘲笑4・照れ・水着-M		
嘲笑5・照れ・水着-M		
嘲笑6・照れ・水着-M		
嘲笑7・照れ・水着-M		
嘲笑8・照れ・水着-M		
嘲笑9・照れ・水着-M		
怪訝・照れ・水着-M		
怪訝2・照れ・水着-M		
怪訝3・照れ・水着-M		
怪訝4・照れ・水着-M		
怪訝5・照れ・水着-M		
怪訝6・照れ・水着-M		
目閉じ・照れ・水着-M		
笑顔・照れ・水着-M		
笑顔2・照れ・水着-M		
激怒・照れ・水着-M		
激怒2・照れ・水着-M		
激怒3・照れ・水着-M		
片目・照れ・水着-M		
片目2・照れ・水着-M		
ウインク・照れ・水着-M		
ウインク2・照れ・水着-M		
感心2・照れ・水着-M		
感心3・照れ・水着-M		
真顔3・バスタオル-M		
感心・バスタオル-M		
笑み8・バスタオル-M		
笑み9・バスタオル-M		
笑み10・バスタオル-M		
驚き3・バスタオル-M		
悲しみ12・バスタオル-M		
悲しみ13・バスタオル-M		
不満・バスタオル-M		
怒り9・バスタオル-M		
怒り10・バスタオル-M		
怒り11・バスタオル-M		
怒り12・バスタオル-M		
思案3・バスタオル-M		
思案4・バスタオル-M		
思案5・バスタオル-M		
にやつき・バスタオル-M		
にやつき2・バスタオル-M		
嘲笑・バスタオル-M		
嘲笑2・バスタオル-M		
嘲笑3・バスタオル-M		
嘲笑4・バスタオル-M		
嘲笑5・バスタオル-M		
嘲笑6・バスタオル-M		
嘲笑7・バスタオル-M		
嘲笑8・バスタオル-M		
嘲笑9・バスタオル-M		
怪訝・バスタオル-M		
怪訝2・バスタオル-M		
怪訝3・バスタオル-M		
怪訝4・バスタオル-M		
怪訝5・バスタオル-M		
怪訝6・バスタオル-M		
目閉じ・バスタオル-M		
激怒・バスタオル-M		
激怒2・バスタオル-M		
激怒3・バスタオル-M		
感心2・バスタオル-M		
感心3・バスタオル-M		
真顔・照れ・バスタオル-M		
真顔2・照れ・バスタオル-M		
真顔3・照れ・バスタオル-M		
感心・照れ・バスタオル-M		
笑み・照れ・バスタオル-M		
笑み2・照れ・バスタオル-M		
笑み3・照れ・バスタオル-M		
笑み4・照れ・バスタオル-M		
笑み5・照れ・バスタオル-M		
笑み6・照れ・バスタオル-M		
笑み7・照れ・バスタオル-M		
笑み8・照れ・バスタオル-M		
笑み9・照れ・バスタオル-M		
笑み10・照れ・バスタオル-M		
驚き・照れ・バスタオル-M		
驚き2・照れ・バスタオル-M		
驚き3・照れ・バスタオル-M		
悲しみ・照れ・バスタオル-M		
悲しみ2・照れ・バスタオル-M		
悲しみ3・照れ・バスタオル-M		
悲しみ4・照れ・バスタオル-M		
悲しみ5・照れ・バスタオル-M		
悲しみ6・照れ・バスタオル-M		
悲しみ7・照れ・バスタオル-M		
悲しみ8・照れ・バスタオル-M		
悲しみ9・照れ・バスタオル-M		
悲しみ10・照れ・バスタオル-M		
悲しみ11・照れ・バスタオル-M		
悲しみ12・照れ・バスタオル-M		
悲しみ13・照れ・バスタオル-M		
不満・照れ・バスタオル-M		
苦笑・照れ・バスタオル-M		
苦笑2・照れ・バスタオル-M		
怒り・照れ・バスタオル-M		
怒り2・照れ・バスタオル-M		
怒り3・照れ・バスタオル-M		
怒り4・照れ・バスタオル-M		
怒り5・照れ・バスタオル-M		
怒り6・照れ・バスタオル-M		
怒り7・照れ・バスタオル-M		
怒り8・照れ・バスタオル-M		
怒り9・照れ・バスタオル-M		
怒り10・照れ・バスタオル-M		
怒り11・照れ・バスタオル-M		
怒り12・照れ・バスタオル-M		
挑発・照れ・バスタオル-M		
挑発2・照れ・バスタオル-M		
挑発3・照れ・バスタオル-M		
挑発4・照れ・バスタオル-M		
挑発5・照れ・バスタオル-M		
思案・照れ・バスタオル-M		
思案2・照れ・バスタオル-M		
思案3・照れ・バスタオル-M		
思案4・照れ・バスタオル-M		
思案5・照れ・バスタオル-M		
呆れ・照れ・バスタオル-M		
にやつき・照れ・バスタオル-M		
にやつき2・照れ・バスタオル-M		
嘲笑・照れ・バスタオル-M		
嘲笑2・照れ・バスタオル-M		
嘲笑3・照れ・バスタオル-M		
嘲笑4・照れ・バスタオル-M		
嘲笑5・照れ・バスタオル-M		
嘲笑6・照れ・バスタオル-M		
嘲笑7・照れ・バスタオル-M		
嘲笑8・照れ・バスタオル-M		
嘲笑9・照れ・バスタオル-M		
怪訝・照れ・バスタオル-M		
怪訝2・照れ・バスタオル-M		
怪訝3・照れ・バスタオル-M		
怪訝4・照れ・バスタオル-M		
怪訝5・照れ・バスタオル-M		
怪訝6・照れ・バスタオル-M		
目閉じ・照れ・バスタオル-M		
笑顔・照れ・バスタオル-M		
笑顔2・照れ・バスタオル-M		
激怒・照れ・バスタオル-M		
激怒2・照れ・バスタオル-M		
激怒3・照れ・バスタオル-M		
片目・照れ・バスタオル-M		
片目2・照れ・バスタオル-M		
ウインク・照れ・バスタオル-M		
ウインク2・照れ・バスタオル-M		
感心2・照れ・バスタオル-M		
感心3・照れ・バスタオル-M		
真顔3・浴衣-M		
感心・浴衣-M		
笑み8・浴衣-M		
笑み9・浴衣-M		
笑み10・浴衣-M		
驚き3・浴衣-M		
悲しみ12・浴衣-M		
悲しみ13・浴衣-M		
不満・浴衣-M		
怒り9・浴衣-M		
怒り10・浴衣-M		
怒り11・浴衣-M		
怒り12・浴衣-M		
思案3・浴衣-M		
思案4・浴衣-M		
思案5・浴衣-M		
にやつき・浴衣-M		
にやつき2・浴衣-M		
嘲笑・浴衣-M		
嘲笑2・浴衣-M		
嘲笑3・浴衣-M		
嘲笑4・浴衣-M		
嘲笑5・浴衣-M		
嘲笑6・浴衣-M		
嘲笑7・浴衣-M		
嘲笑8・浴衣-M		
嘲笑9・浴衣-M		
怪訝・浴衣-M		
怪訝2・浴衣-M		
怪訝3・浴衣-M		
怪訝4・浴衣-M		
怪訝5・浴衣-M		
怪訝6・浴衣-M		
目閉じ・浴衣-M		
激怒・浴衣-M		
激怒2・浴衣-M		
激怒3・浴衣-M		
感心2・浴衣-M		
感心3・浴衣-M		
真顔・照れ・浴衣-M		
真顔2・照れ・浴衣-M		
真顔3・照れ・浴衣-M		
感心・照れ・浴衣-M		
笑み・照れ・浴衣-M		
笑み2・照れ・浴衣-M		
笑み3・照れ・浴衣-M		
笑み4・照れ・浴衣-M		
笑み5・照れ・浴衣-M		
笑み6・照れ・浴衣-M		
笑み7・照れ・浴衣-M		
笑み8・照れ・浴衣-M		
笑み9・照れ・浴衣-M		
笑み10・照れ・浴衣-M		
驚き・照れ・浴衣-M		
驚き2・照れ・浴衣-M		
驚き3・照れ・浴衣-M		
悲しみ・照れ・浴衣-M		
悲しみ2・照れ・浴衣-M		
悲しみ3・照れ・浴衣-M		
悲しみ4・照れ・浴衣-M		
悲しみ5・照れ・浴衣-M		
悲しみ6・照れ・浴衣-M		
悲しみ7・照れ・浴衣-M		
悲しみ8・照れ・浴衣-M		
悲しみ9・照れ・浴衣-M		
悲しみ10・照れ・浴衣-M		
悲しみ11・照れ・浴衣-M		
悲しみ12・照れ・浴衣-M		
悲しみ13・照れ・浴衣-M		
不満・照れ・浴衣-M		
苦笑・照れ・浴衣-M		
苦笑2・照れ・浴衣-M		
怒り・照れ・浴衣-M		
怒り2・照れ・浴衣-M		
怒り3・照れ・浴衣-M		
怒り4・照れ・浴衣-M		
怒り5・照れ・浴衣-M		
怒り6・照れ・浴衣-M		
怒り7・照れ・浴衣-M		
怒り8・照れ・浴衣-M		
怒り9・照れ・浴衣-M		
怒り10・照れ・浴衣-M		
怒り11・照れ・浴衣-M		
怒り12・照れ・浴衣-M		
挑発・照れ・浴衣-M		
挑発2・照れ・浴衣-M		
挑発3・照れ・浴衣-M		
挑発4・照れ・浴衣-M		
挑発5・照れ・浴衣-M		
思案・照れ・浴衣-M		
思案2・照れ・浴衣-M		
思案3・照れ・浴衣-M		
思案4・照れ・浴衣-M		
思案5・照れ・浴衣-M		
呆れ・照れ・浴衣-M		
にやつき・照れ・浴衣-M		
にやつき2・照れ・浴衣-M		
嘲笑・照れ・浴衣-M		
嘲笑2・照れ・浴衣-M		
嘲笑3・照れ・浴衣-M		
嘲笑4・照れ・浴衣-M		
嘲笑5・照れ・浴衣-M		
嘲笑6・照れ・浴衣-M		
嘲笑7・照れ・浴衣-M		
嘲笑8・照れ・浴衣-M		
嘲笑9・照れ・浴衣-M		
怪訝・照れ・浴衣-M		
怪訝2・照れ・浴衣-M		
怪訝3・照れ・浴衣-M		
怪訝4・照れ・浴衣-M		
怪訝5・照れ・浴衣-M		
怪訝6・照れ・浴衣-M		
目閉じ・照れ・浴衣-M		
笑顔・照れ・浴衣-M		
笑顔2・照れ・浴衣-M		
激怒・照れ・浴衣-M		
激怒2・照れ・浴衣-M		
激怒3・照れ・浴衣-M		
片目・照れ・浴衣-M		
片目2・照れ・浴衣-M		
ウインク・照れ・浴衣-M		
ウインク2・照れ・浴衣-M		
感心2・照れ・浴衣-M		
感心3・照れ・浴衣-M		
真顔4・水着-M		
驚き4・水着-M		
笑み5・水着-M		
冷笑・水着-M		
冷笑2・水着-M		
冷笑3・水着-M		
笑顔3・水着-M		
不満2・水着-M		
不満3・水着-M		
叫び・水着-M		
苦笑3・水着-M		
苦笑4・水着-M		
苦笑5・水着-M		
苦笑6・水着-M		
挑発6・水着-M		
挑発7・水着-M		
挑発8・水着-M		
呆れ2・水着-M		
片目3・水着-M		
激怒4・水着-M		
激怒5・水着-M		
激怒6・水着-M		
激怒7・水着-M		
激怒8・水着-M		
激怒9・水着-M		
激怒10・水着-M		
激怒11・水着-M		
激怒12・水着-M		
ウインク3・水着-M		
ウインク4・水着-M		
真顔4・照れ・水着-M		
驚き4・照れ・水着-M		
冷笑・照れ・水着-M		
冷笑2・照れ・水着-M		
冷笑3・照れ・水着-M		
笑顔3・照れ・水着-M		
不満2・照れ・水着-M		
不満3・照れ・水着-M		
叫び・照れ・水着-M		
苦笑3・照れ・水着-M		
苦笑4・照れ・水着-M		
苦笑5・照れ・水着-M		
苦笑6・照れ・水着-M		
挑発6・照れ・水着-M		
挑発7・照れ・水着-M		
挑発8・照れ・水着-M		
呆れ2・照れ・水着-M		
片目3・照れ・水着-M		
激怒4・照れ・水着-M		
激怒5・照れ・水着-M		
激怒6・照れ・水着-M		
激怒7・照れ・水着-M		
激怒8・照れ・水着-M		
激怒9・照れ・水着-M		
激怒10・照れ・水着-M		
激怒11・照れ・水着-M		
激怒12・照れ・水着-M		
ウインク3・照れ・水着-M		
ウインク4・照れ・水着-M		
真顔4・バスタオル-M		
驚き4・バスタオル-M		
冷笑・バスタオル-M		
冷笑2・バスタオル-M		
冷笑3・バスタオル-M		
笑顔3・バスタオル-M		
不満2・バスタオル-M		
不満3・バスタオル-M		
叫び・バスタオル-M		
苦笑4・バスタオル-M		
苦笑5・バスタオル-M		
苦笑6・バスタオル-M		
挑発6・バスタオル-M		
挑発7・バスタオル-M		
挑発8・バスタオル-M		
片目3・バスタオル-M		
激怒4・バスタオル-M		
激怒5・バスタオル-M		
激怒6・バスタオル-M		
激怒7・バスタオル-M		
激怒8・バスタオル-M		
激怒9・バスタオル-M		
激怒10・バスタオル-M		
激怒11・バスタオル-M		
激怒12・バスタオル-M		
ウインク3・バスタオル-M		
ウインク4・バスタオル-M		
真顔4・照れ・バスタオル-M		
驚き4・照れ・バスタオル-M		
冷笑・照れ・バスタオル-M		
冷笑2・照れ・バスタオル-M		
冷笑3・照れ・バスタオル-M		
笑顔3・照れ・バスタオル-M		
不満2・照れ・バスタオル-M		
不満3・照れ・バスタオル-M		
叫び・照れ・バスタオル-M		
苦笑3・照れ・バスタオル-M		
苦笑4・照れ・バスタオル-M		
苦笑5・照れ・バスタオル-M		
苦笑6・照れ・バスタオル-M		
挑発6・照れ・バスタオル-M		
挑発7・照れ・バスタオル-M		
挑発8・照れ・バスタオル-M		
呆れ2・照れ・バスタオル-M		
片目3・照れ・バスタオル-M		
激怒4・照れ・バスタオル-M		
激怒5・照れ・バスタオル-M		
激怒6・照れ・バスタオル-M		
激怒7・照れ・バスタオル-M		
激怒8・照れ・バスタオル-M		
激怒9・照れ・バスタオル-M		
激怒10・照れ・バスタオル-M		
激怒11・照れ・バスタオル-M		
激怒12・照れ・バスタオル-M		
ウインク3・照れ・バスタオル-M		
ウインク4・照れ・バスタオル-M		
真顔4・浴衣-M		
驚き4・浴衣-M		
冷笑・浴衣-M		
冷笑2・浴衣-M		
冷笑3・浴衣-M		
笑顔3・浴衣-M		
不満2・浴衣-M		
不満3・浴衣-M		
叫び・浴衣-M		
苦笑4・浴衣-M		
苦笑5・浴衣-M		
苦笑6・浴衣-M		
挑発6・浴衣-M		
挑発7・浴衣-M		
挑発8・浴衣-M		
片目3・浴衣-M		
激怒4・浴衣-M		
激怒5・浴衣-M		
激怒6・浴衣-M		
激怒7・浴衣-M		
激怒8・浴衣-M		
激怒9・浴衣-M		
激怒10・浴衣-M		
激怒11・浴衣-M		
激怒12・浴衣-M		
ウインク3・浴衣-M		
ウインク4・浴衣-M		
真顔4・照れ・浴衣-M		
驚き4・照れ・浴衣-M		
冷笑・照れ・浴衣-M		
冷笑2・照れ・浴衣-M		
冷笑3・照れ・浴衣-M		
笑顔3・照れ・浴衣-M		
不満2・照れ・浴衣-M		
不満3・照れ・浴衣-M		
叫び・照れ・浴衣-M		
苦笑3・照れ・浴衣-M		
苦笑4・照れ・浴衣-M		
苦笑5・照れ・浴衣-M		
苦笑6・照れ・浴衣-M		
挑発6・照れ・浴衣-M		
挑発7・照れ・浴衣-M		
挑発8・照れ・浴衣-M		
呆れ2・照れ・浴衣-M		
片目3・照れ・浴衣-M		
激怒4・照れ・浴衣-M		
激怒5・照れ・浴衣-M		
激怒6・照れ・浴衣-M		
激怒7・照れ・浴衣-M		
激怒8・照れ・浴衣-M		
激怒9・照れ・浴衣-M		
激怒10・照れ・浴衣-M		
激怒11・照れ・浴衣-M		
激怒12・照れ・浴衣-M		
ウインク3・照れ・浴衣-M		
ウインク4・照れ・浴衣-M		
不満・警官服-M		
不満2・警官服-M		
感心・警官服-M		
感心2・警官服-M		
真顔・部屋着-M		
真顔2・部屋着-M		
真顔3・部屋着-M		
驚き・部屋着-M		
驚き2・部屋着-M		
笑み・部屋着-M		
笑み2・部屋着-M		
笑み3・部屋着-M		
笑み4・部屋着-M		
笑み5・部屋着-M		
笑み6・部屋着-M		
悲しみ・部屋着-M		
悲しみ2・部屋着-M		
悲しみ3・部屋着-M		
悲しみ4・部屋着-M		
悲しみ5・部屋着-M		
悲しみ6・部屋着-M		
苦笑・部屋着-M		
苦笑2・部屋着-M		
苦笑3・部屋着-M		
怒り・部屋着-M		
怒り2・部屋着-M		
怒り3・部屋着-M		
怒り4・部屋着-M		
挑発・部屋着-M		
挑発2・部屋着-M		
挑発3・部屋着-M		
挑発4・部屋着-M		
挑発5・部屋着-M		
挑発6・部屋着-M		
煽り・部屋着-M		
煽り2・部屋着-M		
煽り3・部屋着-M		
呆れ・部屋着-M		
呆れ2・部屋着-M		
不満・部屋着-M		
不満2・部屋着-M		
思案・部屋着-M		
思案2・部屋着-M		
思案3・部屋着-M		
笑顔・部屋着-M		
笑顔2・部屋着-M		
笑顔3・部屋着-M		
笑顔4・部屋着-M		
笑顔5・部屋着-M		
片目・部屋着-M		
片目2・部屋着-M		
ウインク・部屋着-M		
ウインク2・部屋着-M		
感心・部屋着-M		
感心2・部屋着-M		
真顔・メイド服-M		
真顔2・メイド服-M		
真顔3・メイド服-M		
驚き・メイド服-M		
驚き2・メイド服-M		
笑み・メイド服-M		
笑み2・メイド服-M		
笑み3・メイド服-M		
笑み4・メイド服-M		
笑み5・メイド服-M		
笑み6・メイド服-M		
悲しみ・メイド服-M		
悲しみ2・メイド服-M		
悲しみ3・メイド服-M		
悲しみ4・メイド服-M		
悲しみ5・メイド服-M		
悲しみ6・メイド服-M		
苦笑・メイド服-M		
苦笑2・メイド服-M		
苦笑3・メイド服-M		
怒り・メイド服-M		
怒り2・メイド服-M		
怒り3・メイド服-M		
怒り4・メイド服-M		
挑発・メイド服-M		
挑発2・メイド服-M		
挑発3・メイド服-M		
挑発4・メイド服-M		
挑発5・メイド服-M		
挑発6・メイド服-M		
煽り・メイド服-M		
煽り2・メイド服-M		
煽り3・メイド服-M		
呆れ・メイド服-M		
呆れ2・メイド服-M		
不満・メイド服-M		
不満2・メイド服-M		
思案・メイド服-M		
思案2・メイド服-M		
思案3・メイド服-M		
笑顔・メイド服-M		
笑顔2・メイド服-M		
笑顔3・メイド服-M		
笑顔4・メイド服-M		
笑顔5・メイド服-M		
片目・メイド服-M		
片目2・メイド服-M		
ウインク・メイド服-M		
ウインク2・メイド服-M		
感心・メイド服-M		
感心2・メイド服-M		
真顔・魔法少女-M		
真顔2・魔法少女-M		
真顔3・魔法少女-M		
驚き・魔法少女-M		
驚き2・魔法少女-M		
笑み・魔法少女-M		
笑み2・魔法少女-M		
笑み3・魔法少女-M		
笑み4・魔法少女-M		
笑み5・魔法少女-M		
笑み6・魔法少女-M		
悲しみ・魔法少女-M		
悲しみ2・魔法少女-M		
悲しみ3・魔法少女-M		
悲しみ4・魔法少女-M		
悲しみ5・魔法少女-M		
悲しみ6・魔法少女-M		
苦笑・魔法少女-M		
苦笑2・魔法少女-M		
苦笑3・魔法少女-M		
怒り・魔法少女-M		
怒り2・魔法少女-M		
怒り3・魔法少女-M		
怒り4・魔法少女-M		
挑発・魔法少女-M		
挑発2・魔法少女-M		
挑発3・魔法少女-M		
挑発4・魔法少女-M		
挑発5・魔法少女-M		
挑発6・魔法少女-M		
煽り・魔法少女-M		
煽り2・魔法少女-M		
煽り3・魔法少女-M		
呆れ・魔法少女-M		
呆れ2・魔法少女-M		
不満・魔法少女-M		
不満2・魔法少女-M		
思案・魔法少女-M		
思案2・魔法少女-M		
思案3・魔法少女-M		
笑顔・魔法少女-M		
笑顔2・魔法少女-M		
笑顔3・魔法少女-M		
笑顔4・魔法少女-M		
笑顔5・魔法少女-M		
片目・魔法少女-M		
片目2・魔法少女-M		
ウインク・魔法少女-M		
ウインク2・魔法少女-M		
感心・魔法少女-M		
感心2・魔法少女-M		
真顔・制服b-M		
真顔2・制服b-M		
真顔3・制服b-M		
驚き・制服b-M		
驚き2・制服b-M		
笑み・制服b-M		
笑み2・制服b-M		
笑み3・制服b-M		
笑み4・制服b-M		
笑み5・制服b-M		
笑み6・制服b-M		
悲しみ・制服b-M		
悲しみ2・制服b-M		
悲しみ3・制服b-M		
悲しみ4・制服b-M		
悲しみ5・制服b-M		
悲しみ6・制服b-M		
苦笑・制服b-M		
苦笑2・制服b-M		
苦笑3・制服b-M		
怒り・制服b-M		
怒り2・制服b-M		
怒り3・制服b-M		
怒り4・制服b-M		
挑発・制服b-M		
挑発2・制服b-M		
挑発3・制服b-M		
挑発4・制服b-M		
挑発5・制服b-M		
挑発6・制服b-M		
煽り・制服b-M		
煽り2・制服b-M		
煽り3・制服b-M		
呆れ・制服b-M		
呆れ2・制服b-M		
不満・制服b-M		
不満2・制服b-M		
思案・制服b-M		
思案2・制服b-M		
思案3・制服b-M		
笑顔・制服b-M		
笑顔2・制服b-M		
笑顔3・制服b-M		
笑顔4・制服b-M		
笑顔5・制服b-M		
片目・制服b-M		
片目2・制服b-M		
ウインク・制服b-M		
ウインク2・制服b-M		
感心・制服b-M		
感心2・制服b-M		
困惑4・照れ-M		
困惑5・照れ-M		
呆れ3-M		
片目4-M		
背景その１		
背景その２		
背景その３		
背景その４		
背景その５		
背景その７		
背景：夜空・月		
背景：黒		
背景：白		
背景：自室		
背景：通学路・住宅街		
背景：通学路・住宅街・夕		
背景：通学路・住宅街・夜		
背景：通学路・歩道		
背景：通学路・歩道・夕		
背景：通学路・神社前		
背景：通学路・神社前・夕		
背景：校門前		
背景：校門前・夕		
背景：昇降口		
背景：昇降口・夕		
背景：教室		
背景：教室・夕		
背景：キャラ紹介空間		
背景：廊下		
背景：廊下・夕		
背景：科学室		
背景：校舎裏		
背景：校舎裏・夕		
背景：体育館		
背景：校庭		
背景：校庭・夕		
背景：図書室		
背景：屋上		
背景：屋上・夕		
背景：屋上・夜		
背景：保健室		
背景：保健室・夜		
背景：購買		
背景：購買・夕		
背景：生徒会室		
背景：生徒会室・夕		
背景：生徒会室・夜		
背景：リビング		
背景：リビング・夕		
背景：リビング・夜		
背景：川島家前		
背景：川島家前・夕		
背景：川島家前・夜		
背景：川島家前道路		
背景：中庭		
背景：中庭・夕		
背景：学食		
背景：マンション前		
背景：マンション前・夕		
背景：マンション前・夜		
背景：エントランス		
背景：エントランス・夕		
背景：エントランス・夜		
背景：獅堂家		
背景：獅堂家・夕		
背景：獅堂家・夜		
背景：繁華街		
背景：繁華街・夕		
背景：繁華街・夜		
背景：路地裏		
背景：路地裏・夕		
背景：路地裏・夜		
背景：ゲームセンター		
背景：駅前		
背景：駅前・夕		
背景：駅前・夜		
背景：ショッピングモール		
背景：ショッピングモール・破壊・夕		
背景：刀剣ショップ		
背景：公園		
背景：公園・夕		
背景：公園・夜		
背景：埠頭		
背景：埠頭・夜		
背景：埠頭・天命・夜		
背景：倉庫		
背景：倉庫・夜		
背景：倉庫・炎上・夜		
背景：職員室		
背景：自習室		
背景：自習室・夕		
背景：工場入り口		
背景：廃棄処理場		
背景：体育倉庫		
背景：映画館		
背景：シアター内		
背景：シアター内・ザクロ		
背景：カフェ		
背景：ホテル街・夕		
背景：獅堂家台所		
背景：トイレ		
背景：トイレ個室		
背景：屋上空		
背景：屋上空・夕		
背景：屋上空・夜		
背景：水族館前		
背景：水族館チケット売り場		
背景：海底トンネル		
背景：水族館		
背景：水族館レストラン		
背景：ホテルの部屋		
背景：五月雨家		
背景：五月雨家・夕		
背景：五月雨家室内		
背景：五月雨家室内・夕		
背景：ビル屋上・夜		
背景：ビル屋上破壊・夜		
背景：仏壇		
背景：汎用BG		
背景：病室・夕		
背景：空		
背景：夕空		
背景：夜空		
背景：オフィス・天井		
背景：風紀委員本部		
背景：風紀委員本部・夕		
背景：明石組事務所		
背景：カフェテラス		
背景：プール		
背景：警察署前		
背景：警察署前・夜		
背景：警察署廊下		
背景：特務隊本部		
背景：特務隊本部・夜		
背景：道路・夜		
背景：執務室・夜		
背景：帝国重工本社・廊下		
背景：帝国重工本社・上層階・夜		
背景：帝国重工本社前・夜		
背景：帝国重工本社・エントランス・夜		
背景：帝国重工本社裏道路・夕		
背景：帝国重工本社裏道路・夜		
背景：病院前・夕		
背景：海岸・昼		
背景：繁華街路上		
背景：繁華街路上・夕		
背景：ラーメン屋		
背景：バー		
背景：公園前・夕		
背景：公園湖・夕		
背景：公園湖・夜		
背景：公園噴水前・夕		
背景：手術室		
背景：サーバールーム		
背景：埠頭・壁・夜		
背景：屋内プール		
背景：都市道路		
背景：橋		
背景：サマーランド前		
背景：更衣室		
背景：旅館部屋		
背景：旅館部屋・夜		
背景：旅館風呂前		
背景：露天風呂		
背景：サマーランド中庭・夜		
背景：サマーランド中庭・近・夜		
背景：生徒会室・天井		
背景：科学室・居間		
背景：瓦礫・部屋		
背景：カードショップ		
背景：メイド喫茶		
背景：アングラショップ		
背景：警部室		
背景：警部室・夜		
背景：ノヴァの部屋		
背景：ノヴァ自室		
背景：生体工学研究所外観・夜		
背景：生体工学研究所・廊下		
背景：生体工学研究所・E棟		
背景：生体工学研究所・実験室		
背景：ノエルの部屋		
背景：生体工学研究所・庭園		
背景：夜空・満月		
背景：廃棄処理場・B区画		
背景：廃棄処理場・廊下		
背景：廃棄処理場・中央制御室		
背景：洗脳装置カプセル		
背景：廃墟・夜		
背景：森		
背景：森・夜		
背景：森の湖・夜		
背景：過去のユートの部屋		
背景：渓谷道		
背景：ホテル・ロビー		
背景：ホテル・室内・夜		
背景：ホテル・廊下		
イベントCG：ノヴァ登場		
イベントCG：トラック		
イベントCG：魂魄接続空間		
イベントCG：ノヴァ、剣構え		
すべて		
イベントCG：ミナト、殴り		
イベントCG：ミナト、登場a		
イベントCG：ミナト、バット		
イベントCG：ミナト、バットb		
イベントCG：ミナト、背を向けるa		
イベントCG：ミナト、背を向けるb		
イベントCG：ミナト、背を向けるc		
イベントCG：ミナト、背を向けるe		
イベントCG：ミナト、背を向けるd		
イベントCG：ミナト、バッティング構え		
イベントCG：ミナト、バッティング		
イベントCG：サツキ、ピッチング構え		
イベントCG：サツキ、ピッチング		
イベントCG：ミナト、蹴り		
イベントCG：ミナト、体操服		
イベントCG：ミナト、体操服2		
イベントCG：ミナト、教室、拘束		
イベントCG：ミナト、教室、拘束2		
イベントCG：ミナト、教室、拘束3		
イベントCG：ミナト、教室、拘束4		
イベントCG：ミナト、笑顔a		
イベントCG：ミナト、教室、学食、告白		
イベントCG：ミナト、教室、学食、告白2		
イベントCG：ユリヒメJK		
イベントCG：ミナト、スロット打つa		
イベントCG：ミナト、スロット打つa2		
イベントCG：ミナト、スロット打つa3		
イベントCG：ミナト、スロット打つb		
イベントCG：ミナト、スロット打つb2		
イベントCG：ミナト、スロット打つb3		
イベントCG：ミナト、やる気a		
イベントCG：ミナト、やる気a2		
イベントCG：ミナト、やる気b		
イベントCG：ミナト、やる気b2		
イベントCG：ミナト、やる気b3		
イベントCG：ミナト、やる気d		
イベントCG：ミナト、やる気d2		
イベントCG：ミナト、登場b		
イベントCG：ミナト、登場b2		
イベントCG：ミナト、登場b3		
イベントCG：ミナト、笑顔b		
イベントCG：ミナト、笑顔b2		
イベントCG：ミナト、笑顔c		
イベントCG：ミナト、刀構え		
イベントCG：ミナト、居眠り		
イベントCG：ミナト、居眠り2		
イベントCG：ミナト、居眠り3		
イベントCG：ミナト、子供		
イベントCG：ミナト、子供2		
イベントCG：ミナト、子供3		
イベントCG：ステラ別れ_カナデ		
イベントCG：ステラ別れ_カナデ2		
イベントCG：ミナト、魔力解放		
イベントCG：ミナト、魔力解放2		
イベントCG：ミナト、パイタッチ		
イベントCG：ミナト、膝枕		
イベントCG：ミナト、膝枕2		
イベントCG：ミナト、膝枕3		
イベントCG：ミナト、やる気c		
イベントCG：ミナト、やる気c2		
イベントCG：ミナト、やる気c3		
イベントCG：ミナト、やる気c4		
イベントCG：ミナト、やる気c5		
イベントCG：ミナト、やる気e		
イベントCG：ミナト、やる気e2		
イベントCG：ミナト、やる気e3		
イベントCG：ミナト、やる気e4		
イベントCG：ミナト、やる気f		
イベントCG：ミナト、やる気f2		
イベントCG：ミナト、手を差し出すa		
イベントCG：ミナト、手を差し出すa2		
イベントCG：ミナト、手を差し出すa3		
イベントCG：ミナト、手を差し出すb		
イベントCG：ミナト、手を差し出すb2		
イベントCG：ミナト、手を差し出すb3		
イベントCG：ミナト、手を差し出すc		
イベントCG：ミナト、手を差し出すc2		
イベントCG：ミナト、手を差し出すc3		
イベントCG：ミナト、体育座り		
イベントCG：ミナト、体育座り2		
イベントCG：ミナト、体育座り3		
イベントCG：ミナト、体育座り4		
イベントCG：ミナト、体育座り5		
イベントCG：ミナト、体育座り6		
イベントCG：ミナト、体育座り7		
イベントCG：ミナト、体育座り8		
イベントCG：ミナト、サツキ壁ドン		
イベントCG：ミナト、サツキ膝枕		
イベントCG：ミナト、サツキ膝枕2		
イベントCG：ミナト、サツキ膝枕3		
イベントCG：サツキ、手差し出す		
イベントCG：サツキ、プレゼント		
イベントCG：サツキ、プレゼント2		
イベントCG：ミナト、ベッド添い寝		
イベントCG：ミナト、ベッド添い寝2		
イベントCG：ミナト、ベッド添い寝3		
イベントCG：ミナト、ベッド添い寝4		
イベントCG：ミナト、抱きしめa		
イベントCG：ミナト、抱きしめｂ		
イベントCG：ミナト、抱きしめｃ		
イベントCG：ミナト、抱きしめ		
イベントCG：ミナト、抱きしめ2		
イベントCG：サツキ、憎悪		
イベントCG：サツキ、憎悪2		
イベントCG：サツキ、憎悪3		
イベントCG：サツキ、憎悪4		
イベントCG：サツキ、刀構え		
イベントCG：サツキ、刀構え2		
イベントCG：サツキ、刀構え２		
イベントCG：サツキ、居合構え		
イベントCG：ユート、剣構え		
イベントCG：ユート、剣構え2		
イベントCG：ミナト、魂魄接続.		
イベントCG：サツキ、魂魄接続		
イベントCG：ノヴァ、魂魄接続		
イベントCG：ユート、魂魄接続		
イベントCG：サツキ、ユート突き刺し		
イベントCG：ミナト、鎖拘束		
イベントCG：ミナト、鎖拘束2		
イベントCG：ミナト、鎖拘束3		
イベントCG：ミナト、鎖拘束4		
イベントCG：ミナト、鎖拘束5		
イベントCG：ミナト、鎖拘束6		
イベントCG：ミナト、鎖拘束7		
イベントCG：サツキ、抱きつき		
イベントCG：サツキ、抱きつき2		
イベントCG：サツキ、抱きつき3		
イベントCG：サツキ、キス		
イベントCG：サツキ、キス2		
イベントCG：ミナト、キス		
イベントCG：ミナト、手差し出し		
イベントCG：オートマタ、襲撃		
イベントCG：ガラハド、射撃		
イベントCG：ガラハド、ブレード		
イベントCG：ドローン		
イベントCG：ガラハド、ナックル		
イベントCG：ギャルゲパッケージ		
イベントCG：村雨		
イベントCG：スマホ		
イベントCG：むらさめ丸		
イベントCG：むらさめ丸帰還		
イベントCG：カグヤ、刀構え		
イベントCG：カグヤ、嘲笑		
イベントCG：ミナト、水着登場		
イベントCG：ミナト、水着登場2		
イベントCG：ミナト、水着登場3		
イベントCG：ミナト、水着登場4		
イベントCG：ミナト、水着登場5		
イベントCG：サツキ、水着登場		
イベントCG：サツキ、水着オイル		
イベントCG：ミナト、水着オイル		
イベントCG：ミナト、水着オイル2		
イベントCG：ミナト、水着オイル3		
イベントCG：ミナト、水着オイル4		
イベントCG：ミナト、水着浮き輪		
イベントCG：ミナト、水着浮き輪2		
イベントCG：ミナト、水着ナンパ		
イベントCG：ミナト、水着ナンパ2		
イベントCG：ミナト、水着ナンパ3		
イベントCG：ミナト、水着ナンパ4		
イベントCG：ミナト、サツキ水かけ		
イベントCG：ミナト、サツキ水着はしゃぎ		
イベントCG：カナデ、入浴		
イベントCG：カナデ、入浴2		
イベントCG：カナデ、入浴3		
イベントCG：カナデ、入浴4		
イベントCG：カナデ、登場		
イベントCG：カナデ、登場2		
イベントCG：サツキ、入浴		
イベントCG：カナデ、浴衣		
イベントCG：アメリア、明石対峙		
イベントCG：警察手帳a		
イベントCG：警察手帳b		
イベントCG：警察手帳c		
イベントCG：警察手帳d		
イベントCG：警察手帳e		
イベントCG：警察手帳f		
イベントCG：警察手帳g		
イベントCG：アメリア、登場a		
イベントCG：アメリア、登場b		
イベントCG：アメリア、登場c		
イベントCG：アメリア、登場d		
イベントCG：アメリア、登場e		
イベントCG：アメリア、盾構えa		
イベントCG：アメリア、盾構えb		
イベントCG：アメリア、盾構えc		
イベントCG：アメリア、シールドバッシュa		
イベントCG：アメリア、シールドバッシュb		
イベントCG：アメリア、シールドバッシュc		
イベントCG：アメリア、イージスa		
イベントCG：アメリア、イージスa2		
イベントCG：アメリア、イージスb		
イベントCG：アメリア、照れa		
イベントCG：アメリア、照れ２a		
イベントCG：アメリア、手繋ぎa		
イベントCG：アメリア、手繋ぎb		
イベントCG：明石、バイクa		
イベントCG：明石、バイクb		
イベントCG：明石、バイクc		
イベントCG：明石、バイクd		
イベントCG：ミナト、ぬいぐるみ		
イベントCG：ミナト、ぬいぐるみb		
イベントCG：ミナト、ぬいぐるみc		
イベントCG：アメリア、ぬいぐるみa		
イベントCG：アメリア、ぬいぐるみb		
イベントCG：アメリア、悲しみ		
イベントCG：ユリヒメ、捕まる		
イベントCG：アメリア、サツキ誘惑		
イベントCG：アメリア、指示だしa		
イベントCG：アメリア、指示だしb		
イベントCG：アメリア、指示だしc		
イベントCG：アメリア、訴えa		
イベントCG：アメリア、訴えb		
イベントCG：アメリア、ピッチング構え		
イベントCG：アメリア、ピッチング		
イベントCG：アメリア、絶望		
イベントCG：明石、勧誘a		
イベントCG：明石、勧誘b		
イベントCG：アメリア、ヤンキーa		
イベントCG：アメリア、ヤンキーb		
イベントCG：アメリア、壁ドン		
イベントCG：アメリア、壁ドン2		
イベントCG：アメリア、壁ドン3		
イベントCG：アメリア、壁ドン4		
イベントCG：アメリア、壁ドン5		
イベントCG：アメリア、壁ドン6		
イベントCG：アメリア、イチャイチャa		
イベントCG：アメリア、イチャイチャa2		
イベントCG：アメリア、イチャイチャb		
イベントCG：アメリア、イチャイチャb2		
イベントCG：アメリア、イチャイチャb3		
イベントCG：ノヴァ、殴り		
イベントCG：風真、刺す		
イベントCG：風真、正体		
イベントCG：アメリア、捕まるa		
イベントCG：アメリア、捕まるb		
イベントCG：明石、落下		
イベントCG：ノヴァ、飛行		
イベントCG：アメリア、天命の聖域		
イベントCG：アメリア、天命の聖域2		
イベントCG：明石、決着		
イベントCG：アメリア、抱きしめa		
イベントCG：アメリア、抱きしめb		
イベントCG：アメリア、抱きしめb2		
イベントCG：アメリア、聖皇騎士やられ		
イベントCG：風真、別れ		
イベントCG：アメリア、音ゲー		
イベントCG：ユリヒメ、バーテン		
イベントCG：アメリア、キス		
イベントCG：アメリア、笑顔		
イベントCG：アメリア、ミナト対峙		
イベントCG：カグヤ、決意		
イベントCG：ユリヒメ、剣構え		
イベントCG：アメリア、魂魄接続		
イベントCG：イスズ、銃構え		
イベントCG：ユート、殴り		
イベントCG：ユート、蹴り		
イベントCG：明石、殴る		
イベントCG：明石、蹴り		
イベントCG：明石、刀構え		
イベントCG：明石、刀構え２		
イベントCG：風真、刀構えa		
イベントCG：風真、刀構えb		
イベントCG：風真、刀振る		
イベントCG：風真、刀振る2		
イベントCG：明石、鍔迫り合い		
イベントCG：風真、訴え		
イベントCG：イージス展開		
イベントCG：ソルジャー、射撃		
イベントCG：ソルジャー、射撃・反転		
イベントCG：バリスタ、射撃		
イベントCG：バリスタ、射撃・反転		
イベントCG：バリスタ、ミサイル		
イベントCG：バリスタ、チャージ		
イベントCG：バリスタ、ビーム発射		
イベントCG：バリスタ、ミサイル飛来		
イベントCG：バリスタ、ミサイル飛来・反転		
イベントCG：バリスタ、突き刺し		
イベントCG：野球、ストレート		
イベントCG：野球、カーブ		
イベントCG：野球、カミソリカーブ		
イベントCG：明石、サーチ		
イベントCG：明石、サーチ２		
イベントCG：かまいたち		
イベントCG：かまいたち２		
イベントCG：バリスタ、ミサイル突き刺し		
イベントCG：エミリア、微笑み		
イベントCG：ユリヒメ、手差し出しa		
イベントCG：ユリヒメ、手差し出しb		
イベントCG：アメリア、わくわくa		
イベントCG：アメリア、わくわくa2		
イベントCG：アメリア、わくわくa3		
イベントCG：アメリア、わくわくa4		
イベントCG：アメリア、わくわくa5		
イベントCG：アメリア、わくわくb		
イベントCG：アメリア、わくわくb2		
イベントCG：アメリア、わくわくb3		
イベントCG：アメリア、わくわくb4		
イベントCG：アメリア、わくわくb5		
イベントCG：アメリア、わくわくb6		
イベントCG：アメリア、わくわくc		
イベントCG：アメリア、わくわくc2		
イベントCG：アメリア、わくわくc3		
イベントCG：アメリア、わくわくc4		
イベントCG：アメリア、わくわくc5		
イベントCG：アメリア、わくわくc6		
イベントCG：アメリア、わくわくd		
イベントCG：アメリア、わくわくd2		
イベントCG：アメリア、わくわくd3		
イベントCG：アメリア、わくわくd4		
イベントCG：アメリア、わくわくe		
イベントCG：アメリア、わくわくg		
イベントCG：アメリア、わくわくg2		
イベントCG：アメリア、微笑みa		
イベントCG：アメリア、微笑みb		
イベントCG：アメリア、微笑みb2		
イベントCG：サツキ、刀構え_3		
イベントCG：サツキ、刀構え_4		
イベントCG：ミナト、拳構え		
イベントCG：かまいたち・反転		
イベントCG：警察手帳h		
イベントCG：顔掴む2		
イベントCG：ユリヒメ登場		
イベントCG：ユリヒメ登場b		
イベントCG：ユリヒメ登場c		
イベントCG：ユリヒメ、天道胸倉掴む		
イベントCG：天道、胸倉掴まれる		
イベントCG：科学者、手術室_１		
イベントCG：ユリヒメ、幼少_１		
イベントCG：ユリヒメ、幼少_２		
イベントCG：ユリヒメ、絶望		
イベントCG：ユリヒメ、絶望b		
イベントCG：ユリヒメ、おんぶ		
イベントCG：ユリヒメ、おんぶb		
イベントCG：ユリヒメ、取り乱す		
イベントCG：ユリヒメ、バッティング構え		
イベントCG：ユリヒメ、バッティング構えb		
イベントCG：ユリヒメ、バッティング		
イベントCG：ユリヒメ、バッティングb		
イベントCG：ユリヒメ、セーラー服着用		
イベントCG：ユリヒメ、セーラー服着用b		
イベントCG：ユリヒメ、セーラー服着用c		
イベントCG：ユリヒメ、セーラー服着用d		
イベントCG：ユリヒメ、バイク		
イベントCG：ユリヒメ、バイクb		
イベントCG：ユリヒメ、バイク_2		
イベントCG：ユリヒメ、バイク_2_2		
イベントCG：ユリヒメ、バイク_2_3		
イベントCG：ユリヒメ、バイク_2_4		
イベントCG：ユリヒメ、心折れる		
イベントCG：ノヴァ、影山観戦		
イベントCG：ノヴァ、シスター		
イベントCG：ノヴァ、シスターb		
イベントCG：ジュリ、剣構え		
イベントCG：ジュリ、倒れる		
イベントCG：ジュリ、倒れるb		
イベントCG：ジュリ、倒れるc		
イベントCG：ユリヒメ、絶叫		
イベントCG：ユリヒメ、こめかみ抑える		
イベントCG：ユリヒメ、こめかみ抑えるb		
イベントCG：ユリヒメ、こめかみ抑えるc		
イベントCG：ユリヒメ、こめかみ抑えるd		
イベントCG：ユリヒメ、抱きしめa		
イベントCG：ユリヒメ、抱きしめa_2		
イベントCG：ユリヒメ、抱きしめb		
イベントCG：ユリヒメ、抱きしめc		
イベントCG：ユリヒメ、抱きしめd_2		
イベントCG：ユリヒメ、キス		
イベントCG：ユリヒメ、キスb		
イベントCG：ユリヒメ、朝起こす		
イベントCG：ユリヒメ、朝起こす_2		
イベントCG：ユリヒメ、朝起こす_3		
イベントCG：ユリヒメ、涙目		
イベントCG：ユリヒメ、涙目b		
イベントCG：ユリヒメ、涙目c		
イベントCG：ユリヒメ、セーラー服、萌えきゅん		
イベントCG：ユリヒメ、セーラー服、萌えきゅん_2		
イベントCG：ユリヒメ、体育座り		
イベントCG：ユリヒメ、体育座りb		
イベントCG：ユリヒメ、矢車接近		
イベントCG：ユリヒメ、矢車接近b		
イベントCG：ユリヒメ、拒絶		
イベントCG：ユリヒメ、添い寝		
イベントCG：ユリヒメ、添い寝_2		
イベントCG：ユリヒメ、添い寝_3		
イベントCG：ユリヒメ、添い寝b		
イベントCG：ミナト、負傷		
イベントCG：ミナト、サツキ庇い		
イベントCG：ミナト、サツキ庇いb		
イベントCG：ユリヒメ、串刺し		
イベントCG：ユリヒメ、拘束		
イベントCG：ユリヒメ、天道対峙		
イベントCG：ユリヒメ、寝たふり		
イベントCG：ユリヒメ、泣きながら抱き着く		
イベントCG：ユリヒメ、微笑み		
イベントCG：ユリヒメ、微笑み_2		
イベントCG：天道、笑み		
イベントCG：天道、笑みb		
イベントCG：天道、振り向き笑い		
イベントCG：天道、振り向き笑いb		
イベントCG：天道、嘲笑		
イベントCG：天道、嘲笑b		
イベントCG：カグヤ、刀向ける		
イベントCG：カグヤ、刀向けるb		
イベントCG：ユリヒメ、刀駆け出し		
イベントCG：ユリヒメ、刀駆け出しb		
イベントCG：ユリヒメ、刀駆け出しc		
イベントCG：ユリヒメ、刀構え2		
イベントCG：ユリヒメ、刀構え2b		
イベントCG：ユリヒメ、刀構え2c		
イベントCG：ユリヒメ、刀構え3		
イベントCG：ユリヒメ、刀構え3b		
イベントCG：ユリヒメ、刀構え3c		
イベントCG：ユリヒメ、刀構え3・反転		
イベントCG：ユリヒメ、切り払い		
イベントCG：ユリヒメ、切り払いb		
イベントCG：ユリヒメ、切り払いc		
イベントCG：ユリヒメ、切り払いd		
イベントCG：ユリヒメ、居合の構え		
イベントCG：ユリヒメ、居合の構えb		
イベントCG：ユリヒメ、居合の構えc		
イベントCG：ユリヒメ、紅焔解放		
イベントCG：ユリヒメ、紅焔解放b		
イベントCG：ユリヒメ、紅焔解放c		
イベントCG：ユリヒメ、魂魄接続		
イベントCG：ユリヒメ、魂魄接続b		
イベントCG：ユリヒメ、魂魄接続c		
イベントCG：ミナト、ポール振り回し		
イベントCG：ユート、刀構え_3		
イベントCG：ユート、刀構え_4		
イベントCG：ユート、刀構え_5		
イベントCG：ユート、刀突き立て		
イベントCG：矢車、居合構え		
イベントCG：矢車、居合構えb		
イベントCG：矢車、刀駆け出し		
イベントCG：矢車、刀駆け出しb		
イベントCG：矢車、刀構え		
イベントCG：矢車、刀構えb		
イベントCG：矢車、刀構え2		
イベントCG：矢車、刀構え2b		
イベントCG：矢車、刀突き立て		
イベントCG：天道、刀構え		
イベントCG：天道、刀構え2		
イベントCG：ユリヒメ、ユート胸掴み		
イベントCG：カグヤ、抜刀		
イベントCG：刀射出		
イベントCG：刀乱射		
イベントCG：剣射出		
イベントCG：剣乱射		
イベントCG：ヒートウィング		
イベントCG：ヒートウィング・反転		
イベントCG：ヒートウィング乱射		
イベントCG：火炎爆発		
イベントCG：火柱		
イベントCG：ユリヒメ、絶句		
イベントCG：ヒートエクスプロード		
イベントCG：ユリヒメ、嘲笑		
イベントCG：ユリヒメ、嘲笑b		
イベントCG：ユリヒメ、嘲笑c		
イベントCG：ユリヒメ、嘲笑c_2		
イベントCG：ユリヒメ、手繋ぎ		
イベントCG：ユリヒメ、手繋ぎb		
イベントCG：ユリヒメ、手繋ぎc		
イベントCG：ユリヒメ、手繋ぎd		
イベントCG：ユリヒメ、手繋ぎe		
イベントCG：ユリヒメ、手繋ぎf		
イベントCG：ユリヒメ、手繋ぎg		
イベントCG：ユリヒメ、教卓		
イベントCG：ユリヒメ、教卓_2		
イベントCG：ユリヒメ、教卓b		
イベントCG：ユリヒメ、手を振る		
イベントCG：ユリヒメ、抱き着き_2		
イベントCG：ユリヒメ、抱き着き_2_2		
イベントCG：ジュリ、エール		
イベントCG：ジュリ、エールb		
イベントCG：メカユート、サブマシンガン		
イベントCG：メカユート、サブマシンガン・反転		
イベントCG：メカユート、リボルバー		
イベントCG：メカユート、リボルバー・反転		
イベントCG：メカユート、殴り		
イベントCG：メカユート、構え		
イベントCG：メカユート、ダッシュ		
イベントCG：メカユート、ピンチ		
イベントCG：メカユート、刀構え		
イベントCG：メカユート、刀構え2		
イベントCG：メカユート、ブレイズソードバースト		
イベントCG：ノヴァ、指差し		
イベントCG：ノヴァ、指差し2		
イベントCG：ノヴァ、指差し2b		
イベントCG：ノヴァ、攻撃宣言		
イベントCG：ノヴァ、攻撃宣言b		
イベントCG：ノヴァ、攻撃宣言2		
イベントCG：ノヴァ、攻撃宣言2b		
イベントCG：ノヴァ、攻撃宣言2c		
イベントCG：ノヴァ、カード見せ		
イベントCG：ノヴァ、カード見せb		
イベントCG：ノヴァ、カード見せc		
イベントCG：ノヴァ、カード見せd		
イベントCG：ノヴァ、カード見せe		
イベントCG：ノヴァ、カード見せf		
イベントCG：ノヴァ、融合		
イベントCG：ノヴァ、融合b		
イベントCG：ノヴァ、ドロー		
イベントCG：ノヴァ、ドローb		
イベントCG：ノヴァ、ドロー2		
イベントCG：ノヴァ、ドロー2b		
イベントCG：ノヴァ、ドロー2c		
イベントCG：ノヴァ、運命構図		
イベントCG：ノヴァ、運命構図b		
イベントCG：ノヴァ、見下す		
イベントCG：ノヴァ、見下す2		
イベントCG：ノヴァ、見下す3		
イベントCG：ノヴァ、見下すb		
イベントCG：ノヴァ、見下すb3		
イベントCG：ノヴァ、見下すc		
イベントCG：ノヴァ、見下すc3		
イベントCG：ノヴァ、見下すd3		
イベントCG：ノヴァ、見下すe		
イベントCG：ノヴァ、見下すe3		
イベントCG：メカユート、驚愕		
イベントCG：メカユート、落ち込み		
イベントCG：メカユート、落ち込みb		
イベントCG：メカユート、ジャンプ		
イベントCG：ノヴァ、登場		
イベントCG：ノヴァ、実験台		
イベントCG：ノヴァ、探し物		
イベントCG：ノヴァ、マフラー		
イベントCG：ノヴァ、マフラー2		
イベントCG：ノヴァ、起こす		
イベントCG：ノヴァ、ゲーム		
イベントCG：ノヴァ、記憶消去		
イベントCG：ノヴァ、自爆		
イベントCG：ノエル、悲しみ		
イベントCG：ノヴァ、クローバーa		
イベントCG：ノヴァ、クローバーb		
イベントCG：ノヴァ、魔法少女		
イベントCG：ノヴァ、格ゲー		
イベントCG：ノヴァ、メイド		
イベントCG：ノヴァ、配信		
イベントCG：ノヴァ、配信2		
イベントCG：ノヴァ、配信3		
イベントCG：ノヴァ、配信4		
イベントCG：ノヴァ、投球構え		
イベントCG：ノヴァ、投球		
イベントCG：ユート、バッティング構え		
イベントCG：ユート、バッティング		
イベントCG：ノヴァ、手を取る		
イベントCG：ノヴァ、手を取るb		
イベントCG：ノヴァ、手を取るc		
イベントCG：ノヴァ、単独飛行		
イベントCG：メカユート、飛行		
イベントCG：アイゼン、サツキ抱っこ		
イベントCG：アイゼン、サツキ抱っこb		
イベントCG：アイゼン、サツキ抱っこc		
イベントCG：メカユート、テレビ見る		
イベントCG：ザクロちゃん、登場		
イベントCG：影山、脅迫		
イベントCG：影山、脅迫b		
イベントCG：影山、ブック		
イベントCG：フェイリクス、ユリヒメ手を取る		
イベントCG：フェイリクス、ユリヒメ手を取るb		
イベントCG：フェイリクス、ハーレム		
イベントCG：フェイリクス、ハーレムb		
イベントCG：フェイリクス、ユリヒメよしよし		
イベントCG：フェイリクス、ユリヒメよしよしb		
イベントCG：フェイリクス、顔面破損		
イベントCG：メカユート、怒り		
イベントCG：ノヴァ、抱きつき		
イベントCG：ノヴァ、キス		
イベントCG：ノヴァ、笑顔		
イベントCG：ノヴァ、笑顔2		
イベントCG：ノヴァ、砲撃		
イベントCG：ノヴァ、ソード		
イベントCG：ノヴァ、ソードb		
イベントCG：NOVAシリーズ、射撃		
イベントCG：ノヴァ、ショット		
イベントCG：NOVAシリーズ、出撃		
イベントCG：アイゼン、剣構え		
イベントCG：アイゼン、剣を振る		
イベントCG：アイゼン、突撃		
イベントCG：カグツチ、剣構え		
イベントCG：アルバトロス、飛行		
イベントCG：アルバトロス、射撃		
イベントCG：ユート、ブレイズソードバースト		
イベントCG：ユート、ブレイズソードバーストb		
イベントCG：影山、魔法発動		
イベントCG：影山、魔法発動b		
イベントCG：メカユート、ロケットパンチ		
イベントCG：メカユート、頭飛ぶ		
イベントCG：花咲、倒れる		
イベントCG：ガラハド、ブーステッドナックル		
イベントCG：ガラハド、ブーステッドナックル・反転		
イベントCG：ノヴァ、敬礼a		
イベントCG：ノヴァ、敬礼b		
イベントCG：ノヴァ、敬礼c		
イベントCG：ノヴァ、敬礼d		
イベントCG：ノヴァ、敬礼e		
イベントCG：ノヴァ、敬礼g		
イベントCG：ノヴァ、敬礼h		
イベントCG：ノヴァ、敬礼i		
イベントCG：ノヴァ、敬礼j		
イベントCG：ノヴァ、敬礼k		
イベントCG：ノヴァ、スパゲティ		
イベントCG：ノヴァ、スパゲティ2		
イベントCG：ノヴァ、スパゲティ3		
イベントCG：ノヴァ、スパゲティ4		
イベントCG：ノヴァ、スパゲティb		
イベントCG：ノヴァ、スパゲティb2		
イベントCG：ノヴァ、スパゲティb3		
イベントCG：ノヴァ、スパゲティb4		
イベントCG：ノヴァ、突撃a		
イベントCG：ノヴァ、突撃b		
イベントCG：ノヴァ、突撃c		
イベントCG：ノヴァ、突撃d		
イベントCG：ノヴァ、飛行形態a		
イベントCG：ノヴァ、飛行形態b		
イベントCG：ノヴァ、抱き合う		
イベントCG：ノヴァ、抱き合うb		
イベントCG：バリスタ、アオリ		
イベントCG：ノヴァ、警察手帳a		
イベントCG：ノヴァ、警察手帳b		
イベントCG：ノヴァ、警察手帳c		
イベントCG：フェイリクス_瀕死		
イベントCG：クサナギ登場		
イベントCG：ノエル、回想		
イベントCG：コンテナ		
イベントCG：ノヴァ、回想		
イベントCG：科学者、手術室_２		
イベントCG：ノヴァ、浮遊		
イベントCG：ノヴァ、浮遊b		
イベントCG：ノヴァ、砲撃発射		
イベントCG：カグヤ、焦燥		
イベントCG：フェイリクス、暴走		
イベントCG：ダイヤモンドスピア		
イベントCG：アースストレイン		
イベントCG：スパークブラスター		
イベントCG：ノヴァ、プレゼント		
イベントCG：ノヴァ、プレゼント2		
イベントCG：ノヴァ、プレゼント3		
イベントCG：ザクロちゃん、パケ絵		
イベントCG：ノヴァ、墜落		
イベントCG：ノヴァ、墜落b		
イベントCG：カンタダ、殴り		
イベントCG：カンタダ、殴り・反転		
イベントCG：剣魔登場		
イベントCG：村雨・サツキ登場		
イベントCG：村雨・ユリヒメ倒れる		
スプライト：カード00		
スプライト：カード01		
スプライト：カード02		
スプライト：カード03		
スプライト：カード04		
スプライト：カード05		
スプライト：カード06		
スプライト：カード07		
スプライト：カード08		
スプライト：カード09		
スプライト：カード10		
スプライト：カード11		
スプライト：カード12		
スプライト：カード13		
スプライト：カード14		
スプライト：カード15		
スプライト：カード15b		
スプライト：カード15c		
スプライト：カード16		
スプライト：カード17		
スプライト：カード18		
スプライト：カード19		
スプライト：カード20		
スプライト：カード21		
スプライト：カード22		
スプライト：カード23		
スプライト：カード24		
スプライト：カード25		
スプライト：カード26		
スプライト：カード27		
スプライト：カード28		
スプライト：カード29		
スプライト：カード30		
スプライト：カード31		
スプライト：Chapter01		
スプライト：Chapter02		
スプライト：Chapter03		
スプライト：Chapter04		
スプライト：Chapter05		
スプライト：Chapter06		
キャラ中央		
キャラ左		
キャラ右		
キャラ左2		
キャラ右2		
キャラ右優先		
キャラ右2優先		
キャラ左3		
キャラ右3		
キャラ左4		
キャラ右4		
キャラ左2優先		
キャラ中央_奥		
パーティクル		
エフェクト		
エフェクト奥		
キャラ右画面外		
スプライト左		
スプライト右		
スプライト中央		
キャラ左上		
キャラ左優先		
なりきりhabits / （OP）		
疾走感のあるラブソング		
七つ夜空の願いごと / （ED）		
エッジの効いたお洒落なファンクロック		
プレッシャー		
緊迫・緊張感・迷い・不信感		
スーパーピンチ		
金管メインの暴力的な曲		
夕焼け空に思いを馳せて		
夕焼けのような、じんわりと切ない曲		
切なさ炸裂		
回想シーンや儚さを表すピアノソロ楽曲		
放課後のんびりクラブ		
楽しげなギターサウンド		
バトルオブ勝負		
ギター+4つ打ちのループ曲です。		
ウィンドウショッピング		
軽快なリズムが特徴の日常的なポップス		
イマジネーション		
バトル系の緊張感のあるデジタル・ロック		
君と歩く通学路		
汎用性のある日常系BGM		
ジャッジメントアイズ		
冷酷ホラーBGM		
オペレーションルーム		
無機質でアングラな雰囲気のBGM		
コンフリクト		
賑やかでスピード感のある曲		
物悲しい・美しい/ゲーム系BGM/M2		
学園アイドル		
アイドルソング風キラキラポップ4つ打ちa		
スターライト・ラブ		
星空の下で恋人とのキスシーンに生ギター♡		
気が付けば夕暮れ		
切なく悲しい日本テイストなアコギバラード		
ファンキーモンキーベイベー		
明るく軽快なギターファンキーダンスポップ		
ザ・ティーチャー		
お洒落・ミステリアス・落ち着きあるBGM		
感傷のロマネコンティ		
悲しい　切ない　儚い　感動的		
エレガントカフェテリア		
ドリームポップで晴れやかカフェジャズ		
ファンタジスタ		
ポップでアバンギャルドなファンクBGM		
シティボーイ		
風を感じる爽やかなアコースティックギター		
一騎打ち		
サムライの一騎打ちをイメージした和風曲		
ノヴァのテーマ		
サツキのテーマ		
琴の音色が日本風なポップス		
アメリアのテーマ		
キラキラサウンドの可愛いBGM		
ミナトのテーマ		
生演奏バイオリン！爽やかなポップロック		
ドタバタラブコメディ		
バラエティに！アップテンポで愉快なスカ		
サムライの一騎打ちをイメージした和風曲_cut		
真剣勝負		
戦へ赴くサムライを表現した和風バトル曲		
爽やかなバンド楽曲		
雅な雰囲気の日本的な曲[Full]		
インポスター		
潜入捜査、侵入、ドラマ、映画などの		
蜃気楼		
シンセパッドと鐘の音の静かな不気味ホラー		
フィアードライブ		
不安や恐怖心が膨らむようなホラー		
ユリヒメのテーマ		
洗練されたお洒落な大人ジャズピアノ		
【ドアノブを激しくガチャガチャ】開かない		
吹っ飛ばすような打撃音『ビシィッ！』		
『倒れる音/ドシャアッ！』キャラクター…		
金属系インパクト音です。ファンタジー系…		
放電1 (ビリビリビリ…バシューンバリ…		
放電2 （キュイーン…バシューンゴロゴ…		
携帯用バイブ音源大きい音		
シャキーン（剣を抜くときの音）		
【チーン03-1】		
アニメにありそうなミサイルの発射音		
【掴む01-3】		
【チャイム　学校02-03】		
金属　衝撃音		
ジャンプの着地（スタッ）		
マシンガン（ドドドド）		
携帯電話のバイブレーション		
普通乗用車通過		
ほうきで掃く（サッサッ）		
掃除用具ロッカーを開ける		
カードを扇状に広げる		
ドアをドンドン叩く		
衣擦れ		
カードを配る		
黒板にチョークで字を書く		
場面 風		
場面 車のドア		
ボーナス、当たり、リーチ的ジングル		
飛行機のシートベルトサイン音		
【いわゆるパンチ音】デシ系/デュクシ系		
ピンポーン(チャイム、インターホン)		
【雷魔法・落雷】ピシャォオン		
爆発/落雷から電気が迸るイメージの音		
ガサッ(紙袋、探す、短め)		
衝撃、爆発音、粉砕		
ドアを開ける音(エフェクト無し)		
カードをめくる、裏返す音。		
きゅっきゅっ(お皿をこする)		
カキーン！刀/抜刀/斬撃/剣戟に最適01		
剣や刀の剣戟/抜刀/斬撃に最適な効果音！		
弁当箱を開ける		
教室の戸を開ける		
シャキーン！剣や刀の抜刀/斬撃/惨殺02		
ヘリコプター飛行中（機外）		
剣の戦い（剣戟）		
ギリギリと首を絞める効果音		
【本02-1(めくる)】		
過去を思い出す、フラッシュバックシーンに		
停止音（スロット）		
タタタタ(走る音、逃走音)		
眼鏡を上げる。かける、外す、触る		
鎖鎌の鎖がジャリッ		
ピューンと放り投げる（遠くまで飛ぶ）		
木のドアを閉める（普通に閉める）		
パリーンというガラスの破壊音		
プニッと指先でつつく01		
拍手（ステレオ/ライブ/コンサート）07		
カキーン！（刀や剣のインパクト等） 01		
指パッチン(フィンガースナップE)生音2		
バシッ（殴ったようなツッコミ・打撃音）		
剣『ガキーン！』		
ガチャッ残響音　金属音　ドアノブ		
ドサッ（落下や倒れる衝撃音）07		
ガシャン：自販機の商品が出る		
地震！　「ガタガタ」、建築、物音		
ボタンを４回押して解錠する電子キーの音		
柔らかいもの(揺れ触る等)ポヨン		
コッキング音 03		
爆発『ズドーン！！』_01		
布団をめくる#2		
つんつん・ぱちくり（動作音２回）		
【録音】キーボード入力音		
布団_布団の中でゴソゴソする		
ソファ・布団に倒れ込む4		
[生録音]ゴクゴク飲み込む音04(2回)		
斬撃　大剣　ズシャン		
カジノ小当たりシンボル揃いの払い出し音		
岩が真っ二つに割れる		
電話_受話器から聞こえる呼び出音_02		
バーン（重い鉄扉が閉まる音）		
[生録音]カードをシャッフルする01		
【生録音】布団から飛び起きる音 1		
【生録音】衣擦れ 戦闘 布ノイズ 1		
ガラスに突っ込む音		
デレン (ゲーム機コイン投入)		
放電・スパーク・パルス04		
噴出する水蒸気		
パチンコ、パチスロ、動作音、起動音		
ドドドドドドドドパキーン_2		
紐を結ぶ 服を脱ぐなど(ヒュッ)		
銃撃音_ハンドガン		
剣・刀が当たる音_3		
キラキラ～ 体力を回復させるヒール魔法		
パシッ 将棋さす 駒		
スマホ LINE的な通知音・着信音5		
厚手の紙袋をくしゃくしゃする音①		
ピンポンパンポンピン_(お知らせ)上昇		
ロボットキャラの会話音4		
マシンガンのボルトリリース		
刀を鞘にしまう（パチン）		
狙撃銃をチャッと構える		
パンチで壁を破壊		
ハリセンで叩く(バシッ)		
革椅子に座る音・軋む音1		
キャッチ/捕まえる/ぴょこっ		
斬撃：軽めの斬撃3		
カードを配る音、フォーリー		
バットを振る音		
ぱん！ぱん！ぱん！布団叩き３連発		
カチッ（スイッチON）		
拍手（こじんまり）		
足首がグキッ		
プシュ！プルタブ缶飲料を開ける音		
【爆発】 20 戦争 爆撃 バーンッ！！		
倒れる（ドサッ）		
SF/アラート/ロボット/故障/分析		
受話器を置く 01		
受話器を取る 01		
車　自転車　急ブレーキ　スリップ		
金網フェンスを叩く（x1)		
スロット（当たり）1		
ロボ起動シマス		
キュルルン（乗用車のエンジンをかける音）		
武器や防具を装備する音		
ロボット/メカ/シャットダウン/故障		
ダンボールを置く持つ、触るなど		
紅茶（コーヒー）をテーブルに置く音		
ブンッ（布を振る音）		
長いパトカーのサイレン「ウーウー」		
縄　紐　ロープを引っ張る　握りしめる音		
ロボット/足音/ウィーン/ガシャッ/SF		
ドコォ！アニメ風のインパクト音		
通信エラー① ノイズ		
中世 クロスボウヒットジェネリック01		
ガンコッキング		
時計、カチカチ電気時計カチカチ		
石弓セットクリック		
ハッチバック：車のボンネットとトラ...		
木製キッチンチェア：スライドオンタ...		
薄い金属を叩いたような音		
ロボットの足音、モーター、ウイーンガシャ		
大きな金属 鉄骨 崩れる ぶつかる 事故		
ロボットを強く殴る（重い一撃）		
カキーン、ホームランを打った時		
警告音　サイレン05-05(遅　中)		
足音・スポーツシューズ		
足音・スポーツシューズで走る		
足音・家の廊下（早）		
足音・革靴04		
足音・革靴で走る02		
足音・スポーツシューズで走る_high		
ストップウォッチスタートクリック		
放電2 （キュイーン…バシューンゴロゴ…_Cut		
ピアノの幻想的なジングル・場面転換		
グラスで乾杯		
コイン-ドロップコイン 弾く		
コイン-ドロップコイン 落とす		
地震！　「ガタガタ」、建築、物音 ショート		
バイクが通り過ぎる		
バイクの空ぶかし 01		
バイクの空ぶかし 01　ショート		
歓声・群衆・拍手・ピューピュー系の効果音\n		
水面に大きな物を落とす\n		
トントントン（ドアノック３回）\n		
展開オフィスチェア		
ドドドドドン（ミサイル発射）		
ミサイルまたはロケット：ロケットランチャーとRPGによるWHOOSH FLY		
マホウコウゲキビーム		
ビーム砲 レーザー砲 01		
金属のパイプ落とす音		
海 波 浜辺 海岸 カモメの環境音 21 cut		
ホイッスル　ピッピー！		
ガラッ（駄菓子屋にある古い引き戸の開閉）開く		
焚き火の音		
平常時のロボットボイス		
ロボアニメ風ミサイル発射音		
敵やターゲットを分析、解析する効果音		
シャッター音		
クリーチャー_足音_中型		
炎を纏った刀の強攻撃音		
攻撃　炎属性　ボンメラメラ		
ドガーン（大爆発・衝撃音		
オフィスの電話が鳴る音。（着信音）		
水しぶき脚キック		
水しぶき脚キック_SS		
クイズ出題の音　ジャジャンッ		
クイズ　正解音　ピンポーン×２_５		
レジの音 A [会計・お金・チャリーン]		
ﾌﾟﾛﾛｰｸﾞ:絶対ラブコメ至上主義！		
オープニングムービー		
0-1:殺意の怨念		
1-1:奪われたラブコメ主人公		
1-2:あなたが私のマスターか？		
1-3:反逆の決意		
1-4:突入！敵本拠地！		
1-5:魔法アイドル・ザクロちゃん		
1-6:魔法少女に大切なこと		
1-7:ブーステッドナックル		
1-8:VSガラハド		
1-9:砕かれたダイヤモンドハート		
1-10:D・A・T・E、デートかよ		
1-11:ソード＆ブレイカー		
1-12:決闘者（デュエリスト）		
1-13:お帰りなさいませ。ご主人様。		
1-14:心に響く、贈りもの。		
2-1:ロストオブハーレムラブコメ		
2-2:斑鳩警察・諜報部		
2-3:逮捕しちゃうゾ☆		
2-4:斑鳩警察本部長・真田		
2-5:開幕！PTA保護者会		
2-6:抜き打ち！ユリヒメ検定！		
2-7:突撃！緊急保護者参観！		
2-8:バッドコミュニケーション		
2-9:VSソルジャー		
2-10:勝利への退却		
2-11:反省会、ポストモーテム		
2-12:新居、引っ越し、新生活		
2-13:バーチャルアイドル		
3-1:開幕！ドキドキ同棲生活		
3-2:君の知らない物語		
3-3:配信者は遊びじゃない		
3-4:ノヴァちゃんはメインヒロイン		
3-5:帝国重工生体工学研究所		
3-6:昼下がりのエンカウンター		
3-7:再戦のリベンジデュエル		
3-8:潜入！生体工学研究所		
3-9:ノエル		
3-10:理性と記憶の残滓		
3-11:四葉のクローバー		
3-12:鉄拳！ロケットパンチ！		
3-13:飛翔する翼		
3-14:夜空を駆ける空中戦		
4-1:二律背反のヒロイン達		
4-2:傷つけられたプライド		
4-3:交渉決裂		
4-4:マネーオブパワー		
4-5:作戦参謀・影山		
4-7:伝説の№1メイド		
4-8:ミーちゃん＆アーちゃん		
4-9:ソードファイターズ		
4-10:洗脳装置破壊作戦		
4-11:以心伝心！ツインエンジェル！		
4-12:黒鉄のオートマタ		
4-13:反旗の逆鱗		
4-14:サヨナラノツバサ		
5-1:機巧人形		
5-2:失意の果てに		
5-3:取り戻した日常、失ったモノ		
5-4:強襲		
5-5:魂魄接続！超次元野球！		
5-6:反抗期		
5-7:斑鳩警察 VS NOVAシリーズ		
5-8:ダイレクトアタック		
5-9:私のマスター		
5-10:月光計画		
5-11:VS影山		
5-12:任務完了		
5-13:機巧院ノヴァ		
5-14:帰って来た学園ラブコメ		
5-15:存在しない記憶		
5-16:職場復帰		
5-17:ノヴァとノエル		
5-18:バーテンダー		
5-19:光と闇のヒーロー対決！		
5-20:君だけの魔法アイドル		
5-21:想いを届ける贈りもの。		
5-22:ずっとあなたの傍で		
ｴﾋﾟﾛｰｸﾞ:剣魔竜クサナギ		
ふぇーどいん		
テスト開始		
―――――<ruby=げっか>月下</ruby>に鳴り響く<ruby=けんげき>剣戟</ruby>の音色。		
そこには、剣を構え<ruby=たいじ>対峙</ruby>する二つの影があった。		
学ランの男		
<Character=ユート>怒り		
「観念するんだな。\nお前の<ruby=たくら>企</ruby>みもここまでだ。」		
<Character=ユート>怒り3		
「この一刀で諸悪の根源を断ち切り\n俺はあいつらと共に未来を掴む。」		
和装の女		
<Character=カグヤ>笑み3		
「…<ruby=いさ>勇</ruby>ましいことね。」		
<Character=カグヤ>真顔5		
「けれどその<ruby=せりふ>台詞</ruby>、いい加減聞き飽きたわ。」		
<Character=カグヤ>真顔2		
「あなたはいつもそうやって意気込むけれど\n結局は、この私と<ruby=げっこう>月光</ruby>の前に敗れ去る<ruby=さだめ>運命</ruby>。」		
<Character=カグヤ>真顔		
「過去も未来も確定している。\nそれは<ruby=くつがえ>覆</ruby>すことの叶わない絶対的な法則。\n<ruby=よていちょうわ>予定調和</ruby>と言ってもいい。」		
<Character=カグヤ>笑み5		
「――――だって、そういう風になっているのだから。」		
「<ruby=ごたく>御託</ruby>はいらねぇ。\nこれで<ruby=しま>終</ruby>いだ。」		
男は剣を構えなおし――――		
――――地を蹴るッ！		
一直線に目標に向かって突進し、		
下段に構えた刃を女の首筋目掛けて振り抜いた。		
<Character=ユート><Off>激怒3		
「……がっ……！」		
――――だが、斬られていたのは男の方だった。		
「<ruby=こ>懲</ruby>りないわね。あなた。\nいえ、学習能力が無いと言った方がいいのかしら。」		
「退屈な<ruby=しあい>仕合</ruby>だったけれど大目に見てあげるわ。\n今の私は気分が良いの。」		
<Character=カグヤ>笑み2		
「<ruby=こよい>今宵</ruby>は<ruby=まんげつ>満月</ruby>。　<ruby=ごらん>御覧</ruby>なさい。\n―――月が、綺麗でしょう？」		
<Character=カグヤ>驚き		
「あら。残念。\nもう聞こえてないのね。」		
「さて、くだらない<ruby=ちゃばん>茶番</ruby>は終わりにして\n<ruby=さい>賽</ruby>の<ruby=め>目</ruby>を振り直すとしましょうか。」		
<Character=カグヤ>真顔4		
「―――――<ruby=むげんつくよみ>夢幻月詠</ruby>、発動。」		
「……ート。」		
（声がする。　眠い。）		
「……ユート。」		
（眠い。　まだ寝かせてくれ。）		
「いい加減起きんかッ！\nこの馬鹿者がッ！」		
<Off>叫び2		
「うわあああああああッ！！」		
スーツ姿の女		
<Character=ユリヒメ>怒り2-M		
「ようやくお目覚めか。\n手を掛けさせるな。」		
<Off>悲しみ5		
「あー。　びっくりした。」		
<Off>不満2		
「せっかくの爽やかな朝なんだから、\nもうちょっと優しく起こしてくれてもいんじゃねーの？\nユリ<ruby=ねぇ>姉</ruby>。」		
（この灰色の髪のスーツの姉ちゃんは\n<ruby=かわしま>川島</ruby>ユリヒメ。　俺の<ruby=いとこ>従姉</ruby>だ。\nちなみに俺の通う<ruby=せいおうがくえん>聖皇学園</ruby>の教師でクラス担任でもある。）		
「最初は出来るだけ優しくしてやったぞ。\n一向に起きないから、布団をはがしてやったまでだ。」		
<Off>驚き2		
「どうりで肌寒いわけだ。\n俺、ベッドで寝てたはずなのに、\nフローリングに<ruby=ちんざ>鎮座</ruby>してんじゃん。」		
「そんなことより、早く学園に行く支度をしろ。\nお前は出席日数が危ないんだ。\n今日こそはきちんと登校してもらうぞ。」		
<Off>思案3		
「登校……。」		
<Off>思案4		
「ユリ姉。\n俺、やらなきゃならない用事があるんだ。\nだから学校には行けない。」		
「なに？　それは学園を休んででも、\nお前がやらなければならない。\nお前にしか出来ないことなのか？」		
<Off>真剣		
「ああ。　そうだ。\n子供達との約束を果たす。」		
「ユート、お前…。\n自分の出席日数と引き換えに\n子供達の夢を叶えようと……。」		
<Off>挑発2		
「ああ。　だから俺は\nこれから近所の公園に行って、\n超カッコイイ砂のお城を建設してくるぜ。」		
<Off>挑発5		
「過酷な任務だが止めないでくれ。\nユリ姉。」		
「ふざけるな。　そんなもの休日にやれ。\n近所のガキ共の約束より、\nまずは姉であるこの私の約束を果たせ。」		
<Off>叫び		
「ひ、酷い…！　俺に休日労働をしろというのか！？」		
「子供と遊ぶのを\n仕事にしたければ保育士にでもなるがいい。」		
<Off>怒り6		
「俺に働けっていうのか…！\n絶対嫌だね…！」		
「ならば大人しく学園に行くがいい。\n学生の本分は学業だ。」		
<Off>呆れ2		
「へいへい。　わかりましたよ。\nユリ先生。」		
「さて、私は先に学園へ出勤する。\nお前も支度を済ませて登校しろ。\nいいな？」		
<Off>片目2		
「へーい。\nじゃ、顔洗って来ますかねー。」		
「……まったく。\nせっかく退院出来たというのにあの大怪我以来、\nすっかりやる気を失くしてしまったようだ。」		
「……一体、何があったというのだ。」		
<Off>悲しみ3		
「あー。　日差しが眩しいぜ。」		
ポニーテールの女子		
<Character=サツキ>笑み3		
「久しぶり。\nユートくん、だよね？」		
<Off>驚き		
「あ、えーと…？\n<ruby=だれこ>誰子</ruby>ちゃん……だっけ…？」		
（ポニーテールが特徴的な女の子。\n見た感じ年下……っぽいけど。\nこんな可愛い子知り合いにいたかな？）		
<Character=サツキ>怒り4		
「あー。　やっぱり忘れてるー。\nまぁ会うのは１ヵ月ぶりだし、仕方ないかぁ。」		
<Off>悲しみ		
「あ、もしかして俺が入院する前に会った子か？\n悪い。　俺、大怪我した時、\n頭打ったみたいで前後の記憶曖昧なんだよな。」		
<Character=サツキ>悲しみ2		
「そうだったんだ。\nなんだか大変だったみたいだね。」		
<Off>笑み2		
「ああ、でもそんな気にしなくてもいいぜ。\n記憶の方はまだ戻ってないところあるけど、\n怪我は完治して、この通りピンピンしてる。」		
<Character=サツキ>笑顔3		
「それは良かった。\nじゃあ、改めて自己紹介だね。」		
「私は聖皇学園１年Ａ組\n<ruby=さみだれ>五月雨</ruby>サツキ。　よろしくね。」		
<Off>笑み		
「俺は２年Ｆ組、<ruby=かわしま>川島</ruby>ユート。\nよろしくな。　<ruby=さみだれ>五月雨</ruby>。」		
「私のことはサツキでいいよ。」		
「あ、あぁ。　じゃあサツキ。」		
「うん。」		
「そういえば、サツキって後輩なのに\n結構砕けた話し方だよな？\nそんなに俺と仲良かったのか？」		
「うーん。\n一回だけ会ってお話ししたぐらいかな？」		
「ほぼ他人じゃねぇか。\n思いのほかフレンドリーだから、\n割と付き合いあったのかと思ったぞ。」		
「でも、ユートくんの方から\nタメ口でいいって言ってたよ。」		
「そうなのか。\nちなみにその時、俺とどんな話を？」		
「えーと。　私とユートくんは同じチームに所属していて、\n騎士団とか魔王軍とか悪い人達と戦っていたとかなんとか。\nそれで、ラスボスを倒すのに協力して欲しいって言われた。」		
「…それなんのゲームの話？\n流行ってんの？」		
「さあ？」		
<Off>悲しみ4		
「……新手のナンパじゃねーだろうな。\n過去の俺よ。」		
「最初は何のことかさっぱりだったんだけど、\n嘘を言ってるようには思えなくて、\n何だか一生懸命な感じがしたんだよ。」		
「どうしてもラスボスを、\n倒したかったんじゃないかな？」		
「ふーん。」		
「とうちゃーく。」		
（そんなこんなで\nサツキと他愛も無い話をしながら、\n学園に辿り着いた。）		
（―――――”<ruby=せいおうがくえん>聖皇学園</ruby>”。\nここが俺達が学園だ。）		
女子生徒Ａ		
「サツキ。　おはよー。」		
「あ、吉川さんおはよー。」		
「それじゃね。　ユートくん。」		
「おう。　じゃあここでな。」		
（サツキは友達と挨拶をかわしながら、\n昇降口へと向かっていった。）		
髪の長い女子		
<Character=ミナト>真顔-M		
「五月雨さんと話していたわね。」		
「おわっ！　びっくりしたぁ！」		
<Character=ミナト>怪訝		
「……人の顔見て叫び声を上げるなんて無礼な男ね。」		
「気配消して近づくとかタダ者じゃねぇな。\n戦闘力でもコントロール出来んかよ。」		
<Character=ミナト>怒り4		
「は？　久々に見かけたと思えば、\nまた<ruby=ざれごと>戯言</ruby>を抜かすのね。\nあの時みたいに。」		
「あー…もしかして、\n俺の知り合いか？\n悪い。実は記憶が……。」		
<Character=ミナト>目閉じ		
「知ってるわ。\n頭の打ちどころが悪かったのよね。\nご愁傷様。」		
<Off>思案		
「……一応確認しておくが、\nそれは<ruby=いた>労</ruby>わりの言葉という認識でいいんだよな？」		
「私は２年Ｆ組<ruby=しどう>獅堂</ruby>ミナト。\nこの学園を<ruby=ぎゅうじ>牛耳</ruby>る生徒会長よ。\n今度は忘れないようにその頭に刻みつけておきなさい。」		
「俺の質問は無視かよ。\n……え？なに？\n生徒会長って学園を牛耳るだけの権力あんの？」		
「そんなことより、\n五月雨さんとどういう関係？」		
<Off>真顔		
「五月雨…、あぁサツキか。\nいや、まだ少し話したぐらいの仲だけど。」		
「ふーん。\nその割にはやけに親しそうじゃない。」		
「そう言われましても。」		
「まぁいいわ。　今日のところは見逃してあげる。」		
「何を見逃されたんだ俺は……。」		
金髪ツインテールの女子		
<Character=アメリア>怒り		
「か、川島ユートっ！」		
「今度は誰だ……？」		
「あ、あんた！\n私にあんなことをしておいて、\n一か月も音沙汰無いってどういうことよ！？」		
「え？　俺また何かしちゃいましたか？」		
<Character=アメリア>怒り6・照れ		
「と、とぼけんじゃないわよ…っ！\nし、したじゃない！　か、壁ドン…！」		
「壁ドン……。」		
<Character=アメリア>悲しみ4・照れ		
「わ、私、男の人に壁ドンされたの初めてで…！\nそれでそれで…っ！」		
「すまん。　何のことか覚えてない。」		
<Character=アメリア>怒り5		
「はあ！？」		
男子生徒Ａ		
「委員長。　川島は先日大怪我をした際に\n頭を打っており、記憶の混濁がみられるとのことです。\n委員長のことも忘れている可能性があります。」		
「なんですって！？\nあ、あんた！　じゃああの時、\nこの私に言ったこと忘れたの！？」		
「あ、ああ。　そうみたいだ。」		
<Character=アメリア>怒り6		
「…っ！　…ざけんな。」		
「え？」		
「ふざけんな！　バーカバーカ！\nこっちだってあんたのことなんか、\n忘れてやるわよ！　バーカ！」		
<Off>呆れ		
「えぇ……。」		
「彼女は我が学園の風紀委員長、\n<ruby=たてがみ>盾守</ruby>アメリアだ。」		
「<ruby=たてがみ>盾守</ruby>、ねぇ。」		
「川島ユート。\n君は複数の女性を次から次へと\n口説いた軟派男だと聞いている。」		
「まじかよ。」		
「私はあまり噂を<ruby=うの>鵜呑</ruby>みにするような人間ではないが、\n我々の委員長に手を出す事は絶対に許さん。\n肝に銘じておけ。」		
「……なんだったんだ。」		
男子生徒Ｂ		
「よー。　川島ー！\n退院おめでとー！\n調子はどうだ？」		
「よう。\nまぁ、まだ病み上がりってのもあるが、\nこの通り、怪我は完治したぜ。」		
「頭打ってキオクソーシツなんだって？\nまさか、俺の事は忘れたりしてねーよな？」		
<Off>笑み5		
「覚えてるに決まってんだろう。\n男子生徒Ｂ。」		
「まるで覚えてねーじゃねーか。\nつーか、何でいきなりＢ？\nＡどこいった？」		
<Off>笑顔3		
「はは、覚えてるよ。　<ruby=おかざき>岡崎</ruby>。」		
岡崎		
「ま、そんなボケ返せれば、大丈夫か。\nそれよか、あの噂聞いたか？」		
「噂？」		
「お前が大怪我した事件の事さ。」		
「あれなら、俺が他校の奴らと殴り合いの\n大喧嘩したって事で決着ついただろ。\n……正直覚えてねーけど。」		
「実はあれな。\nお前が学園のアイドルにちょっかい出したのが原因で\n粛清されたって事になってる。」		
<Off>怒り7		
「まじかよ。\nさっきの風紀委員の奴も言ってたが、\n俺が女の子を口説きまわってたのは本当なのか？」		
「ああ。　実際にその現場を見たって奴も何人も居る。\nなんなら口説かれた女の子本人も覚えがあるんじゃないか？」		
<Off>思案2		
「……ああ。\nそういや向こうも、\nガッツリ覚えてる風だったな。」		
「学園のアイドルに覚えてもらえるなんて、\n光栄な事じゃねーか。」		
「けど、正直その時の事覚えてねーし、\nむしろ俺にとっては初対面なんだよなぁ。\n変な話だけど。」		
「なら、\nお前が先月口説いてた学園のアイドル５人を\nちょっくら紹介してやるぜ。」		
「５人も居んのかよ…。」		
「まずはエントリー№１！\n１年Ａ組　<ruby=さみだれ>五月雨</ruby>サツキ！」		
「あ、エントリー方式なんだ。」		
「ポニーテールが特徴の\n優しくて元気いっぱい幼馴染系後輩キャラだ！」		
「意外とドジで天然なところもポイントが高く、\n同級生のみならず、上級生からも人気の優良株！」		
「エントリー№２！\n２年Ｆ組　<ruby=しどう>獅堂</ruby>ミナト！」		
「ご存じ我が学園の生徒会長にして、\n学園一の才女とも言われ、\n誰もその笑顔見たことが無いと名高い冷酷無比系美少女！」		
「その凍り付くような冷淡さが人気の秘訣で、\n<ruby=ののし>罵</ruby>られたい系男子だけでなく、そのクールさに\n女子からの人気も高い圧倒的支持率！」		
「<ruby=ののし>罵</ruby>られたい系男子って、\nそれ何ジャンルなの？」		
「エントリー№３！\n２年Ｆ組　<ruby=たてがみ>盾守</ruby>アメリア！」		
「<ruby=きんぱつへきがん>金髪碧眼</ruby>ツインテールという、\n人気鉄板の容姿を兼ね備えた美少女にして、\n学園の風紀を取り締まる風紀委員長！」		
「常にプンスカ怒ってるが、\n時折見せるデレっぷりが男心を虜にする、\nテンプレのようなツンデレが大人気だ！」		
「何で常に怒ってんだよ…。\n何がそんなに気に入らないのか。」		
「エントリー№４！\n１年Ａ組　<ruby=きこういん>機巧院</ruby>ノヴァ！」		
「ちっこくて可愛い幼児体型ボディーの\n小悪魔系ロリっ子美少女に\n学園のロリコン共はもうメロメロ！」		
「一体何人の男が彼女の<ruby=てご>手籠</ruby>めにされ、\n金銭を巻き上げられたから数知れず。\n恐ろしい魅力と人気を兼ね備えた実力派！」		
「あれ。こいつは知らないな。」		
「そして最後を飾るのは！\nエントリー№５！\n２年Ｆ組クラス担任　<ruby=かわしま>川島</ruby>ユリヒメ！」		
「俺、ユリ<ruby=ねぇ>姉</ruby>も口説いてたの！？」		
「我がクラスの担任は知っての通り、\nそこの軟派野郎川島ユートの実の従姉！」		
「軟派野郎は余計だ。」		
「学園の教師の中でも№１の人気を誇り、\n厳しくも優しい熱血指導っぷりに、\n数多の不良が自ら懇願しながら更生したという伝説を残す！」		
「さすがユリ姉…っ！」		
「更にその親しみやすさから、\nユリ先生と呼ばれ生徒たちのハートを鷲掴み！\n男子は勿論、女子からも絶大な人気を誇るユリヒメ女史！」		
<Off>挑発4		
「ユリ姉凄い…っ！」		
「まさに学園一のアイドルは、\nユリ先生で決まりかーーーーー！？」		
<Off>叫び3		
「うおおおおーーーーっ！\nユリ姉ーーーーーーっ！！\n好きだぁああーーーーーーーーーーっ！！」		
「痛いっ！」		
「お前ら。　何を馬鹿話をしている。」		
「げ。ユリ先生。」		
<Off>激怒3		
「馬鹿話なんかじゃねぇっ！\n俺達はユリ姉の素晴らしさについて、\n語り合っていただけだ！」		
「だからそれを馬鹿話というんだ。\nくだらない事を言ってないで早く席に着け。\nホームルームを始めるぞ。」		
「やれやれ。\nユリ先生は相変わらずガードが固いね。」		
<Off>笑顔		
「へっ。　ユリ姉を誰にも落とせないぜ。\n……俺以外はな。」		
「言うじゃねぇか。」		
「……何のやり取りだこれは。」		
「そこの馬鹿二人！\nユリ先生の手を煩わせてんじゃないわよっ！\nさっさと席に着きなさいよ！」		
「川島先生。\nホームルームを始めても？」		
「ああ。　そうだな。\n号令を頼む。　獅堂。」		
「起立、礼。」		
「では、ホームルームはこれで終わりだ。\n各自解散。」		
女性生徒Ａ		
「ユリ先生さようならー。」		
「ああ。　気を付けて帰るのだぞ。」		
<Off>片目		
「さてと、やることも無いし。\n俺も帰るとするかね。」		
「まったく、\nそんな暇を持て余しているのなら、\nお前も何か部活にでも入ったらどうだ？」		
「別に暇だからって\n特にやりたい部活があるわけでも無いし、\n帰って惰眠でも貪っていた方が余程有意義だ。」		
「く……っ。　何という駄目人間の発想か。\n一体どこで育て方を間違えたというのだ…。」		
「ユリ先生。　心中お察しします。」		
<Off>ウインク2		
「それじゃ駄目人間はお先に失礼しますよ。」		
「ユート。\nトイレ用洗剤が切れていたから、\n帰りに買っておいてくれ。」		
「え。　パシり？」		
「何が不服なのよ？\nユリ先生の温情で駄目人間のあんたに\n仕事を授けて下さっているんじゃない。」		
「うん。　その扱いが不服なんだけどね。\nっていうか、朝からお前、俺に対して棘あるよね？」		
（あれは……獅堂、だったか？）		
「あなた、<ruby=しそう>死相</ruby>が出ているわ。」		
「は？　それはどういう……、」		
「って無視かよ…。\n何だったんだ？」		
「ユリ姉に頼まれてたのも買ったし、\n帰るとするか。」		
市民A		
「うわぁあああーーーーッ！\nオートマタの暴走だーーーっ！」		
「オートマタ…！？」		
（凄まじい破裂音と悲鳴が聞こえた方向を見やると、\n全身鋼鉄に包まれた機械人形が\n公園の自販機を軽々と放り投げていた。）		
オートマタ		
「廃棄、廃棄。\n公園、キレイニスル\n廃棄、廃棄。」		
市民B		
「あの清掃用オートマタ…！\n見境無しに片っ端から公園にあるものを\nぶっ壊してやがる…！」		
市民C		
「またオートマタの暴走か…！\nこれで今月何度目だよ…！」」		
「ニンゲン、確認。\n公園、キレイニスル。\n廃棄、廃棄。」		
「うわぁ…っ！\nあいつ、俺達人間をゴミ扱いしてやがる…！」		
（オートマタは\nおもむろに近くに植え付けられていた街灯の柱を\n力任せに引き抜き、己の武器とした。）		
「武装強化。\nニンゲン、廃棄、廃棄。」		
「冗談じゃねぇ…！\nあんなのにぶっ叩かれたら\nタダじゃ済まねぇぞ…！」		
「皆、逃げろぉおーーーーーッ！！」		
（公園に居た市民達は\n暴走するオートマタから、\n悲鳴を上げながら一目散に逃げ出した。）		
（街灯の柱を抱えたオートマタの\n移動速度は大して早くない。\n走れば逃げ切れるだろう。）		
<Off>怒り4		
「クソッ！何だってこんなことに…！\nここに居たら俺もヤバイ！\nとっととズラかるぜ！」		
（俺も巻き込まれるのはごめんだとばかりに\n速やかに公園から退避しようとした。\n――――だが。）		
女性の声		
「誰かその子を助けてーーーーーっ！！」		
「なんだ？」		
（突如、女性の悲鳴が聞こえ、\n声が指し示す方向には、）		
（逃げ遅れた子供に向けて、\nオートマタが街灯の柱を振り落とそうとしていた。）		
「な…んだとッ！？」		
（俺は考える先に駆け出していた。\n驚くほど自然に、何の<ruby=まよ>躊躇</ruby>いも無く、\n子供を助ける為に行動を起こしていた。）		
（―――――まるで”何度もそうしてきたかのように”。）		
「俺の目の前でッ！\nもう誰もッ！　死なせねぇッ！」		
（”もう誰も”？\n過去に誰かを失った事があるような言い方だった。）		
（いや、そんな違和感は今はどうでもいい。\n今は目の前のこの子供を助ける。）		
（俺は子供を抱きかかえて、\n迫りくるオートマタの攻撃から\n身を守るように庇う。）		
<Off>激怒4		
「…駄目だッ！　避けられねぇッ！\n死……ッ！！」		
（まじかよ。\nあいつの予言……結構当たんじゃねぇか。）		
（死を覚悟した―――――――その瞬間。）		
（俺達目掛けて攻撃しようとしていたオートマタが、\n―――――――真っ二つに両断された。）		
マフラーを巻いた女子		
<Character=ノヴァ>苦笑2		
「相変わらず無茶するッスね。\n川島さん。」		
「お前……は……？」		
「自分は<ruby=きこういん>機巧院</ruby>ノヴァ。\n<ruby=ていこくじゅうこうせい>帝国重工製</ruby>・<ruby=だいさんせだいがたちょうほうていさつよう>第三世代型諜報偵察用</ruby>オートマタで\nその暴走オートマタと同じ機械人形ってやつッス。」		
「は…？　お前もオートマタ…？」		
子供		
「ママー！」		
子供の母親		
「たかし！　大丈夫！？\n怪我してない！？」		
「うん。大丈夫！\nこの<ruby=おとこ>男</ruby>とこのお姉ちゃんが助けてくれた！」		
「おい、たかし。\n何で俺だけ”<ruby=おとこ>男</ruby>”呼びなんだよ。\nそこはお兄ちゃん呼びじゃねーのかよ。」		
「お二人共、本当にありがとうございます！\nあなた達はこの子の命恩人です！\nさあ、たかしもお礼を言いなさい。」		
「ありがとうお姉ちゃん！」		
「それでは私達はこれで失礼しますね。」		
「じゃあねー！」		
「あれ。\n俺、たかしにお礼言われてないんだけど。」		
「まぁ、川島さんだし、\n仕方ないかと。」		
「何でだよ。\nそれよりもこの暴走した\nオートマタは何だったんだ？」		
「<ruby=ていこくじゅうこうせい>帝国重工製</ruby>・<ruby=だいいちせだいがたせいそうさぎょうよう>第一世代型清掃作業用</ruby>オートマタ。\n<ruby=カンダタ>KANDATA</ruby>-Type-<ruby=ベータ>β</ruby>ッスね。」		
「普段は公園の清掃している大人しいオートマタッスけど、\n行動プログラムが”清掃”を”廃棄”と誤認するように\n書き替えられているッスね。」		
「なるほど。そのプログラムの書き替えが、\n結果として暴走に繋がったってことか。」		
「ちょっと待て。その書き換えって一体……。」		
「おっと、警察のご登場ッスか。\n流石に警察沙汰は勘弁ッスね。」		
「川島さん。　自分は動けないので、\n自分を背負ってこの場から直ちに離れてくださいッス。」		
「は？　お前を担いで離れろだと？\nしかも、何で警察を避ける必要が……！」		
「いいからさっさとするッス！\n命の恩人の頼みが聞けないんスか！」		
「だー！　わかったよ！\nやりゃあいいんだろ！　やりゃあ！」		
<Off>笑顔2		
「快適快適。　これは良い乗り物ッスねー。」		
「お前を担いでる俺はしんどいけどな。\nつーか、その馬鹿デカい剣なんだよ。\nそれのせいですげー重いんだが。」		
「これはオートマタ専用の\nエーテライト<ruby=くどうがたきんせつようこうしゅうは>駆動型近接用高周波</ruby>ブレードType-<ruby=アルファ>α</ruby>。\n通称ダブルセイバーッス。」		
「あの暴走オートマタを真っ二つにしたのがその剣ってわけか。」		
<Off>真顔3		
「そッス。　ただこの高周波ブレードは燃費が悪いのが難点で、\n先ほどの使用で自分のエネルギー残量がゼロになり、\n身動きが取れなくなってしまったんス。」		
「エネルギー残量って…、\nお前マジでアンドロイドなのか？」		
「だからそう言ってるッス。\nあ、その道を右ッス。」		
「にわかには信じられないが、\nさっきのオートマタ両断の大道芸を見せられたら、\nまるっきり嘘とも言えない……か。」		
<Off>煽り2		
「へー。　川島さん随分物分かりが良くなったんスねー。\n人って成長するものなんスね。\n偉い偉い。」		
（なでなで。）		
「……もしかして今馬鹿にされてんのか？」		
「つーか、お前俺のこと知ってるみたいだけど、\nどういう関係なんだ？」		
「お前じゃなくてノヴァ、ッス。」		
「…えーと、ノヴァ。」		
<Off>笑み3		
「ほい。」		
「俺とノヴァはどういうご関係で？」		
「あ、その突きあたりを右折で。」		
「聞けよ。」		
「……聖皇学園に戻って来ちまった。」		
「それじゃ、\nそのまま２階までゴー。」		
「ここって科学室…か？\n入ったことねーけど。」		
「それは運が良いッスね。\nささ、入った入った。」		
「お前ん家かここは。」		
眼鏡の男		
<Character=影山>		
「戻ったか。　１３号。」		
「ただいま帰還したッス。　ドクター。\nちゃんとお荷物をお届けしたッス。」		
「ご苦労。\n確かに川島ユートで間違いない。」		
「……もしかして荷物って俺のことか？\nどちらかというと\n俺が担いでいるノヴァが荷物の状態なんだが。」		
「川島さん。\nおんぶはもういいので、降ろしていいッスよ。\nあ、降ろすときはゆっくりッスよ。　ゆっくり。」		
（ぺちぺち）		
「へいへい。」		
「おー。　地に足がついた気分ッス。」		
「実際ついてるけどな。」		
「私は<ruby=かげやま>影山</ruby>。\nこの聖皇学園の科学教員だ。」		
「科学教師が俺に何の用だ？\nっていうか、このノヴァとかいう\nオートマタはお前の発明品か？」		
「時間が無い。　質問は後にしたまえ。」		
「君にはやってもらいたい使命がある。\nそしてその使命は君自身から託されたものだ。」		
「は…？　俺が俺に何か頼んだって事か？」		
「君は先日の大怪我の影響で記憶が一部失われている。\nそうだったな？」		
「ああ…。確かに記憶は曖昧だ。\n俺が学園のアイドルを口説いてたらしいが\nまったく身に覚えがないくらいにな。」		
「自分も川島さんに口説かれたッス。」		
「さて、見知らぬ私から説明を受けたところで\n君は信じないだろう。\nそこで、君宛ての君自身が書いた手紙を預かっている。」		
「俺が書いた手紙…だと？」		
「読んでみたまえ。\nそうすれば私の話を信じる気になるはずだ。」		
「ああ。　勿論、私は中身を見ていない。\n安心したまえ。」		
「えーと…なになに…？」		
（『川島ユート。\nこの手紙を読んでいるということは、\n今のお前は過去の記憶を失っていることだろう。』）		
「俺の字だ……。\nだが、本当に俺が書いたものか？\n筆跡なんてどうにでも細工出来るだろうし…。」		
（『お前がこの手紙を疑う気持ちはわかっている。\nなにせ俺だからな。』）		
（『ならば、俺が俺であることを証明してみせよう。\nお前の内なる秘密を暴き出してな。』）		
「なに…？　俺の秘密……だと？\n一体何をする気だ？」		
「川島さんが何やら手紙と会話をしてるんスが。」		
「随分と感情移入しやすい性格のようだな。\nいや、思い込みが激しいと言えるか。\n実に興味深い光景だ。」		
（『川島ユート。　お前がひた隠しにしている\n願望を言い当ててみせよう。』）		
「でたらめを言うな…！\n俺にそんな願望なんて無い…！\n俺には…！」		
（『今、その願望を思い浮かべたな？\n”ユリ姉のセーラー服姿が見たい”という願望を。』）		
「―――――――ッ！！」		
「おい……冗談だろ……？\nそんな……馬鹿な……。」		
<Off>困惑		
「この手紙を書いたのは……俺だ……。\n間違いねぇ……。」		
「なんかショックのあまり、\n膝から崩れ落ちたようッスけど。\n余程、衝撃的な事が書かれていたようッスね。」		
「経緯は不明だが、\nこれで信じて貰えたようだな。」		
（『理解したか？　お前は俺、俺はお前だ。』）		
（『俺はこの後、\n奴に敗北し記憶を失ってしまうことだろう。\nだから、俺であるお前にすべてを託したい。』）		
（『頼む川島ユート。\n俺の仲間を解放し、<ruby=むげんつくよみ>夢幻月詠</ruby>を打ち破ってくれ。』）		
「……仲間？　<ruby=むげんつくよみ>夢幻月詠</ruby>？」		
（『非常に難易度の高い任務だが安心しろ。\nそこに居る影山が協力してくれる。\nまずは奴に頼るといい。』）		
（『俺達の命運。　お前に託す。』）		
「……まじかよ。\nなんか一方的に面倒くせーこと託されちまったなぁ。\nこれやんなきゃ駄目かなぁ…？」		
（『追伸：ユリ姉は推しに弱い。　健闘を祈る。』）		
「まじでっ！」		
「それで川島さん。\n手紙にはなんて書いてあったんスか？」		
「ああ。　この文献には、\nユリ姉は推しに弱いという重大な情報が記されていた。」		
「……いや、\nもっと大事なこと書いてあったでしょ。\nなんか頼まれたんじゃないッスか？」		
「ああ、えーと……、\n俺の仲間を解放して、\n<ruby=むげんつくよみ>夢幻月詠</ruby>を打ち破ってくれとかなんとか……。」		
「ふむ。」		
「影山。\nお前に協力を仰げと書いてあったが、\n何か知ってるんだろ？」		
「ああそうだ。\nその手紙の指示通り、\n私は君に協力する為、ここで待っていたのだ。」		
「私達に課せられたミッションは二つ、\n仲間の解放、<ruby=むげんつくよみ>夢幻月詠</ruby>の破壊、だ。」		
「俺の仲間って誰なんだ？」		
「今、学園の噂になってる\n川島さんが口説いた５人の学園アイドルの事ッス。」		
「まじか！　あれが俺の仲間……なのか。\n仲間だった時の記憶がすっぽり抜け落ちてるから\nなんだか実感沸かねーな…。」		
「待てよ。　確かノヴァも学園アイドルだったな。\nお前も俺の仲間なの？」		
「そッス。　しっかりするッスよ相棒。」		
「……本当に仲間、なのか。」		
「仲間達は<ruby=むげんつくよみ>夢幻月詠</ruby>の影響で\n君同様、過去の記憶が<ruby=かいざん>改竄</ruby>され、\n本来の力が封印されている。」		
「まずは仲間達が本来の力を引き出せるようにしてもらう。」		
「そして、力を取り戻した仲間達の力を結集し、\n<ruby=むげんつくよみ>夢幻月詠</ruby>を破壊する。\nこれが私の勝利の方程式だ。」		
「本来の力って……まさかノヴァみたいな\nオートマタだったり、\n大剣振り回したりする物騒な力のことか？」		
「そんな感じッスねー。　ちなみに中には\n自分よりヤバイ能力を持っている人も居るので\n気を付けた方がいいッスよ。」		
「気を付けるって何！？\n仲間に襲われる危険性があるってこと！？」		
「強い力には危険はつきものッス。」		
「……大丈夫かよそいつら。」		
「で、その仲間を解放するにはどうすりゃいいんだ？」		
「安心したまえ。　既に策は用意してある。」		
「私はこの一か月、\n<ruby=むげんつくよみ>夢幻月詠</ruby>の影響下の人間を解放する術の\n研究を重ね、ついにその答えを導き出した。」		
「その答えとは―――――これだ。」		
（影山は懐からゲームソフトの\nパッケージらしき箱をこちらに差し出した。）		
「え？　ナニコレ？」		
「これが答えだ。」		
（とりあえず、影山から渡された\nゲームソフトのタイトル名を読み上げてみる。）		
「『ラブぱら！～学園ラブコメパラダイス～』\nというタイトルの\n恋愛シミュレーションゲームのようですが？」		
「これこそが、\n<ruby=むげんつくよみ>夢幻月詠</ruby>の影響下の人間を解放する術、\nその答えだ。」		
「どういうこと！？　説明！\n説明をしてくれ！」		
「<ruby=むげんつくよみ>夢幻月詠</ruby>は<ruby=こんぱくせつぞく>魂魄接続</ruby>を介し、\n対象者の精神に干渉する効果があると推測している。」		
「であれば、対象者の精神力を引き上げれば\n事実上、<ruby=むげんつくよみ>夢幻月詠</ruby>の精神干渉を無効化する事が出来る。」		
「だが、並みの精神力では\n<ruby=むげんつくよみ>夢幻月詠</ruby>の精神干渉を防ぐには至らない。\nそう、並みの精神力では駄目なのだ。」		
「しかし、ある状態に陥った人間は\n<ruby=むげんつくよみ>夢幻月詠</ruby>の精神干渉に耐えうる、\n<ruby=きょうじん>強靭</ruby>な精神力を得ることが出来る。」		
「それは、人が恋に落ちた時。\nつまり、恋愛をしている時に他ならない。」		
「え。まさか。」		
「そう。　その答えこそ、\n君がその手に持っている\n恋愛シミュレーションゲームそのものだ。」		
「いいか。　君がやることは既に決まっている。\n<ruby=むげんつくよみ>夢幻月詠</ruby>の精神干渉を受けた仲間達を解放する為―――――」		
「―――――学園アイドル５人を攻略するのだ。」		
「えーーーーッ！！\nあの連中を惚れさせろってかぁあああーーー！？」		
「このミッションが失敗すれば、\n<ruby=むげんつくよみ>夢幻月詠</ruby>の破壊が叶わず、\n我々の命運が尽き果てる。」		
「心して当たるように。」		
「まじかよ！」		
「川島さん。　ファイト。」		
<Off>怒り5		
「いや、お前も攻略対象に含まれてるから！\n当事者意識低すぎでしょ！」		
（こうして俺は勝手に命運を託され、\n<ruby=むげんつくよみ>夢幻月詠</ruby>を打ち破る為、\n学園アイドルを攻略することとなった。）		
「っていうか、<ruby=むげんつくよみ>夢幻月詠</ruby>って何！？」		
「はろはろー。\nテンチョー。」		
テンチョー		
「よお。ノヴァ。\n……と、もう一人は<ruby=しんがお>新顔</ruby>か。」		
<Off>思案・私服		
「あん？おいおいじーさん。\n俺の事を忘れてるとは、\nもうボケたのか？」		
「舐めた口を聞くじゃねぇか。<ruby=わかぞう>若造</ruby>が。\n<ruby=あいにく>生憎</ruby>、客の顔を忘れるほどボケてねぇ。」		
「おっと。テンチョーは\n<ruby=なまみ>生身</ruby>の川島さんとは初対面ッスね。」		
「テンチョー。<ruby=サイファー>CIPHER</ruby>-09の\n中身の川島さんッス。例の事件が\n片付いてようやく人間の姿に戻れたんスよ。」		
「なにぃ？こいつがあのオートマタの中身か。\n思ってた<ruby=つらがま>面構</ruby>えとは違うが、\nこの生意気な態度は川島に違いねぇ。」		
<Off>笑み4・私服		
「相変わらず口の減らねーじじいだぜ。」		
「そういや。話は聞いたぜ。お前ら\n<ruby=ていこくじゅうこう>帝国重工</ruby>・<ruby=はいきじっけんじょう>廃棄実験場</ruby>の<ruby=ふとう>埠頭</ruby>で\nどえらいドンパチをやったってな。」		
「あの実験場を<ruby=やけのはら>焼野原</ruby>にしちまうなんて\n一体何をやらかしたんだ？」		
<Off>呆れ2・私服		
「確かにノヴァとドンパチやったな。\n文字通り敵対したという意味で。」		
「試作型のエーテライト・バスターキャノンが\n想定以上の火力だったもんで施設ごと\n消し飛んじゃったんスよねえ。」		
「いやー。参った参った。」		
「天道から依頼が来てな。\nノヴァも事件に絡んでやがるって事で\n<ruby=じたいしゅうしゅう>事態収拾</ruby>に俺も駆り出されたんだぜ。」		
<Off>驚き・私服		
「天道が事件の<ruby=あとしょり>後処理</ruby>を？」		
「お前らは知らねぇかもしれんが、\nノヴァのケツ拭きは大体、\n天道がやってんだぜ。」		
<Off>片目2・私服		
「裏で意外と仕事してんだな。アイツも。」		
「ったく。随分派手にやらかしやがって\n後始末が大変だったぜ。」		
「これはこれは。ご苦労様です。\nテンチョーのおかげで自分も\nお<ruby=てんとさま>天道様</ruby>の下を堂々と歩けるってもんッス。」		
「ちゃあんと働いた分は\n<ruby=いかるがけいさつ>斑鳩警察</ruby>に請求しておくからな。」		
「どうぞどうぞ。\n天道さん宛てに請求お願いします。」		
「右から左に天道に流されていくな。」		
「ところでノヴァ。\nウチの店にはブツを取りに来たんだろ？」		
「おー。そうでした。\n例のブツは？」		
「もちろん。仕入れてあるぜ。\nほら、こいつだ。」		
（テンチョーは紙袋を\n取り出しノヴァに手渡した。）		
（ノヴァは紙袋を覗き込み\n中身を確認する。）		
「これは注文通りの一品。\nよく手に入れられましたなぁ。」		
「オーダーメイド専門でやってる奴が居てな。\nそいつの手作りさ。大したモンだろ？」		
「ええ。一目でわかる素晴らしい出来ですぞ。\n大変満足しておりまする。」		
「そいつは良かった。\nじゃ、確かに渡したぜ。」		
「しかしなんで\nまたそんなモンが必要だったんだ？」		
「これを使うと大変お喜びになる人が居るんスよ。」		
「ほー。大した趣味の奴が居るもんだ。」		
「いやー。テンチョーにも挨拶出来たし\n例のブツも回収出来たし満足満足。」		
「そのブツとやら何なの？」		
「ふっふっふ。\nこれはこの後のメインイベントで\n使うやつなんスよ。」		
「メインイベント？」		
「いえす。ほいじゃ早速、\nメインイベントの場所へ行きましょー。」		
（ノヴァが目的地に向かって\nテクテクと歩き出した時―――――）		
街人A		
「キャー！カードハンターよー！」		
街人B		
「うわああー！カードハンターだ！\nカードハンターが出たぞー！」		
街人C		
「早く逃げろー！デッキを奪われるぞー！」		
<Off>驚き2・私服		
「何だ？カードハンター？」		
「やれやれ。今日はデート<ruby=びより>日和</ruby>だってのに\nとんだ災難ッスね。」		
「<ruby=デュエル>決闘</ruby>モード<ruby=オン>ON</ruby>！ヒロイックチェンジ！」		
（ノヴァは謎の<ruby=こうじょう>口上</ruby>を叫ぶと、\n目にも止まらぬ速さで服を着替えた。）		
<Off>叫び2・私服		
「お、おい！まさかカードハンターと\nデュエルする気か！？」		
「<ruby=ちあん>治安</ruby>を乱す悪者を見て見ぬフリは出来ないッス。\n何故なら自分は真の<ruby=デュエリスト>決闘者</ruby>だから！」		
「そこはせめて\n正義の斑鳩警察官だからって\n言って欲しかったわ。」		
「事件は会議室で起きてるんじゃない！\n現場で起きてるんだ！」		
「あ、おいッ！ノヴァ！」		
（ノヴァはカードハンターが現れたと\n思しき場所へと急行する。）		
「そこまでだ！カードハンター！」		
「<ruby=デビルズラブリーデュエリスト>小悪魔系愛決闘者</ruby>！\n<ruby=きこういん>機巧院</ruby>ノヴァちゃんが相手だ！」		
（しかし、そこにはボロ<ruby=ぞうきん>雑巾</ruby>のように\n地面に倒れるカードハンターの姿があった。）		
<Off>叫び・私服		
「な……っ！？\nカードハンターが既に倒されている…！？\n一体、誰がこんなことを…！？」		
<Character=花咲>		
「おやおや。ようやくお出ましかい？\n<ruby=デビルズラブリーデュエリスト>小悪魔系愛決闘者</ruby>さん。」		
<Off>怒り2・制服b		
「<ruby=なにやつ>何奴</ruby>ッスか。」		
「僕だよ。僕。<ruby=はなさき>花咲</ruby>だよ。\n<ruby=きこういん>機巧院</ruby>さん。」		
「花咲……？メガネで\nカードハンターにボコられて\nデッキを奪われていたあの花咲だと……？」		
「随分と<ruby=ふうてい>風体</ruby>が変わったッスね。\n花咲さん。」		
「どうだい？これが生まれ変わった僕。\n悪党を打ち倒すヒーローの姿。」		
「そう。このカードハンターという\n世に<ruby=はびこ>蔓延</ruby>る悪を滅するのさッ！」		
「……う、うぐっ！」		
（花咲は地面に倒れるカードハンターの\n腹を蹴り飛ばす。）		
<Off>怒り3・私服		
「やめろ。そいつはもう戦闘不能だ。\n追い打ちをするなんて\nヒーローのする事じゃねぇ。」		
「悪党に同情？\nおいおい、やめてくれよ。」		
「こいつはヒーローに負けた悪党で\n敗北者だ。そもそもこいつら悪党に<ruby=なさ>情</ruby>けも\n<ruby=ようしゃ>容赦</ruby>も必要無いのさ。」		
「……ぐふっ！」		
「花咲さん。まさかあんたが<ruby=ちまた>巷</ruby>を騒がせている\nカードハンター狩りッスか？」		
「そうさ。僕がカードハンターを狩るヒーロー。\nカードハンターハンターさ。\n正義のヒーローが悪に<ruby=てっつい>鉄槌</ruby>を下すんだ。」		
「機巧院さん。君はヒーローのように現れ\n<ruby=さっそう>颯爽</ruby>と僕を助けてくれたじゃないか。」		
「僕は君に……ヒーローに憧れていたんだ。\n絶対に負けない強者。\n悪を打ち倒すヒーローにね。」		
「僕は金にものを言わせ自分のデッキを\n最大限まで強化した。\n絶体に負けない最強の力を手に入れる為に。」		
「そして、金の力で最強のデッキを手に入れた\n僕は最強のヒーローとなった。\nカードハンターを狩りつくす最強のヒーローにね。」		
「毎日毎日、ヒーローは忙しくてね。\n大変なんだ。」		
「狩り続けても、狩り続けても、\nこうしてカードハンターのような\n悪党が湧き続ける。」		
「……ぐっ！」		
「僕はこいつら悪党が消えて滅びるまで\n戦い続けるんだ。正義のヒーローとしてね。」		
「……ぐはっ！」		
（花咲はカードハンターの頭に足で踏みつける。）		
「ククク…ッ。どうだい？機巧院さん。\nあの僕をボコっていたカードハンターが\nこの僕に手も足も出ないんだ。」		
「あの頃の弱虫で強者にこびへつらっていた\n弱い僕とは違う。僕は強くなった。\nヒーローとして生まれ変わったんだ。」		
「花咲さん。\nあんたはヒーローなんかじゃない。\nそれは間違った強さッス。」		
「なんだって……？」		
「真の<ruby=デュエリスト>決闘者</ruby>は戦った相手への\nリスペクトを忘れない。\nそれが例えカードハンターのような悪党でも。」		
「金で手に入れた見せかけの力は\n本当の強さじゃない。」		
「<ruby=デュエリスト>決闘者</ruby>の本当の強さは\n愛しさとせつなさと心強さを持った\nその心の在り方だから。」		
「あんたが今しているのは\nヒーローがする事じゃない。\nただの弱い者いじめッス。」		
「やれやれ……。悲しいなぁ……。\n機巧院さん……。」		
「君はヒーローというものを\nなんにも理解していないんだね…。」		
「ヒーローは悪党を殲滅する非情さが必要なんだ。\nそんなぬるま湯のような甘い理想論だけでは\n正義は守れないのさ。」		
「仕方が無い。わからず屋の君に\nヒーローの強さってものを\n教えてやらなくちゃあならないようだ。」		
「花咲さん。このデュエルで\nあんたを否定してやるッス。」		
ノヴァ／花咲		
「――――――――――デュエルッ！」		
「先行は自分がもらうッス！」		
「自分は手札から<ruby=マジック>魔法</ruby>カード『<ruby=ゆうごう>融合</ruby>』を発動！」		
「手札の『<ruby=ウインドマン>疾風の羽男</ruby>』と『<ruby=フレイムガール>烈火の炎女</ruby>』の2体を融合し――――――、」		
「――――――『<ruby=バーストウイングマン>烈風の火炎男</ruby>』を<ruby=ゆうごうしょうかん>融合召喚</ruby>！」		
「自分はカードを１枚伏せターンエンドッス！」		
「さすが機巧院さん。１ターン目から\n攻撃力3000の上級モンスターを出してくるとはね。」		
「自分のヒーローデッキは『融合』による\n速攻召喚でビートダウンを狙うデッキ。\nスピードこそパワーッス。」		
「面白い。どちらが真のヒーローに\nふさわしいか見せてあげるよ。」		
「僕のターン！ドロー！」		
「僕は手札から<ruby=マジック>魔法</ruby>カード『<ruby=ゆうごう>融合</ruby>』を発動！」		
「手札の『<ruby=ダーク・ファントム>闇の幻影</ruby>』と\n『<ruby=ダーク・フレイム>闇の炎</ruby>』の2体を融合し――――――、」		
「――――――『<ruby=ダーク・インフェルノ>闇の業火</ruby>』を<ruby=ゆうごうしょうかん>融合召喚</ruby>！」		
<Off>怒り3・制服b		
「攻撃力3300の融合モンスター！？\nまさか花咲さんもヒーローデッキ…ッ！？」		
「僕は一度闇に落ちヴィランとなった。\nそして、どん底からヒーローに<ruby=は>這</ruby>い上がった\nダークヒーローデッキだ。」		
「ダーク……ヒーロー…ッ！？」		
「行け！『<ruby=ダーク・インフェルノ>闇の業火</ruby>』！\nダークヒーローこそが\n真のヒーローだと証明するんだ！」		
「『<ruby=バーストウイングマン>烈風の火炎男</ruby>』に攻撃ッ！\nダークネス・フレアッ！」		
「く…っ！『<ruby=バーストウイングマン>烈風の火炎男</ruby>』が破壊された！？」		
「まだだ！『<ruby=ダーク・インフェルノ>闇の業火</ruby>』の効果発動ッ！\n戦闘破壊したモンスターの攻撃力分のダメージを\n相手プレイヤーに与えるッ！」		
「戦闘破壊の貫通ダメージと合わせて\n３３００のダメージを受けろッ！」		
「ぐわあああーーーーッ！」		
「どうだい？闇の炎に焼かれた気分は？\nこれが悪を滅する浄化の炎さ。」		
「まだまだ…っ！この程度の炎、\nまだ温すぎるぜ…！」		
「その強がりがどこまで持つかな？\n僕はカードを２枚伏せてターンエンドだ。」		
「自分のターンッ！ドロー！」		
「手札から『<ruby=サンダーマン>閃光の電撃男</ruby>』を召喚ッ！」		
「更に手札から<ruby=マジック>魔法</ruby>カード『<ruby=いじげんゆうごう>異次元融合</ruby>』を発動！」		
「フィールドの『<ruby=サンダーマン>閃光の電撃男</ruby>」と\n墓地の『<ruby=バーストウイングマン>烈風の火炎男</ruby>』の2体を融合し\n―――――――――、」		
「―――――――――『<ruby=ライトニングサンダーマン>雷神の電磁男</ruby>』を<ruby=ゆうごうしょうかん>融合召喚</ruby>ッ！」		
「フィールドと墓地のモンスターで融合し\n攻撃力3500の上級モンスターを融合召喚。\nここで君の切り札を出して来たか。」		
「行け！『<ruby=ライトニングサンダーマン>雷神の電磁男</ruby>』！\n『<ruby=ダーク・インフェルノ>闇の業火</ruby>』を攻撃ッ！」		
「リバースカードオープン！\n罠カード『ダーク・バニッシュ』発動ッ！		
「相手が攻撃宣言をした時に\nバトルフェイズを強制的に終了するッ！」		
「な、何ィッ！？\nこちらの攻撃そのものを\n無力化しただとッ！？」		
「これで君はこのターン\n何も出来なくなったというわけさ。」		
「く…っ！場にカードを\n２枚伏せターンエンドッス……！」		
「ククク…ッ。ダークヒーローの前では\n何をしようと無力なのさ。」		
「さあ！これでフィナーレと行こうッ！」		
「『<ruby=ダーク・インフェルノ>闇の業火</ruby>』の効果発動ッ！\n相手フィールド上のモンスター１体を破壊し\n攻撃力分のダメージをプレイヤーに与えるッ！」		
「『<ruby=ライトニングサンダーマン>雷神の電磁男</ruby>』を効果で破壊ッ！\nそしてその攻撃力３５００のダメージを受けろッ！」		
「な、何ィィィーーーーッ！\nモンスターを破壊した上に\n直接ライフにダメージだとォッ！？」		
「そして！『<ruby=ダーク・インフェルノ>闇の業火</ruby>』で\nプレイヤーにダイレクトアタックッ！\nこれで終わりだッ！」		
「くっ！リバースカードオープン！\n罠カード『ヒーロー・ソウル』発動ッ！」		
「プレイヤーのライフが０になる\nダメージを受ける時！\n１００ポイントだけライフを残すッ！」		
「ギリギリのところでカードの効果で\n生き残ったか。往生際が悪いよ。」		
「ま、まずい…！\n残りライフは１００ポイント…！\n次のターンで決めなければ確実に負ける…！」		
「残念だけど君に次のターンは来ないよ。」		
<Off>驚き2・制服b		
「何…？」		
「リバースカードオープン！\n罠カード『ダーク・リベンジアタック』発動！」		
「このカードは攻撃が終了した\n自分モンスター１体を\nもう一度攻撃させる事が出来る！」		
「な、何ィ！？１度のバトルフェイズ中に\n２回攻撃するだとォ！？」		
「行け！『<ruby=ダーク・インフェルノ>闇の業火</ruby>』ッ！\nプレイヤーにダイレクトアタックッ！\n奴のライフをゼロにしろォッ！」		
「くっ！手札から『<ruby=レインボーフレアマン>虹色の太陽男</ruby>』の効果発動！」		
「このカードは相手の攻撃宣言時、\n自分フィールドにモンスターが居なければ\n特殊召喚出来る！」		
「はっ！悪あがきだな！\n攻撃力たった１００のゴミが\n出てきたところで何になるッ！」		
「そのまま捻り潰せ！\n『<ruby=ダーク・インフェルノ>闇の業火</ruby>』ッ！」		
「攻撃力が低くても、圧倒的な力の差があっても、\nそれでも勇敢に立ち向かう。\nそれが真のヒーローッス。」		
「何を……？」		
「リバースカードオープン！\n<ruby=マジック>魔法</ruby>カード『<ruby=こんぱくゆうごう>魂魄融合</ruby>』発動ッ！」		
「『<ruby=こんぱくゆうごう>魂魄融合</ruby>』の効果発動ッ！\nフィールドの『<ruby=レインボーフレアマン>虹色の太陽男</ruby>』と『<ruby=ダーク・インフェルノ>闇の業火</ruby>』で\n――――――――、」		
「――――――――<ruby=ゆうごうしょうかん>融合召喚</ruby>ッ！」		
「なにィ…ッ！？\n僕の『<ruby=ダーク・インフェルノ>闇の業火</ruby>』を\n融合素材にしただとぉおお～～ッ！？」		
「現れろッ！『<ruby=カオスライトダークマン>混沌の光闇男</ruby>』ッ！」		
「『<ruby=カオスライトダークマン>混沌の光闇男</ruby>』の効果発動ッ！\n『<ruby=カオスライトダークマン>混沌の光闇男</ruby>』が特殊召喚された時、\n融合素材になった元々の攻撃力分の３倍のダメージを与えるッ！」		
「『<ruby=レインボーフレアマン>虹色の太陽男</ruby>』と『<ruby=ダーク・インフェルノ>闇の業火</ruby>』の\n攻撃力の合計は３４００！」		
「ま、待て…！合計攻撃力は３４００の\n３倍のダメージを与えるという事は…！」		
「そうだッ！１０２００のダメージを受けろッ！」		
「『カオスバーストストリーム』ッ！！」		
「うわあああああーーーーーッ！！」		
「どう……して……っ。\n勝てない……っ。\n最強のヒーローになったのに……っ。」		
「それは金で手に入れた<ruby=いつわ>偽</ruby>りの強さ。\nあんたのような心の弱い人間は\n本物のヒーローじゃない。」		
「嘘だ……。僕は……君の強さに……\n君に憧れて……君に近づきたくて……\nヒーローになったのに……っ。」		
「どうして……、\nどうして……届かないんだ……っ。」		
「花咲さん。背伸びなんかせず、\n<ruby=とうしんだい>等身大</ruby>でデュエルを楽しみましょう。」		
「デュエルを……楽しむ……だって？」		
「デュエルは本来楽しいもの。\n怒りや憎しみの感情でデュエルしていても\n真の<ruby=デュエリスト>決闘者</ruby>にあらず。」		
「デュエルは心で、<ruby=たましい>魂</ruby>でするものッスよ。」		
「あんたが純粋に\nデュエルをしたいと言うなら\nいつでも相手になるッス。」		
「さようなら。花咲さん。」		
（ノヴァは<ruby=デュエリスト>決闘者</ruby>の心意気を語ると\nクールに去っていた。）		
（ノヴァは金にものを\n言わせて得た力は間違っていると\n花咲を<ruby=きゅうだん>糾弾</ruby>していたが）		
（実際、ノヴァも金にものを言わせて\nデッキを強化し続けているのでお前が言うな案件では\nあるが空気を読んで俺は黙っておく事にした。）		
システム音		
「……機体損傷率１００％。\nエーテライトコア大破。\nダメージ限界突破。」		
「再起動不能。活動限界。\n機能停止。機能停止。」		
（……ふざ……けるな。）		
（……こんなところで……終わってたまるか。）		
（約束……したんだ……。\n必ず助けるって……。）		
（ノエル……。\n僕の……ノエル……。）		
（憎い…っ！\n僕からノエルを奪って行ったあの男が…っ！）		
（憎い！憎い！憎い！憎いっ！\n川島ユートが憎いっ！）		
（ノエルの隣に居ていいのはお前なんかじゃない…っ！\nこの僕だ…っ！）		
（このままでは終われない…っ！\n川島ユートからノエルを取り戻すまで…っ！）		
（復讐してやるぞ…ッ！！\n川島ユート…ッッ！）		
（どんな手段を使っても……ッ！！）		
<Character=カグヤ>真顔6		
「――――へえ。\n既に機能停止だというのに\n<ruby=こんぱくせつぞく>疑似魂魄</ruby>は動き続けているのね。」		
「<ruby=からくりにんぎょう>機巧人形</ruby>の中にも珍しいのが居るものね。」		
（………誰だ？）		
「あいにくだけど、\n<ruby=にんぎょうふぜい>人形風情</ruby>に名乗る名前は持ち合わせてないわ。」		
「私はあなた達、\nオートマタと呼ばれる<ruby=からくりにんぎょう>機巧人形</ruby>が嫌いなのよ。」		
「それはさておき、あなた。」		
<Character=カグヤ>笑み4		
「――――――川島ユートに復讐したいのではなくて？」		
（ッ！！）		
「その望み、私が叶えましょう。\n――――あなたにその覚悟があるのなら。」		
（……当然だッ！）		
（川島ユートに復讐しッ！\nノエルを取り戻せるのならッ！\nなんだってやってやる…ッ！）		
<Character=カグヤ>笑み7		
「ふっ。<ruby=いせい>威勢</ruby>がいいこと。」		
「いいでしょう。\nあなたに月の光の力を授けましょう。」		
「……さて、\n<ruby=からくりにんぎょう>機巧人形</ruby>が本当にあの子の<ruby=うつわ>器</ruby>になり得るのか。」		
「<ruby=みさだ>見定</ruby>めさせてもらうわ。」		
（聞きなれた声がする。）		
（この優しくも強い意志のある<ruby=りん>凛</ruby>とした声の主は……。）		
<Character=独白>		
「いつまで寝てるんだ。\n早く起きないと学校に遅刻してしまうぞ。」		
「ちょ…っ！？　ええ！？\nユ、ユリ姉…！？　朝っぱらから\nなんて<ruby=かっこう>恰好</ruby>してんだい！？」		
「まったく何を寝ぼけている。\nお前がセーラー服を着て欲しいというから\nわざわざ着てやってるんじゃないか。」		
「な、何ィィイイイイ……ッ！？\nお、俺の願いがこんなにも\nいとも簡単に叶えられてしまっていたのか…！？」		
「ば、馬鹿な…ッ！\nノヴァと影山の学園アイドル攻略作戦によって\n達成されるはずのミッションが既に完了していただと…！？」		
「何をわけのわからない事を言っている。\n私達は固い家族の絆で結ばれた<ruby=きょうだい>姉弟</ruby>だ。」		
「弟の頼みとあらば姉がセーラー服を着るなど\n<ruby=しごくとうぜん>至極当然</ruby>の事ではないか。」		
「そ…そうか…っ！\nそうだよな！俺達は<ruby=きょうだい>姉弟</ruby>だ！」		
「こんなことならもっと早くユリ姉に\nセーラー服着用のお願いしておけばよかったぜ！」		
「さあ満足したのなら、早く学校に行くのだ。\nまた教室で落ち合うとしよう。」		
「え？　まさかユリ姉。\nセーラー服で学校に？教師なのに？」		
「当然だ。お前の頼みだからな。\n教師であろうとセーラー服こそ、\n<ruby=フォーマルスーツ>正装</ruby>という事だ。」		
「うおおおおッ！！\nついにセーラー服ユリ姉と学園ライフの夢が叶うってのかッ！！」		
「ありがとうユリ姉ッ！\n俺は今最高に幸せを感じているッ！」		
「大げさなやつだ。\nさあ、さっさと学校に行くんだ。\nいいな？」		
「ああ！わかったぜユリ姉！」		
「……ユリ姉っ！」		
「…………って、夢？」		
「……ていうか、ここどこだ？」		
（辺りを見渡すとどうみても自分の部屋ではなく、\n学園近くの公園だった。）		
（まったく記憶は無いのだが、\n公園の<ruby=しばふ>芝生</ruby>で居眠りをしてしまったらしい。）		
「まぁ…昨日は色々あったからな。\n寝ぼけて公園で眠ったとしても仕方ないか。」		
（突然、暴走オートマタに襲われたり\n<ruby=だいさんせだいがた>第三世代型</ruby>オートマタに助けられたり、）		
（科学室のマッドサイエンティストから\n謎のミッションを命じられたり、\n情報量多すぎて頭がパンクする出来事だった。）		
「そうだ…っ！そんな事より、\nセーラー服ユリ姉が学校に行けって言ってたな…！」		
（俺は先ほどまで\n言葉を交わしていたセーラー服ユリ姉を思い出し、\n公園の時計で時刻を確認する…ッ！）		
「８時２０分！？　や、やべえ…！\n<ruby=ホームルーム>ＨＲ</ruby>開始まであと１０分しかねえ…っ！」		
「早く行かねーと遅刻だッ！」		
（俺はセーラー服ユリ姉の教えを守る為、\n全速力で学校に向かった！）		
女子学生A		
「おはようございます。\nユリ先生。」		
「おはよう。」		
女子学生B		
「おはよー。ユリちゃん。」		
「馬鹿者。\n教師に向かってちゃん付けとは何事だ。」		
「ユリちゃん。まじめー。」		
「お前はもっと真面目にやれ。\nすぐに<ruby=ホームルーム>ＨＲ</ruby>が始まるぞ。急げよ。」		
「はーい。」		
（学校に到着すると\nユリ姉は校門の前で挨拶運動を行っていた。）		
（よし。なんとかギリ間に合ったようだ。）		
（俺はセーラー服ユリ姉との約束を果たす為、\n目の前のユリ姉に駆け寄った。）		
「ユリ姉ー！俺、ちゃんと学校に来たよー！\n早くセーラー服に着替えてくれ！」		
「ッ！」		
「皆、下がれッ！」		
生徒達		
「………え？」		
（ユリ姉は周りの生徒達を下がらせると\n腰の刀を<ruby=ばっとう>抜刀</ruby>し、）		
（――――――俺を斬りつけた。）		
「ユ、ユリ姉……ッ！？\nな…っ、何を……っ！？」		
（いきなり刀で斬りつけられた俺は、\nわけもわからずユリ姉に問いかける。）		
「貴様が昨日、公園で暴れたという\n暴走オートマタか。」		
「今度は我が学園を襲うとは。\n一体誰の<ruby=さ>差</ruby>し<ruby=がね>金</ruby>だ？」		
（ユリ姉は俺に刀を向けながら睨みつける。）		
「何故だ…！？\n何故、最愛の弟であるこの俺に刀を向けるんだ！？\n俺を忘れちまったのか！？ユリ姉！？」		
「黙れ。私の弟はユートただ一人。\n貴様がユートを<ruby=かた>騙</ruby>るなどおこがましいにも程がある。」		
「だから、俺がユートなんだってば…っ！\n何故、わからないんだよっ！ユリ姉！」		
「貴様…ッ！まだ言うか…ッ！」		
「まぁまぁ。ユリヒメ。\nその辺にしておいてあげてよ。」		
（俺のユリ姉を馴れ馴れしく呼び捨てにしながら\n一人の男が現れた。）		
「―――――お、お前はッ！？」		
（突如現れたその男は俺と<ruby=うりふた>瓜二</ruby>つの顔をしていた。）		
「ユート。下がれと言っただろう。\nここは危険だ。」		
ユートに似た男		
<Character=フェイリクス>ウインク		
「大丈夫さ。そいつは<ruby=ひせんとうがた>非戦闘型</ruby>のオートマタ。\n何もできやしないさ。」		
<Character=フェイリクス>笑み		
「それよりユリヒメ。怪我は無いかい？」		
（俺の偽物野郎は、\nあろう事かユリ姉の手を取り傷が付いてないか\n確認し始めた。）		
「だ……大丈夫だっ。\nけ、怪我などしていない…っ。」		
<Character=フェイリクス>笑み5		
「そうか。それは良かったよ。」		
「ま、まったく……いきなり手を握るだなんて\n<ruby=ハレンチ>破廉恥</ruby>だぞ…っ。」		
「それは失礼したよ。\nついユリヒメが心配だったものでね。」		
「む……むぅ。」		
（ユリ姉は何故か頬を赤らめながら俯いた。）		
「―――――――――――ッ！」		
（その光景を目の当たりにした俺は、\nブチ切れて偽物野郎に飛び掛かった！）		
「ユリ姉に触んじゃねぇッ！\n偽物野郎がああああッ！！！」		
「ぐはああああッ！！！」		
「貴様…ッ！\n私のユートを襲おうとするとは…ッ！\nこの場で切り捨ててくれる…ッ！」		
「な…にを……っ。」		
「何を言ってるんだよユリ姉ッ！\n俺がユートだッ！そいつは偽物だよッ！」		
「この期に及んでどの口が言うかッ！\nユートの姉である\nこの私が弟の姿を見間違うはずがなかろうッ！」		
「ふっ。仕方ないよユリヒメ。\nそいつはわかってないのさ。\n自分の身の程ってやつが。」		
「ユート。」		
「テメェ…ッ！さっきから何、\nユリ姉に馴れ馴れしく話しかけてんだ…ッ！\nこの偽物野郎が……ッ！」		
<Character=フェイリクス>笑み3		
「果たして偽物はどっちかな？」		
「なんだと……ッ！？」		
<Character=フェイリクス>笑み4		
「君に教えてあげるよ。\n自分の立場ってものをね。」		
<Character=フェイリクス>笑み2		
「僕の女の子達。\n<ruby=しんじつ>真実</ruby>を<ruby=うつ>映</ruby>す<ruby=かがみ>鏡</ruby>を持ってきてくれ。」		
女子生徒達の声		
（偽物野郎が指を鳴らすと\n女子生徒が三人がかりで1.5メートルはあろうかという\n巨大な鏡を運んで来た。）		
「えっほえっほ。」		
<Off>怒り11		
「ちょっと<ruby=しどう>獅堂</ruby>ミナト！\nあんたちゃんと持ちなさいよ！」		
「ちゃんと持ってるわよ。\n人聞きの悪い事言わないでくれるかしら？」		
<Off>激怒		
「嘘つくな！あんた片手添えてるだけじゃない！\nっていうかパワーバランス的に\nほぼ私一人で運んでるじゃないのよ！」		
「川島さん。\nただいまご依頼の物をお持ちしました。」		
「あー！獅堂ミナト！\n美味しいとこだけ持って行くなぁ！」		
「ユート！ちゃあんと持ってきたからね！\n私が！」		
「ありがとう。僕の女の子達。」		
「さあ、<ruby=あわ>哀</ruby>れな彼に真実の光を与えてやってくれ。」		
「さあ！観念しなさい！」		
「これがあなたの真の姿よ。」		
（<ruby=しどう>獅堂</ruby>と<ruby=たてがみ>盾守</ruby>は俺に巨大な鏡を向ける。）		
（そこに映し出されていたのは――――――）		
（――――オートマタの姿をした俺だった。）		
<Off><Character=メカユート>困惑4		
「お、俺がオートマタに\nなってるぅううううううーーーーーーッッ！！？？？」		
「なんじゃこりゃああああああーーーーーーーッ！！！！」		
「うわー。すっごい驚いてるねー。」		
「自分の<ruby=みにく>醜</ruby>さに耐えきれず<ruby=はっきょう>発狂</ruby>しているのよ。\n<ruby=あわ>憐</ruby>れね。」		
「っていうか、\nオートマタって普段鏡見ないのかしら。」		
「どうだ！これでも貴様はユートを<ruby=かた>騙</ruby>るというのか！」		
「どこからどう見ても貴様はオートマタ！\n私の弟、ユートではない！」		
<Off><Character=メカユート>悲しみ3		
「う……嘘だ……っ。」		
「嘘だ嘘だ嘘だ嘘だぁあああーーーッ！！！\nこんなの嘘だぁあああーーーーッ！！」		
「どうだい？自分の立場を理解したかい？」		
「君は昨日、公園で暴れた暴走オートマタ。\nそして僕こそが本物の川島ユートなんだ。」		
「そして、僕はこの学園の支配者でもある。」		
<Off><Character=メカユート>真顔		
「支配者……だと……？」		
「僕の女の子達。危ないから\n僕の側に居るんだよ。」		
サツキ達		
「私は川島くんの隣もらいー。」		
「ずるいっ！私がユートの隣よ！」		
「あなた風紀委員長でしょう？\n川島さんの隣は五月雨さんに譲りなさい。」		
「風紀委員長は関係ないでしょ！？\nっていうか、あんたこそちゃっかり\nユートの隣に陣取ってんじゃないわよ！」		
「ユート。あまりオートマタを刺激するな。\n何をしでかすかわからん。」		
<Off>ウインク		
「大丈夫さ。それに、僕が危なくなったら\nユリヒメが守ってくれるだろ？」		
「当然だ！私はお前の姉なのだからな！」		
「ば……馬鹿な……っ！\n学園アイドル達を<ruby=はべ>侍</ruby>らせ\nハーレムを<ruby=きず>築</ruby>いているだと……ッ！？」		
「わかったかい？これが支配だよ。\n川島ユート君？」		
<Off><Character=メカユート>片目5		
「………ッ！」		
「お前は……何者だ……ッ！」		
「僕はフェイリクス。\nかつて君にノエルを奪われたオートマタさ。」		
<Off><Character=メカユート>驚き2		
「オートマタ……だと……？」		
「そうさ。元々僕はオートマタ。\n今君が使っている機体の持ち主さ。」		
「君達に破壊され機能停止寸前だった僕に\n運の良い事に天の<ruby=めぐ>恵</ruby>みがあってね。」		
「君の人間の身体と、\n僕のオートマタのボディを交換させてもらったのさ。」		
<Off><Character=メカユート>怒り3		
「なんだと…ッ！\n俺の身体を入れ替えやがったってのか！？\n一体何が目的だッ！」		
「すべては川島ユート。\n君への復讐を果たす為。」		
「君が僕からすべてを奪った。\n僕の大切なもの。ノエルを奪っていったんだ。」		
「だから君にも僕が受けた苦しみを味わってもらうよ。」		
「この学園の人間達は\n僕の<ruby=マインドコントロール>精神干渉</ruby>によって支配している。\nこの女の子達も僕の思い通りに動く<ruby=こま>駒</ruby>さ。」		
「なに…ッ！？　テメェ…ッ！\nユリ姉に何をしやがった…ッ！？」		
「彼女達は僕に<ruby=ぜったいてきちゅうせい>絶対的忠誠</ruby>を誓うようにしてある。\nつまり僕への好感度はMAXってことさ。」		
「僕の女の子達。\n僕の事をどう思っているかな？」		
「川島くん。優しくて好きー。」		
「勿論。川島さんを愛しています。」		
「わ、私がユートの事を一番好きなんだからねっ！」		
「ユート。私はお前を<ruby=いと>愛</ruby>しく思う。\nお前の事は私が守る。」		
<Off><Character=メカユート>驚き3		
「あ……ああ…っ。ああ…っ！」\nう、嘘……だろ……！？」		
「ユ、ユリ姉……っ！\nお、俺のユリ姉が<ruby=ねと>寝取</ruby>られた……っ！！」		
「どうだい？ユート。\nこれが大切なものを奪われるって事さ。」		
「だけど、僕の気はまだまだこんなものじゃ収まらない。」		
「君を徹底的に叩き潰して\n二度と立ち上がれないように再起不能にしてあげるよ。」		
「そして復讐を<ruby=と>遂</ruby>げた時、\n僕はようやくノエルを取り戻す事が出来るんだ。」		
<Off><Character=メカユート>片目2		
「ノエル………？\n一体、何の事だ……？」		
「………この<ruby=ご>期</ruby>に<ruby=およ>及</ruby>んでまだシラを切る気か。\n僕は君のそういうところが憎くてたまらないのさ。」		
「ふっふーん。こんな事もあろうかと\n<ruby=いかるがけいさつ>斑鳩警察</ruby>を呼んでおいたわ！」		
「さあ！暴走オートマタ！\n観念してお縄に付きなさい！」		
「電話一本掛けただけで偉そうね。」		
「あんですって！？獅堂ミナト！」		
警察官A		
「<ruby=いかるがけいさつ>斑鳩警察</ruby>だ！」		
警察官B		
「そこのオートマタ止まりなさい！」		
（パトカーから二人の警官が現れ、\n俺を取り押さえようとする。）		
「ユ、ユリ姉…っ！\nお、俺は……っ！」		
「さあ。<ruby=ねんぐ>年貢</ruby>の<ruby=おさ>納</ruby>め<ruby=どき>時</ruby>だな！\n大人しくお縄に付け！暴走オートマタめ！」		
「――――――ッ！！」		
「違う……っ。\nこんなのユリ姉じゃない……っ。」		
「なに？」		
「俺のユリ姉は\nこんな事言わないんだああああああーーーーーッ！！！」		
「うわあああああああーーーーーーーっ！！！！」		
（俺はユリ姉を偽物野郎に寝取られたショックで\n脳が破壊され、\n居ても立っても居られずこの場から逃げ出した。）		
「敵に背を向けて逃げるか！\n卑怯者め！」		
「わあ。結構足速いねー。」		
「<ruby=ひせんとうがた>非戦闘型</ruby>とはいえ<ruby=だいにせだいがた>第二世代型</ruby>のオートマタだ。\n基本スペックは<ruby=じょうじん>常人</ruby>を上回る。」		
「さすがユート！\nオートマタに詳しいわね！」		
「あなたが<ruby=むち>無知</ruby>なだけよ。\n盾なんとかさん。」		
「誰が盾なんとかだ！\n私は<ruby=たてがみ>盾守</ruby>アメリアって名前があんのよ！」		
「ふふっ。無様に逃げ<ruby=まど>惑</ruby>うがいい川島ユート。」		
「どこへ逃げようと必ず見つけ出し\nじわじわとなぶり殺しにしてあげるよ。」		
<Off><Character=メカユート>悲しみ		
「さあ。年貢の納め時だな！\n大人しくお縄に付け！暴走オートマタめ！」		
「あ、あああ……っ。\nユ、ユリ姉……っ。」		
「ど、どうして……っ。\nどうして俺以外のやつに<ruby=ねと>寝取</ruby>られちまうんだよ…っ。」		
「こんなところで何やってんスか。川島さん。」		
<Off><Character=メカユート>驚き		
「………誰だ？」		
（聞き覚えた声がしたので顔を上げると\nそこには見覚えのあるやつが立っていた。）		
（そうだ。確かこいつは………。）		
「………ノヴァ。」		
「自分の身体が奪われてオートマタにされたっていうのに\nユリせんせーの事ばかり気にしてるなんて\n川島さんらしいッスね。」		
「………お前、俺が川島ユートだってわかるのか？」		
「そりゃあ、川島さんの事は<ruby=こんぱく>魂魄</ruby>でわかるッスから。\nどんな姿をしていても川島さんは川島さんッスよ。」		
「……お前もどうせフェイリクスに洗脳されてんだろ。\n俺を捕まえに来たのか？」		
「さすがにあんな事があったから<ruby=ぎしんあんき>疑心暗鬼</ruby>になるのは\nわかるッスけど、もっと自分を信用して欲しいものッスね。」		
「忘れたんスか？自分は<ruby=だいさんせだいがた>第三世代型</ruby>のオートマタッス。\nフェイリクスの洗脳は人間にしか効果が無いッス。」		
「つまり、自分は川島さんの味方って事ッスよ。」		
「ノヴァ……俺はどうすればいい。\nどうすれば<ruby=ねと>寝取</ruby>られたユリ姉を\n<ruby=ねと>寝取</ruby>り返す事が出来るんだ。」		
「……何で普通に奪い返すって言えないんスかね。\n寝取り返す必要は無いでしょうよ。」		
「それに<ruby=しどう>獅堂</ruby>かいちょーや<ruby=たてがみ>盾守</ruby>パイセンも\n洗脳されてるッスけどそっちについては一切言及無いのが\nラブコメ主人公として心配になるムーブッスね。」		
「川島さん。\n自分達と交わした誓いを忘れてしまったんスか？」		
「………誓い？」		
「<ruby=むげんつくよみ>夢幻月読</ruby>を<ruby=だは>打破</ruby>する為に\n学園アイドルを攻略するって誓ったじゃないスか。」		
<Off><Character=メカユート>真顔2		
「………そんなものはもう無理だ。」		
「学園アイドルは皆、\nフェイリクスに洗脳されちまって\n好感度ＭＡＸのハーレム状態だ。」		
「もう全員フェイリクスに攻略されちまってんだよ。\nユリ姉含めてな。」		
「こんな機械の身体にされちまった俺じゃ\nもうどうしようもねえ。」		
「だからあの誓いは忘れて――――」		
「ヘタレクソ<ruby=やろうせいさい>野郎制裁</ruby>ぱーんちッ！」		
<Off><Character=メカユート>片目4		
「いってえええええーーーッ！！」		
「いきなり何しやがんだッ！\nノヴァッ！」		
「いや待て……、\n機械の身体なのに何故痛みを感じるんだ…？」		
「今のパンチはただのパンチではないッス。」		
「自分の<ruby=たましい>魂</ruby>を乗せたソウルパンチ。\nそれは川島さんの<ruby=こんぱく>魂魄</ruby>に<ruby=ダイレクトアタック>直接攻撃</ruby>をキメる。」		
「だから、オートマタのボディは痛みが無くても\n<ruby=こんぱく>魂魄</ruby>が、魂が痛みを感じているッス。」		
<Off><Character=メカユート>困惑2		
「な……なるほど、わからん。」		
「いいですか川島さん。\nやる前から無理とか無駄とか、言い訳付けて\n諦めるのはよくないッス。」		
「何故やる前から諦めるんスか？」		
<Off><Character=メカユート>困惑3		
「いやだって、この状況じゃ…っ！」		
「だってもヘチマも無いッス！」		
「このままユリせんせーを…自分のお姉ちゃんが\nフェイリクスの彼女にされてメロメロしているのを\n指をくわえて見ているってんですか？」		
「そ、それは……ッ！！」		
（俺がノヴァに言い返そうとした時、\nどこからともな<ruby=どうろひょうしき>道路標識</ruby>のポールが壁に突き刺さった。）		
「な、なんじゃこりゃあッ！？」		
「見つけたわよッ！暴走オートマタッ！」		
「あ、盾守パイセンだ。」		
「な…っ！\nなんであんたがここに居るのよノヴァ！」		
「忘れてたんスか盾守パイセン。\n自分は<ruby=しんしゅつきぼつ>神出鬼没</ruby>。どこにでも現れるという事が。」		
「ま、まぁ確かに\nあんたはどこにでも<ruby=わ>湧</ruby>いて出るわよね。」		
<Off><Character=メカユート>困惑		
「なんかゴキブリみたいだな。」		
「うわ。失礼な言い方ッスねー。\nノヴァちゃんの好感度が５ポイント下がったッスよ。」		
「好感度の増減を\n自分から報告するヒロインとか珍しいな。」		
「まぁいいわ！」		
「ユートが直々に私に暴走オートマタを始末するように\n命令してくれてね。」		
「あんたを倒す為に\nこのオートマタを貸してくれたってわけよ！」		
<Character=オートマタA>		
「目標確認。<ruby=かたばん>型番</ruby>を<ruby=しょうごう>照合</ruby>。\nターゲットを<ruby=サイファー>CIPHER</ruby>-09と確認。」		
「戦闘モードに移行します。」		
「なんだあのオンボロオートマタは……。」		
「オンボロオートマタって言うなぁっ！\nユートが私の為に貸してくれたオートマタなんだから！」		
「川島さん。確かにオンボロッスけど\n油断しない方がいいッス。」		
「知っているのか？ノヴァ。」		
<Off>怒り2		
「基本ボディは<ruby=ていこくじゅうこうせい>帝国重工製</ruby>・<ruby=だいいちせだいがたせいそうさぎょうよう>第一世代型清掃作業用</ruby>オートマタ。\n<ruby=カンタダ>KANDATA</ruby>-Type-β……ッスけど戦闘用にカスタムされてるッスね。」		
「ふっふっふ。その通り。\n見た目はオンボロでもパワーは\n<ruby=ぐんじよう>軍事用</ruby>オートマタにも<ruby=ひってき>匹敵</ruby>する程のものよ。」		
「この超パワーであんたをスクラップにしてあげるわ！」		
「く…っ！じょ、冗談じゃねえ…っ！\nこんなところで死んでたまるか！\n俺は逃げるぜ…っ！」		
「ちょ、川島さん。\nどさくさに<ruby=まぎ>紛</ruby>れて\n死亡フラグ立てないでくださいッス。」		
「うるせー！じゃあどうしろってんだよ！」		
「もちろん、戦って勝つんスよ。\n<ruby=せいせいどうどう>正々堂々</ruby>と正面から。」		
<Off><Character=メカユート>笑顔		
「な、なるほど…！\n確かにお前は<ruby=だいさんせだいがた>第三世代型</ruby>のオートマタ…！\nあのオンボロより新型だ！勝ち目はあるって事か！」		
「く…っ！ノヴァ…っ！\nまさかこの私と戦おうというの…！？」		
「いや、戦うのは自分では無いッス。」		
ユート／アメリア		
<Off>驚き4		
「は？」		
「戦うのはこのオートマタッス！」		
（ノヴァは俺を指差し<ruby=たんか>啖呵</ruby>を切る。）		
「お、俺が戦うのかよおおおおおおーーーーッ！！？？」		
「いや、相手がオートマタなんだから\nこちらもオートマタをぶつけるのが\n正式ロボトルじゃないッスか。」		
「いや、ロボトルとか言うな！色々危ないワードだ！\nっていうかお前もオートマタじゃねぇかッ！」		
「いいわ。面白い。\nその勝負乗った！」		
「いや、お前も乗るなよ！」		
「どちらがオートマタの<ruby=そうじゅう>操縦</ruby>が上手いか\n<ruby=しろくろ>白黒</ruby>つけるわよ！ノヴァ！」		
「いいですとも！」		
「何でお前らで勝手に盛り上がってんだよ！」		
アメリア／ノヴァ		
「いざ<ruby=じんじょう>尋常</ruby>に――――――！」		
「――――――<ruby=きこうしょうぶ>機巧勝負</ruby>ッ！」		
（盾守とノヴァは息を合わせて戦いの<ruby=のろし>狼煙</ruby>を上げる。）		
「え？何今の掛け声？」		
「さあ行くわよ！カンタダ！\nあの暴走オートマタに\nあんたのパンチをお<ruby=みま>見舞</ruby>いしてやんなさい！」		
「了解。戦闘を開始します。」		
（カンタダは駆け出し、\nこちらに<ruby=とっしん>突進</ruby>してくる…！）		
「く、来るぞ！\nど、どうするんだノヴァ！？」		
「当然迎え撃つ！」		
「行けえっ！メタビー！\n<ruby=はんのうだん>反応弾</ruby>だ！」		
「誰がメタビーだっ！\nっていうか<ruby=はんのうだん>反応弾</ruby>ってどうやって使う――――」		
（ノヴァの謎の指示にあたふたしていると\nカンタダの右ストレートが<ruby=がんめん>顔面</ruby>にヒットした。）		
「ぐえええええーーーーッ！！！」		
「よし！クリーンヒット！」		
「あ、今調べたらこの機体。\n何も武器付いてないッスね。」		
「おいノヴァぁあああッ！！\n適当な事言ってんじゃねー！」		
「武器もねーのにどうやって戦うんだよッ！！」		
「武器ならある！」		
「どこに！？」		
「<ruby=おのれ>己</ruby>の<ruby=こぶし>拳</ruby>ッス！」		
「ふざけんな！」		
「ふんっ。チームワークがまるでなってないわね。\nそんなんじゃ私達には勝てないわよ！」		
「行けカンタダ！トドメよ！\nあいつの頭部を潰しなさい！」		
「川島さん。ヤツは頭を狙ってくるッスよ。」		
「いや知ってるよ！？\n盾守が馬鹿デカい声で指示してたからね！？」		
「目標補足、<ruby=しょうじゅんてっきとうぶ>照準敵機頭部</ruby>。\n左腕アイアンフィスト<ruby=しゃしゅつ>射出</ruby>。」		
（予想通り、カンタダは俺の頭部目掛けて\n左ストレートを繰り出してくる。）		
（俺はすかさずしゃがんで拳を回避し――――）		
（カウンターのアッパーカットを\nカンタダの顔面に叩きこんだ。）		
「……頭部……損傷率１００％……。\n機能……停止……。」		
「な……っ！\nわ、私のカンタダを倒した……っ！？」		
「―――――作戦通り。」		
（ノヴァはキメ顔でVサインを出しているが、\nもちろんこいつは何もしていない。）		
「私が……<ruby=きこうしょうぶ>機巧勝負</ruby>で負けた……？」		
「そんな……せっかくユートからもらったカスタム機を……っ！\nこんな<ruby=しんざんもの>新参者</ruby>の奴等に……っ！」		
「<ruby=きこうしょうぶ>機巧勝負</ruby>の勝敗は\n機体の性能で決まるものでは無いッス。」		
「機体の性能じゃなかったらなんだっていうのよっ！」		
「勝敗は決めるのは、<ruby=マイスター>操縦者</ruby>とオートマタの熱い魂ッ！\n互いの<ruby=こんぱく>魂魄</ruby>が性能を<ruby=りょうが>凌駕</ruby>するッ！」		
「馬鹿な…っ！\nオートマタに魂なんてあるわけないじゃない…っ！\nあいつらはただの機械なのよ…っ！」		
「もしそう思ってるのなら、\n盾守パイセンは我々に一生勝てない。」		
「――――――ッ！」		
「ふざけんな……っ。」		
「覚えてなさいよ！あんた達！\nこの借りは必ず返してやるからねっ！」		
「バーカバーカ！」		
（盾守は小学生みたいな捨て<ruby=セリフ>台詞</ruby>を<ruby=は>吐</ruby>くと\n<ruby=いちもくさん>一目散</ruby>に逃げだしていった。）		
「ははは。<ruby=おととい>一昨日</ruby>きやがれー。」		
（そして、逃げていく盾守に向かって\n小学生のように<ruby=あお>煽</ruby>り返すノヴァであった。）		
「いやー。まさに我々の<ruby=ちえ>知恵</ruby>と<ruby=ゆうき>勇気</ruby>で\n掴み取った大勝利でしたなー。」		
「だからお前は何もして………、」		
「あ……れ………？」		
（まったく戦闘の役に立ってないノヴァに\n文句の一つでも言ってやろうとしたその時、）		
（俺の意識は遠のき、そのまま地面に倒れ込んだ。）		
「機体損傷率９０％オーバー。稼働限界です。\n直ちに緊急停止状態に移行します。」		
「…………うっ。」		
「こ、ここは………？」		
「目が覚めたようだな。川島。」		
「お前は……<ruby=かげやま>影山</ruby>……だったか。」		
「ああ。そしてここは<ruby=せいおうがくえん>聖皇学園</ruby>の科学室。\n私の研究所でもある。」		
「君は<ruby=たてがみ>盾守</ruby>との<ruby=きこうしょうぶ>機巧勝負</ruby>の後、\n機体の<ruby=ちくせき>蓄積</ruby>されたダメージが稼働限界を越え\n機能停止に至ったのだ。」		
「ユリヒメの斬撃に加え、\nカンタダのアイアンフィストをまともに受けたのだ。」		
「非戦闘型の<ruby=サイファー>CIPHER</ruby>-09では機体が持たないだろう。」		
「ゆえに１３号に君をここへ運ばせ、\n私が修理をしたというわけだ。」		
「えっへん。感謝してもらおう。」		
（何故かノヴァは得意げに胸を張っていた。）		
（……そうだ。俺は確か。）		
「そうさ。元々僕はオートマタ。\n今君が使っていてる機体の持ち主さ。」		
「君達に破壊され機能停止寸前だった僕に\n運の良い事に天の恵みがあってね。」		
「ユ、ユリ姉……っ。\nうう……っ。どう……して……っ。」		
「どうして……俺以外のヤツに\n寝取られちまったんだよぉおおおーーーッ！！！\nうわあああーーーーーーんッ！！！」		
「いかん。川島の<ruby=かんじょうせいぎょきこう>感情制御機構</ruby>に異常を検知。\n一体、何に動揺しているというのだ。」		
「あーあ。ユリせんせー取られたの\n思い出しちゃったッスねー。」		
「なるほど。\n攻略対象のヒロインをライバルに奪われる事で\n<ruby=しっと>嫉妬</ruby>や<ruby=しょうしん>傷心</ruby>をするというやつか。」		
「確かに我々のバイブルである恋愛シミュレーションゲームでも\n<ruby=バッドエンド>BADEND</ruby>へのルートだとそういった展開も起こり得る。」		
「川島にとって今のこの状況がBADENDへと向かう\n絶望的な状況という事か。」		
「しかし、攻略対象は学園アイドルの５人のはず。\nなぜ獅堂や盾守には反応せずユリヒメにだけ\n精神的ダメージが発生するのだ？」		
「そりゃ、川島さんが重度のシスコンだからッスよ。\nもの心付いた時からお姉ちゃんお姉ちゃんってベタベタしてりゃ\nこういう面倒臭い事になるんスよ。」		
「そうか。これは川島の心の<ruby=やまい>病</ruby>という事か。」		
「ええ。もはや手遅れで治療は不可能ッスけどね。」		
<Off><Character=メカユート>片目3		
「……お前ら。人がこんなにも\n傷つき落ち込んでるというのに\n<ruby=われかん>我関</ruby>せず言いたい放題言いやがって。」		
「少しは優しい言葉の一つでも\n掛けてくれてもいいんじゃねーの？」		
「川島さん。そうやって弱音を吐いて泣き叫んで\n誰かに<ruby=なぐさ>慰</ruby>めてもらおうとしてるの\nカッコ悪いと思わないんスか？」		
「何故自分自身で立ち上がり、\nあのフェイリクスからユリせんせーを取り戻そうとしないんスか？\nそれでも男ッスか？」		
<Off><Character=メカユート>片目		
「……おいおい説教かよ。\nやめてくれよ。俺は被害者だぜ？」		
「あの偽物野郎に身体を乗っ取られて、\nこんな機械の身体にされちまってよ。」		
「<ruby=あげく>挙句</ruby>の果てには俺の身体を使って\nユリ姉を寝取り、イチャイチャパラダイスを\n見せつけてきやがるんだ。」		
「こんなにも不幸な事があるか？\n一体、俺が何したっていうんだよ。\n泣きっ<ruby=つら>面</ruby>に<ruby=はち>蜂</ruby>とはまさにこの事だ。」		
「俺のライフポイントは既にゼロ。\n心も身体も脳も破壊された。」		
「そんな死に<ruby=たい>体</ruby>の俺に対して根性無しと<ruby=ののし>罵</ruby>るのか？\n血も涙もねーな。お前は。\n死体蹴りもいいところだぜ。」		
<Off><Character=メカユート>怒り2		
「あーあ。なんで今俺の側に居るのが\nよりによってノヴァなんだよ。\nユリ姉だったらどんなによかった―――――、」		
（どうしようも無い<ruby=いきどお>憤</ruby>りをぶつけていると\n<ruby=とつじょ>突如</ruby>ノヴァの<ruby=てっけん>鉄拳</ruby>が顔面に直撃した。）		
（<ruby=ぜんしんこうてつ>全身鋼鉄</ruby>の俺の身体は\nゴムボールのように弾け飛び\n科学室の壁に勢いよく突っ込む。）		
「頭部損傷率６５％。\n<ruby=えんざんのうりょくていか>演算能力低下</ruby>。<ruby=しかくしょうがいはっせい>視覚障害発生</ruby>。」		
「テ、テメェ、ノヴァッ！！\nいきなり何しやがるッ！！」		
「俺の身体がオートマタじゃなかったら\n今頃、頭がポップコーンみてーに<ruby=はれつ>破裂</ruby>してたぞッ！？」		
「川島さん。\n今あんたは一番言っちゃいけない事を言ったッス。」		
「今のは<ruby=しつげん>失言</ruby>だな。川島。\nあれをヒロイン相手に言えば確実に<ruby=なかたが>仲違</ruby>いが発生し、\n最悪BADEND直行だ。」		
「しかし、好感度が高い状態であれば\n関係悪化はむしろ<ruby=こうき>好機</ruby>。関係修復した際に\nより大きく仲を深める重要イベントでもある。」		
「だが、こんな序盤で、\nしかも正統派ヒロインとは程遠い13号相手に\n失言するのは<ruby=あくしゅ>悪手</ruby>としか言いようがないぞ。」		
「……何で俺はこの<ruby=じょうきょうか>状況下</ruby>で\nギャルゲーの<ruby=しなん>指南</ruby>を受けてるんだ。」		
「他のヒロインであれば、今の一言で怒ったり泣いたり\nそれはもう川島さんに<ruby=ばりぞうごん>罵詈雑言</ruby>を浴びせて\n<ruby=はだし>裸足</ruby>で逃げ出す事でしょう。」		
「いや、いきなりぶん殴ってきたんだから\n相当怒ってるよね？」		
「ですが、自分は<ruby=かんだい>寛大</ruby>な心を持つ大人な女性ッス。\n今の一発でチャラって事にしておいてやるよ。」		
「……なんで急に上から\n目線で許されたんですかね。俺。」		
「いいッスか。川島さん。」		
「確かに今の川島さんの<ruby=きょうぐう>境遇</ruby>はフルボッコで\n打ちのめされ、オーバーキル状態。\n誰かに同情されたくなる気持ちもわかるッス。」		
「それでも、だからこそ\nそんな辛い現実から目を<ruby=そむ>背</ruby>けず\n自分の足で立ち上がらなければならないんス。」		
「なぜなら、\nフェイリクスは川島さんを明確に敵視しているから。」		
「川島さんの身体を乗っ取り、\n川島さんの大切な人達を奪った。」		
「それは川島さんに対して\n今この状況において考えうる最大のダメージを与え\n<ruby=しんしんとも>心身共</ruby>に破壊する為。」		
「ヤツの狙いは川島さんなんス。\nだからこそ川島さん自身がフェイリクスと立ち向かい\n奴を倒さなければ一生ユリせんせー達は元に戻らない。」		
「<ruby=こく>酷</ruby>な事を言ってるって事はわかってるッス。\nそれでも立ち上がって欲しい。\nそしてフェイリクスと戦ってくださいッス。」		
（いつもヘラヘラして雲の掴みどころがないノヴァだが\n今日のノヴァは一味違う。）		
（この絶望的な状況を冷静に分析した上で\n自分の中での答えを<ruby=みちび>導</ruby>き出し\n真剣な<ruby=まなざ>眼差</ruby>しで俺に問いかける。）		
（弱音も<ruby=ごまか>誤魔化</ruby>しも効かないノヴァの\n真剣な<ruby=たたず>佇</ruby>まいを目の当たりにし\n俺はいつになく冷静になる事ができた。）		
（自分が今何をすべきか考えられるほどに。）		
（―――――――そして、<ruby=けつだん>決断</ruby>する。）		
「………なるほどな。」		
「つまり、フェイリクスをぶっ飛ばさない限り\n俺の身体もユリ姉も帰って来ないって事だろ？」		
「<ruby=さよう>左様</ruby>。」		
「だったら、答えは一つだ。」		
「――――――フェイリクスをぶちのめす。」		
「――――――俺とユリ姉の青春を取り戻す為に。」		
「……言えたじゃねぇか。」		
「それでこそ川島さんッス。」		
「一応補足しておくが、\n学園アイドルはユリヒメだけではない。\n獅堂や盾守の奪還も忘れないでおいてもらおう。」		
「フェイリクスは今、生徒会室に居るようだ。」		
「奴は生徒会長の<ruby=しどう>獅堂</ruby>を洗脳し\n<ruby=せいおうがくえん>聖皇学園</ruby>の<ruby=じっしつてきさいこうけんりょくしゃ>実質的最高権力者</ruby>に<ruby=くんりん>君臨</ruby>している。」		
「いまやこの学園は\nフェイリクスに支配されてるって事ッスね。」		
「支配されてると言いつつ、\nこの科学室はモロ聖皇学園の<ruby=しきちない>敷地内</ruby>にあるんだけど。」		
「大体、影山だって人間の癖になんで\nフェイリクスに洗脳されてねーんだよ。」		
「この科学室は<ruby=ちがいほうけん>治外法権</ruby>だ。\nそして、三流オートマタであるフェイリクス<ruby=ごと>如</ruby>きの\n<ruby=マインドコントロール>精神干渉</ruby>ではこの私を洗脳出来はしない。」		
「………なんかよくわかんねーが\nお前には洗脳が効かないって事か。」		
「よーし。川島さん。\n早速、フェイリクスの居る生徒会室に\nカチコミに行くとしようぞ。」		
「え？いきなりラスボスに最終決戦仕掛ける感じ？」		
「ほら、よく言われるじゃないッスか。\nRPGの序盤で魔王が勇者を倒せば\n速攻物語が終わってしまうってアレ。」		
「ゲーム開始時のレベルの低い勇者なら\nすぐに倒せてしまうのに何故魔王は攻めに来ないのか。\nRPG最大の謎だな。」		
「そいつを逆手にとって\nフェイリクスに奇襲を掛けるんスよ。」		
「なるほど。今のレベルの低いフェイリクスなら\n最大の好機というわけか。」		
「いや、ちょっと待て。\nお前らフェイリクスが勇者の前提で喋ってるけど\n本当は俺らが勇者側なのでは？」		
「甘いッスね。川島さん。」		
「――――――最後に勝ったものこそが勇者ッス。」		
「<ruby=しんり>真理</ruby>だな。」		
「じゃあ、結局俺らが勇者になっちゃうじゃねーか。」		
「<ruby=し>四</ruby>の<ruby=ご>五</ruby>の言ってないで早く行くッスよ。\nこれがラストバトルッス。」		
「川島。これまでお前が<ruby=つちか>培</ruby>ってきたもの\nすべてを奴にぶつける時が来た。\nこの戦いに勝利しこの学園に平和を<ruby=もたら>齎</ruby>すのだ。」		
「こんな序盤でそんな<ruby=クライマックス>最終局面</ruby>みたい台詞聞かされても\n全然入って来ないんだけど。」		
「エンディングまで、泣くんじゃない。」		
「おいやめろ。そのキャッチコピーはあぶない。」		
「フェイリクスは\nこの扉の向こうの生徒会室に居るッス。」		
「準備はいいッスか？川島さん。」		
「おう。ここまで来たからには\nとことんやってやるぜ。」		
「ふっ。ついに吹っ切れたッスね。\nその意気ッス。」		
「では、突入ッ！」		
「オラァッ！！\n<ruby=ねんぐ>年貢</ruby>の<ruby=おさ>納</ruby>め時だぜッ！フェイリクスッ！！」		
（俺が勢いよく扉を<ruby=けやぶ>蹴破</ruby>り突入するとそこには――――）		
「はい。川島くん。あーん。」		
「あーん。もぐもぐ。」		
「どう？家庭科の授業で作ったプリンなんだけど。\n美味しい？」		
「とても美味しいよ。\n料理が上手なんだね。サツキ。」		
「あぁっ。ずるいっ。\n川島さんっ。私も作ったから食べて食べて。」		
「はあ！？　あんた料理ドヘタクソなんだから\nそんな危険物ユートに食べさせないでよね！\n獅堂ミナトッ！」		
「チッ。川島さんから特注のオートマタを借りておいて\n無様に負けて帰って来た負け犬が何か言ってるわね。」		
「ああ！？誰が負け犬だって！？\nあ、あの時はちょっと油断しただけよッ！\n次は必ず勝つわッ！」		
「どうして負け犬って\nこんなにもよく吠えるのかしら。」		
「あんですってぇえええ～～～ッ！！\n獅堂ミナトぉおおおーーーーッ！！」		
「おい、やめんか二人とも。\nユートの前ではしたない。」		
「せっかくのユートとの\nふれあいの時間だというのに\n大人しく出来んのか。」		
「ユリ先生っ！だってこいつが！」		
「やれやれ。すまんなユート。\nウチの生徒が<ruby=そそう>粗相</ruby>をして。」		
「なに。ユリヒメのせいじゃないよ。」		
「ユリヒメはいつも<ruby=せいいっぱい>精一杯</ruby>生徒の為に頑張ってる。\nそれは僕も理解してるつもりさ。」		
「……ユート（きゅん）」		
（フェイリクスの浮ついた<ruby=ぎぜん>偽善</ruby>だらけの言葉に\nユリ姉は頬赤らめる。）		
「おいテメエエエエッ！！\nユリ姉を寝取ろうとしてんじゃねぇえええーーーッ！！！」		
「大丈夫ッスよ。川島さん。\nユリせんせーは既に寝取られてるッス。」		
「何も大丈夫じゃねぇだろうがッ！！」		
「なっ！あんたはいつぞやの\n暴走オートマタッ！何故ここにッ！」		
「いや気づけよッ！」		
「<ruby=たてがみ>盾守</ruby>パイセン。\n暴走オートマタという呼び方は正しくない。」		
「このオートマタには\nメカワシマという名前があるんスよ。」		
「メ……メカワシマ……？」		
「あはは。メカワシマだって。\nおっかしー。」		
「なにわろてんねん。」		
「いやちょっと待て。\nメカワシマって名前はどっから来た？」		
「メカ<ruby=かわしま>川島</ruby>。略してメカワシマ。」		
「……ダッセェー。\nそれだったらこの機体の型番である\n<ruby=サイファー>CIPHER</ruby>でよかったのでは。」		
「で、そのメカワシマとやらは一体何用ですか？\nここは川島さんと私の愛の巣ですよ？」		
「なっ！なんであんたとユートだけなのよッ！\n私も居るんだから私達の愛の巣でしょうがッ！」		
「……突っ込むとこそこなんだ。」		
「ユート。下がれ。\nあのメカワシマは危険だ。\nこの私が相手をする。」		
「大丈夫だよ。ユリヒメ。\n僕に任せてくれ。」		
「おいテメェ…ッ！\nなに馴れ馴れしく\nユリ姉を呼び捨てにしてんだ殺すぞッ！」		
「この無礼者がッ！\nユートになんて口の聞き方をする！」		
「ここはユートに<ruby=めん>免</ruby>じて<ruby=がまん>我慢</ruby>してやるが\n普段なら<ruby=そっこく>即刻</ruby>首を落としてるとこだぞ！」		
「うわあぁああーん……ユリ姉ェ～～っ。\n俺がユートなんだよぉおお……っ。」		
「おいメカワシマしっかりしろ。\n宿敵を前にして勝手に脳を破壊されるんじゃない。」		
「やあ。ノエル。\n君の方からわざわざ足を運んでくれるなんて\n僕に会いに来てくれたのかい？」		
「人違いじゃないッスか？\n自分は<ruby=きこういん>機巧院</ruby>ノヴァッス。\nノエルなんて人物ではない。」		
「いや、君はまぎれもなくノエルだ。」		
「僕にはわかる。君の<ruby=こんぱく>魂魄</ruby>が\nオートマタのボディを通してノエル本人である事を\n僕に教えてくれるのさ。」		
「僕は君の事を一度たりとも忘れた事は無かった。\n常に君の事を想い続けている。」		
「だというのに君は僕の事を忘れてしまったのかい？」		
「あいにくあんたなんか知らないッスね。」		
「なるほど。やはり<ruby=こんぱく>魂魄</ruby>をコピーした際に\n元の情報が<ruby=けつらく>欠落</ruby>してしまっているのか。」		
「けれど、オートマタは<ruby=かんぜんきおくりょういき>完全記憶領域</ruby>を<ruby=ほゆう>保有</ruby>する。\n忘れるなんて事はあり得ないのさ。\n人間と違ってね。」		
「君の<ruby=こんぱく>魂魄</ruby>に刻み込まれた記憶は消える事は無い。\nだから、思い出せてあげるよ。\n僕達二人だけの思い出を。」		
「おい。ノヴァ。あいつお前の元カレなの？\n相当キモい事言ってんぞ。」		
「は？そんなわけねーだろ。\n今度言ったらぶっ殺すぞ。」		
「え、ちょ。\n何でガチギレしてんの？」		
「ふむふむ。\nなんだかワケありみたいだねー。」		
「な、なによノヴァのやつ…！\nユートと二人で秘密の関係を\n構築していたというわけ…っ！？」		
「くっ…。さすがは<ruby=きこういん>機巧院</ruby>さん。\nまんまと私達を出し抜いて\n川島さんとの仲を深めていたのね…っ。」		
「フェイリクス。あんたが訳の分からない事を言うせいで\nいらぬ誤解が生まれたじゃないッスか。\nどーしてくれんスか。」		
「やれやれ。記憶が欠落しているのは仕方無いとはいえ\n僕の事を忘れてしまうだなんて悲しいよ。ノエル。」		
「だが、君は必ず僕の元へと\n戻って来てくれると確信している。」		
「だからこそ、川島ユートのボディを手に入れたんだ。\n君はこの外見が気に入ってるそうじゃないか。」		
「どうかな？このボディは、\n君の好みに合わせてみたんだ。」		
「勘違いしては困るッスね。」		
「自分は別に川島さんの外見だけに\n<ruby=ひ>魅</ruby>かれたわけじゃないッス。」		
「川島さんが川島さんだから好きなんスよ。」		
（え？そうだったの？\nノヴァって俺の事、好きだったの？）		
（<ruby=とうとつ>唐突</ruby>なノヴァの告白に衝撃を受ける俺。\nどうやら俺が記憶喪失の間に\nノヴァのフラグを立てていたらしい。）		
（さすがは一級フラグ建築士の資格を持つ\nラブコメ主人公。\nやることはやってるな。俺。）		
（そしてそんな俺と<ruby=うらはら>裏腹</ruby>に\nフェイリクスは<ruby=うら>恨</ruby>めしそうに俺を睨みつける。）		
「やはり、川島ユートは殺さなければならないな。」		
「とても残念な事に僕のノエルは川島ユートに\n洗脳されてしまっているようだ。」		
「悪いな。俺はテメェみてーに洗脳しなけりゃ\n好きになってもらえないほど落ちぶれちゃいねぇ。」		
「ノヴァはただ純粋に俺に惚れてるのさ。\n俺への愛は本物。\n<ruby=こざいく>小細工</ruby>なんか最初から必要ねーんだ。」		
「………貴様。」		
「……川島さん。人がせっかく素直な気持ちを\n告白したのに何勝手に調子に乗ってんスか。\nマジで最悪なんですけど。」		
「あれ？何で逆に好感度下がってんの？\n俺なんかしちゃいました？」		
「決めたよ。やはり川島ユートは\n生かしておいてはいけない。\n君はノエルを<ruby=むしば>蝕</ruby>む<ruby=がいちゅう>害虫</ruby>だ。」		
「<ruby=がいちゅう>害虫</ruby>は<ruby=くじょ>駆除</ruby>しなくちゃあいけない。\nだから―――――――」		
「――――――僕は<ruby=きこうしょうぶ>機巧勝負</ruby>で君を殺す。」		
「ほー。オートマタの俺様に<ruby=なまみ>生身</ruby>で勝てないと悟り\nわざわざオートマタ同士の勝負を挑んできやがったか。」		
「<ruby=けんめい>賢明</ruby>な判断だよ。チキン野郎のお前にお似合いだ。」		
「貴様ッ！川島さんを<ruby=ぶじょく>侮辱</ruby>したなっ！」		
「そうよっ！ユートに謝りなさいよっ！」		
「うるせえっ！<ruby=がいや>外野</ruby>は黙ってろッ！」		
「なっ、なんですって…！？」		
「貴様…っ！私達を<ruby=がいや>外野</ruby>呼ばわりとは\n舐めてくれるな…ッ！」		
「あ、ごめん！ユリ姉に言ったんじゃないから！」		
「ユリ姉は<ruby=がいや>外野</ruby>どころか、<ruby=ないや>内野</ruby>、\nいや俺の専属マネージャーだから！\nだから怒らないで！ね？ね？」		
「……なんでユリせんせーが相手だと\nすぐヒヨるんスか。」		
「フェイリクス。\nお前が<ruby=きこうしょうぶ>機巧勝負</ruby>を仕掛けようと俺には関係ねぇ。」		
「……なんだって？」		
「何故なら俺がこの場でお前を潰せば<ruby=ゲームセット>試合終了</ruby>だからだ！」		
「死ねぇッ！フェイリクスッ！！」		
「なっ！あのクソオートマタッ！\n川島さんを直接狙いに来ただとッ！？」		
「くっ！間に合わないッ！」		
（先手必勝ッ！\n俺は奴の顔面目掛けて鋼鉄の拳を叩き込む…ッ！）		
（―――――だが、フェイリクスの顔面に\n叩きこまれるはずだった俺の右腕は切断され\n空中に舞い上がる。）		
「…………え？」		
「言ったはずだ。私はユートを守る。\n私の弟に<ruby=きがい>危害</ruby>を加えようとするなら容赦なく斬る。」		
（俺の鋼鉄の右腕は身体から切り離され\n<ruby=むざん>無残</ruby>にも地面に落ちる。）		
「あ……あああ……っ。」		
「な……無い……無いよ……っ。\nお、俺の……俺の腕が……っ。」		
「お、俺の王の右腕があぁぁ……ッ！！」		
「ちょっと川島さん、\nそのセリフも危ないんで気を付けてくださいよ。」		
「大丈夫か？ユート。怪我は無いか？」		
「ああ、大丈夫だよ。\n怪我は無い。ユリヒメが守ってくれたおかげさ。」		
「……そうか。よかった。」		
（ユリ姉はあろう事か偽物野郎の顔を\n自分の胸に押し当て抱きしめる。）		
「――――――――――ッ。」		
「おおー。ユリ先生<ruby=だいたん>大胆</ruby>ー。」		
「川島先生…っ。教師が生徒を抱きしめるだなんて\n<ruby=ハレンチ>破廉恥</ruby>ではなくて…！？」		
「そ、そうよっ！\n<ruby=ハレンチ>破廉恥</ruby>だわ<ruby=ハレンチ>破廉恥</ruby>っ！」		
「私とユートは<ruby=きょうだい>姉弟</ruby>なのだから\nこの程度はスキンシップの一種だ。\n別にやましい事はないよ。」		
「よしよし。\nお前はお姉ちゃんであるこの私が守ってやるからな。」		
（ユリ姉は偽物野郎を抱きしめながら\nその頭をよしよしと優しく撫でる。）		
（なんてこった…っ！そんなご<ruby=ほうび>褒美</ruby>プレイ、\n真の弟であるこの俺にもされた事がないのに…っ！）		
「あ……ああ…っ。ユ……ユリ姉……っ。\nそ、そんな……っ。」		
「………ふっ。」		
（そしてフェイリクスはユリ姉に抱きしめられながら\n俺に勝ち誇ったような笑みを見せる。）		
「――――――ッ！！？？」		
（こいつ……<ruby=わら>嗤</ruby>ってやがる。）		
（しまった罠だったんだ。\nこいつはわざと俺に見せつけるかのように\nユリ姉に抱きしめられている。）		
（こいつは、どんな事をすれば\n俺に<ruby=ちめいしょう>致命傷</ruby>を与えられるか<ruby=じゅくち>熟知</ruby>している。）		
（俺の目の前でユリ姉の心と身体を奪う事によって\n脳を焼き払おうとする策だったんだ。）		
（そしてフェイリクスのあの笑み。\nあれは<ruby=ゆえつ>愉悦</ruby>。すべての策が成った事に対する\n完全勝利の<ruby=ゆえつ>愉悦</ruby>。）		
（負けた。俺はフェイリクスに完全に負けた。\n俺は完全に、完璧に、ユリ姉を\nあの偽物野郎に奪われてしまったんだ。）		
「あ……あああ……っ。\nう…あ……っ。」		
「うわああああああああああーーーーーーーッ！！！！！」		
（脳を焼かれた俺は、フェイリクスに\n寝取られたユリ姉を<ruby=ちょくし>直視</ruby>出来ず、\nこの場から<ruby=だっと>脱兎</ruby>の如く逃げ出した。）		
「ちょ…っ！どこ行くんスか川島さーーーーんッ！！」		
「わあ。もう居なくなっちゃった。\n逃げ足はっやーい。」		
「卑怯者め…ッ！\n自分が不利になった事を<ruby=さと>悟</ruby>って\n<ruby=しっぽ>尻尾</ruby>を<ruby=ま>撒</ruby>いて逃げるだなんて…っ！」		
「あいつ…っ！逃がすか…っ！」		
「放っておきなよ。アメリア。」		
「ユート…ッ！でも…ッ！」		
「彼の心は今やズタボロ。\nどうせ何もできやしない。」		
「それに今追い詰めて\n完全に心を破壊してしまっても面白くない。」		
「こういうのはじわじわと時間をかけて\nなぶり殺しにするから<ruby=たの>愉</ruby>しいんだ。\nククク……。」		
「そ、そうか…！さすがユート！\nあったまいいー！」		
「そんな事もわからなかったの？\n一体、何の為に風紀委員長やってるのよ。\n盾なんとかさん。」		
「はあ！？私の理解力と\n風紀委員長は関係ないでしょうが！？\nっていうか盾なんとかって言うなッ！」		
「やれやれ。川島さん。\n右腕忘れていっちゃうし。」		
（ノヴァは、\nよいしょとユートの右腕を拾い上げる。）		
「それじゃ、自分はこれで失礼するッス。\nあでゅー。」		
「ばいばいー。またね。ノヴァ。」		
「また来てくれると嬉しいな。\nノエル。」		
「はいはい。また来ますよ。\nフェイリクス。今度こそあんたを倒す為にね。」		
「ふっ。好戦的な君も素敵だよ。」		
「あれから一週間か。」		
「川島は未だに出てくる気配は無いのか？」		
「ええ。あれ以来、\n隣の<ruby=いま>居間</ruby>に引きこもったっきり\nまったく出てくる気が無いッスね。」		
「なるほど。オートマタという性質上、\n人間の様に食事も睡眠も必要無い。\n<ruby=はんえいきゅうてき>半永久的</ruby>に引き込もれるというわけか。」		
「引きこもりと\nオートマタって<ruby=あいしょうばつぐん>相性抜群</ruby>だったんスねー。」		
「川島があそこまでダメージを受けるとはな。\nフェイリクスは三流オートマタとはいえ、\n<ruby=あなど>侮</ruby>れないという事か。」		
「<ruby=サイファー>CIPHER</ruby>シリーズの機体スペックは三流ッスけど\nフェイリクス自体はなかなかの策士ッスね。\n結構厄介な<ruby=から>搦</ruby>め<ruby=て>手</ruby>を使ってくるッスよ。」		
「<ruby=たんさいぼう>単細胞</ruby>で<ruby=ちょとつもうしん>猪突猛進</ruby>な川島とは相性が悪いか。」		
「だが、それを<ruby=おぎな>補</ruby>って有り余る程、\n川島の機体の改修は行っていたはずだが、\nそれでも相手の方が上なのか？」		
「いやまぁ、川島さんが打ちのめされてるのは\n別に<ruby=きこうしょうぶ>機巧勝負</ruby>に負けたとかは一切無くて。」		
「目の前で寝取られたユリせんせーを見せつけられた\n精神的ダメージによって引きこもりになってるだけなんスよ。」		
「なるほど。<ruby=こんぱく>魂魄</ruby>に<ruby=ダイレクトアタック>直接攻撃</ruby>を仕掛けてきたか。\nそれは川島にとっての大きな弱点。\n最も<ruby=ゆうこうだ>有効打</ruby>となり得る手段といえる。」		
「―――――『<ruby=せいしんこうげき>精神攻撃</ruby>への<ruby=たいこう>対抗</ruby>』。\nこれこそが我々が『<ruby=げっこうけいかく>月光計画</ruby>』を<ruby=かんすい>完遂</ruby>する上で\nもっとも難しい課題となるだろう。」		
「まぁ、そのせいであっちの世界で\nあの<ruby=けんまりゅう>剣魔竜</ruby>に大負けしてるッスからねぇ。」		
「生身ならまだしも\n<ruby=こんぱく>魂魄</ruby>への<ruby=ダイレクトアタック>直接攻撃</ruby>を持つ相手との\n対抗手段は今の川島達には存在しない。」		
「だからこそこんな大掛かりな舞台を用意し\n『<ruby=げっこうけいかく>月光計画</ruby>』を<ruby=りつあん>立案</ruby>したのだ。」		
「『<ruby=げっこうけいかく>月光計画</ruby>』が失敗すれば人類に未来は無いッスからねぇ。」		
「そうだ。もはや人類が\n生き残る手段は『<ruby=げっこうけいかく>月光計画</ruby>』のみ。\nこれこそが我々に残された最後の希望というわけだ。」		
「しかし、川島があの状態では\n学園アイドル<ruby=だっかん>奪還</ruby>が<ruby=いっこう>一向</ruby>に進まない。」		
「これでは<ruby=むげんつくよみ>夢幻月読</ruby>の<ruby=だは>打破</ruby>も夢のまた夢だ。\nなんとかならないものだろうか。」		
「そーッスねぇ。\nちょっと様子を見てくるッス。」		
「川島さーん。\nいつまで引き込もってるんスかー。\n早く出て来てくださいよー。」		
（自分が科学室の隣に<ruby=へいせつ>併設</ruby>された居間に入ると\n川島さんは体育座りの<ruby=かっこう>恰好</ruby>で\nテレビに釘付けになっていた。）		
「やだ。」		
「ちょ、やだって何スか。」		
「男も女も誰も信じられないから。\n外に出たくない。」		
「あちゃー。まだあかんかー。」		
「俺が信じられるのはザクロちゃんだけ。」		
「ザクロちゃんは、ザクロちゃんだけは\n俺を裏切らないんだ。」		
（川島さんは自分の方を一切見ようとせず\nテレビに映し出される\n可愛い女の子が出てくるアニメを見ていた。）		
（この真ん中の<ruby=まほうしょうじょ>魔法少女</ruby>っぽい女の子が\nザクロちゃんなのだろう。）		
「……そのアニメまだ見てるんスか？\nつーか、一週間同じアニメ見続けるとか\nどんだけ長いんスか？」		
「『<ruby=まほう>魔法</ruby>アイドル・ザクロちゃん』。」		
「明るく元気で平凡な女子中学生ザクロちゃんが\n<ruby=こくよく>黒翼</ruby>の<ruby=しと>使徒</ruby>BQと契約を結び魔法少女となって戦う\nハートフルファンタジー作品。」		
「女児向けのアニメとは思えない\n熱くてシリアスでハードで感動的な描写は\n大きいお友達も<ruby=とりこ>虜</ruby>にした魔法少女アニメの<ruby=きんじとう>金字塔</ruby>。」		
「絶大なカルト的人気を誇り\nTV版はシーズン８まであって、劇場作品は３作品。\nスピンオフは２作品出ている。」		
「な、なげぇ……。」		
「なんならメディアミックスとして、\n漫画、小説、ボイスドラマ、ゲームと\n幅広く展開し、その総数１００作品は優に超える。」		
「いや、多い。多すぎるって。」		
「特に２作目の恋愛シミュレーションゲーム\n『魔法アイドル・ザクロちゃんⅡ～<ruby=こくよく>黒翼</ruby>の<ruby=しと>使徒</ruby>～』は、」		
「ザクロちゃんのゲーム作品の中でも<ruby=まんじょういっち>満場一致</ruby>の\n最高傑作であり、恋愛シミュレーションゲームとしても\n<ruby=さいこうほう>最高峰</ruby>とうたわれるほどの名作だ。」		
「あ、やべぇ。\nなんかスイッチ入っちゃった。\nめっちゃ喋るじゃん。」		
「基本のストーリーラインはザクロちゃん原作アニメの\nシーズン１、２を収録。しかしゲームという強みを生かし\n選択肢によるマルチシナリオ、IFストーリーを楽しむ事が出来る。」		
「このIFストーリーの完成度が異常で\nこのIFストーリーこそがザクロちゃんの<ruby=せいし>正史</ruby>であると\n<ruby=ていしょう>提唱</ruby>するファンも数多い。」		
「特にこのIFストーリーの中で<ruby=いつだつ>逸脱</ruby>なのが\nザクロちゃんの使い魔であるBQの正体が\n明かされるルートだ。」		
「ここではネタバレを避ける為に詳しくは説明しないが\nあの謎に包まれたBQの秘密が実はザクロちゃんと\n<ruby=みっせつ>密接</ruby>に関わっていて、」		
「次々と謎が解き明かされていく<ruby=どとう>怒涛</ruby>の展開は\nまさに<ruby=かみわざ>神業</ruby>、いや芸術といっても過言でも無いほど\n完璧で究極の非の打ち所が無い素晴らしいシナリオだ。」		
「当時プレイしていた俺も<ruby=どぎも>度肝</ruby>を抜かれたよ。\nまさか原作アニメのなんて事無い日常会話でさえも\nあの展開に結び付ける為の<ruby=ふくせん>伏線</ruby>となっていたのだから。」		
「ああ。もし可能なら記憶を消してもう一度プレイしたい。\nそう思わせてくれるほどのゲームだった。」		
「俺は幸せ者だよ。ザクロちゃんと究極の神ゲー、\n『魔法アイドル・ザクロちゃんⅡ～<ruby=こくよく>黒翼</ruby>の<ruby=しと>使徒</ruby>～』に\n出会う事が出来たのだから。」		
「………川島さんがここまでザクロちゃんオタクだったとは。\nとんでもねー<ruby=やぶへび>藪蛇</ruby>をつついてしまいましたなぁ。」		
「っていうか、川島さん。ザクロちゃん作品は\n全部<ruby=りしゅう>履修</ruby>済みなんスよね？」		
「ああ。全作品最低５週はしている。\n特に原作アニメのシーズン１、２は２０週はしている。」		
「……やべーなこいつ。」		
「だったら、別に今更観なくてもいいのでは？」		
「ザクロちゃんは神作品だ。\n神作品は何度見ても色あせる事は無い。」		
「むしろ見れば見るほど新しい発見がある。\nそれほど奥が深いんだ。ザクロちゃんは。」		
「……もう一生ザクロちゃん観てそうな勢いなんスけど。」		
「そして、俺は今傷ついてる。\n傷ついているんだよ。」		
「この胸の痛みが。ずきりずきりと、\nとめどなく押し寄せてくる。」		
「この傷を癒せるのはザクロちゃんだけだ。\n俺が信じられるのはザクロちゃんしか居ないんだよ。」		
「ザクロちゃんは裏切らない絶対に。\n俺は彼女の姿を余すことなくすべて見てきた。\nこの目でな。」		
「だからわかるんだ。俺には。\nザクロちゃんは俺だけの魔法アイドルだから。」		
「……こいつは重傷だ。」		
「して、川島の様子はどうだ？」		
「奴はもうダメッス。\nもはやこの世界に未練は無く、\nザクロちゃんと共にアニメの世界に行ってしまった。」		
「なんという事だ。\n手遅れだったというのか。何もかも。」		
「我々に出来る事は何も無いッス。\n願わくば彼がザクロちゃんと共に\n幸せを<ruby=きょうじゅ>享受</ruby>出来るよう願うのみ。」		
「これがお前の物語だというのか川島。」		
「ふっ。まさかラブコメ主人公が学園アイドルではなく\nザクロちゃんENDを辿る事になるとは。」		
「完敗ッス。\n学園アイドル５人衆の一人として。」		
「おはよー。ノヴァ。」		
「はろはろー。<ruby=さみだれ>五月雨</ruby>さん。」		
「そういえばノヴァ。\n最近、メカワシマくんと一緒じゃないよね。\n<ruby=けんか>喧嘩</ruby>でもした？」		
「それがその。あの件以来、\n脳を破壊されて引きこもりに\nなってしまいましてなぁ。」		
「ずっとアニメの世界から\n帰って来ないんスよ。」		
「アニメじゃない。」		
「アニメじゃない～アニメじゃない～。\nほんとのこ～とさ～。」		
「五月雨さん。\nさすがにそれを口ずさむのは危ないッス。」		
「ああ。ごめんごめんつい。」		
「それにしてもアニメの\n世界に引きこもっちゃったんだね。\nメカワシマくん。」		
「まぁ、それだけ彼の\n精神的ダメージが大きかったのでしょうなぁ。」		
「でも、メカワシマくんが居ないと\n寂しいでしょ？ノヴァ。」		
「そりゃあ、自分はメカワシマさんの\n相棒ですからなぁ。」		
「ペアだったのが、いきなりピンになると\nなんだか片割れを失ったかのような気分でござるよ。」		
「そっか。そうだよね。」		
「よーし。そのお悩み、\n私が解決してあげましょう！」		
「およ？」		
「あの２階の角のところが\nメカワシマくんが居る部屋？」		
「ほい。科学室の隣に<ruby=へいせつ>併設</ruby>された居間ッスね。」		
「今、メカワシマさんはあの居間で\nアニメを観ているはずッス。」		
「急にオートマタを貸してくれだなんて\n何をする気なんだい？サツキ。」		
「メカワシマくんが引きこもってて\nノヴァが寂しがってるからさ。\n何とかしてあげたいんだ。」		
「……ノエルの為か。\nそれは素敵な友情だね。サツキ。」		
「私はノヴァの親友だからね。」		
「五月雨さん…っ。\n自分は、自分は今モーレツに感動しているゥ…っ。」		
「<ruby=ていこくじゅうこうせい>帝国重工製</ruby>・<ruby=だいいちせだいがたしがいせんとうよう>第二世代型市街戦闘用</ruby>オートマタ\n<ruby=ガラハド>GALAHAD</ruby>-032。」		
「サツキ。\n君の為に<ruby=ていこくじゅうこう>帝国重工</ruby>から取り寄せた機体だ。\n大切に使ってくれ。」		
「ありがとう。川島くん。\n大切にするね。」		
「ガラハドくん。よろしくね。」		
「ヨロシク。」		
「それじゃガラハドくん。\nあの二階の角部屋。\nメカワシマくんの部屋を壊しちゃって。」		
「了解シマシタ。マスター。」		
「右腕ブーステッドナックル射出。」		
ザクロちゃん		
「出たッスね！\n悪の四天王・アクソクザーン！」		
アクソクザーン		
「ははは。久しいな。ザクロちゃん。\nアクダイカーンとの\n地下闘技場でのタッグマッチ以来の再会か。」		
「あんたの相棒アクダイカーンは\n先日の宇宙エレベーターでの決戦で\n自分が処したッス！」		
「片割れを失った気分はどうッスか？」		
「ククク……ッ。\nアクダイカーンは四天王の中でも最弱。」		
「その程度の雑魚を倒したところで\n痛くも痒くもないわ。いい気になるなよ。\nザクロちゃん。」		
「自分の仲間を処されてその態度…ッ！\nさすがは<ruby=せかいしんりゃく>世界侵略</ruby>を<ruby=もくろ>目論</ruby>む『<ruby=あくとうれんごう>悪党連合</ruby>』の四天王…ッ！\n血も涙も無いヤツッスねッ！」		
「我々、真の悪にとってそれは誉め言葉だな。\nザクロちゃん。」		
「それよりも自分の心配をした方がいいのではないか？\nアクジョーオーにクラスメイト達が洗脳され\n人質にされてるんじゃあないのかね？」		
「クッ…ッ！なんて卑怯な事を…ッ！\nあんた達は正々堂々戦えないんスかッ！」		
「相変わらずフェアプレーの精神に満ち溢れてるな。\nザクロちゃん。だがそんなもの『<ruby=あくとうれんごう>悪党連合</ruby>』の前では\n<ruby=ふうぜん>風前</ruby>の<ruby=ともしび>灯火</ruby>に過ぎない。」		
「仲間、友達、すべては我々の手中。\nたった一人でどうするつもりだ？\nザクロちゃん。」		
「辛い。とんでもなく辛いッス。\n今にも心がへし折れそうッス。」		
「だってマブダチの\nミナちゃん、クロちゃん、サトコちゃんが\n寝返ってしまったんスから。」		
「ならば泣き叫び、いじけて心を閉ざし、\n同情を<ruby=あお>煽</ruby>り、誰かの助けを待つか？」		
「それもいい。そうする事が一番楽ッス。\nだけどそんな同情自分はゴメンッスね。」		
「何故だ？\n魔法アイドルとしてのプライドが許さないか？」		
「―――――同情するなら金をくれ。」		
「一人でヘコんで引きこもって同情を煽っても\nどうせ誰も助けてはくれないッス。\n真の意味で。」		
「結局、自分自身が立ち上がらなければ、\n困難に立ち向かわなければ何も状況は変わらない。」		
「自分の未来は自分で切り開くッスッ！」		
「―――――――ッ！」		
「なんという凄まじい闘志…ッ！\nこれほどの熱量…っ！一体どれだけの経験を積めば\nここまで強くなれるのか…っ！ザクロちゃん…っ！」		
「<ruby=しゅらば>修羅場</ruby>の数だけ人は強くなれるッス。」		
「これが……魔法アイドルの真の力だというのか…ッ！」		
「さあ行くッスよ！アクソクザーンッ！\nお前の罪を数えろッ！」		
「いいだろう！受けてたとう！\nザクロちゃん！」		
「……す、すげえ。\nすげぇよ。ザクロちゃん。」		
「俺とザクロちゃんの<ruby=きょうぐう>境遇</ruby>はほぼ同じだってのに\nザクロちゃんはそれでもヘコたれず\n<ruby=きじょう>気丈</ruby>であり続けている。」		
<Off><Character=メカユート>悲しみ2		
「それなのに俺はこうして心を閉ざし\nザクロちゃんに癒してもらおうとしている。」		
「俺は……俺はなんて<ruby=めめ>女々</ruby>しいんだ……ッ！」		
「す、すまねえザクロちゃん……ッ！\nザクロちゃんは辛くても戦っているってのに\n俺ってヤツは……ッ！」		
「自分は…ッ！絶対に諦めないッス！\n自分の大切なもの達を…！\n取り戻す為に…ッ！」		
「ミナちゃん、クロちゃん、サトコちゃん、\n隣の家のミチコおばちゃんの旦那。\n皆は自分が助けてみせる……ッ！」		
「……わかったぜ。ザクロちゃん。\n君が言いたい事。全部わかった。」		
「俺も戦う。フェイリクスと。\nユリ姉を取り戻す為に…ッ！」		
「よし！\n早速、ノヴァと影山と作戦会議だっ！」		
（俺が部屋から出ようとした時、\n凄まじい<ruby=ごうおん>轟音</ruby>と共に部屋の壁が<ruby=ふんさい>粉砕</ruby>された。）		
（<ruby=とつじょ>突如</ruby>、部屋の壁が吹き飛び\nその衝撃によって部屋の中も粉砕され\n<ruby=がれき>瓦礫</ruby>の山と化した。）		
「な…っ、な、な、な、\nなんだぁああああ～～～～～ッ！！！？？」		
（よく見るとオートマタと思わしき、\n巨大な腕が壁に突き刺さっていた。）		
「こ、これが部屋の中に\n飛んで来たってのか…ッ！？\n一体どこから……、」		
（俺が<ruby=とつじょひらい>突如飛来</ruby>したオートマタの腕を<ruby=ぶっしょく>物色</ruby>していると\nザクロちゃんを映し出していたテレビが\n粉々に粉砕されているの確認した。）		
（いや、それどころじゃない。）		
「ああああああーーーーーッ！！\nザクロちゃんのBDコンプリートボックスも\n粉々になってるぅううーーーッ！！！」		
「誰だッ！？一体誰がこんな酷い事をッ！？」		
「おーい。メカワシマくーん。」		
（俺は壁が粉砕されて<ruby=かぜとお>風通</ruby>しが\nよくなった<ruby=くうどう>空洞</ruby>から声がした方向を<ruby=のぞ>覗</ruby>き込む。）		
「やっほー。メカワシマくん。」		
「サツキ！？」		
「おや。引きこもっていると聞いたが\n随分元気そうじゃないか。」		
「フェイリクス…ッ！！\nそうか、これはテメェの<ruby=しわざ>仕業</ruby>だったかッ！」		
「いや、今回の作戦はサツキの提案でね。\n僕は手助けしたに過ぎない。」		
「そうだよ。えっへん。」		
「いきなり部屋ぶっ壊しておいて\n胸を張るなッ！」		
「おー。部屋目掛けてロケットパンチを喰らえば\nさすがの川島さんでも正気に戻るッスか。」		
「つーかノヴァ！？\nなんでお前がそっち側に居るんだよッ！？」		
「まぁこれには深い事情がありましてなぁ。」		
「えっとね。ノヴァがメカワシマくんが引きこもっていて\n寂しそうだったから、元気づけてあげようと思ったんだ。」		
「ノヴァを元気づけるのと俺の部屋に\nオートマタのロケットパンチを\nブチ込む<ruby=いんがかんけい>因果関係</ruby>がまったくわからねーよッ！！」		
「私からのプレゼントだよ。」		
「ヘコんで引きこもってる人に対して\nロケットパンチをプレゼントしてやろうという\n発想がいじめ通り越してサイコパス過ぎません？」		
「実際、当人は元気そうだし\n君の作戦は成功じゃないか？\nサツキ。」		
「いえーい。やったね。ノヴァ。」		
「いえーい。」		
（サツキとノヴァは仲良くハイタッチする。）		
「ガラハドくんも、いえーい。」		
「イエーイ。」		
（ついでにオートマタともハイタッチ。）		
「つーか、テメェかこの腕を\nブチ込んできやがったのはッ！」		
「私のパートナーのガラハドくんでーす。」		
「ふざけんじゃ……ねぇッ！！」		
（俺は<ruby=こんしん>渾身</ruby>の怒りを込めて\nガラハドの腕を投げ返す。）		
（しかし、<ruby=とうてき>投擲</ruby>した腕は吸い込まれるように\nガラハドの右腕に戻っていた。）		
「右腕ブーステッドナックル装着。」		
「おー。そうやって\nロケットパンチって戻るんスね。」		
「ブーステッドナックルは<ruby=しゃしゅつご>射出後</ruby>に<ruby=さいそうてん>再装填</ruby>する為、\n<ruby=オートパイロット>自動操縦</ruby>で本来の腕に戻るようになってるんだ。」		
「わー。すごーい。\nぱちぱちぱちー。」		
「さて、用も済んだし。\n引き上げるとしようかサツキ。」		
「それもそうだね。\nじゃあね。ノヴァ。」		
「ほーい。ではではー。」		
「ちょっと待ちなッ！」		
（俺は二階から飛び降り地面に着地する。）		
「まだ何か用なのかい？\nあいにく君の為に割く時間は無いのだけれど。」		
「テメェに無くても俺にはあんだよッ！」		
「こいつを見なッ！」		
（俺は無残にも粉砕されたザクロちゃんの\nBDコンプリートボックスを見せつける。）		
「なんだいそのゴミは？」		
「……今なんつった？」		
「あ、今地雷踏んだッスね。」		
「そうなんだー。」		
「ゴミ…？ゴミって言ったか…？\nザクロちゃんに向かって\nゴミって言ったのかテメェッ！！」		
「謝れッ！謝れよザクロちゃんにッ！\nザクロちゃんは今悲しんでるんだッ！\nテメェの心無い一言でなッ！」		
「ザクロちゃんはテメェ如きが\nゴミ呼ばわりしていい存在じゃないんだッ！」		
「ザクロちゃんは俺の生きる意味……\nいや、人類の希望と言っても過言では無いッ！」		
「俺はテメェの<ruby=こざか>小賢</ruby>しくも卑劣な精神攻撃で\n心が折れて脳が破壊されて生きる希望を失っていた。」		
「だが、ザクロちゃんが言ったんだ。\n『―――――同情するなら金をくれ』ってな。」		
「だから俺はこうして立ち直る事が出来たッ！」		
「どんな絶望的状況でも絶対に諦めない\nザクロちゃんの姿が…ッ！心意気が…ッ！\n俺に再びテメェと立ち向かう力をくれたんだッ！」		
「……ノエル。彼は何を言ってるんだ？」		
「いやー。急にアニメの世界から現実に戻って来たんで\nフィクションと現実の区別が付いてないんじゃないッスかねー。」		
「でも、メカワシマくんって\nいつもあんな感じじゃない？」		
「フェイリクス…ッ！\nザクロちゃんをこんな変わり果てた姿に\nしやがって絶対許さねぇ…ッ！」		
「まぁ、実際の戦犯は五月雨さんなんスけど。」		
「しーっ。\nそれは言わない約束だよ。」		
「いや、もうバレバレですやん。」		
「フェイリクスッ！\n――――――――俺と<ruby=きこうしょうぶ>機巧勝負</ruby>だッ！」		
「ほう。僕と戦おうと言うのかい？」		
「逃げるなんて言わねーよな？」		
「まさか。僕が逃げるわけがないだろ？\n勿論、受けるさ。\nノエルが見ているのだから。」		
「サツキ。彼の相手をしてやってくれ。」		
「おっけー。ガラハドくん。\n<ruby=きこうしょうぶ>機巧勝負</ruby>の時間だよ。」		
「了解。マスター。」		
「おいッ！フェイリクスッ！\nサツキじゃなくてテメェが相手をしやがれッ！」		
「あいにく僕はオートマタを持っていなくてね。」		
「けれどサツキは僕が率いる<ruby=がくえんせいとかい>学園生徒会</ruby>・<ruby=してんのう>四天王</ruby>の一人。\n代わりといっても僕自身が戦う事と同義だよ。」		
「なるほど。サツキに勝てば、\nテメェに<ruby=ほ>吠</ruby>え<ruby=ヅラ>面</ruby>をかかせられるってワケか。」		
「ああ。サツキの勝敗の責任は僕が取ろう。」		
「おー。川島くんカッコイイ事言うねー。」		
「うーむ。どっちが主人公だか\nわからなくってきましたなぁ。」		
「よっしゃ。異論はねぇ。\n行くぞッ！ノヴァッ！\nサツキと<ruby=きこうしょうぶ>機巧勝負</ruby>だッ！」		
「了解ッス！\n川島さんの復帰戦という事で\nいっちょ派手に行きますかー！」		
「さて、<ruby=たちあいにん>立会人</ruby>は僕が<ruby=つと>努</ruby>めよう。\nまずは<ruby=きこうしょうぶ>機巧勝負</ruby>のルール確認だ。」		
「互いの<ruby=マイスター>操縦者</ruby>はオートマタを１体召喚し、\n先に相手のオートマタを\n機能停止させた方の勝利だ。」		
「尚、<ruby=マイスター>操縦者</ruby>への<ruby=ダイレクトアタック>直接攻撃</ruby>は禁止とし\nあくまでもオートマタ同士の戦いで勝敗を決する。\n異論は無いかな？」		
「無いでーす。」		
「<ruby=がってんしょうち>合点承知</ruby>。」		
「悪いな。ノヴァ。\nちょっとヘコんでて待たせちまった。」		
「まったく、\nしっかりして欲しいッスよ。\n相棒。」		
「この戦いはザクロちゃんの<ruby=とむら>弔</ruby>い<ruby=がっせん>合戦</ruby>だ。\n絶対に負けるわけにはいかねぇ。\nきっちり指示を頼むぜ。」		
「ええ。ばっちりしっかり勝ちましょうぞ。」		
「両者、準備いいかな？」		
「おけおけおっけー。」		
「では―――――、」		
（フェイリクスは片手を天高く上げ、）		
「―――――――<ruby=きこうしょうぶ>機巧勝負</ruby>、開始！」		
（――――降り下ろした！）		
「<ruby=せんてひっしょう>先手必勝</ruby>！行けぇメタビー！\n相手の<ruby=ふところ>懐</ruby>に入り込めッ！」		
「だから誰がメタビーだッ！\n色々危ないからそれやめろっ！」		
（俺は危なっかしいノヴァの指示を受けながら\nガラハド目掛けて突進し、\n一気に間合いを詰めるッ！）		
「飛んで火にいる夏の虫！\n撃っちゃえガラハドくん！ばんばん！」		
「了解。マスター。\n右腕ガトリング、射撃開始。」		
（ガラハドは右腕に\n取り付けられたガトリングの照準を俺に合わせ、\n狙いを付ける。）		
「川島さんッ！回避ッ！」		
「嘘だろッ！　おいッ！」		
（ガラハドに突進していた俺は\n<ruby=とっさ>咄嗟</ruby>に９０度方向転換しガトリング弾の乱射を避ける。）		
「へー。<ruby=とっさ>咄嗟</ruby>の判断にしては\nなかなか良い身のこなしをするね。」		
「逃がすな！ガラハドくん！\n蜂の巣にしちゃえ！」		
「いちいち言ってる事が物騒なんだよッ！\nサツキはもっと優しくて素直な子だと思ってましたッ！」		
「あれが五月雨さんの素直さなんスよねー。\nただ純粋なサイコパスなだけッス。」		
「タチが悪ィッ！！」		
（ガラハドはガトリングを撃ちながら旋回し、\n走り回る俺を狙い続ける。）		
（俺は脚力を生かし\nガトリング弾に当たらないように\n<ruby=うおうさおう>右往左往</ruby>と走り回る。）		
「むー！チョロチョロとすばしっこいなぁ！」		
「確かに、\n何だか前よりが身体が軽い気がするぞ…ッ！」		
「ドクターが川島さんの機体を戦闘用に改造したッスからね。\n以前より格段に性能が向上してるはずッスよ。」		
「なるほどっ！そういう事かッ！\nさすが影山だぜッ！\n<ruby=だて>伊達</ruby>にマッドサイエンティストやってねぇな！」		
「別にドクターは一言も\nマッドサイエンティストを自称してないッスが。」		
「…右腕ガトリング砲ノ弾切レヲ確認。\n<ruby=じゅうだん>銃弾</ruby>ノ<ruby=さいそうてん>再装填</ruby>ヲ行イマス。」		
「えー。弾切れぇ～？\nもっと真面目にやってよ。\nガラハドくーん。」		
「スミマセン。マスター。」		
<Off>怒り		
「チャンスッス！川島さん！\n奴は今、ガトリングのリロードで\n攻撃の手を止めている！」		
「ガラハドの懐に飛び込んで\n鉄拳をお見舞いしてやるッス！」		
「よっしゃあッ！\nようやくこっちのターンだぜッ！」		
（俺は影山にカスタムされた機動力を生かし、\n<ruby=いっそくと>一足飛</ruby>びでガラハドとの距離を詰めるッ！）		
「パンチだッ！ロボッ！」		
（ノヴァがＮＧワードスレスレの言葉を発しているが\n今はツッコんでる暇はない。）		
（俺はガラハドの頭部目掛けて拳を振りかぶる！）		
「残念。そこはガラハドくんの間合いだよ。」		
「必殺！ロケットぱーんち！」		
「了解。\n右腕ブーステッドナックル射出。」		
「なにっ！？」		
「ぐはああッ！！」		
（ガラハドの射出された右腕が\n俺の<ruby=きょうぶ>胸部</ruby>に直撃し、吹っ飛ばされる。）		
「いえーい。大当たり―！」		
「<ruby=きょうぶそんしょうりつ>胸部損傷率</ruby>７５％、\n<ruby=うわんそんしょうりつ>右腕損傷率</ruby>１００％…機能停止。\n右腕アイアンフィスト使用不能。」		
「あちゃー。そういやガラハドにも\n飛び道具あったの忘れてたッスねー。」		
「いやいや！お前目の前で\nヤツのロケットパンチで俺の部屋破壊されてんの\n見てんだから覚えとけよ！」		
「川島さんこそ、ロケットパンチ直撃で\nザクロちゃんを亡き者にされてんスから\nそっちこそ覚えてた方がよくないスか？」		
「ザクロちゃんは死んでねぇッ！\n俺の心の中で生き続けてんだッ！」		
「はいはい。それにしても\n片腕使えなくなったのは痛いッスねー。」		
「つーか、他に武器はねーのか、この機体！\nガラハドが飛び道具満載じゃ勝ち目ねぇぞ！」		
「そういえば、\nドクターが川島さんを改造した時に\nいくつか武装を追加したんスよね。」		
「それを早く言えよッ！\nなんで素手で飛び道具持ちの相手と戦ってんだよ！」		
「右腕ガトリング、リロード完了。」		
「片腕が使えなくなって<ruby=ぜったいぜつめい>絶体絶命</ruby>だっていうのに\n随分と余裕があるじゃない。\nそれとも強がってるだけなのかな？」		
「まぁ、ガラハドくんも準備万端みたいだし\nそろそろ壊しちゃうよ？」		
「やっぱり使い終わった<ruby=がんぐ>玩具</ruby>は\n壊すのに限るよね。」		
（<ruby=むじゃき>無邪気</ruby>な顔して平然と恐ろしい事を言い放つサツキ。\nこの時俺は絶対こいつの玩具になってはいけないと思った。）		
「川島さん。ガラハドのガトリング砲は\n発射の瞬間、一瞬だけ隙が出来るッス。」		
「そのタイミングこそが我々の唯一の勝機。\n自分が照準補正をするッスから\nタイミングは川島さんに任せるッス。」		
「これが最後のチャンスってわけか。\nいいぜ。その賭け乗った。」		
「さーて、お二人さん。\n作戦会議は終わったのかな？」		
「ああ。たった今完成したところだ。\n勝利の方程式が。」		
「へー。それはすごいね。\nじゃあ、その方程式の解が\nまちがってる事を教えてあげるよ。」		
「やっちゃえ！ガラハドくん！\nばんばんばーん！」		
「右腕ガトリング、射撃開始。」		
「川島さんッ！今ッス！」		
（ガラハドがガトリング砲の照準を合わせ、\n射撃を開始するまでに生じる一瞬の隙。）		
（俺はこの<ruby=せつな>刹那</ruby>。\n左腕のサブマシンガンをガトリング砲の発射口、\n目掛けて乱射する。）		
「右腕ガトリング発射口損傷。\n射撃ニ失敗シマシタ。」		
「うそっ！ガラハドくんのガトリング砲に\n銃弾を撃ち込んで発射不能にしただって！？」		
「この距離から発射口に\n銃弾を<ruby=すんぶんたが>寸分違</ruby>わず撃ち込むとはね。\nなんて精密な射撃精度だ。」		
「ふっ。\n川島さんの照準補正は自分が担当してるッス。\n<ruby=ひゃっぱつひゃくちゅう>百発百中</ruby>ッスよ。」		
「………そうか。ノエルが。」		
「<ruby=ノヴァ>NOVA</ruby>シリーズの演算能力は\n<ruby=だいさんせだいがた>第三世代型</ruby>の中でも極めて高い。\nこの程度の射撃を成功させるなど<ruby=ぞうさ>造作</ruby>も無い事だったね。」		
「えっへん。」		
「もー！こうなったらロケットパンチだ！\n行けぇ！ガラハドくん！」		
「――――――そこまで。\nこの<ruby=きこうしょうぶ>機巧勝負</ruby>、時間切れで引き分けとする。」		
「えー！なんでさー！\nまだ決着ついてないよー！」		
「残念だけど昼休みは終わりだ。\n早く教室に戻って授業を受けなくちゃあダメだよ。\nサツキ。」		
「もー。しょうがないなー。\n勝負はお預けにしておいてあげるよ。」		
「それじゃ私達は教室に戻るから。\n行こ。ガラハドくん。」		
「ほーい。ではまたー。」		
「え？ガラハドを教室に連れてくの？\n絶対その<ruby=ずうたい>図体</ruby>じゃ教室入らないだろ。」		
（サツキは引き分けになった事が納得行かないのか\nむくれながらガラハドを引き連れて去っていた。）		
「いやー。危ないところだったッスねー。\nガラハドのロケットパンチが直撃した時は\nどうなる事かと思ったッスよ。」		
「つーか、サブマシンガンとかいう\nちゃんとした武装があるなら先に言えよ！\n無駄に不利な展開になったじゃねーか！」		
「武装が追加されたの忘れるぐらい\n一人で引きこもってたのは誰ッスかねー。」		
「……うっ。\nいや、それはそれ。\nこれはこれよ。」		
「そうやって分が悪くなると\n誤魔化す癖どうにかならないんスかー？」		
「……ぐっ。\n今回は世話を掛けたな。\nおかげさまで助かったぜ。」		
「そうそう。素直が一番ッスよ。」		
「……ノエル。君はそんな顔も出来るんだね。」		
「うおっ！フェイリクス！\nお前まだ居たのかよ！」		
「……僕には見せた事の無い、\n僕の知らないノエルの表情。」		
「……君が、君がノエルを変えたのか。\n川島ユート。」		
「……やはりダメだ。\nノエルを君の側に居させては。\nどんどんノエルが君の影響でおかしくなる。」		
「テメェー。ノヴァに振られたからって\n俺に八つ当たりしてんじゃねー。\n女々しいぞコラァ。」		
「だからフェイリクスは元カレでも\n何でもないって何度言えばわかるんスか。」		
「ノエル。僕と一緒に帰ろう。\nそしてまた一緒に過ごそう。\nあの頃のように。」		
「フェイリクス。その申し出、\n自分が首を縦に振るとでも？」		
「あんたが自分をノエルだと思い込むのは勝手ッスけど\n自分はあんたに１ミリも興味が無い。\nあんたと過ごすだなんて願い下げッス。」		
（ひえー。\n片思いの相手にバッサリいったー。\nノヴァちゃん容赦ねー。）		
「もし、それでも自分が欲しいと言うのなら\n川島さんを倒してからにする事ッスね。」		
「………いいだろう。」		
「川島ユート。\n君はノエルを、僕は学園アイドル達を。\nお互いに大切な人を預かっている身だ。」		
「君が僕に勝てば学園アイドル達を返そう。\nだが、僕が勝ったらノエルは返してもらうよ。」		
「上等だ。だが、\n俺が勝った時はユリ姉だけ返してくれればそれでいい。」		
「そこは獅堂かいちょーや\n盾守パイセンも返却してもらわないと\nヒロインとしての立場が無くなるのでは？」		
「欲が無いんだね。川島ユート。\nいや、僕と同じで\n本当に大切な人しか目が無いだけか。」		
「さて、それじゃ僕は行くよ。\nまたね。ノエル。」		
「……フェイリクス。\n必ずテメェをぶっ倒してユリ姉を取り戻してみせる。」		
「あ、そういえば。\nザクロちゃんの弔い合戦とか\n言ってたのどうなったんスか？」		
「ああああああーーーーーッ！！！\n結局、決着ついてねーしッ！！\n<ruby=べんしょう>弁償</ruby>しろやコラァアアアアアアーーーッ！！！」		
「こちらの修理は完了した。\n１３号。再起動だ。」		
「ほーい。ポチっとな。」		
「電源接続。エーテライトコア<ruby=ちょっけつ>直結</ruby>。\n機体診断正常。システムオールグリーン。\n<ruby=サイファー>CIPHER</ruby>-09、起動します。」		
「……あん？ここは？」		
「おはよー。川島さん。\nここは我々の秘密基地ッス。」		
「お目覚めの気分はいかがッスか？		
「気分は別によくも悪くも無いな。\nっていうか、オートマタってマジで夢見ないんだな。\n気付いたら起きてたぞ。」		
「そりゃ<ruby=かんぜんきおくりょういき>完全記憶領域</ruby>を保有してるッスからね。\n人間みたいに睡眠によって脳を休めて\n記憶を整理する必要が無いんスよ。」		
「はーん。なるほどな。\nそいつはちょっと寂しい気もするぜ。」		
「寂しい？何故だ？\n本来、夢など無駄以外の何物でも無いと思うが。」		
「ロマンがねぇな。影山。\n夢はその名の通りドリーム。\n現実世界で起きない事も夢なら体験出来るのさ。」		
「例えば？」		
「そりゃあ勿論、セーラー服姿のユリ姉と\n学園青春ラブコメをする事だって可能だ。\n夢の世界ならな。」		
「………あくまで現実ではなく\n仮想世界に希望を見出すのは\nなんか悲しくなってくるッスね。」		
「ふむ。川島の願望はいわゆる仮想現実での体験。\nVRに通ずるところがあるな。」		
「実際、我々の教科書である\nこの恋愛シミュレーションゲームにおいても\n同じことが言える。」		
「これは現実では起こり得ない出来事を\nゲームというフィクションに落とし込んだ代物だ。」		
「プレイヤーはこのゲームをプレイする事で\n間接的に憧れの異性との恋愛を楽しむ事が出来る。」		
「さすがは川島。\n今回のラブコメ主人公なだけはある。\nこの世界の真理に既に気づいていたとは。」		
「当然だ。俺は常に青春に憧れ続ける青少年なのだから。」		
「憧れる相手が自分のお姉ちゃんなのは\n重度のシスコン過ぎて\nもはや手遅れ感があるッスね。」		
「正直、川島のシスコンには私も困っている。\n好感度がユリヒメだけ異常に高いせいで\n他のヒロイン攻略の際の障害になり得る危険がある。」		
「ユリ姉を…！家族を…！\n自分の姉ちゃんが好きで何が悪い！」		
「いや、家族の域を越えてるから\nヤバイって言ってるんスよ。」		
「まぁ、そこは他のヒロインの攻略の過程で\n優先度が変わる事を期待するしかないな。」		
「ところで川島。\n君の機体の修理は完了した。\n動作に支障はないか？」		
「ん？　おー！\nガラハドにやられた右腕が\nすっかり動くようになってるぜ！」		
「身体を動かしても問題ねぇ。\n一晩で完璧に直しちまうなんて\nさすがはマッドサイエンティストだな！」		
「君は<ruby=ときおり>時折</ruby>、\n私をマッドサイエンティストと呼ぶが\nその<ruby=ゆらい>由来</ruby>は一体なんなのだ？」		
「え？お前って悪の科学者でしょ？」		
「私が正義か悪かは立場によって変わるものだ。\nそしてそれは絶対的なものでも不変的なものでもない。」		
「ゆえに私は正義か悪かの議論など\n無意味だと考えている。」		
「ふーん。何かお前頭固いな。」		
「こら川島さん。\nドクターに何て口の聞き方をするんスか。\nまったく。礼儀がなってないッスよ。」		
「礼儀がどうとか、\nお前にだけは言われたくねーな。」		
「まぁ<ruby=うよきょくせつ>紆余曲折</ruby>あったが、こうして川島が復帰し\nフェイリクスの<ruby=しかく>刺客</ruby>、ガラハドを<ruby=しりぞ>退</ruby>ける事が出来た。」		
「少々、<ruby=ていたい>停滞</ruby>していたが\nこれよりフェイリクスから学園アイドルを\n奪還する作戦を進める事が出来るだろう。」		
「よーし。反撃開始ッスよー。\n気合入れて行きましょうぞ。川島さん。」		
「……だが、その為に\n余りにも大きい代償、<ruby=とうと></ruby>尊い犠牲があった。」		
「ちょっとー。せっかく盛り上がってきたところなのに\nなんでまたダウナーになってんスか？\n空気読んでくださいよ。」		
「……ザクロちゃん。\n俺はあの戦いで大切な人を失ってしまった…。」		
（俺は変わり果てた姿の\nザクロちゃんBDコンプリートボックスを握りしめる。）		
「……くっ。泣きたいのに涙が出ない。\nどうして機械の身体ってのは\nこんなにも融通が利かないもんなんだ。」		
「１３号。川島は何故あんなにも落ち込んでいるのだ？\nあのディスクはそんなにも\n重要な映像記録が収録されていたというのか。」		
「あのアニメ…ザクロちゃんは川島さんにとって魂そのもの。\nザクロちゃんを失った川島さんは\n<ruby=こんぱく>魂魄</ruby>が半分削られたようなものなんスよ。」		
「……<ruby=こんぱく>魂魄</ruby>の半減、か。\nそれは重大な問題だ。<ruby=こんぱく>魂魄</ruby>は川島のポテンシャルに\n著しく影響する。」		
「この状態ではこれから始まるであろう\nフェイリクスとの<ruby=しれつ>熾烈</ruby>な戦いに付いてはいけない。」		
「１３号。至急、川島のメンタルケアをするのだ。」		
「えー。めんどくさいなー。」		
「え？本人の前で面倒くさいとか言っちゃうの？\nメンタルケアどころか更に追い打ちかけてるよね？」		
「川島のメンタルケアが成功した<ruby=あかつき>暁</ruby>には、\n次の<ruby=きゅうよさてい>給与査定</ruby>に色をつけておこう。」		
「ははー。このノヴァにお任せくだされー。\n必ずや川島さんのメンタルケアを成功させて\nみせましょうぞ。」		
「おい、何でノヴァだけボーナス貰えるんだよ。\n俺だって前線でフェイリクスのオートマタと戦ってんだから\n俺にもボーナス出るのが筋ってもんじゃねぇのか？」		
「残念。川島さんは\n今オートマタだからボーナス貰えないんスよー。」		
「え？お前もオートマタじゃん。」		
「ノヴァのヤツ、おっせーな。\n待ち合わせ時間からもう３０分は過ぎてるぞ。」		
（ノヴァに指定された待ち合わせ場所で\n待っているのだが、\n当の本人は<ruby=いっこう>一向</ruby>に現れる気配が無い。）		
（あいつマジで忘れてんじゃねーだろうな。）		
<Off>笑顔・私服		
「――――――川島さん。上ッスよ。」		
（何故か空からノヴァの声が聞こえたので\n見上げてみると、）		
（空からノヴァが降って来た。）		
「へーい。到着ー。」		
「いや……、お前マジでどっから来たの？」		
「<ruby=Sky>空</ruby>。」		
（ノヴァが空を指さしながら平然と答える。）		
「空って……まさか飛んで来たとか言わねーよな？」		
「おやおや。\n今どきのオートマタは飛べるって知らないんスかー？」		
「そう。<ruby=かんそうしき>換装式</ruby>フライトユニットさえあればね。」		
（どうやら飛行パーツを装着して\n文字通り飛んで来たらしい。\nフリーダム過ぎるわ。色んな意味で。）		
「いやー。遅刻ギリギリだったから\n川島さんの為に飛んで来たんスよ？」		
<Off><Character=メカユート>呆れ		
「ギリギリも何もお前普通に遅刻してるから。\n俺、３０分前からここで待ってんだけど。」		
「川島さん。そこは\n『全然待ってないよ。今来たとこ。』って\n言うのがデートの<ruby=じょうせき>定石</ruby>じゃないんスか？」		
「なんで遅刻した側から\nイチャモン付けられなくちゃなんねーんだよ。」		
「え？っていうかこれデートだったの？」		
「おや。男女が二人っきりで出かけるのは\nデート以外の何ものでも無いと思うッスが？」		
「マジか。俺の初デートお前かよ。」		
「やったね。川島さん。\n初デートがノヴァちゃんなのは\nとっても<ruby=こうえい>光栄</ruby>な事だよね。」		
「まぁ、確かに今後学園アイドルを攻略していくとなると\nデートの練習ぐらいはしておいた方がいいのか。」		
「うわ。女の子を前にして\nデートの練習とか言い出すの\nマジでKYなんスけど。」		
「いや、だってお前オートマタだし\nそもそも学園アイドル攻略作戦をサポートする\nお助けキャラクターなんだろ？」		
「川島さん。何か前提を忘れてりゃしませんか？」		
「前提？」		
「我々が攻略すべき学園アイドルは５人。\nその名を言ってみてくださいッス。」		
「えーと…サツキ、<ruby=しどう>獅堂</ruby>、<ruby=たてがみ>盾守</ruby>、ユリ姉……、\nあと一人は……、」		
「そうッス。５人目の学園アイドル。\n<ruby=こあくまけい>小悪魔系</ruby>ロリカワ<ruby=びしょうじょ>美少女</ruby>・<ruby=きこういん>機巧院</ruby>ノヴァ。」		
「おわかりいただけただろうか？」		
「え？つまりお前も攻略対象だったの？」		
「左様。このデートは練習では無く本番。\n川島さんは今、攻略すべきヒロインの前に\n立っているッス。」		
「だから川島さん。\n全力で自分を攻略するのです。」		
「なん……だと……。」		
「先生。質問があります。」		
「はい。川島くん。何かね？」		
「俺は恋愛ってのはミステリーだと思うんだよね。」		
「ほう。」		
「お互いをよく知らない二人が\n交流を重ねる事で徐々に互いを知っていき\n距離感を縮め、仲を深めていく。」		
「知らなかった事を、知る。\nそれはつまり相手を理解していくという事。」		
「それが結果として仲を深める。\n恋に発展すると思うんだ。俺は。」		
「なるほど。知らなかった事を知る発見、\nカタルシスがミステリーに通ずるとこがありますな。」		
「さすがラブコメ主人公なだけはある。\n恋愛シミュレーションゲームの要点は抑えていますな。」		
「だがしかし。」		
「お前に限って言えば\n恋愛におけるセオリーが当てはまらない。」		
「その心は？」		
「いや、だってお前。\nヒロインを攻略する側じゃん。」		
「実際にヒロイン攻略するのは俺だけ、\nその作戦立案やサポートをするのはノヴァと影山。」		
「それは、\n仕掛け人であるヒロイン攻略の<ruby=ださんてき>打算的</ruby>な部分を\nすべて知っていることになる。」		
「つまりお前を攻略しようとしても\nネタバレ状態で全部知ってるんだから\nそもそも恋愛に発展しなくない？」		
（俺がノヴァのヒロイン攻略に\n対する<ruby=むじゅん>矛盾</ruby>を突きつけると、）		
「………ふう。やれやれ。」		
（ノヴァは『こいつ、わかってねぇな』という感じで\n両手を上げるジェスチャーをした。\n……うぜぇ。）		
「川島さん。恋愛はもっと自由なんスよ。」		
「――――――好きになるのに理由なんてない。」		
「恋に理屈なんていらねーですよ。」		
「<ruby=ごたいそう>御大層</ruby>な理屈を並べて<ruby=よ>善</ruby>し<ruby=あ>悪</ruby>しを語る\n恋愛ソムリエは山ほど居ますが\nそんなもの本当の恋の前では毛ほども意味が無い。」		
「大事なのは好きだっていう気持ち。\n<ruby=ハート>心</ruby>なんスよ。」		
「――――――――<ruby=ハート>心</ruby>か。」		
「…………わかったぜ。ノヴァ。\n俺が間違っていた。」		
「お前の言う通りだ。\n恋に理屈なんていらねーな。」		
「今日はせっかくのデートだ。\n楽しむとしようぜ。」		
「最初からそのつもりッスよ。」		
「さあ始めましょう。我々のデートを。」		
「それでデートって何するんだ？」		
「はー。川島さん。\nやる気あるんスか？」		
「テンションの<ruby=らくさ>落差</ruby>よ。\n急に冷めるのやめてくれない？」		
「デートにおいて、\n男性がデートプランを考えて\n女性をリードするのが成功の<ruby=ひけつ>秘訣</ruby>なんス。」		
「そして食事や移動などの代金はすべて男性持ち。\nそんな<ruby=かいしょう>甲斐性</ruby>見せられたら女の子は『わあ、カッコイイ！』\nって褒めまくり、惚れまくり、モテまくりになるッス。」		
「何で奢られる前提なんだよ。」		
「だというのに川島さん。\nデートにノープランで<ruby=おもむ>赴</ruby>き彼女任せだなんて\n覚悟が足りないッス。覚悟が。」		
「だってさっきこれがデートである事を聞かされたし。」		
「シャーラーップ！」		
「女の子と出かける約束をしたのなら\nそれ<ruby=すなわ>即</ruby>ちデートと思うべし。」		
「誰かにデートと言われて気づくのではなく\n自らデートだと認識し事前に準備を進め\nデートプランを練っておくのが紳士の務め。」		
「そう！\n川島さんにはおもてなしの心が足りてない！\n圧倒的にッ！」		
「急にブラック企業みたいな事言い出したな。」		
「戦う前から負けてるんスよ！川島さんは！\nそんな事で学園アイドルを攻略し\n<ruby=むげんつくよみ>夢幻月読</ruby>を<ruby=だは>打破</ruby>出来ると思ってんスか！」		
「せっかくの休日に急に呼び出されたと思ったら\n急に説教が始まるのは何の罰ゲームだよ。\nっていうか、<ruby=むげんつくよみ>夢幻月読</ruby>の話とか久々に思い出したわ。」		
「どうせメカワシマになった川島さんは\n部屋に籠ってザクロちゃん観てるだけじゃん。」		
「うるせぇな。\n身体が機械になっても心は学生なんだよ。\nつまり俺にとって今日は休日なのさ。」		
「まぁ、元々このデートも川島さんの\nメンタルケアが目的ですし\nここはいっちょノヴァちゃんが<ruby=ひとはだぬ>一肌脱</ruby>いでやりますか。」		
「今日のデートプランは自分が立てて来たので\n川島さんは<ruby=おおぶね>大船</ruby>になったつもりで居てください。」		
「急に『お前船降りろ』とか言わないよね？」		
<ruby=デュエリスト>決闘者</ruby>A		
「俺はフィールドの２体のモンスターを生贄に捧げ、\n手札からツインヘッドドラゴンを召喚！」		
「ツインヘッドドラゴンで\n<ruby=ダイレクトアタック>直接攻撃</ruby>！」		
<ruby=デュエリスト>決闘者</ruby>B		
「<ruby=トラップ>罠</ruby>カードをオープン！\nアタックキャンセラーを発動！」		
「ツインヘッドドラゴンの攻撃を無力化する！」		
「おー。やってるやってる。\n今日も<ruby=デュエリスト>決闘者</ruby>達が\n熱い決闘を繰り広げてるッスねー。」		
「……何スかここ？\nっていうかあの人達は何やってんの？」		
「おや？今<ruby=ちまた>巷</ruby>で大流行のカードゲーム\n『ソード＆ブレイカー』をご存じ無い？」		
「なにそれ。っていうか、\nこの場でカードゲームしてる<ruby=デュエリスト>決闘者</ruby>達は\n全員『ソード＆ブレイカー』をやってんの？」		
「そッス。このカードショップでは\nデュエルスペースという誰でも無料で利用出来る\nカードゲーム専用のプレイ広場があるんスよ。」		
「もちろんカードゲームなら\nジャンル問わずプレイ出来るんスけど、」		
「今や『ソード＆ブレイカー』が\n人気絶頂の覇権カードゲーム過ぎて\n全員ソーブレやってるッスね。」		
「……このカードゲーム、ソーブレって略すんだ。」		
男の子A		
「あ、チャンプだ！」		
男の子B		
「おいチャンプ！デュエルしろよ！\n今度はぜってー負けねーからな！」		
「ふっ。<ruby=ザコ>雑魚</ruby>には用が無いッス。\nせめて大会で三回戦以上勝ち残れたら\n相手してやってもいいッスよ。」		
「クソがッ！\nまぐれで勝ったからって調子に乗りやがって！」		
「覚えてろよッ！\n次は必ず吠え面かかせてやるからなッ！」		
（ノヴァに絡んできた小学生ぐらいのガキ二人組は\n捨て台詞を吐きながら去っていた。）		
「あいつら知り合い？\nってかチャンプって？」		
「あれは自分に負けた敗北者ッスよ。\n強すぎるのも罪なものッスね。」		
（ノヴァが達観したような表情で遠くを見つめる。）		
（っていうか、ノヴァの視線の方向に\n『第三回ソード＆ブレイカーちびっこ大会優勝者\n<ruby=きこういん>機巧院</ruby>ノヴァ』と書かれた表彰状があった。）		
「おま……まさか小学生に紛れ込んで\n優勝をかっさらっていったのか？」		
「デュエルに男も女も子供も関係ねー。\n強い者こそが正義。\nデュエルは遊びじゃねーんだ。」		
（まさに外道。\n<ruby=じこけんじよく>自己顕示欲</ruby>の為に弱者をいたぶる\nカードゲームあらしがここに居た。）		
<Off>挑発5・私服		
「おおッ！こ、これは…っ！\nソーブレの新パックで登場した\n超レアカード『<ruby=こんぱくゆうごう>魂魄融合</ruby>』ッ！」		
「ほ、欲しいーーー！」		
（ノヴァはカードが展示されたガラス張りの\nショーケースに張り付きながら一枚のカードを\nよだれを垂らしながら眺めている。）		
「なにそれ。そんなに良いカードなの？」		
「良いカードどころの騒ぎじゃないッスッ！\nこれを自分のヒーローデッキに３枚採用出来れば\nまさに世界が変わる革命的な強化が可能になるッス！」		
「え？同じカードを３枚入れる必要があるの？」		
「いやいや、同名カード３枚積みは常識ッスよ。\nカードを複数枚積むことでデッキからドローする確率を上げ\nよりコンボに繋げやすくするんスよ。」		
「まぁ、強すぎるカードは制限が掛かって\nデッキに一枚しか入れられないとかあるッスけど\n幸いこれは出たばかりの新カード。」		
「まだ何のルール制限も受けてないゆえに\n３枚積み出来るってわけなのです。」		
「しかし、このカードの効果はどう考えても強すぎる。\nいずれは制限カードに指定されてしまうでしょう。」		
「ですが、無制限の今こそが最大の好機ッ！\n今、このカードを３枚積みして無双してやるッス！」		
「こいつ……己の勝利にしか目が無い……。\nなんて勝ちに貪欲な奴なんだ……。」		
「あ！このカード……一枚５０００円！？\nた、高いッ！高すぎる…ッ！」		
「高校生のお小遣いで\nこんなの買えるわけが無い…ッ！\nち、ちくしょー！足元見やがって…っ！」		
「店員！店員はどこだー！」		
（カードの値段に納得がいかないノヴァは\n店員を呼び出す。\n迷惑クレーマーの誕生である。）		
店員		
「どうしましたか？お客さん。」		
「どうしたもこうしたもねーですよ！\n<ruby=こんぱくゆうごう>魂魄融合</ruby>が一枚５０００円って\nちょっと高すぎるんじゃないッスか！？」		
「まぁ、この前出たばかりの新カードですし\n効果も環境トップクラスの強さ。\n人気も高いのでこれぐらいの値段はしますねぇ。」		
「だからって一枚のカードに１BOX相当の\n値段付けるのはどうかと思いますがねえ？\n子供のお小遣いじゃ買えませんよこんなの！」		
「ウチも商売でやってますからねぇ。\nそれにどこの店もこれぐらいが相場ですよ。\nお客さんだってそれぐらいわかるんじゃないです？」		
「く…っ！減らず口を……っ！」		
「３０００円…っ。\n３０００円ならどうッスか？」		
（クレームが通らないと悟ったノヴァは\n値切る方向にシフトした。）		
「ダメです。」		
「３５００円…っ！」		
「３８００円…っ！」		
「ダメです。この価格以上は下げれません。」		
「うがぁああーー！\nこのわからずやめーー！」		
（わからずやなのはどうみてもノヴァの方である。）		
「もういい。わかったッス。\nこうなったら、自分で当てるッス。」		
「この新パック一つくださいッス。」		
「はい。毎度。１８０円になります。」		
（ノヴァはしぶしぶ財布から小銭を出し\n１パックを購入した。）		
「ありがとうございましたー。」		
「さて、開封式ッス。\nこのパックに５０００円の匂いがプンプンするぜー。」		
「金額じゃなくてカード名で呼んでやれ。」		
「さあ！来てくれ！\nマイフェイバリットカード！」		
「デステニードローッ！」		
（ノヴァはパックを開封し、\n５枚のカードをドローする。）		
「き、来た……っ！」		
「５０００円の超レアカードッ！\n<ruby=こんぱくゆうごう>魂魄融合</ruby>を引き当てたぞぉおおおーーーーッ！！」		
（ノヴァは勝利のガッツポーズをしながら\n一枚のレアカードを天高く掲げる。）		
「ちょっ。見られてる見られてる！\n恥ずかしいから抑えて抑えて！」		
「まさか一発でレアカード引き当ててしまうとは\nこれが持ってるってやつッスねー。\nいやはや自分の強運が怖い。」		
「最強デッキに仕上げるにはあと２枚引き当てる必要は\nあるッスけど今日はこのぐらいにしておいてやりますか。」		
「さて、気分は<ruby=じょうじょう>上々</ruby>ですし、\nそろそろ引き上げるとしましょう。」		
（ノヴァはレアカードを自分のデッキにセットすると\n上機嫌のまま店を出て行った。）		
「いやー。今日は大勝利でしたなぁ。」		
「自分のデッキに必要なカードをシングル買いするのも\nいいッスけど。やはり<ruby=トレーディングカードゲーム>TCG</ruby>の<ruby=だいごみ>醍醐味</ruby>はパック開封ッスね。」		
「ランダム<ruby=ふうにゅう>封入</ruby>された中から\n自分が狙ってるレアカードが出ると\nテンション爆上がりッスよー。」		
「そうか。それは良かったな。」		
「一人で盛り上がってるところ悪いんだけどさ。\n今日がデートって事忘れてない？\n俺、置いてけぼりなんだけど。」		
「おやおや。川島さん。\n何か勘違いしてるようッスね。」		
「何もデートってのは遊園地に行ったり\n映画を観たり、オサレなお店で\n食事をする事だけじゃないんスよ。」		
「こういう普段通りの自然体、\n<ruby=とうしんだい>等身大</ruby>で楽しめるような場所で\n過ごすのも立派なデートッスよ。」		
「いや、お前しか楽しんでないんだけど。」		
「だから、川島さんもカードゲームに\n詳しくなってください。\nそうすれば二人で楽しめるじゃないッスか。」		
「こーゆーのはお互いの歩み寄りが重要なんス。\n共通の趣味でお互いが楽しめるようになると\nヒロインとの距離感はぐっと近くなるんス。」		
「はー。なるほどねー。」		
（俺は恋愛ソムリエのノヴァの<ruby=こうせつ>高説</ruby>を聞きながら\nその説得力に妙に納得してしまった。）		
（こいつ、なんか口だけは上手いんだよな。）		
「さてそれじゃ、\n次のデートスポットに向かうとするッスか。」		
（ノヴァがスマホを見ながら次の目的地に向かって\n歩き出そうとすると、目の前に人影が立ちはだかった。）		
<Character=カードハンター>		
「―――――――おっと、待ちな。」		
「何だお前は？」		
「俺はカードハンター。\nお前のレアカード『<ruby=こんぱくゆうごう>魂魄融合</ruby>』を頂く。」		
「なに…っ？\nこんな真っ昼間からカツアゲだと…！？」		
<Off>真顔2・私服		
「カードハンター。この街で決闘者に\n<ruby=むさべつ>無差別</ruby>に賭けデュエルを挑み\nレアカードを巻き上げる盗賊団ッスね。」		
「大方、さっきのカードショップで\n自分がレアカードを引き当てたのを見て\nターゲットにしたんでしょう。」		
「ほう。俺達を知ってるのか。\nなら、話は早い。」		
「さあ、そのレアカード『<ruby=こんぱくゆうごう>魂魄融合</ruby>』を掛けて\n俺とデュエルだ。」		
「いいでしょう。\nただし、自分が勝ったら『<ruby=こんぱくゆうごう>魂魄融合</ruby>』を頂くッスよ。」		
「どうせ持ってるんでしょう？\n<ruby=デュエリスト>決闘者</ruby>から奪ったカードを。」		
「ふっ。勘がいいな。\n<ruby=ごめいさつ>御明察</ruby>だ。」		
「いいだろう。\nお前が勝ったら俺の『<ruby=こんぱくゆうごう>魂魄融合</ruby>』をくれてやる。」		
「ふんっ。\nこんなカード、俺は３６枚は持ってるよ。」		
「さ、３６枚…っ！？\n一枚５０００円だから全部売ると……えーと……っ。」		
「お、億万長者じゃねぇか…っ！\nこ、こいつやべー金持ちだぞノヴァ…っ！」		
「なんだこいつ…？\nオートマタの癖に頭悪いぞ。」		
「ちょっと。川島さん。\n我々オートマタの<ruby=ひんい>品位</ruby>を下げないで欲しいッス。」		
「お前のさっきのカードショップでのやり取りで\n既にオートマタの<ruby=ひんい>品位</ruby>は地に落ちてると思うが。」		
「さあ、始めるとしようか！\nカードを賭けた闇のデュエルを！」		
「受けてたつぜ！」		
（ノヴァは謎の<ruby=こうじょう>口上</ruby>を叫ぶと、目にも止まらぬ速さで服を着替えた。）		
「え…。なんで制服に着替えたの？\n今、その<ruby=しょさ>所作</ruby>必要だった…？」		
「待たせたな。このフォームじゃないと本気を出せないんでね。」		
「なるほど！それがお前のバトルフォームという事か！\n面白い！相手にとって不足無し！」		
「あ、いいんだそれで。」		
ノヴァ／カードハンター		
「――――――――――<ruby=デュエル>決闘</ruby>ッ！」		
「え？っていうか、\n路上で立ったままデュエルすんの？\n<ruby=たくじょう>卓上</ruby>でやらないんだ。」		
「知らないんスか？ストリートデュエルは\nスタンディングデュエルが基本なんスよ。」		
「やべえ。何言ってるのかまったくわからねー。」		
「先行は俺がもらう！」		
「手札から『メタル・ソルジャー』を攻撃表示で召喚！」		
「攻撃力１５００の機械族モンスター。\nなるほど。\n『メタル』をテーマとした機械デッキッスか。」		
「そして罠カードを1枚場に伏せてターンエンドだ！」		
「自分のターン！ドロー！」		
「手札の『<ruby=ウインドマン>疾風の羽男</ruby>』と『<ruby=フレイムガール>烈火の炎女</ruby>』の2体を融合し―――――」		
「『<ruby=バーストウイングマン>烈風の火炎男</ruby>』を<ruby=ゆうごうしょうかん>融合召喚</ruby>！」		
「現れろ！『<ruby=バーストウイングマン>烈風の火炎男</ruby>』！」		
「１ターン目から\n攻撃力3000の上級モンスターだと！？」		
「自分のヒーローデッキは『<ruby=ゆうごう>融合</ruby>』による\n速攻召喚でビートダウンを狙うデッキ！\nスピードこそパワー！」		
「バトルだ！」		
「行け！『<ruby=バーストウイングマン>烈風の火炎男</ruby>』！\n『メタル・ソルジャー』に攻撃ッ！」		
「待っていたぞ！伏せカードオープン！\n罠カード『メタル・リフレクターユニット』発動！」		
「<ruby=バーストウイングマン>烈風の火炎男</ruby>』の攻撃を無効化し破壊する！」		
「なっ！攻撃した『<ruby=バーストウイングマン>烈風の火炎男</ruby>』が\nカウンターで破壊されたッ！？」		
「さらにッ！『メタル・リフレクターユニット』の第二の効果発動！\n『メタル・ソルジャー』に装着し攻撃力を二倍にする！」		
「『メタル・ソルジャー』の攻撃力3000……だと！？」		
「ククク…ッ。どうした速攻デッキとやらは。\n<ruby=いせい>威勢</ruby>よく攻撃してきたはいいが、\n既にお前のフィールドはガラ空きじゃあないか。」		
「クッ…ッ！自分は場に2枚カードを伏せ、\nターンエンドッス！」		
（なんかよくわからんが、\nノヴァが相手のカウンターを喰らって\nピンチな状況らしい。）		
（っていうか、この人達。\n立ちながらカードを地面にメンコみたいに叩きつけてますけど\nスタンディングデュエルってこーゆー感じなの？）		
（なんかアニメだと腕に付けた盤にカード差したり\n<ruby=ソリッドビジョン>立体映像</ruby>で迫力あるモンスターが飛び出したり\nしてたけど、）		
（<ruby=しゅうし>終始</ruby>、地面にカード置いて叫び合ってるだけだから\n<ruby=めちゃくちゃえづら>滅茶苦茶絵面</ruby>が地味なんだよなぁ。）		
（デュエルしてる本人達は楽しそうだから別にいいんだけど。）		
「俺のターン！ドロー！」		
「俺は手札から『メタル・バリスタ―』を召喚！」		
「『メタル・バリスタ―』の効果発動ッ！\n『メタル・バリスタ―』と『メタル・ソルジャー』の\n2体を墓地に送り合体ッ！」		
「『メタル・ファランクス』を特殊召喚ッ！」		
「攻撃力4000…！？」		
「おっと、まだこんなもんじゃないぜッ！\n『メタル・リフレクターユニット』を『メタル・ファランクス』に装着し\n攻撃力２倍だッ！」		
<Off>怒り3		
「な、なにィ…ッ！？\n攻撃力8000だと…っ！？」		
「ククク…ッ！\n『メタル・ファランクス』の一撃で\nお前の命を刈り取る事が出来る攻撃力だ…ッ！」		
「これで終わりだッ！\n『メタル・ファランクス』でダイレクトアタックッ！」		
「く…っ！罠カードオープンッ！\n『ヒーロー・リバイバル』発動！」		
「融合素材となり墓地に送られた\n『<ruby=ウインドマン>疾風の羽男</ruby>』を墓地から特殊召喚ッ！」		
「はっ！悪あがきを！\n今更、攻撃力1000のモンスターを召喚したところで\nどうにも出来んぞっ！」		
「―――――――それはどうかな？」		
「なに…っ？」		
「更に2枚目の伏せカードオープンッ！\n<ruby=マジック>魔法</ruby>カード『<ruby=こんぱくゆうごう>魂魄融合</ruby>』発動ッ！」		
「あ、あのカードはッ！」		
「そう。お前が喉から手が出る程、\n欲しがっているレアカードだ。」		
「『<ruby=こんぱくゆうごう>魂魄融合</ruby>』の効果発動ッ！\nフィールドの『<ruby=ウインドマン>疾風の羽男</ruby>』と『メタル・ファランクス』で―――――――」		
「―――――――融合召喚ッ！」		
「なにィ…ッ！？\n俺の『メタル・ファランクス』を\n融合素材にしただとぉおお～～ッ！？」		
「現れろッ！『<ruby=メタルウイングマン>鋼鉄の翼男</ruby>』ッ！」		
「『<ruby=メタルウイングマン>鋼鉄の翼男</ruby>』の効果発動ッ！\n『<ruby=メタルウイングマン>鋼鉄の翼男</ruby>』が特殊召喚された時、\n融合素材になった元々の攻撃力分のダメージを与えるッ！」		
「『メタル・ファランクス』の元々の攻撃力は4000ッ！」		
「そして、『<ruby=ウインドマン>疾風の羽男</ruby>』と合わせて\n5500のダメージを受けろッ！」		
「ぐあああああーーーーーッ！！！」		
「更にッ！自分のターンッ！\nドローッ！」		
「バトル！\n『<ruby=メタルウイングマン>鋼鉄の翼男</ruby>』でダイレクトアタックッ！」		
「これで終わりだッ！\n必殺の『メタルウイングブレード』ッ！」		
「うわああああああああーーーーーーッ！！！！		
（ノヴァの攻撃によって\nカードハンターのライフがゼロになった瞬間、）		
（何故かオーバーリアクションで\nカードをばら撒きながら吹っ飛んで行った。）		
「自分の勝ちッスね。\n約束通り、賭けの報酬『<ruby=こんぱくゆうごう>魂魄融合</ruby>』の\nカードは頂いて行くッス。」		
（ノヴァは地面にばら撒かれたカードの中から\n目当てのカードを一枚拾い上げる。）		
「な、何故だ……っ！\n何故、お前は一枚しかデッキに入っていない『<ruby=こんぱくゆうごう>魂魄融合</ruby>』を\nあの局面で引き当てる事が出来たのだ…！？」		
「<ruby=デステニー>運命の</ruby>ドロー。」		
「真の決闘者はいついかなる時にも\n望んだカードを引くことが出来るッス。」		
「勝負は時の運。けれど、真の決闘者は\n運さえも味方に付けられる。」		
「か、格が……違い過ぎる……っ。」		
「ふっ。お前のデュエルも悪くなかったぜ。」		
「カードハンターなんてコソドロしてないで\n真っ当な決闘者になったらどうだ？」		
（何かカッコ良さげなセリフを吐きながら\nノヴァはクールに去って行った。）		
「あのすみません。ノヴァさん。\n俺の事、完全に忘れてますよねー？\nノヴァさん？」		
メイド店員A		
「『メイドインヘブン』へようこそ。」		
「え？何ここ？」		
「メイドカフェッスよ。\nここでランチタイムと<ruby=しゃれこ>洒落込</ruby>みましょうぞ。」		
「お帰りなさいませ。ご主人様。」		
「やあやあ。今、帰ったぞい。」		
「って何だ。ノヴァか。\nあんた最近シフト入ってないから\n辞めたのかと思ったわ。」		
「こうみえて<ruby=たぼう>多忙</ruby>の身でしてなぁ。\nなかなかメイドの仕事も手が付かないんスよ。」		
「ノヴァ推しのお客さん、泣きながら\nあんたの帰りを待ってるんだから\nなんとかしてあげなさいよね。」		
「ふっ。心配なさるな。\n自分のファンはそんな事では<ruby=くじ>挫</ruby>けないんス。\nだから、放っておきましょう。」		
「さすが、<ruby=こあくまけい>小悪魔系</ruby>メイドで\nキャラ売ってるだけあるわね…。\nファンへの扱いが雑過ぎるわ…。」		
「それに今日はお客さんとして来たんスよ。\nなんてったって、\n今自分はデート中ですからな。」		
「え？あんた彼氏居たの？\nどこどこ？」		
「ほら。これッスよ。これ。」		
「おい。人をコレ呼ばわりするんじゃない。」		
「なーんだ。\n彼氏って言うから驚いたけど\nただのオートマタじゃない。」		
「オートマタを散歩させてるなんて\nあんた意外と面倒見いいトコあるのね。」		
「人をペット扱いすんじゃねー。」		
「うわ！オートマタが喋った！」		
「喋るオートマタとか今時珍しくもないだろ。」		
「わわっ！なにこれ！\nちゃんと話せるオートマタじゃん！」		
「……？\nこのメイドは何をそんなに驚いてるんだ？」		
「そりゃあ、一般的に<ruby=ふきゅう>普及</ruby>してるオートマタの中でも\n人間のように思考し会話できる<ruby=じりつがた>自律型</ruby>は\nかなり珍しいんスよ。」		
「普及率の一番高い<ruby=だいにせだいがた>第二世代型</ruby>でも、\n会話は出来るっスけどどうしても機械的な\n応答になってしまって思考や感情はほとんど無いんス。」		
「そもそも<ruby=ぎじこんぱく>疑似魂魄</ruby>が無いと\n感情表現が不可能ッスからね。」		
「結局のところ、今の科学力だと\nオートマタにおける人間らしさっていうのは\n<ruby=こんぱく>魂魄</ruby>があるか無いかの差って事ッス。」		
「じゃあ、元々人間の俺は別として\n<ruby=ぎじこんぱくとうさいがた>疑似魂魄搭載型</ruby>オートマタである\nノヴァやフェイリクスみたいなのは特別って事か。」		
「そういう事ッス。\n<ruby=ぎじこんぱくじたい>疑似魂魄自体</ruby>がまだ研究段階なんで\n量産化して一般家庭に普及されるのはまだ先ッスかねぇ。」		
「なるほどねー。\nノヴァはこの珍しいオートマタを\n見せびらかす為に連れ歩いてたってわけね。」		
「どうだー。すごいだろー。\n驚いたか！」		
「驚いた！」		
「さて、驚かせてもらったし\nそろそろ仕事しますか。」		
「それじゃお嬢様と<ruby=じゅうしゃさま>従者様</ruby>をご案内ー。」		
「俺、<ruby=じゅうしゃあつか>従者扱</ruby>いなんだ。」		
「まぁ、家庭用オートマタは一般的に\n人間の生活支援を目的としてるッスからねー。\n付き人みたいなもんスよ。」		
「はーい。\nミートスパゲティお待ちどうさま。」		
「美味しくなる魔法をかけまーす。」		
「おーけー。」		
ノヴァ／メイド店員A		
「美味しくなーれ。美味しくなーれ。\n萌え萌えきゅーん。」		
「ご注文は以上になります。\nではごゆっくりー。」		
「……何故お前も魔法の儀式やったの？」		
「メイドさんと一緒に魔法を唱えるのも\nメイドカフェを楽しむ<ruby=だいごみ>醍醐味</ruby>でござるよ。」		
「それじゃ、いただきまーす。」		
「もぐもぐ……うーん。\nまんだむ。」		
（ノヴァはもぐもぐと美味そうに\nミートスパゲティを食べ始めた。）		
「ってか、オートマタって食事の必要あるのか？」		
「オートマタの世代によって変わりますな。」		
「旧式の<ruby=だいいちせだいがた>第一世代型</ruby>や、現行の<ruby=だいにせだいがた>第二世代型</ruby>は\n<ruby=がいぶきょうきゅう>外部供給</ruby>で動力エネルギーを補充するので\n食事をする必要が無いッス。」		
「ところが新世代である<ruby=だいさんせだいがた>第三世代型</ruby>オートマタから\n食事機能が追加され、」		
「人間と同じように食事をする事でエネルギーを\n補給する事が出来るようになったんス。」		
「味覚機能もあるから、このミートスパゲティが\n滅茶苦茶美味いって事もわかるんスよ。\nちょーうめー。」		
「へー。食事が出来るオートマタねぇ。」		
「確かに<ruby=だいさんせだいがた>第三世代型</ruby>の見た目って\n人間そっくりだから、そうしてると\nオートマタかどうか区別付かないな。」		
「まさにそれが<ruby=ていこくじゅうこう>帝国重工</ruby>の……、\n<ruby=だいさんせだいがた>第三世代型</ruby>の狙いなのです。」		
「<ruby=だいさんせだいがた>第三世代型</ruby>オートマタの設計コンセプトが人間の<ruby=もほう>模倣</ruby>。\n人工的な人間の開発。つまり、\n<ruby=じんぞうにんげん>人造人間</ruby>を目指してたわけですな。」		
「だから、<ruby=だいにせだいがた>第二世代型</ruby>までの旧世代と違って\n<ruby=だいさんせだいがた>第三世代型</ruby>には人間らしくある為の\n様々な機能が追加されているのですよ。」		
「人造人間ねぇ、なんだかSFみたいな話だな。\n……………ん？」		
（―――――――<ruby=ひらめ>閃</ruby>いた！）		
「な、なるほど！つまり、\n<ruby=だいさんせだいがた>第三世代型</ruby>が今後発展すれば\n理想の彼女を作り出すことが出来るじゃないか！」		
「ルックス、スタイル、性格、<ruby=しゅみしゅこう>趣味趣向</ruby>！\nすべて俺好みにオーダーメイドしたオートマタが…ッ！\n最強の彼女が誕生するって事だぜ！」		
「や、やべえ…！未来が明るい…ッ！\n凄すぎるぜ<ruby=ていこくじゅうこう>帝国重工</ruby>…ッ！」		
「川島さん、川島さん。」		
（ノヴァは急に自分自身を指さした。）		
「え？なにしてんの？」		
「ここに居るじゃない。理想の彼女が。」		
「あー……そうだねぇ……。」		
「ちょっと何でそこでテンション下がってるんスか。\n失礼ッスねー。」		
「自分とのデート中だって事、忘れないで欲しいッス。\nぷんぷん。」		
（ノヴァは機嫌を損ねたのか\n腕を組み、口をへの字にして怒っていた。）		
「はー。ごちそうさまー。\nいやー、食べた食べた。」		
「川島さんは\n何も食べなくて良かったんスか？」		
「いや、俺お前と違って食事出来ないんだけど。\nっていうか、今さっき飯食えるの\n<ruby=だいさんせだいがた>第三世代型</ruby>だけって言ってたじゃん。」		
「ははは。そうでしたなー。\nめんごめんご。」		
（こいつマジでオートマタと思えないほど\nテキトーだよな。\n<ruby=だいさんせだいがた>第三世代型</ruby>って皆こんな感じなのか？）		
「そういや、\nノヴァってここでバイトしてたのか？\nさっき、メイドとそんな感じの話してたし。」		
「ええ。当店、人気ナンバーワンの\nゆるふわ小悪魔系ロリっ子メイドのノヴァちゃんとは\nこの私の事でございます。」		
「小悪魔系ロリまではなんとなくわかるが\nゆるふわはどっからきたんだ。」		
「普段はゆるふわ<ruby=せいそけい>清楚系</ruby>メイドの\nノヴァちゃんが実は\n小悪魔系Sっ子メイドだった！？」		
「実は責められたいMっ気オタクくんのハートを\nガッチリ掴んで離さない！\nこれぞまさにギャップ萌え！」		
「絶対的な人気を確立するには\nこーゆー意外性にとんだパンチが効いた\n趣向が必要なのですよ。」		
「こいつ……できる！」		
（冴えわたる洗練された巧みなノヴァの\n営業トークの前に成す術なく\n納得してしまう俺だった。）		
「お前がメイドカフェで\nバイトしてるのはわかったけど何でまた？\n影山から給料貰ってんだろ？」		
（なぜこいつだけ給料が支給されて、\n俺が貰えないのは謎でしかないが。）		
「<ruby=やぼ>野暮</ruby>な質問ですな。\n女の子は色々お金が掛かるのですよ。」		
「特に<ruby=デュエリスト>決闘者</ruby>はね。お金を掛けた額が\n戦闘力になるといっても<ruby=かごん>過言</ruby>では無いのです。」		
「……お前の大会優勝トロフィーは\n金の力で小学生達からもぎ取ったものだったのか。」		
「世の中、<ruby=じゃくにくきょうしょく>弱肉強食</ruby>。強い者が勝つ。\nお金こそパワー。」		
「……さ、最低の発想だ。」		
「というわけで、ドクターからのお給金では\n足りない分はこうしてメイドカフェで働き\n収入を得ているのです。」		
「まぁ、動機はどうあれ、\n小遣いは自分で稼いでるってのは偉いよな。」		
「えっへん。ノヴァちゃんはとても偉いのです。」		
「今度自分の働きぶりを見に来るといいッス。\n人気ナンバーワンメイドの輝きというものを\nご覧にいれましょう。」		
「ああ。そうさせてもらうぜ。」		
「あれ…？\nサツキじゃないのか？」		
<Off>笑顔2・私服		
「あ、本当だ。声掛けてみましょう。\nおーい！<ruby=さみだれ>五月雨</ruby>さーん！」		
「待て…！」		
（俺は<ruby=とっさ>咄嗟</ruby>にノヴァの口を<ruby=ふさ>塞</ruby>ぐ）		
「もがもが。」		
「いきなり何するんスかー！」		
「サツキの後ろ。アヤシイ奴が後をつけてる。」		
黒いオートマタ		
<Character=アイゼン>真顔		
（そこにはサツキの歩幅に合わせピッタリと\n後ろを付いてくる怪しいオートマタの姿があった。）		
「何だあのオートマタは？\nサツキのストーカーか？」		
「人間のストーカーをする\nオートマタって珍しいッスね。」		
「どちらにしろサツキの危険が危ない…！\nあのオートマタをとっちめてやる…！」		
（俺が不審なオートマタに近づこうとした瞬間――――――）		
「キャー！弾丸ライナーの打球が飛んでくるわッ！」		
「危ない！女子高生に当たるぞッ！」		
（どこからともなく飛んで来た<ruby=こうしきやきゅう>硬式野球</ruby>ボールの\n弾道の先にサツキの姿があった！\nまずい…！あれは直撃コースだ！）		
（その時、怪しい黒いオートマタが\n弾丸ライナーのボールをキャッチし、\nサツキへの直撃を防いだ！）		
「な、何て身のこなしだ…！」		
野球少年A		
「す、すみません！怪我は無いですか！？」		
<Character=アイゼン>驚き		
「馬鹿野郎ッ！\nサツキに当たったらどうする！？\nバッティング練習ならグラウンドでやれッ！」		
（黒いオートマタは野球ボールを\n少年に投げ返した。）		
「ご、ごめんなさいーーーッ！」		
（そして、当のサツキは\nそんな<ruby=ききてきじょうきょう>危機的状況</ruby>になっているなど\n気付きもせず、テクテクと歩いていた。）		
「謎のオートマタの\nファインプレーのおかげで\n五月雨さんは無事みたいッスね。」		
「おいテメェ。何者だ？\n何故、サツキのストーカーをしてやがる。」		
「俺の名はアイゼン。\nサツキは俺が守る。」		
「は？テメェ。\nサツキとはどういう関係だ？」		
「お前が知る必要は無い。\n川島ユート。」		
「何だと……ッ！？\nっていうか、何で俺の名前を知っている？」		
「いや、それ以前にどうして俺が\n川島ユートだとわかる？\n今の俺はオートマタになっているというのに。」		
「<ruby=すがたかたち>姿形</ruby>は重要ではない。\nお前の<ruby=こんぱく>魂魄</ruby>が、\nお前が川島ユートだという事を証明している。」		
「サツキに近づく奴は\nすべて俺のブラックリストに入っている。\nお前も例外ではない。」		
「なるほどー。\nアイゼンさんはガチめのストーカーでしたか。」		
「<ruby=はくちゅうどうどう>白昼堂々</ruby>サツキを<ruby=つ>尾</ruby>け回すのはやめろ！\nお前はサツキのプライバシーを<ruby=しんがい>侵害</ruby>している！」		
「お前も見たはずだ。俺が居なければ\nサツキに野球ボールが直撃し、\n大怪我を負っていただろう。」		
<Off><Character=メカユート>驚き２		
「……そ、それは！」		
「この世界は危険が多すぎる。\nだから俺がサツキを守ってやらなくてはならないんだ。」		
「いいか。俺の邪魔をするな。」		
「アイゼン……。\n一体、何者なんだ……。」		
「五月雨さんを庇ったって事は\n悪い人では無いのかもしれないッスね。」		
「……いや、サツキのストーカーの時点で悪人だろうよ。」		
「さて、今回のデートのラストを飾るのは\nこのお店ッス。」		
（ノヴァに案内されて来たのは\n<ruby=はんかがい>繁華街</ruby>から外れた<ruby=うらろじ>裏路地</ruby>に\nひっそりと<ruby=たたず>佇</ruby>むビルの地下のフロアだった。）		
「……何かめちゃくちゃアヤシイ雰囲気が\n<ruby=ただよ>漂</ruby>う店なんだが。大丈夫なのかここ？」		
「<ruby=地下へようこそ>Welcome to Underground</ruby>。」		
「その名の通りここはアンダーグラウンド。\nアングラショップ。」		
「一般流通してない入手困難な\nありとあらゆるブツを\n独自のルートから取り寄せる。」		
「この店で手に入らないものは無いと言っても\n過言では無いスーパーなショップッス。」		
「……おいおい、国内で<ruby=ばいばいきんし>売買禁止</ruby>の\nヤベーもんが売られてんじゃねーだろうな？」		
「馬鹿言うな。<ruby=いかるがけいさつ>斑鳩警察</ruby>のお<ruby=ひざもと>膝元</ruby>で\nそんな割に合わねー事をするかってんだ。」		
（俺の<ruby=かげぐち>陰口</ruby>が聞こえたのか、\n店のカウンターからアヤシイオッサンが出て来た。）		
「おー。テンチョー。\nおひさー。」		
「よお。ノヴァ。\nこうして顔を合わせるのは久々だな。」		
「いつもやり取りはメールか電話で\nブツのやり取りも運び屋を使ってますからなぁ。」		
「相変わらず用心深い奴だ。\nさすがは<ruby=いかるがけいさつ>斑鳩警察</ruby>・<ruby=ちょうほうぶ>諜報部</ruby>だな。」		
「ははは。<ruby=しょくぎょうがら>職業柄</ruby>でして。」		
「<ruby=いかるがけいさつ>斑鳩警察</ruby>？<ruby=ちょうほうぶ>諜報部</ruby>？」		
「こいつが噂に聞く、\nお前さんのマスターってやつか。」		
「そッス。川島さんッス。」		
「まぁ、今は見ての通りオートマタになってて\n成り行きで自分がこの人のマスターやってますが。」		
「はー。話には聞いてたが\nこれが元人間だってんだから信じられねぇよなぁ。」		
「<ruby=ていこくじゅうこう>帝国重工</ruby>がすげーのか、\n<ruby=むげんつくよみ>夢幻月読</ruby>がすげーのか、\nはたまた、こいつがすげーのか。」		
「まぁ、全ての要素が絶妙に絡み合って\nこういう<ruby=じしょう>事象</ruby>にはなってるみたいッスけど。」		
「おいこら。お前ら。\n俺を置いてけぼりにして\n意味のわからねー話してんじゃねー。」		
「驚いたな。\n本当に人間みたいに喋るじゃねぇか。\nこのオートマタ。」		
「俺は元々人間だっつーの。\nそれとオートマタじゃねぇ、\n川島ユートだ。」		
「それで、テンチョー。\n例のブツは？」		
「あぁ。仕入れておいたぜ。」		
「こいつがお望みのブツだ。」		
「――――――――ッ！？」		
（テンチョーが棚から取り出した四角い長方形の箱。）		
（一目でわかった。いや、見間違えるはずがない。）		
（だって、これはフェイリクスのクソ野郎によって\n消し炭となってしまった俺の宝物。）		
「『魔法アイドル・ザクロちゃん\nBD-コンプリートボックス』ッ！！！」		
「し、しかもッ！未開封新品……だとッ！！」		
「当時、ザクロちゃんは知名度が無く\nマイナーな部類だった為メーカーは初回限定盤を\nたった３０００本しか作らなかった。」		
「やがて、ザクロちゃんの人気が爆発すると\n初回限定盤の価値はとんでもない事になり、」		
「インフレにインフレを重ね、\n中古価格でも高級車を買えるレベルの超高額品。\nまさに幻の一品となってしまった。」		
「だが、ここにあるのは未開封新品…ッ！\nこいつは下手すれば家すら買えるような\nどえらい価値の品だ……ッ！」		
「い、一体…ッ！\n何故こんなものがここにッ！？」		
「おいおい。川島。何を寝ぼけてやがる。\nちっと考えればわかるだろう。」		
「こいつを注文したのは誰だ？\nそしてそれは誰の為だ？」		
「……ッ！？\nま……まさか……ッ！？」		
「川島さんの大事なザクロちゃん。\nお返しするッス。」		
「だから、元気出してください。\n川島さんは馬鹿みたいに前向きな方が\n川島さんらしいんスから。」		
「ノヴァ……お前……っ。\n俺の為に……っ。」		
「言ったでしょう。今日はデートだって。\nこれは川島さんに元気を出してもらう為の\nデートだったんスよ。」		
（ノヴァは『魔法アイドル・ザクロちゃん\nBD-コンプリートボックス』を俺に手渡す。）		
「今度は失くさないようにしてくださいッス。」		
「あ……ありがとう…っ。ノヴァ……っ。\n俺……俺……マジで嬉しいよ……っ。」		
（俺が人間だったら涙を流していた事だろう。\n今の自分がオートマタである事が\nなんと嘆かわしい事なのか。）		
「で、でもよ……っ。\nこんな高いもん本当に貰っていいのか……っ。」		
「いいんスよ。それはテンチョーに\nタダで仕入れてもらったもんス。」		
「タダって……これが無料だと！？\nオークションに出せば家すら買えるレベルなのに！？」		
「別にそいつを手に入れる事自体は\n大して難しくなかったぜ。\nいつものノヴァの依頼に比べりゃな。」		
「それに、今回そいつを仕入れた事で\nノヴァへの貸し借りはチャラになったんだ。\nむしろ、俺にとっては安いもんだ。」		
「へへ。毎度。」		
（おいおい……。\nこのとんでもない価値の初回限定盤を\nチャラにするぐらいの借りってなんだよ……。）		
（ノヴァって掴みどころの無い奴だと思ってたが\n実はとんでもなく凄い奴なんじゃないのか…？）		
「おや？　どしたんスか、川島さん。\nそんなに自分の事をジロジロ眺めて。		
「もしかしてノヴァちゃんに惚れたな～？」		
「俺、今回の一件で\nノヴァの事、好きになったわ。」		
「ほほお。」		
「ちょ……っ、\n急にマジになるのやめて欲しいんスけど。」		
「お前のプレゼント。\n最高だぜ。一生大事にするからな。」		
「そんなにストレートに喜んで貰えると\nプレゼントした甲斐があったってものですな。」		
「川島……か。\nあのノヴァにここまでさせるとはな。\n面白い男だ。」		
「まぁ、一緒に居て飽きないッスね。\n川島さんは。」		
「川島さん。今日は川島さんの為にデートして\nザクロちゃんもプレゼントしたんスから\n我々の計画の事もちゃんとしてくださいッスね。」		
「わかってるって。フェイリクスをぶっ飛ばして\nユリ姉を取り戻すッ！任せときな！」		
「いや、ユリせんせーだけじゃなくて、\n学園アイドルを全員救出して欲しいんスけど。」		
（<ruby=せいおうがくえん>聖皇学園</ruby>の見慣れた朝の登校風景。）		
（いつもなら何て事の無い日常だが\nいつからか、その日常は破壊された。）		
（あのクソ野郎の存在によって。）		
女子生徒A		
「あ、見て！　川島君よ！」		
女子生徒B		
「ほんとだ！\n川島ユート君が登校してきたわッ！」		
「やあ。おはよう。皆。」		
（俺の身体を乗っ取った<ruby=ちょうほんにん>張本人</ruby>。\nフェイリクスのクソ野郎はニヤけ<ruby=ヅラ>面</ruby>を<ruby=さら>晒</ruby>しながら\n遅刻ギリギリに登校してきやがった。）		
女子生徒C		
「キャー！おはよー！\n川島くーん！」		
女子生徒D		
「おはよー！　ユート君！」		
女子生徒E		
「え！　川島君！\n登校！？　私も挨拶に行かなきゃ！」		
女子生徒G		
「私も私もー！」		
（フェイリクスによって\n洗脳された大勢の女子共が\n登校してきたフェイリクスを<ruby=われさき>我先</ruby>に取り囲む。）		
「キャー！川島君こっち向いてー！」		
「こ、これ！私が作って来たお弁当！\n受け取ってください！」		
「おやおや。随分と熱烈な歓迎だね。\n僕の女の子達。」		
「けれど、これだけの人数。\n一度には相手出来ないよ。困ったね。」		
「こらぁー！あんた達！\nユートが迷惑してるでしょ！\nさっさと離れなさい！」		
「あー。うるさい風紀委員長が来たわ。」		
「風紀委員長だからっていつも川島君の\n近くをウロウロして邪魔なのよねー。」		
「そうそう。警備だとか何とか言って\n<ruby=しょっけんらんよう>職権乱用</ruby>も<ruby=はなは>甚</ruby>だしいわよねー。」		
「な、なんですってぇぇええ～～ッ！！\n誰のおかげで学園の治安が維持出来てると思ってんのよッ！\nこの恩知らず共がぁあああ～～ッ！！」		
「まったく。自分の学園の生徒すら<ruby=よくせい>抑制</ruby>出来ないなんて\n風紀委員長が聞いて呆れるわね。\n盾なんとかさん。」		
「獅堂ミナトッ！だったら、\nあんたが何とかしなさいよッ！\nっていうか盾なんとかって言うなッ！」		
「嫌よ。あなたの指図を受けるなんて\nまっぴらごめんだわ。」		
「あんですってぇええ～～ッ！！\nちょっと<ruby=おもて>表</ruby>出なさいよッ！！\nその減らず口、二度と叩けないようにしてやるッ！」		
「はぁ。馬鹿の相手をするのは疲れるわ。」		
「獅堂ミナトぉおおお～～～ッ！！！」		
「いい加減にしないかお前達ッ！！」		
「既にホームルームの時間は過ぎているッ！！\nさっさと教室へ行かんかッ！！」		
「わ、ユリ先生…！」		
「やば…！ユリちゃん怒ると怖いのよね…ッ！」		
「どやされない内に早く教室行こ！」		
「それじゃあね！川島君！」		
「ああ。またね。\n僕の女の子達。」		
「まったく。ウチの生徒達ときたら\nしょうがない奴等だ。」		
「まったくその通りよね！」		
「同感です。」		
「馬鹿者！お前達もだ！\n<ruby=しどう>獅堂</ruby>！<ruby=たてがみ>盾守</ruby>！」		
「そ、そんな～！\n私は止めようとしたんですよ～！\nユリ先生～！」		
「<ruby=きみ>気味</ruby>の悪い<ruby=ねこな>猫撫</ruby>で声で<ruby=かわしませんせい>川島先生</ruby>に甘えるの。\n<ruby=ふゆかい>不愉快</ruby>だからやめてくれないかしら？」		
「はぁあああーーーッ！？\nもういっぺん言ってみなさいよ！\n獅堂ミナトぉおおお～～ッ！！」		
「いい加減にしないかッ！\n喧嘩をやめないと廊下に立たせるぞッ！」		
「まぁまぁユリヒメ。\nその辺にしてやってくれ。」		
「二人が<ruby=けんえん>犬猿</ruby>の仲なのは\n今に始まった事じゃないからね。」		
「む、むう……。\nユートがそう言うなら……。」		
「ありがとう！ユート！\nいつも私に優しいね！えへへ。」		
「ふふっ。ありがとうございます。\n川島さん。あなたはやはり\n私の一番の理解者のようですね。」		
「は？ユートは私の為に庇ってくれたのよ。\nあんたなんかアウトオブ<ruby=がんちゅう>眼中</ruby>よ。」		
「あなたこそ。自分が川島さんに相手にされないからって\n勝手に川島さんの恋人だと思い込むのは止めなさい。\n見苦しいわよ。」		
「なんだとぉお～～～～ッ！！\n獅堂ミナトぉおお～～～ッ！！」		
「ほら、言わんこっちゃない。\nこの二人を<ruby=いさ>諫</ruby>めるのは<ruby=なみたいてい>並大抵</ruby>の事ではないぞ。」		
「やれやれ。どうしたら\n二人共仲良くなってくれるんだい？」		
ミナト／アメリア		
「こいつと仲良くなるなんて\n死んでもごめんよッ！」		
「わー。こんなに息ピッタリなのに\nなんで相性悪いんだろうねー。」		
「おはよう。サツキ。」		
「おはよー。川島くん。」		
「おい。<ruby=さみだれ>五月雨</ruby>。\n一体何時だと思ってるんだ。\n遅刻だぞ。」		
「ぶー。川島くんだって遅刻してるじゃん。」		
「そ、それは……っ。」		
「すまない。ユリヒメ。\nどうやら僕も遅刻してしまったようだね。」		
「い、いや！それは女子生徒に絡まれて\nタイムロスしたからであって\nユートのせいではないぞ！」		
「あー！ユリ先生ー！\n川島くんにだけずるーい！\n<ruby=ひいき>贔屓</ruby>だー！ぶーぶー！」		
「むむ…！そ、そういうわけではないのだが…！」		
「ありがとう。ユリヒメは優しいね。」		
「……そ、そうか！\nま、まぁ弟に優しくするのは\n姉として当然だからな！」		
「ユリ先生、デレデレしちゃってー！\n教師と生徒の<ruby=ふじゅんいせいこうゆう>不純異性交遊</ruby>はいけないんだぞー！」		
「ば、馬鹿を言うな！\nユートは弟だ！ただの家族交友だ！\n変な誤解はやめてもらおう！」		
「さて、これ以上遅刻するのは\nよくないし\nそろそろ教室へ行くとしよう。」		
「さあ。行こうか。\n僕の女の子達。」		
「そ、そうだな。行こうか。」		
「あ、ちょっと待ってよユート！\n私も行く！」		
「それじゃ行きましょうか。川島さん。」		
「おいこら獅堂ミナト！\nドサクサに紛れてユートの隣を歩くんじゃないわよ！」		
（フェイリクスのクソ野郎は\nユリ姉を<ruby=ひっとう>筆頭</ruby>とした学園アイドル達を引き連れて\n校舎に向かって行った。）		
「<ruby=にく>憎</ruby>い…ッ！」		
「憎い憎い憎い…ッ！」		
「あのクソ野郎ッ！\nフェイリクスのクソ野郎が憎いッ！」		
「今すぐこの手で野郎を<ruby=や>八</ruby>つ<ruby=ざ>裂</ruby>きにしてやりたい…ッ！！」		
「ちょっと川島さん。\nまたこんなところで<ruby=えんさ>怨嗟</ruby>を垂れ流していたんスか。」		
「だって…ッ！フェイリクスのクソ野郎が…ッ！\nユリ姉を…ッ！俺から大切なものを\nすべて奪っていったんだ…ッ！許せるわけがねぇよ…ッ！」		
「そんなに<ruby=なげ>嘆</ruby>くほど嫌なら見なければいいのに。」		
「そうだとも…ッ！\nフェイリクスにデレデレしてる\nユリ姉なんか見たくはねぇ…ッ！」		
「だ、だが…ッ！」		
「く、悔しい…ッ！でも…ッ！\n死ぬほど嫌だけど何故か目が<ruby=くぎづ>釘付</ruby>けになってしまう…ッ！\nう、うわあああ…ッ！何故だぁ…ッ！」		
「あー。これば<ruby=ネトラレ>NTR</ruby>適正がありますなぁ。\n<ruby=ネトラレ>NTR</ruby>によって川島さんは<ruby=けんおかん>嫌悪感</ruby>と同時に\n<ruby=よろこ>悦</ruby>びを感じているのです。」		
「ば、馬鹿な…ッ！\n違う…ッ！俺は正常だ…ッ！\nそんな事、あるはずがねぇ…ッ！」		
「そうじゃなかったら毎朝こうして\nユリせんせーの<ruby=ネトラレ>NTR</ruby>現場を\nウォッチングしてないッスよ。」		
「お、俺が<ruby=きょうじん>狂人</ruby>…ッ！？俺がクレイジー…ッ！？\nク、クソ…ッ！俺を狂わせたのはすべて\nフェイリクスのクソ野郎のせいだ…ッ！」		
「うわー。どんどん症状が酷くなっていく。\n早くなんとかしないと。」		
白髪のチャラ男		
<Character=天道>笑み		
「おやおや。こんなところに居たんですか。\n探しましたよ。ノヴァさん。」		
「うわ。天道さん。\n何しに来たんスか。」		
「私に対する第一声が『うわ。』とか\n酷いですねぇ。\n私、あなたの上司なんですけど。」		
「誰だテメー。見慣れねぇヤツだな。\nここは関係者以外立ち入り禁止だ。」		
「ちょっとノヴァさん。\nこのオートマタ、口悪くないですか？\nちゃんと<ruby=しつけ>躾</ruby>ておいてくださいよ。」		
「ほら、関係者以外は立ち入り禁止だ。\nとっとと帰りな。」		
「何で二人して私を追い出そうとするんですか。」		
「はぁ…、仕方ありませんね。\n身分を明かして疑いを晴らすとしましょうか。」		
「私は<ruby=いかるがけいさつちょうほうぶしょぞく>斑鳩警察諜報部所属</ruby>・<ruby=てんどう>天道</ruby>ルシオ<ruby=けいぶほ>警部補</ruby>です。\nほら、警察手帳。本物ですよ？」		
（天道と自称するチャラそうな男は\n警察手帳を見せて来た。）		
「ちなみに私はこちらのノヴァさんの\n上司になります。」		
「は？ノヴァの上司？\nなにそれ。ノヴァって警察だったの？」		
「いいえ、知らない人です。」		
「なんで<ruby=うそつ>嘘吐</ruby>くんですか。\nほら、ノヴァさんも\n警察手帳見せてあげてくださいよ。」		
「はいはい。わかりましたよ。」		
（ノヴァはしぶしぶ<ruby=ふところ>懐</ruby>から警察手帳を取り出す。）		
「<ruby=いかるがけいさつちょうほうぶしょぞく>斑鳩警察諜報部所属</ruby>・<ruby=きこういん>機巧院</ruby>ノヴァ。\n以後、お見知り置きを。」		
「おいおい…。マジかよ…。\nお前、警察官だったのかよ…。」		
「まぁ。これもバイトの一種ッスね。\n女の子はお金が掛かるんスよ。」		
「こうみえてノヴァさんは<ruby=すごうで>凄腕</ruby>の<ruby=ちょうほういん>諜報員</ruby>なんですよ。」		
「<ruby=にんむたっせいりつ>任務達成率</ruby>９９．９％。<ruby=こきゃくまんぞくど>顧客満足度</ruby>９０％。\n<ruby=ぜんねんどさいゆうしゅうじょえんじょゆうしょうじゅしょう>前年度最優秀助演女優賞受賞</ruby>。\n<ruby=かみはんきいかるがけいさつじょせいけいかんにんき>上半期斑鳩警察女性警官人気</ruby>ランキング№２。」		
「<ruby=めいじつとも>名実共</ruby>に素晴らしい実績のある警察官で\n上司である私は鼻が高いですねぇ。」		
「………ところどころ<ruby=うさんくさ>胡散臭</ruby>い\n実績が挟まってるのはなんなんだ。」		
「天道さんみたいなボンクラが警部補の地位に\n立てているのも自分の活躍のおかげだという事を\n忘れないで欲しいッス。」		
「はいはい。わかっていますよ。\nすべてはノヴァさんのおかげ。\nいやー。ありがたいですねぇ。」		
「うぜー。まったく<ruby=せいい>誠意</ruby>が感じられない。」		
「今の聞きました？川島さん。\nノヴァさんっていつも私に冷たいんですよ。\n一体どうしてなんでしょうか？」		
「……知らねーよ。唐突に俺に振るんじゃねー。」		
「……待て、どうして俺の名前を？\nっていうか、このオートマタの姿で\n何故俺が川島だとわかった？」		
「こうみえて諜報部の警部補ですからね。\nあなたが身体を奪われオートマタの姿にされた事も\n知っていますよ。川島ユートさん。」		
（……これが諜報部の<ruby=じょうほうもう>情報網</ruby>ってやつか。\nこいつ、只者じゃねぇ。）		
（この天道という男。チャラついた<ruby=ふうてい>風体</ruby>とは\n<ruby=うらはら>裏腹</ruby>に油断がならないようだ。）		
（俺は天道から<ruby=ただよ>漂</ruby>う<ruby=そこし>底知</ruby>れぬ何かに警戒レベルを高める。）		
「天道さんは自分の調査資料から\n情報得てるだけの知ったか野郎なので\n相手にするだけ無駄ッス。」		
「ノヴァさぁん。酷いじゃないですか。\nどうしてネタバレしてしまうんですかぁ。\nそこは上司の顔を立ててくださいよぉ。」		
（ノヴァの言う通りどうやらこいつは\n見かけ通りただのチャランポランのようだ。\n俺は天道への警戒を解いた。）		
「この野郎。脅かしやがって。\nつまんねーハッタリかますんじゃねー。」		
「はあ。ノヴァさんの報告通り、\nあなたは<ruby=めうえ>目上</ruby>に対する礼儀を知らないようですね。\n私、これでも警察官なんですけど。」		
「そんな事より、天道さん。\n一体何しに来たんスか？」		
「ここは自分の<ruby=かんかつくいき>管轄区域</ruby>ッスよ。\n冷やかしならさっさと帰るッス。しっしっ。」		
（ノヴァは片手をスナップさせ\n天道を追い払う仕草をする。）		
「<ruby=はるばるいかるがけいさつしょ>遥々斑鳩警察署</ruby>からやって来たというのに、\nそんなに<ruby=じゃけん>邪険</ruby>にしないでくださいよ。\nノヴァさん。」		
「実はノヴァさんに\nやって頂きたい任務がありましてね。\nこうして<ruby=しゅっとうめいれい>出頭命令</ruby>をお伝えしに来たと言うわけです。」		
「うわ。事あるごとに\n自分に仕事を振るのやめて欲しんスけど。\n今月、何件目だと思ってんスか。」		
「仕方ないじゃないですか。上からの命令なんですし。\nそれにこの重要な任務。お任せ出来るのは\nノヴァさんしか居ないのですよ。」		
「そう言っていつもいつも面倒な事を\n自分に押し付けてるじゃないッスか。」		
「どうせいつもやる事無くて暇なんだから\nたまには天道さんが働いて欲しいッス。」		
「暇じゃないですよ。こうみえて私、\nとてもとても忙しいんですから。ええ。」		
「それにこの任務。\n<ruby=さなだけいぶ>真田警部</ruby>からのご指名です。\nほらこれが証拠の<ruby=れいじょう>令状</ruby>です。」		
（天道は<ruby=ふところ>懐</ruby>から一通の書類を取り出し\nノヴァに見せつける。）		
「うわぁ……。マジかよ<ruby=さなだけいぶ>真田警部</ruby>。\nなんで自分を名指しで指名してくるんスか。」		
「<ruby=さなだけいぶ>真田警部</ruby>にはちゃあんとノヴァさんの\n活躍を報告してますからねぇ。\n腕を買われたという事ですよ。」		
「……<ruby=やっかいごと>厄介事</ruby>を押し付けられただけなんスけど。」		
「さて、それじゃ。\nノヴァさんにご納得頂けたようですし\n<ruby=いかるがけいさつしょ>斑鳩警察署</ruby>に行きましょうか。」		
「学園の外にパトカーを停めているので\nお送りしますよ。」		
「さあ。車に乗ってください。\nこの私が安全運転で署までお送りしましょう。」		
「くそっ。しょうがねぇな。」		
「まさかノヴァが警察官だったとはな。\nまぁ、任務じゃ仕方ねぇ。\n行って来いよ。」		
「何を<ruby=ひとごと>他人事</ruby>みたいに言ってるんスか。\n川島さんも一緒に行くンスよ。」		
「は？何で俺も行かなきゃなんねーんだよ。\n俺は警察と関係無いだろ。」		
「今の川島さんのマスターは自分なんスから、\nマスターに同行するのは、\nオートマタとして当然の義務ッスよ。」		
「何そのオートマタの暗黙のルール。\nっていうか、お前もオートマタじゃねぇか。」		
「オートマタだってマスターになれる！\n人間とオートマタの常識を破壊するのが\n<ruby=だいさんせだいがた>第三世代型</ruby>の使命なのです。」		
「……こいつ、\nまさか人間様を<ruby=れいぞく>隷属</ruby>させようというのか。」		
「あなたは今オートマタなんだから\n別にいいじゃないですか。」		
「うるせー。身体はオートマタでも\n心は人間なんだよ。」		
「ほら、乗った乗った。\nあんまりモタモタしてると\n<ruby=さなだけいぶ>真田警部</ruby>に怒られてしまいますよ。」		
「怒られるのは天道さんだから別によくね？」		
「私が嫌なんです！」		
「どうしてノヴァさんは\nこんなにも私に冷たいのでしょうか？\n私、上司なのに。しくしく。」		
「お前が胡散臭いヤツだからじゃね？」		
「ひどい！」		
「はい。到着。\nここが我々の拠点。\n<ruby=いかるがけいさつしょ>斑鳩警察署</ruby>です。」		
「ここが<ruby=いかるがけいさつしょ>斑鳩警察署</ruby>か。」		
（特に捕まるような事はしてないのに\nまさか来ることになるとはな。\n何だか複雑な気分だ。）		
「ふー。帰って来たぜー。」		
「ノヴァさん。私が連れて来ないと\n署に<ruby=めった>滅多</ruby>に来ないじゃないですか。」		
「そりゃ<ruby=ちょうほうにんむ>諜報任務</ruby>なんて\n<ruby=しょがいかつどう>署外活動</ruby>が主なんスから\n警察署に顔出してる暇なんて無いッスよ。」		
「そう言う割には学園やカードショップには\nしょっちゅう入り浸ってるじゃないですか。」		
「この前なんかカードゲーム大会で優勝してましたし。」		
「キモッ。」		
「ちょっと。ノヴァさん？\nキモいとか言うのでやめてくださいよ。\nライン越えてますよ。」		
「なんで報告書に書いてない事まで\n知ってるんスか。\nプライバシーの侵害ッスよ。」		
「私はノヴァさんの上司ですからね。\n部下の勤務管理は上司の仕事でもありますよ。」		
「勤務外の事まで調べてるのは\n普通にストーカー行為ッスよ。」		
「お前をストーカー犯罪を犯した罪で逮捕する。」		
（ノヴァはどこからともなく<ruby=てじょう>手錠</ruby>を取り出し\n天道の両手に嵌める。）		
「ひー。何故、私を逮捕するんですかー。\n私は警察官ですよぉ！？それもノヴァさんの上司！」		
「お前を署まで連行する。」		
「よかったな。すぐそこだぞ。」		
「よくないです！」		
「あ、そうだ。ノヴァさん。\n<ruby=さなだけいぶ>真田警部</ruby>に会う前に\n制服に着替えて来てください。」		
「着てるじゃん。制服。」		
「そうじゃなくて<ruby=いかるがけいさつしょ>斑鳩警察署</ruby>の制服です。\nそんな恰好じゃ真田警部に\n怒られてしまいますよ。私が。」		
「じゃあいいじゃん。」		
「よくないです！\n早く更衣室で着替えて来てください！」		
「しょうがねーなー。」		
（ノヴァは<ruby=ふてくさ>不貞腐</ruby>れながら\nトボトボと更衣室に向かって行った。）		
「はぁ。どうしてノヴァさんは\nああも聞き分けが無いのでしょう。\n反抗期ですかねぇ。」		
（天道は両手を<ruby=かか>掲</ruby>げ、\nやれやれと言いながら<ruby=ためいき>溜息</ruby>を吐く。）		
「っていうか、天道お前。\n手錠はどうしたんだよ？」		
（先ほどノヴァが天道の両手首に<ruby=は>嵌</ruby>めた手錠が\n忽然と消失している。）		
「ああ。あの程度の手錠、\n私に掛かれば開錠なんて造作も無い事です。」		
（天道は外した手錠を\n人差し指でくるくると回転させる。）		
「……一体、いつの間に。\n大した<ruby=てじな>手品</ruby>だな。」		
「結構、女性に評判なんですよ。\n私の<ruby=てじな>手品</ruby>。今度、川島さんにも\n教えて差し上げましょうか？」		
「マ、マジか！\nそれを覚えれば俺もモテるってのか！？」		
「こら川島さん。\n天道さんの<ruby=くちぐるま>口車</ruby>に乗るんじゃありません。」		
（ついにモテ期到来のチャンスが舞い降りたかと\n<ruby=こころおど>心躍</ruby>らせていると警官服に\n着替えたノヴァが戻って来た。）		
「おかえりなさい。ノヴァさん。\n良く似合っていますよ。\n<ruby=いかるがけいさつ>斑鳩警察</ruby>の制服姿。」		
「どうスかー？川島さん。\nノヴァちゃんの警察官姿。」		
「ちょっとノヴァさん。\nナチュラルに無視しないでくださいよぉ。」		
「逮捕しちゃうゾ☆」		
（ノヴァが敬礼ポーズをしながら\nキメ顔でウインクをする。）		
（仮にも<ruby=いかるがけいさつ>斑鳩警察</ruby>の<ruby=ふけい>婦警</ruby>が\nそんなあざとい真似をするなど\nまったくけしからんな。）		
「うむ。上出来だ。\nなかなか可愛いぞ。」		
（俺は<ruby=そっちょく>率直</ruby>な評価を<ruby=くだ>下</ruby>す。）		
「おや。ツンデレの川島さんが\n意外にも素直な感想を。\nこれはノヴァちゃんにデレちゃったかなー？」		
「まぁな。」		
「おお。ド直球に来ましたな。」		
（俺のストレートな返答に\n珍しく目を丸くするノヴァ。）		
（実際、先日のデートイベントで\n俺のノヴァへの好感度は上がっている。）		
（悔しいがノヴァの警官姿は\nあざと可愛い。どうやら俺も徐々にノヴァの\n魅力に気付きつつあるらしい。）		
（だ、だが俺にはユリ姉が…っ！\nい、一体俺はどうすればいいんだ…っ！）		
「うぐ…っ。ぐぐぐ…っ。\nぐぬぬぬ……っ！」		
「川島さん。\nなんか腕組みながら<ruby=うな>唸</ruby>ってますね。」		
「ユリせんせー<ruby=ひとすじ>一筋</ruby>だった川島さんが\nノヴァちゃんの小悪魔的可愛さに気付き\n両者を<ruby=てんびん>天秤</ruby>に掛けて<ruby=かっとう>葛藤</ruby>しているのです。」		
「はあ。なんだか大変なんですねえ。」		
「失礼します。」		
「<ruby=さなだけいぶ>真田警部</ruby>。\nノヴァさんをお連れしました。」		
「やっほー。」		
「遅いぞ！天道！\nいつまで待たせる気だ！」		
「<ruby=きこういん>機巧院</ruby>も何だその挨拶は！\n部下の教育もまともに出来んのか！天道！」		
「ええ…。結局、私怒られるんですかぁ…？\n急いでノヴァさんを連れて来たというのに。\nしくしく。」		
「どんまい。」		
「ほぼノヴァさんのせいだという事に\n気付いてくださいよ。とほほ。」		
「機巧院！挨拶のやり直しだ！\n斑鳩警察官たるもの挨拶を<ruby=おろそ>疎</ruby>かにするなど<ruby=ごんごどうだん>言語道断</ruby>！」		
「挨拶に始まり、挨拶に終わる！\n<ruby=れいせつ>礼節</ruby>を重んじ、<ruby=たいげん>体現</ruby>するのが斑鳩警察なのだ！」		
「相変わらず暑苦しいなー。」		
「ほら、リクエストされてますよ。\nはい。<ruby=テイクツー>Take2</ruby>どうぞ。」		
「はいはい。」		
「<ruby=いかるがけいさつちょうほうぶしょぞく>斑鳩警察諜報部所属</ruby>・<ruby=きこういん>機巧院</ruby>ノヴァ。」		
「真田警部の<ruby=めい>命</ruby>により、ただいま<ruby=しゅっとう>出頭</ruby>しました。」		
「うむ。次から入室する時はその挨拶を忘れるな。」		
「はっ！<ruby=がってんしょうち>合点承知</ruby>の<ruby=すけ>助</ruby>であります！」		
「いつの時代の返事だよ……。」		
「む？ところで何だそいつは？\n見慣れないオートマタだな。」		
（真田は俺を見るなり、\n<ruby=いぶか>訝</ruby>しげに質問をしてきた。）		
「俺は川島ユート。\n見ての通り、平凡な高校生さ。」		
（とりあえず無難な自己紹介をしておいた。）		
「お前のような身なりの高校生が居るか。」		
「真田警部。これが例のフェイリクスに\n身体を奪われたという方ですよ。」		
「……川島ユート、だったか。\nなるほど。<ruby=げんどう>言動</ruby>や態度からして中身は\n世間知らずの高校生というのも頷ける。」		
「テメェ。喧嘩売ってんのか。」		
<Off><Character=メカユート>片目6		
「俺を馬鹿にするという事は俺を教育した\n担任教師であり、<ruby=俺の尊い姉ちゃん>マイスウィートシスター</ruby>である\nユリ姉を馬鹿にするという事だ。」		
「取り消せよ。今の言葉。」		
「礼儀知らずだけではなく、なんと<ruby=ごうまん>傲慢</ruby>な奴なのだ。\n何故フェイリクスはこいつをターゲットにしたのか。\nまるで理解が出来んぞ。」		
「そりゃあ、<ruby=こいがたき>恋敵</ruby>を潰してやろうという\n気持ちはわからなくもないですよ。\nねぇ、ノエルさん？」		
「ノエルじゃねぇ、ノヴァだ。\n二度と間違えるな。殺すぞ。」		
「ひぃ、怖いですねえ。くわばらくわばら。」		
「まったく。その<ruby=いろごいざた>色恋沙汰</ruby>のせいで\nフェイリクスが聖皇学園生徒を洗脳するなどという\n<ruby=あくじ>悪事</ruby>を働いてしまっているではないか。」		
「自分も正直迷惑してるんスよ。\nフェイリクスに言い寄られて。」		
「動機はどうあれ、\nこの事件に斑鳩警察官が関与している事は事実。\n早急に対処しなくてはならない。」		
「そりゃあ、洗脳状態の生徒ならまだしも\n保護者側が騒ぎ出したら斑鳩警察への\nバッシングが激しくなりますからねえ。」		
「よからぬ<ruby=ふいちょう>吹聴</ruby>が<ruby=まんえん>蔓延</ruby>する前に\n騒ぎの種を\n摘み取っておかなければなりません。」		
「だからこそ我々<ruby=ちょうほうぶ>諜報部</ruby>に\n<ruby=しらは>白羽</ruby>の<ruby=や>矢</ruby>が立ったのでしょう？」		
「口を<ruby=つつし>慎</ruby>め天道。斑鳩警察は地位や名誉の為だけに\n存在しているのではない。\n最重要事項は市民の安全確保。」		
「フェイリクスに洗脳された生徒達は\nいわば人質。\n人質の解放が何よりも先決なのだ。」		
「おやおや。\nさすがは斑鳩警察本部所属の真田警部。」		
「まさに斑鳩警察官の<ruby=かがみ>鑑</ruby>とも言える正義の熱弁。\nこの天道。真田警部のお言葉に心を打たれ\n感動の涙を流してしまいました。」		
（天道はわざとらしくハンカチを取り出し\n涙を<ruby=ぬぐ>拭</ruby>う素振りを見せる。）		
「くだらん<ruby=ざれごと>戯言</ruby>はやめろ。天道。\n貴様が正義の心に目覚めるなど<ruby=てんち>天地</ruby>が裂けても\nあり得ん事ぐらい<ruby=じゅうじゅうしょうち>重々承知</ruby>している。」		
<Off>怒り3・警官服		
「こら天道ー。\n息を吐くように嘘吐くんじゃねー。」		
「酷いですねぇ。上司と部下からも\n信用されないだなんて。\nパワハラですよ。パワハラ。」		
「これは教育的指導だ。\n<ruby=なんじゃく>軟弱</ruby>な奴ほど自分を正当化する為、\nパワハラだのなんだと抗議をする。」		
「そんな奴らをまともに相手しているほど\n斑鳩警察は暇ではないのだ。」		
「うわ。とんでもないブラックな職場ですねぇ。\n今時そんな古臭い体育会系的思考は\nこの時代に合っていませんよ。」		
「これが斑鳩警察の伝統だ。」		
「ひえ。斑鳩警察が\nここまで時代を逆行しているとは。」		
「まさに時代の最先端を行く\n<ruby=ていこくじゅうこう>帝国重工</ruby>とは<ruby=うんでい>雲泥</ruby>の差ですね。」		
「これは、その帝国重工からの特別指令だ。」		
「<ruby=ていこくじゅうこうせいたいこうがくけんきゅうじょ>帝国重工生体工学研究所</ruby>から脱走した\n廃棄予定の試作型オートマタ、\nフェイリクスを確保せよとな。」		
「なに…！？フェイリクスは\n元々<ruby=せいたいこうがくけんきゅうじょ>生体工学研究所</ruby>の実験機だったのか！？」		
「ほう。<ruby=せいたいこうがくけんきゅうじょ>生体工学研究所</ruby>を知っているのか？」		
「まぁな。あそこにはちょっと<ruby=いんねん>因縁</ruby>があんだよ。」		
「じゃあ何か？今、フェイリクスが\n好き放題やらかしてるのは\n<ruby=ていこくじゅうこう>帝国重工</ruby>の<ruby=ふしまつ>不始末</ruby>だってのか？」		
「ええ。本来であればフェイリクスは\n今頃廃棄されているはずでした。」		
「しかし、廃棄処理当日に生体工学研究所から脱走。\n突如、<ruby=せいおうがくえん>聖皇学園</ruby>の近隣公園に暴走オートマタとして\n現れたのです。」		
「あの時、ノヴァが倒したオートマタが\nフェイリクスだったのか。」		
「完全に破壊したと思ったんスけど\nまさか川島さんの身体を奪って<ruby=よみがえ>蘇</ruby>るとは\n想定外だったッスね。」		
「あーあ。ノヴァさんが\nちゃんとトドメを刺さないから\nこんな面倒な事になっちゃって。」		
「いったぁッ！\nちょ…っ！なんでいきなり蹴るんですか\nノヴァさぁんッ！」		
「え、<ruby=しゅくせい>粛清</ruby>。\n天道が<ruby=ぼうげん>暴言</ruby>を吐いたから。」		
「暴力反対～！\nっていうか、普通に呼び捨てとか\n私への<ruby=けいい>敬意</ruby>の<ruby=かけら>欠片</ruby>も無いじゃないですかぁ～！」		
「いい加減にしろ！お前達！\n今は真面目な話をしているんだ！\nふざけている場合ではない！」		
「ほら～！ノヴァさんのせいで\nまた怒られたじゃないですか～！」		
「それで真田警部。\n自分をここへ呼んだのはつまり\nフェイリクスを捕まろって事ッスね？」		
「いや、無視ぃぃぃー！」		
「やかましい奴だな。お前。」		
「<ruby=たんとうちょくにゅう>単刀直入</ruby>に言えばそうだ。\nだが、フェイリクスが人質を取っている以上、\n慎重に事を運ばなければならない。」		
「下手に奴を刺激すれば\n人質に危害が及ぶ可能性があるからだ。」		
「おやおや。真田警部ともあろうお方が\n随分と<ruby=よわごし>弱腰</ruby>な姿勢ですねえ。」		
「そんな事では<ruby=ていこくじゅうこう>帝国重工</ruby>のお<ruby=えらがた>偉方</ruby>に\n言いたい放題言われてしまいますよ？あちらは\n一刻も早く不始末を処理したいでしょうから。」		
「うわ。さっきまでヘタレてたのに\n急に強気に出たな。」		
「天道さんは人の揚げ足を取る時だけ\nウッキウキになるッスからねえ。」		
「知った事か。\n<ruby=ていこくじゅうこう>帝国重工</ruby>など好きに言わせておけばいい。」		
「この事件の現場の指揮権はこの私に委ねられている。\n私は斑鳩警察の正義の名の下に人命救助を優先する。」		
「これはこれは。\n私としたことが野暮な忠告でしたねえ。\n真田警部には。」		
「おー。さすが真田警部。\n帝国重工相手に一歩も引かぬ見事な<ruby=たんか>啖呵</ruby>。」		
「これぞ我々のリーダー。\nよっ。日本一。」		
（ノヴァは真田のブレない演説に\n<ruby=かんめい>感銘</ruby>を受け拍手を送る。）		
「お前も見習えよ。天道。」		
「ちょっとノヴァさん？\n真田警部が居ると<ruby=しつよう>執拗</ruby>に私を\nいじってくるのやめてくれません？」		
「さて、前置きはこのくらいにして\n任務の本題に入るとしよう。」		
「機巧院、お前を呼んだのは他でも無い。\n諜報部にしか出来ん重要な任務を任せる為だ。」		
「ほうほう。斑鳩警察本部所属の\n真田警部のご指名とあらば断われないッスねー。\nさあ、なんなりと。」		
「<ruby=いやいや>嫌々</ruby>ここまで来たわりには\n熱い手のひら返しですねえ。」		
「フェイリクスに洗脳された生徒達の\n様子に不信に思った一部の保護者が\n斑鳩警察署に相談に来ている。」		
「ここで対応を誤るとフェイリクスの犯行が\n保護者を通じて公になり、\n下手にフェイリクスを刺激する事に繋がる。」		
「そうなれば、フェイリクスに洗脳されている\n生徒達の身が危険に晒される可能性がある。」		
「そこで<ruby=きこういん>機巧院</ruby>には斑鳩警察署に来ている\n保護者達の対応を頼みたい。\nくれぐれも<ruby=ないみつ>内密</ruby>にな。」		
「なるほど。警察にクレームに来た\n保護者達の口封じというわけですね。」		
「言葉が過ぎるぞ天道。これはあくまで\n人質の身の安全を守る為。」		
「被害に遭った生徒の保護者達は\n間接的には事件の関係者だ。\n<ruby=そそう>粗相</ruby>のないよう<ruby=ていちょう>丁重</ruby>にもてなすのだ。」		
「はぁー？情報統制の一種とはいえ\n保護者のご機嫌取りを何で諜報部の\n自分がやらなきゃならないんスかー。」		
「そんなの<ruby=せいかつあんぜんか>生活安全課</ruby>にでも\nやらせとけばいいじゃないッスかー。」		
「お前、<ruby=せいかつあんぜんか>生活安全課</ruby>を\n雑用係かなんかと思ってねーか？」		
「<ruby=せいかつあんぜんか>生活安全課</ruby>に任せられん。\n何故なら斑鳩警察署に来ている保護者の中に\n聖皇学園のPTA会長がおられるからだ。」		
「PTA会長が何だっていうんスか。\nそんなもの斑鳩警察の国家権力の前には\n無に等しい存在ッス。」		
「急に権力を振るい始めてきたな。」		
<Off>苦笑2		
「ノヴァさんはお金と権力が大好きですからねえ。」		
「……好きなもの聞いてそれが返ってきたら\nドン引きするわ。」		
「PTA会長は<ruby=さみだれ>五月雨</ruby>カグヤ殿。\n<ruby=さみだれりゅうけんじゅつ>五月雨流剣術</ruby>・<ruby=げんとうしゅ>現当主</ruby>だ。」		
「うひゃー。\n五月雨さんのお母さんッスかー。\nそりゃ厄介ッスねー。」		
「サツキの母親がなんで厄介なんだよ？」		
「<ruby=さみだれりゅう>五月雨流</ruby>は代々この地を治めて来た<ruby=ぶけ>武家</ruby>のお<ruby=いえがら>家柄</ruby>。\nカグヤさんはその現当主です。」		
「<ruby=さみだれりゅう>五月雨流</ruby>が<ruby=とうち>統治</ruby>している関係で昔から\n<ruby=いかるがけいさつ>斑鳩警察</ruby>は<ruby=さみだれりゅう>五月雨流</ruby>と<ruby=ゆちゃくかんけい>癒着関係</ruby>があるのですよ。」		
「だから、お<ruby=とくいさま>得様</ruby>である\n五月雨流当主のカグヤさんに対しては\n我々斑鳩警察は強く出る事が出来ないのです。」		
「おい天道。言い方に気を付けろ。\nカグヤ殿は斑鳩警察にとって大事な客人。\n丁重に扱わせて頂くという事だ。」		
「はいはい。\n我々斑鳩警察は<ruby=ゆちゃく>癒着</ruby>など何もない\nホワイトでクリーンな組織です。」		
「そういうわけでカグヤさんを\n怒らせると斑鳩警察官の首が何人か\n飛びかねないので丁重な扱いが必要なんスよ。」		
「なるほどな。だから天道が\n必死にノヴァを連れて来たわけか。」		
「何で私の首が飛ぶ前提なんですか。」		
「それにお前達諜報部に\nこの任務を任せる理由は\n何もカグヤ殿だけの話ではない。」		
「フェイリクスが生徒を人質にしている以上、\n<ruby=じょうほうろうえい>情報漏洩</ruby>には細心の注意を払われなければならない。\nそれだけ繊細で精密な任務遂行が求められるのだ。」		
「仮に情報が洩れても揉み消すなり\nなんなり出来るのも諜報部の役目ですからねえ。\nまぁ、我々がやるしかないでしょうね。」		
「いやいや、我々っていうか\n実際に任務を遂行するのは自分なんスけど。」		
「はいはい。そうでした。\n頑張ってくださいね。ノヴァさん。」		
「こいつー。」		
「カグヤ殿を含めた保護者達は現在、\n斑鳩警察署のフェイリクス対策本部で\n待機させている。」		
「<ruby=すみ>速</ruby>やかに現場に出動し<ruby=しか>然</ruby>るべき対応をするのだ。」		
「うわ。もうスタンバイしてるんスか。」		
「早速のお仕事ですねえ。」		
「仕方ねえ。いっちょやるかー。」		
「じゃあ、川島さん。\n現場に向かうッスよ。」		
「当然のように俺も行くのかよ。」		
「待て<ruby=きこういん>機巧院</ruby>。\n川島をどうするつもりだ？」		
「どうするもこうするも川島さんの\nマスターは自分ッス。」		
「当然<ruby=じょしゅ>助手</ruby>として任務に同行させるッスよ。\nそうだな？ワトソンくん。」		
「誰がワトソンだ。」		
「川島はフェイリクスに身体を奪われた張本人であり、\n奴の標的。いわば重要参考人。\n斑鳩警察で保護するのが妥当だ。」		
「川島を同行させれば、フェイリクスが\n川島を狙い襲撃してくる可能性がある。」		
「つまり、\nカグヤ殿を含む保護者達が危険に晒されるのだ。\n<ruby=きこういん>機巧院</ruby>。お前はそのリスクをわかっているのか？」		
「―――――――当然、むしろそれが狙いッスよ。」		
「……何だと？」		
「川島さんはフェイリクスをおびき寄せるエサ。\nエサに食いついたフェイリクスを確保する。\nそれが我々諜報部の作戦ッス。」		
「え？そうなの？」		
「あれ？そうなんですか？」		
「……ふむ。肉を切らせて骨を断つ…か。」		
「しかし、保護者達の身の安全はどうする？\nお前はフェイリクスの襲撃に\n保護者達を危険に晒すというのか？」		
「心配ご無用。保護者達は天道さんが守ります。\n命を賭けてね。」		
「ええッ！？」		
「……そうか。天道。\nまさかお前にそこまでの覚悟があったとはな。」		
「いや、真田警部。\n私、命賭ける気なんてさらさら無いんですけど。」		
「いいだろう。天道の覚悟、しかと受け取った。\n責任は私が取る。お前達の好きにするがいい。」		
「えええええッ！？」		
「ははあ。ありがたき幸せ。」		
「行け！<ruby=いかるがけいさつちょうほうぶ>斑鳩警察諜報部</ruby>！\nこの任務！お前達に任せる！」		
「ラジャッス！」		
「ちょっと真田警部ぅぅ～～～っ！！\nなんでノヴァさんの話を\n<ruby=うの>鵜呑</ruby>みにするんですかぁああ～～～ッ！！」		
「はあ……。\nなんだか面倒くせー事になっちまったなぁ……。」		
「いやー。お待たせしてすみません。\n保護者の皆様……、」		
（天道がヘラヘラしながら\n保護者達の待つ部屋に入ると\n<ruby=しんそく>神速</ruby>の斬撃が天道の頬を<ruby=かす>掠</ruby>めた。）		
「ちょ……………えええ～～！？」		
「いきなり刀で人を斬りつけるだなんて\n危ないじゃないですかぁ～！！」		
<Off>不満2・警官服		
「チッ。生きていたか。」		
「ちょっとノヴァさん。\nライン越えてますよ。それ。」		
「<ruby=さみだれけとうしゅ>五月雨流当主</ruby>であるこの私を\n随分と待たせてくれたわね。」		
「<ruby=いかるがけいさつ>斑鳩警察</ruby>は一体いつから\nそんなに偉くなったのかしら？」		
ツインテールのオートマタ		
<Character=リサ>怒り		
「おっそーい！\n一体、いつまで待たせるのよー！」		
メイドのオートマタ		
<Character=ステラ>怒り		
「お嬢様が大変な時に\n何をのんびりとしているのですか！」		
飛行型オートマタ		
<Character=フーゲツ>怒り		
「ソウダソウダー！」		
「保護者達が待機していると聞いていたが\nなんかほぼオートマタなんですけど。」		
「オートマタだと思って<ruby=あなど>侮</ruby>らないで欲しいわね！」		
「私はリサ！\nユリヒメの親友なんだから！」		
（リサ……。確かユリ姉のバイト先の\nバーのマスターだったか。\n見覚えがある気がする。）		
（何で教師がバーでバイトしてるんだという\nツッコミはさておき。）		
「私はステラ。獅堂家の使用人。\nミナトお嬢様のメイドをしております。」		
「私は<ruby=さみだれ>五月雨</ruby>カグヤ。サツキの母親です。」		
「そしてこれは我が五月雨家のペット。\n<ruby=ふうげつ>風月</ruby>。」		
「フーゲツだゾー！\nフーゲツはサツキが心配！」		
「なるほど。どうやらここに居る全員が\nフェイリクスに洗脳された生徒の関係者である事は\n間違いなさそうだな。」		
「<ruby=たてがみ>盾守</ruby>パイセンだけ保護者不在なのが\n家庭環境を<ruby=にょじつ>如実</ruby>に表してるッスね。」		
「ダメですよ。ノヴァさん。\n<ruby=たてがみ>盾守</ruby>さんの事が上層部に知られたら\nこちらの立場が危うくなるんですから。」		
「だからこそ、真田警部は\nフェイリクスの件を\n一刻も早く片づけたいんスよねー。」		
（何やらノヴァと天道がひそひそと話している。\n盾守は斑鳩警察と何か関係があるのか…？）		
「ぎょええええ～～～っ！！」		
「五月雨流当主であるこの私を放っておいて\n<ruby=だんしょう>談笑</ruby>とは随分と余裕ね。斑鳩警察官さん？」		
「ちょっとあんた！\n私達をこんなところに閉じ込めておいて\n随分雑な扱いしてくれるじゃない！」		
「あんまり調子乗ってると\nカグヤちゃんがあんたの首を切り落とすわよ！」		
「そんな<ruby=せっしょう>殺生</ruby>な…！」		
「リサさん。\nだからカグヤちゃんという呼び方は\n止めてもらいたいのだけど。」		
「なんでー？可愛いのに。」		
「……はあ。」		
「お嬢様が…！ミナトお嬢様が\n今大変な事になっているのです…！」		
「いつものクールでストイックな\nミーちゃ……ミナトお嬢様とはまるで様子が違う。」		
「まるでアオハルが来たかような\nキャピキャピした恋愛脳に\n汚染されてしまっているのです…！」		
「それもこれも\n突如現れた川島ユートとかいう輩に\n<ruby=ろうらく>篭絡</ruby>されたせいなのです…！」		
「そうよそうよ！ユリヒメもユートにゾッコン状態で\nデレデレしちゃってさ！バイトのシフトも\nすっぽかすようになっちゃったし！」		
「まぁ、ユートってばユリヒメの弟だから\nちょっと甘く見てやろうかなと思ってたんだけど、」		
「まさかの２股３股４股と！\nユリヒメだけならいざ知らず\n他の女の子も入れ食い状態じゃないの！」		
「あのクズ野郎！絶対許さないんだから！」		
「ええ。聞けばサツキも\nその川島ユートとかいうどこの馬の骨かも\nわからない男に夢中な様子。」		
「おかげで毎日のように<ruby=もんげん>門限</ruby>を破って\n外で遊び歩いている。これもサツキに\n変な遊びを教えたあの男の影響かしらね。」		
「まさか<ruby=じきさみだれけとうしゅ>次期五月雨流当主</ruby>であるウチの娘を\n<ruby=たぶら>誑</ruby>かす命知らずの<ruby=やから>輩</ruby>が現れるなんてね。\n怒りを通り越して呆れてものが言えないわ。」		
（うわー……。\nフェイリクスが俺の身体をパクってるせいで\n完全に俺が<ruby=ふうひょうひがい>風評被害</ruby>に遭ってるじゃねぇか…！）		
（クソ…ッ！まさかあの野郎！\n俺の姿で<ruby=あくじ>悪事</ruby>を働くことによって\n俺の評判を<ruby=おとし>貶</ruby>める作戦だったのか…ッ！）		
（ちくしょう…ッ！\nなんて<ruby=こしゃく>小癪</ruby>な野郎なんだ…ッ！）		
「斑鳩警察さん。\n私の娘に手を出した川島ユートという<ruby=がいちゅう>害虫</ruby>。\n<ruby=そっこくしまつ>即刻始末</ruby>して頂けるかしら？」		
「ええ～っ。<ruby=あんさついらい>暗殺依頼</ruby>ですかぁ…っ。\nはあ…。仕方ないですねぇ…。」		
（カグヤの<ruby=あつ>圧</ruby>に<ruby=くっ>屈</ruby>した天道はYESマンになり\nやれやれと言いながら\nフェイリクスを始末しようとする。）		
（あれ？ちょっと待って？\nフェイリクスを始末したら\n俺が元の身体に戻れなくね？）		
「ちょっと待てぇえ～～！！\n始末反対！ダメ絶対！\n警察が命を<ruby=そまつ>粗末</ruby>にするんじゃねええーー！」		
「普通に逮捕して罪を償わせろ！\nいくらなんでも<ruby=そうけい>早計</ruby>過ぎるだろッ！」		
「あら？何かしらこの<ruby=からくりにんぎょう>機巧人形</ruby>は？\n人間様に<ruby=ものもう>物申</ruby>すだなんて\n自分の立場をわかっていないようね。」		
「なんなのよアンター！口答えするんじゃないわよ！」		
「ユートはユリヒメの心を<ruby=もてあそ>弄</ruby>んでるのよ！\nそんな<ruby=ゆうちょう>悠長</ruby>な事言ってられないわよ！」		
「そうです！一刻も早くミナトお嬢様を\n川島ユートの魔の手から\n解放させてあげなければ…！」		
「ソウダソウダー！コロセー！\nヤッチマエー！」		
（何なんだこいつらは…！\n口を開けば始末だの殺せだのなんだの…！\nなんて<ruby=ぶっそう>物騒</ruby>な奴らなんだ…！）		
（こいつらには<ruby=りんりかん>倫理観</ruby>ってモンがねぇのか…！？）		
「おい！いい加減に…っ！」		
「―――――――皆さん、<ruby=せいしゅく>静粛</ruby>に。」		
「罪を憎んで人を憎まず。\n神は言っています。\n川島ユートは裁かれるべきだと。」		
「あ……あなたは！」		
「シスター・ノヴァ！」		
「……は？シスター・ノヴァ？」		
「ここは神聖なる教会。\n迷える<ruby=こひつじ>子羊<</ruby>よ。怒りを<ruby=しず>鎮</ruby>めてください。」		
「……この部屋のどこが教会だ。」		
「ははー！シスター！\nこれは失礼をいたしましたー！」		
「シスターの前でこのような<ruby=そそう>粗相</ruby>を…！\n本当に申し訳ありません…！」		
（何故かリサとステラがエセシスターの前に\nひれ伏した。）		
「わかればよいのです。\nさあ、顔を上げてください。」		
「ははー！」		
「なんと<ruby=もったい>勿体</ruby>ないお言葉…！」		
「あらシスターさん。\nその二人の怒りを鎮めても\n私の怒りは収まってないわよ？」		
「私の娘、サツキを<ruby=たぶら>誑</ruby>かす犯罪者。\n川島ユートは<ruby=きょっけい>極刑</ruby>に<ruby=しょ>処</ruby>す。\nそれは決定事項で絶対に揺るがないわ。」		
（やべーぞ。サツキの母親。\n完全にフェイリクスを殺そうとしてやがる。\n……俺の身体なのに！）		
「わかりました。川島ユートへの\nカグヤさんの抑えようのない怒り。\nこの怒りを簡単に鎮める事は出来ないと。」		
「ふふっ。だから殺す。始末する。\n川島ユートを。」		
（カグヤは笑みを浮かべながら手元の刀を弄ぶ。\n……何でこの人、物騒な事言いながら\nこんなに愉しそうなんだろ。怖すぎるでしょ。）		
「ですが、サツキ嬢を<ruby=ろうらく>篭絡</ruby>した輩が\n川島ユートでないとしたら？」		
「………どういう事かしら？」		
「え？え？」		
「シスター様…？一体何を…？」		
「いいですか。落ち着いて聞いてください。」		
「あなた方の娘さんはもちろん\n聖皇学園の生徒達を洗脳しその手中に収めているのは\n川島ユートではありません。」		
「何を言ってるのよ！シスター！\nどう見ても川島ユートじゃない！」		
「そうですよ！シスター様！\nあの品性の欠片も無いふざけた顔は\n川島ユートに間違いありません！」		
「ソウダソウダー！\nあの間抜け面はユートダー！」		
「誰の表情が間抜けでふざけてんねん。」		
（こいつら、中身がフェイリクスとはいえ\n俺の外見を好き放題言いやがる…！）		
「シスターさん。私のサツキを<ruby=たぶら>誑</ruby>かしたのが\n川島ユートでないとしたら、\n一体誰なのかしら？」		
「<ruby=ていこくじゅうこうせい>帝国重工製</ruby>・<ruby=だいにせだいがたせいしんかんしょうよう>第二世代型精神干渉用</ruby>オートマタ\n<ruby=サイファー>CIPHE</ruby>R-09。コードネーム・フェイリクス。」		
「<ruby=せんじつていこくじゅうこう>先日帝国重工</ruby>・<ruby=せいたいこうがくけんきゅうじょ>生体工学研究所</ruby>から脱走した\n廃棄予定のオートマタッス。」		
「精神干渉……なるほど。\n聖皇学園の生徒を洗脳した手口は\n<ruby=からくりにんぎょう>機巧人形</ruby>の能力だったというわけね。」		
「ちょっと待ってよ。シスター！\nユリヒメを誘惑し聖皇学園でハーレムを築いてる\nあの男はどうみても川島ユートじゃない！」		
「そうですよ！ミナトお嬢様を誑かしているのは\n川島ユートその人！あの<ruby=ふうてい>風体</ruby>、見間違えるはずがありません！\n私の目は誤魔化せませんよ！」		
「確かにあの姿は\n<ruby=しょうしんめい>正真正銘</ruby>、川島ユートで間違いありません。」		
「ですが―――――――」		
「―――――中身はフェイリクス。\nあれはフェイリクスが\n川島ユートの身体を乗っ取っているのです。」		
「………なっ！」		
「なんですってーーー！！？」		
「ソンナバカナー！」		
「いやいやいや！\n人間の身体をオートマタが乗っ取る！？\nそんなの聞いた事ないわよ！」		
「そうですよ！いくら<ruby=ていこくじゅうこう>帝国重工</ruby>でも\nそんな<ruby=こうとうむけい>荒唐無稽</ruby>な事が\n出来るわけないじゃないですか！」		
「確かにあまりにも現実離れしていて\n信じられない事は<ruby=じゅうじゅうしょうち>重々承知</ruby>しています。」		
「ですが、これは紛れもない事実。\n事実なのです。」		
「カグヤさん。<ruby=さみだれけとうしゅ>五月雨流当主</ruby>のあなたなら\nあの川島ユートの中身がオートマタ……\nフェイリクスである事がわかるんじゃないですか？」		
「そうなのカグヤちゃん！？」		
「だから、カグヤちゃんと呼ぶのはやめなさい。」		
「確かに。あの男、川島ユートの<ruby=こんぱく>魂魄</ruby>からは\n人間らしさを感じなかった。」		
「そう…どこか<ruby=むきしつ>無機質</ruby>な人工的な<ruby=こどう>鼓動</ruby>を感じたわ。\nあれは人間ではない。私の<ruby=さみだれりゅう>五月雨流</ruby>としての<ruby=ちょかん>直感</ruby>が\nそう<ruby=つ>告</ruby>げてくる。」		
「そ、そんな……！」		
「でも確かに……彼の<ruby=こんぱく>魂魄</ruby>の<ruby=しゅうはすう>周波数</ruby>は\nあまりに<ruby=きそくてき>規則的</ruby>過ぎました……。」		
「何かの間違いかと思ったのですが\nオートマタと言われると<ruby=がてん>合点</ruby>が行く事があります…。」		
「ステラちゃんまで…！」		
「あ、私もちゃん付けなんですね。」		
「おやおや。どうやら信じてもらえたようですねえ。\n今の川島ユートさんの中身がフェイリクスであると。」		
「それと同時にこの事件の<ruby=しゅぼうしゃ>首謀者</ruby>が\n<ruby=ていこくじゅうこう>帝国重工</ruby>・<ruby=せいたいこうがくけんきゅうじょ>生体工学研究所</ruby>から脱走した\n廃棄予定のオートマタだったという事が。」		
「あなた達が言う事はまんざら嘘でもないようね。」		
「いいでしょう。認めるとしましょうか。\nあの男は川島ユートであって川島ユートでは無い。\n似て非なるものであると。」		
「ご<ruby=なっとく>納得</ruby>頂けたようですな。」		
「でも、ちょっと待ってよ！」		
「ユリヒメ達を<ruby=たぶら>誑</ruby>かした<ruby=ちょうほんにん>張本</ruby>人が\n川島ユートの姿をしたフェイリクスだってのは\nわかったわ。」		
「じゃあ、身体を奪われたっていう\n本物の川島ユートはどこに行っちゃったのよ！？」		
「た、確かに…！本物の川島さんは<ruby=どこ>何処</ruby>に…！」		
「ユートはドコダー！\nサガセー！コロセー！」		
（このクソオートマタ。\n未だに俺を殺す気でいやがる。\nマジでポンコツなんじゃねーのか？）		
「皆さん、落ち着いてください。\n犯人はこの中に居ます。」		
「勝手に犯人呼ばわりしてんじゃねー。」		
「え！？犯人が私達の中に紛れ込んでるっていうの！？」		
「い、一体誰なんですか…！？\n犯人は…！？」		
「犯人をコロセー！」		
「ふっ。面白い。」		
「では、聞かせてもらいましょうか。\nこの中に居ると言うのなら。\n犯人は一体誰なのか？」		
「いいでしょう。お教えしましょう。」		
「盛り上がってまいりましたねえ。」		
「……ゴクリ。」		
「……ドキドキ。」		
「ワクワク。」		
「犯人……いや、\n本物の川島ユートはお前だ！」		
（ノヴァは<ruby=じしんまんまん>自信満々</ruby>に俺に向かって指を差す。）		
（人を勝手に犯人呼ばわりしてイラッと来るが\nここは自分の正体を明かす為にも\nノヴァに乗っておくか。）		
「フェイリクスに身体も大切なモノも\nすべて奪われた悲しき被害者！\n俺が……俺こそが本物の川島ユートだ！」		
「え！あんたが本物のユートだったの！？」		
「この方が本物の……川島さん！？」		
「コイツがユートか！\nサツキを返せコノヤロー！\nシネー！」		
「おいポンコツオートマタ。\n人の話聞けよ。」		
「確かにシスターさんの言う通り、\nその<ruby=からくりにんぎょう>機巧人形</ruby>の<ruby=こんぱく>魂魄</ruby>からは人間の<ruby=こどう>鼓動</ruby>を感じるわ。」		
「ええ。<ruby=こんぱく>魂魄</ruby>の<ruby=しゅうはすう>周波数</ruby>も\n血の通った人間らしさを感じますね。」		
「どうやらその<ruby=からくりにんぎょう>機巧人形</ruby>の中身が人間というのも\nあながち嘘ではないらしいわね。」		
「おわかりいただけましたかな？」		
「待って。」		
「リサさん？」		
「カグヤちゃんとステラちゃんが言うなら\nそのオートマタの中身が人間だという事は\n認めましょう。」		
「ちゃん付けはやめて<ruby=ちょうだい>頂戴</ruby>。」		
「だけど、そのオートマタが人間だとして。\nそれが川島ユートだという証拠はあるのかしら！？」		
「た、確かに！」		
「なるほど。一理あるわね。」		
「オラー！オマエはユートナノカー！？\n証拠ダセー！証明シロー！」		
「しまった。そこまで考えてなかった。」		
「おやおや。\n痛いところを突かれてしまいましたねえ。\nどうします？ノヴァさん。」		
「上手く言いくるめられると思ったのに\nなかなか<ruby=かん>勘</ruby>が<ruby=するど>鋭</ruby>いじゃねーか。」		
（<ruby=どうよう>動揺</ruby>しているのかシスターとは\n思えない<ruby=げんどう>言動</ruby>が飛び出すノヴァ。）		
（まぁエセシスターだから\n<ruby=ば>化</ruby>けの<ruby=かわ>皮</ruby>が<ruby=は>剥</ruby>がれただけなのだが。）		
「川島のアニキ。何か証明出来ないんスか？\n奴ら、この期に及んで\nアニキを<ruby=うたが>疑</ruby>ってやがりますぜ？」		
「……何でチンピラの<ruby=しゃてい>舎弟</ruby>みたいな\n言い回しなんだよ。」		
「いいだろう。俺が川島ユートである事を\n証明しようじゃないか。」		
「へえ。面白い。\nではお手並み<ruby=はいけん>拝見</ruby>と行きましょうか。」		
「俺はユリ姉の<ruby=イトコ>従弟</ruby>。つまり<ruby=おとうと>弟</ruby>。\n幼き頃からユリ姉と１つ屋根の下で暮らしている。」		
「つまり、俺はユリ姉のすべてを知っている。」		
「へー。それは聞き捨てなら無いわね。」		
「私はユリヒメの親友。\nつまり、私よりユリヒメに詳しいって\nそう言いたいわけ？」		
「無論だ。\nじゃあ、俺にユリ姉の事を質問してみな。\n<ruby=ひゃっぱつひゃくちゅうぜんもんせいかい>百発百中全問正解</ruby>してやるぜ。」		
「望むところよ。それじゃ私が出題する\nユリヒメ<ruby=けんていじゅんにきゅう>検定準二級</ruby>に合格出来たら\nあんたを川島ユートと認めてあげるわ。」		
「いいのかい？ユリヒメ<ruby=けんていいっきゅう>検定１級</ruby>じゃなくて？」		
「ユリヒメ<ruby=けんていいっきゅう>検定１級</ruby>なんてやったら\nそれこそユリヒメが<ruby=まるはだか>丸裸</ruby>にされちゃうわよ。\n<ruby=けつえんかんけい>血縁関係</ruby>の<ruby=しょうめいていど>証明程度</ruby>なら<ruby=じゅんにきゅう>準二級</ruby>で十分だわ。」		
「ユリ姉を<ruby=まるはだか>丸裸</ruby>にしてやりたいところだが、\nまぁ、<ruby=じゅんにきゅう>準二級</ruby>でいいってんなら俺はいいぜ。」		
「っていうか、ユリヒメ<ruby=けんていいっきゅう>検定１級</ruby>とか<ruby=じゅんにきゅう>準二級</ruby>とか。\nそんな検定存在するんですか？」		
「彼らの中では存在するんでしょうな。\n彼らの中では。」		
「……こんな事で本当に証明になるのかしら？」		
「……ドキドキします！」		
「イイカラ、サッサトハジメロー！」		
「では、第一問！\nユリヒメのバイト先のお店の名前は？」		
「『<ruby=バー スメラギ>BAR SUMERAGI</ruby>』。\nそして、バーのマスターはリサ。お前だ。」		
「せ、正解…！\nま、まぁこんなの序の口よね…。」		
「では、第二問！\nユリヒメが『<ruby=バー スメラギ>BAR SUMERAGI</ruby>』で\n働くようになった理由は？」		
「リサの夢を手伝う為。\n自分の店を持ちたいというリサの夢の\n手助けをしたいとユリ姉から志願したんだ。」		
「せ、正解…！\nそこまで完璧に志望動機を把握しているとは…！\nや、やるわね…！」		
「第三問！\nユリヒメの<ruby=あいとう>愛刀</ruby>の名前は？」		
「ソードブレイカー・<ruby=べにほむら>紅焔</ruby>。\n<ruby=なお>尚</ruby>、<ruby=べにほむら>紅焔</ruby>には<ruby=がんさく>贋作</ruby>が多数存在するが\nユリ姉の<ruby=しょうしんしょうめい>正真正銘</ruby>の<ruby=しんうち>真打</ruby>。本物だ。」		
「せ、正解…っ！\nまさか<ruby=がんさく>贋作</ruby>と<ruby=しんうち>真打</ruby>の違いさえも\n知っているなんて…！」		
「じゃ、じゃあ次からは難易度を上げて\nユリヒメのプライベートな質問に行くわよ…！」		
「望むところだ。どんと来い。」		
「あの絶対的な自信はどこから来るんでしょうねえ。」		
「ユリせんせーの事になると目つき変わるの\nガチで怖いんスよねぇ…。」		
「ユリヒメは聖皇学園の教師になる前\nとある仕事をしていた。\nその仕事は一体何か？」		
「<ruby=いかるがけいさつ>斑鳩警察</ruby>・<ruby=たいけんまたい>対剣魔隊</ruby>。\n突如として現れた謎の生命体、<ruby=けんま>剣魔</ruby>を狩る仕事だ。」		
「せ、正解…！ユリヒメは身内にすら\n細かい仕事内容は伝えて無かったと思うけど\nよ、よく知ってるわね…！」		
「ユリ姉から直接聞かなくてもわかる。\n<ruby=あうん>阿吽</ruby>の<ruby=こきゅう>呼吸</ruby>でな。」		
「あー。っていうか、\n今の<ruby=きみつじこう>機密事項</ruby>じゃないんですか？\nいいんですか喋らせちゃって？」		
「まぁ、ここは<ruby=いかるがけいさつしょない>斑鳩警察署内</ruby>ですし\nいんじゃないスかー？」		
「うわ。<ruby=ちょうほうぶ>諜報部</ruby>にあるまじき適当っぷりですねえ。」		
「で、では第五問…！」		
「ユリヒメは<ruby=いかるがけいさつ>斑鳩警察</ruby>に配属する前、\nとある研究施設に居た。\nその施設名を答えよ。」		
「<ruby=ていこくじゅうこう>帝国重工</ruby>・<ruby=せいたいこうがくけんきゅうじょ>生体工学研究所</ruby>。\nユリ姉はそこの<ruby=じっけんたい>実験体</ruby>だった。」		
「せ、正解…！\nでは、その実験が行われていた計画の名前は？」		
「ブレイズチルドレン<ruby=けいかく>計画</ruby>。\n<ruby=けんま>剣魔</ruby>を<ruby=くちく>駆逐</ruby>する為、人工的にソードブレイカーを\n扱う<ruby=きょうかにんげん>強化人間</ruby>を作る計画だ。」		
「正解！ユリヒメの<ruby=きょうかにんげん>強化人間</ruby>としてのレベルは！？」		
「最高にして<ruby=ゆいいつむに>唯一無二</ruby>のレベル<ruby=ファイブ>５</ruby>。\nだからこそソードブレイカー・<ruby=べにほむら>紅焔</ruby>の<ruby=しんうち>真打</ruby>の\n<ruby=けいしょうしゃ>継承者</ruby>に選ばれたんだ。」		
「せ……<ruby=せいかい>正解</ruby>……っ。\nぜ、<ruby=ぜんもん>全問</ruby>……<ruby=せいかい>正解</ruby>……っ。」		
「ユリヒメ<ruby=けんていじゅんにきゅう>検定準二級</ruby>……合格。\nま、間違いない……。こいつは川島ユート……\nユリヒメの<ruby=イトコ>従弟</ruby>で間違いないわ……。」		
「……………へえ。」		
「す、すごいです……。\nオートマタの姿をしたまま\n自分自身を証明してしまうなんて…。」		
「コイツ……タダモノではナイ…！」		
「ふっ。当然だ。\n俺はユリ姉の事なら何でも知っている。」		
「うわー。何かキメ顔で決めてるッスけど\n普通に重度のシスコン過ぎてキモいんスけど。」		
「あちゃー。これはストーカー被害の事例ですねえ。」		
「なかなか面白いものを見せてもらったわ。\nこれは私も認めざるを得ないわね。\n川島ユートさん。」		
「だから、最初から言ってるだろ。\n俺が真の川島ユートだってな。」		
「けれど、あなたが本物の川島さんだとしても\n私の要求は何一つ変わらない。」		
「はて？要求ってなんでしたっけ？」		
「おい。<ruby=とりあたま>鳥頭</ruby>。何忘れてんだ。」		
「私は<ruby=いかるがけいさつ>斑鳩警察</ruby>に要求した。\nウチの娘、サツキを<ruby=たぶら>誑</ruby>かす<ruby=やから>輩</ruby>を始末せよ、と。」		
「その中身が川島ユートだろうと\n研究所を脱走したフェイリクスであろうと\n関係無い。」		
「ウチの娘に手を出したものは等しく<ruby=きょっけい>極刑</ruby>。\n<ruby=そっこく>即刻</ruby>、首を切り落とすべし。」		
「って、結局フェイリクス殺すんかーい！\nそいつ俺の身体ぁー！\n今までのやり取りなんだったんだよ！」		
「マスターの命令ゼッタイ！」		
「ミナトお嬢様を<ruby=ろうらく>篭絡</ruby>した罪は重い…。\n残念ですがここは<ruby=しざい>死罪</ruby>で<ruby=てう>手打</ruby>ちとしましょう…。」		
「<ruby=さみだれけとうしゅ>五月雨流当主</ruby>のご命令とあらば\n<ruby=いかるがけいさつ>斑鳩警察</ruby>としては受けざるを得ないですからねえ。」		
「いやいや！フェイリクス殺したら\n俺はどうやって元の身体に戻るんだよ！」		
「これからはメカワシマとして\n第二の人生を歩んで行きましょう。」		
「だ、大丈夫よユート！\n結構、その<ruby=い>出</ruby>で<ruby=た>立</ruby>ち似合ってるよ？」		
「全然大丈夫じゃねえ！\nお前らいい加減にしろ！\n命を粗末にするんじゃねえ！」		
「では、川島さん。\nあなたは一体どうしろと言うのかしら。\nフェイリクスを殺す以外に何か手があるとでも？」		
「手はある！\n―――――それは、<ruby=たいわ>対話</ruby>だ！」		
「………、<ruby=たいわ>対話</ruby>、ですか？」		
「相手は研究所を脱走した廃棄予定のオートマタ。\nウチの娘を含めた大勢の人間を洗脳している。\n話し合いに応じるとはとても思えないけれど。」		
「対話をするのはフェイリクスじゃねぇ。\nフェイリクスが洗脳した人質達。\nつまりユリ姉達だ！」		
「ユリヒメを…！？」		
「ミナトお嬢様を<ruby=せっとく>説得</ruby>するというのですか…？」		
「何故この期に及んでサツキを説得しろというの？\n娘達はフェイリクスに洗脳されているのではなくて？」		
「フェイリクスは川島ユートに化けている。\nだが、本物の俺はここに居る。」		
「つまり、ユリ姉達に奴が偽物だと説明すれば\n真実が明らかになり洗脳が解けるかもしれねぇ。」		
「……洗脳によって川島ユートに\n好意を抱くように操作されていた。\nけれど、その前提が覆れば洗脳条件が解除される…と。」		
「なるほど…！やってみる価値はありそうね！」		
「私、お嬢様を説得したいです！\n川島ユートはお嬢様のパートナーにふさわしくないと\n気付かせてあげるのです！」		
「何かその言い口だとすげー複雑な気分なんだが……。」		
「まぁ、実際甲斐性無しの川島さんは\n事故物件なのでやめておいた方がいいとは思うッスよ。」		
「あれ？ノヴァ？\nお前、俺に惚れてるんじゃなかったっけ？\n何でそんな事言うのかな？」		
「おやおや。<ruby=にぶ>鈍</ruby>いですねえ川島さんは。\nノヴァさんは川島さんを\n他の女の子に取られたくないのですよ。」		
「だから、ああやってツンデレな……」		
「いったぁ～い！\nなんでいきなり蹴るんですかぁ！\nノヴァさん！」		
「うるせえ。黙れよ。\n天道。」		
「ちょっと皆さん！見ました！？\nこのシスター、暴力を振るったんですよ！？」		
「ドンマイ。テンドー。」		
「で、どうだい？\nユリ姉達の説得、やってみないか？」		
「あなたに従うのは気に入らないけど、\nサツキの真意を<ruby=みきわ>見極</ruby>めたいところだし。\nその話、乗るとしましょうか。」		
「ええ！是非！\nミナトお嬢様を説得してみせますとも！」		
「よーし！行こう！\nユリヒメの目を覚ましてあげるんだから！」		
「よし！決まりだな！\nいっちょやってやろうぜ！」		
「話は決まったようですね。」		
「それでは皆さん！\nいざフェイリクスの待つ敵地へ！」		
「<ruby=とつげき>突撃</ruby>！<ruby=きんきゅうほごしゃさんかん>緊急保護者参観</ruby>！」		
「川島さん。コーヒーをどうぞ。」		
「ありがとう。ミナト。\n頂くよ。」		
「あっ！ユート！ダメよ！\n<ruby=しどう>獅堂</ruby>ミナトの<ruby=い>淹</ruby>れたコーヒーなんて飲んじゃ！」		
「は？<ruby=けんか>喧嘩</ruby>売ってるのかしら？\n盾なんとかさん。」		
「だから<ruby=たてがみ>盾守</ruby>アメリアだっつってんでしょうが！\nいい加減覚えろ！」		
「あんたは料理がまともに出来ない<ruby=ぶきようおんな>不器用女</ruby>なんだから！\nあんたが<ruby=い>淹</ruby>れたコーヒーなんて\n<ruby=まず>不味</ruby>くて飲めたもんじゃないでしょ！」		
「そう思うのならあれを<ruby=ごらん>御覧</ruby>なさい。」		
「わ。<ruby=しどうかいちょう>獅堂会長</ruby>のコーヒー、おいしー。」		
「うむ。<ruby=びみ>美味</ruby>だな。」		
「とても<ruby=おい>美味</ruby>しいよ。ミナト。」		
「なん……ですって……。\n馬鹿な……獅堂ミナトのコーヒーが<ruby=うま>美味</ruby>い…だと？」		
「確かにミナトは最初のうちは\n少々コーヒーを淹れるのを苦戦していたんだ。」		
「けれど彼女は努力家でね。\n僕がコーヒーの淹れ方を教えると\nみるみると上達していったのさ。」		
「これも川島さんが<ruby=いっしょうけんめい>一生懸命</ruby>マンツーマンで\n手取り足取り教えてくれたおかげです。」		
「こうして私は誰もが認める\n立派なコーヒーレディになる事が出来ました。\n素敵なレクチャーをありがとうございます。」		
「友情！努力！勝利！\nこれぞ我が<ruby=せいおうがくえん>聖皇学園</ruby>の<ruby=もほう>模範</ruby>となる生徒だ！」		
「生徒会長は<ruby=だて>伊達</ruby>ではないな。獅堂。」		
「うんうん頑張ったね。獅堂会長。」		
「あ、ありがとう。五月雨さん。\n嬉しい…きゅん。」		
「そ、そんなあの家庭科ボロクソで\n料理全般ドヘタクソな獅堂ミナトが\nコーヒーレディになったですって…！？」		
「く、悔しいけど…\nあんたの努力認めるしかないようね…っ。」		
「それじゃ私にもコーヒーレディの淹れた\nコーヒーを頂けるかしら？」		
「嫌よ。」		
「なんでよ！何で皆にコーヒー淹れて\n私にだけコーヒー淹れないのよ！？」		
「このコーヒーレディのコーヒーは\n川島さん達、生徒会メンバーに<ruby=ふるま>振舞</ruby>うもの。」		
「盾なんとかさんとかいう\n部外者に<ruby=ふるま>振舞</ruby>うコーヒーなんて無いわ。」		
「はああああ！？？\nいやいや私だってユート<ruby=ひき>率</ruby>いる\n<ruby=がくえんせいとかい>学園生徒会</ruby>・<ruby=してんのう>四天王</ruby>の一人でしょうが！」		
「なんで私だけ<ruby=の>除</ruby>け者にするのよ！\n獅堂ミナトぉおおおお～～～ッ！！！」		
「やれやれ。また始まったな。」		
「もう<ruby=ふうぶつし>風物詩</ruby>になって来てるねー。」		
「あの二人の<ruby=けんあく>険悪</ruby>さには困ったものだね。」		
「うわーん！ユート助けてよー！\n獅堂ミナトがこの私を除け者にしようと<ruby=かくさく>画策</ruby>しているよー！」		
「はあ！？<ruby=おうじょうぎわ>往生際</ruby>が悪いわよ<ruby=たておんな>盾女</ruby>ッ！\n分が悪くなるとそうやって川島さんに泣きつくのはやめろ！」		
「わー。両手に花だねえ。川島くん。\n私も混ざっちゃおうっと。」		
「こら！お前達！\n事あるごとにユートにベタベタするんじゃない！」		
「やれやれ。困ったな。\n愛されるのは<ruby=こうえい>光栄</ruby>だけど、\nこうスキンシップが激しいと身体が持たないよ。」		
「おらぁー！警察だー！\n<ruby=がくえん>学園</ruby>ラブコメハーレム<ruby=ざい>罪</ruby>の<ruby=げんこうはん>現行犯</ruby>で逮捕するッ！」		
「お前達は完全に<ruby=ほうい>包囲</ruby>されているッ！\n武器を捨て、我々に<ruby=とうこう>投降</ruby>しろーッ！」		
「なっ！<ruby=きこういん>機巧院</ruby>！\n何の真似だ！？」		
「やあ。ノエル。\n僕に会いに来てくれたのかい？」		
「こら！ユート！\n<ruby=きこういん>機巧院</ruby>は敵だぞ！不用意に近づくんじゃない！」		
「ノエルは敵じゃないよ。\n僕にとってノエルは大切な人さ。\n君と同じようにね。ユリヒメ。」		
「そ……そうか。\nそれなら仕方ないな。」		
「おいテメェェエエエッ！！\nフェイリクス！！何ユリ姉を<ruby=くど>口説</ruby>いてんだ！\n馴れ馴れしいんだよッ！死ねやッ！」		
「ちょっとユリヒメッ！\nなにデレデレしてんのよ！\nあなたらしくないわよ！」		
「な…っ！？リサ！？\nどうしてここに！？」		
「ふっふっふ。\nリサさんだけでは無いッス。」		
「さあ保護者の皆さん！どうぞこちらへ！」		
「ミナトお嬢様！\n一体、いつから<ruby=とのがた>殿方</ruby>の為にコーヒーを\n淹れるレディになってしまったのですか！」		
「ステラ！？なんであなたがここに居るのよ！？\nっていうか、<ruby=いちぶしじゅう>一部始終</ruby>を見ていたというの！？」		
「ええ！まるっと見ておりましたとも！\n<ruby=とのがた>殿方</ruby>に絶対に<ruby=しっぽ>尻尾</ruby>を振らないクールでストイックな\nお嬢様は一体どこへ行ってしまったのですか！」		
「あ、あなたには関係無いでしょ！\n恋は自由なのよ！私は川島さんという\n運命の人を見つけたの！放っておいて！」		
「なんと<ruby=なげ>嘆</ruby>かわしい…！\nそんな<ruby=れんあいのう>恋愛脳</ruby>なお嬢様を見たくはなかったです！」		
「ステラあなた…！\nいきなり学園に来ておいて\n言いたい放題言ってくれるわね…！」		
「す、すげえ……っ。\nあの<ruby=ごうがんふそん>傲岸不遜</ruby>の獅堂が動揺している…っ。」		
「さすが獅堂家の使用人。\nステラさんの前では獅堂かいちょーも\nタジタジというわけですな。」		
「失礼するわ。」		
「ヤッホー。サツキー。」		
「お母さん！？<ruby=ふうげつ>風月</ruby>！？」		
「サツキ。あなたがそこの男に<ruby=たぶら>誑</ruby>かされて\n毎日<ruby=もんげん>門限</ruby>を守らず、\n遊び歩いているのは知っているのですよ。」		
「げっ…。何故それを…っ！」		
「フーゲツはナンデモお見通しダー！」		
「<ruby=ふうげつ>風月</ruby>ー！お母さんにチクったなー！」		
「さ、<ruby=さみだれ>五月雨</ruby>さんがお母様の前で\n<ruby=あわ>慌</ruby>てているの可愛い……っ。」		
「……どういう感情なのよそれは。」		
「と、ところで……、\nまさかとは思うけど\n私のパパも来てるんじゃ……っ。」		
（<ruby=たてがみ>盾守</ruby>は言葉と<ruby=うらはら>裏腹</ruby>にやたらとそわそわと\n期待するかのような<ruby=まなざ>眼差</ruby>しで辺りを\nキョロキョロと見渡す。）		
「あー。安心してください。\n<ruby=たてがみ>盾守</ruby>パイセンのパパさんは\n来てないッスよ。」		
「ちょっと！\nなんでウチのパパだけ来てないのよ！\n他の皆の保護者は来てるのに！」		
「盾なんとかさんは\n親に心配されてないんじゃない？\nむしろどうでもいい存在だから。」		
「ふざけんなっ！パパは私の事、\n大切に思ってくれてるもん！」		
「それはあなたの独りよがりな思い違いよ。\nだって今ここに居ないじゃない。」		
「う……うう……っ。」		
「うわあああーー！ユートぉおおおーー！\n獅堂ミナトがいじめるよぉおおーーー！」		
「ミナト。あんまりアメリアをいじめちゃダメだよ。」		
「ごめんなさい。この女をいじるとつい面白くて。」		
「……なんて最低な理由だ。」		
「ほら。アメリア。\nこれで涙を<ruby=ふ>拭</ruby>いて。」		
（フェイリクスのキザ野郎は\n盾守にハンカチを手渡す。）		
「あ、ありがとうユートぉおお～～～！！」		
「ユート優しい～！\n私の悲しみを分かってくれるのは\nユートだけだよぉ～～！」		
「な、なんという<ruby=しんしてきたいおう>紳士的対応</ruby>……っ。」		
「敵ながらやるわね…っ！」		
「オイィィィーーーッ！！お前ら！\nフェイリクスにちょっとなびいてるんじゃねえ！\n奴はユリ姉達を洗脳した悪の<ruby=げんきょう>元凶</ruby>なんだぞ！」		
「はっ！そうでした！」		
「おっと危ない危ない！」		
「さて、保護者の皆さんが\n続々と生徒会室に来られたのは\n一体どんな用件なのかな？」		
「それはもちろん……、」		
（俺が喋ろうとした瞬間、\n話を<ruby=さえぎ>遮</ruby>りカグヤが割って入った。）		
「しれた事。ウチの娘を<ruby=たぶら>誑</ruby>かした<ruby=つみ>罪</ruby>。\n死を持って<ruby=つぐな>償</ruby>ってもらう。」		
（まさかのカグヤ<ruby=ばっとう>抜刀</ruby>である。\n話し合う気など<ruby=いっさいな>一切無</ruby>い様子。）		
「いや、話がちげええええーーーーーッ！！！」		
「おやおや。いきなり<ruby=ぬ>抜</ruby>き<ruby=み>身</ruby>の<ruby=しんけん>真剣</ruby>とは。\n穏やかじゃないね。」		
「ここであなたを殺せばすべてが終わりよ。」		
「そんな事はさせん！」		
（カグヤの<ruby=ばっとう>抜刀</ruby>に合わせて、\nすかさずユリ姉も<ruby=ばっとう>抜刀</ruby>する。）		
「ちょ！？ユリ姉もぉおおお！？」		
「あー。ユリヒメってば洗脳されてても\n<ruby=ちょとつもうしん>猪突猛進</ruby>なところは変わってないのね。」		
「あら？\nまさかとは思うけれど\n私とやろうというの川島先生。」		
「いくら<ruby=さみだれ>五月雨</ruby>の<ruby=ははぎみ>母君</ruby>カグヤ殿であっても\nユートに<ruby=やいば>刃</ruby>を向けるというのなら\n容赦はしない。」		
「ふっ。恋は<ruby=もうもく>盲目</ruby>とはよく言ったものね。\nけれど面白い。」		
「ソードブレイカー・<ruby=べにほむら>紅焔</ruby>とやらのお手並み、\n<ruby=はいけん>拝見</ruby>させてもらいましょうか。」		
「こちらこそ<ruby=さみだれけとうしゅ>五月雨流当主</ruby>との手合わせ。\n胸を借りるつもりでいかせてもらう！」		
「こらーーーーー！！\n二人ともやめなさーーーーい！」		
（<ruby=いっしょくそくはつ>一触即発</ruby>の空気をブチ破り、\nリサが二人の間に割って入る。）		
「むっ…！何故邪魔をするのだ！リサ！」		
「リサさん。\n<ruby=しんけんしょうぶ>真剣勝負</ruby>の邪魔をしないでもらえるかしら。」		
「もー！<ruby=かたな>刀</ruby>を<ruby=しま>仕舞</ruby>ってよ！カグヤちゃん！\n私達は話し合いに来たんだから！\nそんな<ruby=がんぐ>玩具</ruby>は必要無いでしょ！」		
「カグヤちゃん？」		
「リ、リサさん…。\n娘の前でその呼び方はやめてもらえるかしら…。」		
「ユリヒメも！\n生徒の前で<ruby=そくばっとう>即抜刀</ruby>とか<ruby=おとなげ>大人気</ruby>ないゾ！\nほんとにいつまで経っても子供なんだから！」		
「こ、子ども扱いはやめてくれ…。\nリサ…。」		
「いーから！\n早くそんな<ruby=ぶっそう>物騒</ruby>なものは<ruby=しま>仕舞</ruby>って！」		
「……はあ。\n<ruby=きょう>興</ruby>が冷めたわ。」		
「……致し方あるまい。」		
（刀を抜いていた二人はリサに<ruby=なだ>宥</ruby>められ\nしぶしぶと刀を収めた。）		
「さてお互い落ち着いたようだし、\n君達がここに来た用件を\n聞かせてもらえるのかな？」		
「用件はただ一つ。\n――――――<ruby=たいわ>対話</ruby>だ。」		
「対話？この期に及んでこれ以上、\n僕と何を話そうと言うんだい？」		
「勘違いするな。対話相手はテメェじゃねえ。\nテメェが洗脳しやがった\nここに居る学園アイドル達だ。」		
「なるほど。僕の女の子達を説得する為、\n彼女達の保護者を連れて来たというわけか。」		
「まぁ、<ruby=たてがみ>盾守</ruby>パイセンの<ruby=おやご>親御</ruby>さんは不在なんで\n一人だけ説得不可能なんスけど。」		
「ちょっと！\nわざわざそれを掘り下げる必要無いでしょ！」		
「ユリ姉！サツキ！獅堂！\nいい加減目を覚まさせてやるぜ！\n俺達の説得によってな！」		
「私達の……、」		
「説得ですって？」		
「ミナトお嬢様！ステラは本気です！\nお嬢様には正気に戻ってもらいます！」		
「何を馬鹿な事を。\n私は至って正常。正気よ。」		
「ユリヒメ！あんたの恋が間違ってるって事、\n教えてあげるわ！」		
「ふざけるな！\n私を恋愛初心者だからと馬鹿にして！\n私はとうとう見つけたんだ！本当の恋をな！」		
「サツキ。お<ruby=いた>痛</ruby>はダメよ。\nこれは<ruby=しつけなお>躾直</ruby>しが必要ね。」		
「あちゃー…。お母さん怒ってる…。」		
「マスターは怒るとコワイゾー。」		
「皆さん<ruby=せいしゅく>静粛</ruby>に。」		
「すべては彼の…メカワシマ氏の主張が物語るでしょう。」		
「今しばし、彼の言葉に耳を傾けてください。\nさすれば新たなる道が開かれることになりましょう。」		
「あ……あなたは…！」		
「シスター・ノヴァ…！」		
（いつのまにかシスター服に\n身を包んだエセシスターが\n生徒会室に降臨した。）		
「……何やってんのよ。アイツ。」		
「わー。ノヴァ可愛いー。」		
「うん。とてもよく似合っているよ。\nノエル。」		
「え…！わ、私もシスター服着てみようかしら…っ。\n（チラチラ」		
「こら！ミナトお嬢様！\nそうやって<ruby=あんい>安易</ruby>な方法で<ruby=とのがた>殿方</ruby>の気を引こうだなんて\n<ruby=しりがる>尻軽</ruby>のすることですよ！」		
「な、なによっ！\n別にステラには関係ない事でしょう！？\n獅堂家の使用人のくせに…っ！」		
「さて、それではご<ruby=せいちょう>清聴</ruby>ください。\nメカワシマ氏の主張。どうぞ。」		
（急にノヴァからボールが飛んできた。\nアシストのつもりなんだろうが、\nいくらなんでも雑過ぎる。）		
「シスター・ノヴァからのパス、\n確かに受け取った。」		
「俺は今からそこの川島ユートを\n自称する偽物野郎を告発するッ！！」		
「な……っ！？」		
「川島さんが……偽物ですって！？」		
「……へえ。」		
「いいか！よく聞けお前ら！」		
「そこに居る川島ユートは……偽物ッ！！\nそいつの正体は<ruby=ていこくじゅうこう>帝国重工</ruby>・<ruby=せいたいこうがくけんきゅうじょ>生体工学研究所</ruby>から\n脱走した廃棄予定のオートマタなんだッ！」		
「その名もフェイリクス！\n奴は俺の身体を奪い、\n俺は奴のオートマタの姿にされてしまった！」		
「そして、フェイリクスは\nお前ら聖皇学園の生徒を洗脳し\n意のままに学園を支配している！」		
「お前らは騙されているんだよ！\n川島ユートの姿を被ったフェイリクスという\nオートマタになッ！」		
女子達		
（俺の衝撃的な告白により\n真相が<ruby=はくじつ>白日</ruby>の<ruby=もと>下</ruby>に<ruby=さら>晒</ruby>され、\nあまりの驚きに声も出ない一同。）		
（フェイリクスの悪事も暴かれた。\nこれでユリ姉達は正気に戻るはずだ。）		
「ふふっ…。」		
「ククク……ッ。」		
「はーはっはっはっはッ！」		
「な、何がおかしい…っ！？」		
「クク…ッ。馬鹿な奴め。\nこれが笑わずにいられるか！」		
「ユートが偽物のオートマタで\nあんたが本物のユートですって？」		
「そんな馬鹿げた話、\n誰が信じるって言うのよ！」		
「ふっ。\nフィクションとはいえ大した想像力ね。\nあなたは小説家にでもなれるわ。」		
「けれど、あまりにも突飛でかつ<ruby=こうとうむけい>荒唐無稽</ruby>過ぎる。\n私達を騙したいのならリアリティが圧倒的に足りないわ。」		
「な、何故だ！俺が話した事は全て真実！\n何故信じようとしないんだ！\nお前達は騙されているんだぞ！？」		
「無駄だよ。\n君が何を言ってもね。」		
「何ィ！？どういう意味だ！？」		
「わからないのかい？\n彼女達は僕を信じているのさ。\nその感情には嘘も<ruby=いつわ>偽</ruby>りも無い。」		
「けれど、君は信用されていない。\n彼女達からね。」		
「―――――ッ！？」		
「ポッと出の君が仮に真実を語ったところで\n彼女達から信用されていない君の言葉では\n万に一つでも耳を貸す事は無いだろう。」		
「つまり、真実がどうかなんて\nまったく意味が無いんだ。」		
「重要なのは何を言うかではなく、\n誰が言うかさ。」		
「なん……だと……っ。」		
「いいかい。僕の女の子達。\n彼の言う事はすべてまやかしだ。\n騙されてはいけないよ。」		
「はーい！」		
「ほら。この通りさ。」		
「ば、馬鹿な…っ。\nこんな……こんな事が…っ。」		
「悔しいですが……フェイリクスさんの\n言う事は真理なのかもしれません。」		
「く…っ。なんて正論パンチ…ッ！\nこれじゃユートのライフはゼロだよ！」		
「あらら～。川島さん、\nフェイリクスに完全敗北ッスねー。」		
「やれやれ。なんてザマなのかしら。\n見ていられないわね。」		
「お前らなぁッ！どっちの味方なんだよッ！」		
「さて、気は済んだかな？\n用が済んだのならおかえり願おうか。」		
「く……っ！」		
「うう…っ。\nミナトお嬢様の説得は失敗ですか…っ。」		
「フェイリクス…っ。\nあいつ<ruby=てごわす>手強過</ruby>ぎるよ…！」		
「いいんスか？川島さん。\nこのまま尻尾巻いて逃げ帰って。」		
「よくない！」		
「じゃあ、どうするんスか？」		
「当然、野郎に<ruby=ひとあわふ>一泡吹</ruby>かせてやるッ！」		
「おい！フェイリクス！\n俺と<ruby=きこうしょうぶ>機巧勝負</ruby>しろッ！」		
「な…っ！こいつまだ…っ！」		
「あんた…っ！\nこの期に及んで<ruby=きこうしょうぶ>機巧勝負</ruby>だなんて\n<ruby=おうじょうぎわ>往生際</ruby>が悪いわよ！」		
「まったく負け犬ほどよく吠える！」		
「ユート！\nこんな奴の相手をしてやる必要は無いぞ！\nこの私が斬り捨ててくれるッ！」		
「面白い。\nその勝負受けて立とうじゃないか。」		
「な、なんだと！？本気なのか！？」		
「ああ。せっかくノエルが来てくれたんだ。\nすぐに帰してしまうのは勿体ない。\n少しは<ruby=よきょう>余興</ruby>を挟んでもいいだろう。」		
「ケッ！大した余裕じゃねぇか！\nすぐに吠え面かかせてやるよ！」		
「おのれッ！鉄クズ<ruby=ふぜい>風情</ruby>がッ！\n川島さんに向かってなんて無礼な口を聞くッ！！」		
「川島さん！その<ruby=きこうしょうぶ>機巧勝負</ruby>！\n私に任せてくださいッ！\nこの無礼な鉄クズを廃棄処分にしてやるッ！」		
「なっ！獅堂ミナトッ！\nドサクサに紛れて抜け駆けすんじゃないわよッ！」		
「わかった。\nここはミナトに任せるとしよう。」		
「ユート！？」		
「おいおい。いいのかよ。\nフェイリクス。\n俺ぁ<ruby=おんなこども>女子供</ruby>が相手でも容赦しねーぜ。」		
「舐めるなよッ！<ruby=げす>下種</ruby>がッ！」		
「ミナトも僕が率いる<ruby=がくえんせいとかい>学園生徒会</ruby>・<ruby=してんのう>四天王</ruby>の一人。\n侮っていると<ruby=おおやけど>大火傷</ruby>するよ？」		
「上等だッ！やってやろうぜノヴァ！」		
「<ruby=がってんしょうち>合点承知</ruby>！目にもの見せてくれるわ！」		
「川島さんへの数々の<ruby=ひれい>非礼</ruby>ッ！\nこの私が死を持って<ruby=つぐな>償</ruby>わせてやるッ！」		
「獅堂会長ー。\n<ruby=きこうしょうぶ>機巧勝負</ruby>は相手を殺しちゃダメなんですよー。」		
「ああ…。ミナトお嬢様が殿方の為に\n自ら戦いに<ruby=おもむ>赴</ruby>くだなんて…。\nなんと嘆かわしい……。」		
「悲しむポイントそこなんだ…。」		
「ふふっ。川島さんの<ruby=ちゃばん>茶番</ruby>には\n<ruby=きょうざ>興冷</ruby>めしていたけれど\n一時の退屈しのぎにはなりそうね。」		
「マスター楽シソウ！\nフーゲツもタノシイ！」		
「<ruby=きこうしょうぶ>機巧勝負</ruby>のバトルフィールドはここだ。\nさすがに生徒会室を壊したくはないからね。」		
「保護者の皆様はこちらの席へどうぞ。」		
（ユリ姉は<ruby=いんそつ>引率</ruby>の保護者達を\n<ruby=おくがい>屋外</ruby>に用意された保護者席へと案内する。）		
「ハーイ。」		
「はいはーい。」		
「これはご<ruby=ていねい>丁寧</ruby>にありがとうございます。\n川島先生。」		
「私達はここで観戦させてもらうとしましょうか。」		
「――――――<ruby=からくりにんぎょう>機巧人形</ruby>の<ruby=しあい>仕合</ruby>というものを。」		
「川島さん。\nこの私の前でくれぐれも\n<ruby=ぶざま>無様</ruby>な戦いをしないように。」		
「マスターの前でブザマな姿を見セルナヨ！」		
「そーそー。\nせっかく応援してあげるんだから\n勝ってくれないと困るよー。		
「……なんか俺らのホーム側の観客席に\n明らかにアウェイな客が居るんだけど。」		
「ふっ。ならばとくとお見せしましょうぞ。\n我々の大勝利をね。」		
「わー。お母さんが見てるの\nなんだか緊張するなぁ。」		
「別に試合するのは<ruby=さみだれ>五月雨</ruby>じゃないでしょ？」		
「さて、それでは<ruby=きこうしょうぶ>機巧勝負</ruby>の<ruby=たちあいにん>立会人</ruby>は僕が努めよう。」		
「ノエル、ミナト、二人とも\nオートマタの準備はいいかい？」		
「出ろぉぉおお～！！\nメカワシマぁあああーーーーッ！！」		
（ノヴァは片腕を天高く上げ、\n指を鳴らしオートマタを召喚する。）		
「……何か召喚してる風だけど\n最初からお前の隣に居るんだけど。」		
「こちらの準備は完了しているぜ！\nさあ！そっちのオートマタを出しな！」		
「<ruby=きこういん>機巧院</ruby>さん。この私に勝負を挑んだ事、\n後悔させてあげるわ。」		
「来なさい！私の<ruby=しもべ>僕</ruby>！\n<ruby=ソルジャー>SOLDIER</ruby>-21号！」		
（獅堂はオートマタの名を呼ぶと\nいきなり地面を拳で殴りつけ、\n校庭の大地を割った。）		
「え。何してんのアイツ……。」		
「ミ、ミナトお嬢様…！\n素手で土に触れるなど、なんとはしたない…！」		
「そういう問題かしら。」		
（獅堂は片腕を地中に突っ込むと\n直径２<ruby=メートル>ｍ</ruby>程の巨大なコンテナを引きずり出した。）		
「はああああ？！\n鉄製のコンテナを片手で持ち出しやがった！？\nどんな馬鹿力してんだアイツはッ！！」		
「推定1.5<ruby=トン>t</ruby>の重量を持ち上げるとは\n常人離れをした<ruby=かいりき>怪力</ruby>をお持ちのようね。獅堂さん。」		
（獅堂が引きずり出したコンテナの扉が開き\n中から一体のオートマタが現れた。）		
「起動……起動……起動……。」		
「起動シークエンスオールグリーン。\n起動完了しました。」		
「マスター命令確認。\n目標敵機の撃墜。」		
「戦闘モードスタンバイ。」		
「あれは…！\n<ruby=ていこくじゅうこうせい>帝国重工製</ruby>・<ruby=だいにせだいがたりくせんほへいよう>第二世代型陸戦歩兵用</ruby>オートマタ\n<ruby=ソルジャー>SOLDIER</ruby>-21…ッ！」		
「<ruby=ぐんじよう>軍事用</ruby>オートマタ…っ！\nあんなものが何故、\n学園の地中に埋まってるのよ…！」		
「<ruby=ていこくじゅうこう>帝国重工</ruby>の研究所から<ruby=しょうしょうはいしゃく>少々拝借</ruby>してね。\nいざという時の為に配備してあるんだ。」		
「……どういう状況を想定してんだテメーは。」		
「これが川島さんから<ruby=たまわ>賜</ruby>った私の専用機。」		
「これであなたを倒すわ。\n覚悟しなさい。<ruby=きこういん>機巧院</ruby>さん。」		
「ヒュー。\nこいつはゴキゲンなお出迎えだぜ。」		
「さあ！我々の友情パワーを\n見せてやるとしようぜ！相棒！」		
「どんなノリなんだよ…。」		
「どうやら準備は整ったようだね。」		
「互いの<ruby=マイスター>操縦者</ruby>はオートマタを<ruby=しえき>使役</ruby>し\n先に相手のオートマタを\n機能停止させた方の勝利だ。」		
「尚、<ruby=マイスター>操縦者</ruby>への<ruby=ダイレクトアタック>直接攻撃</ruby>は禁止とし\nあくまでもオートマタ同士の戦いで勝敗を決する。」		
「それじゃあ行くよ。」		
「――――――<ruby=きこうしょうぶ>機巧勝負</ruby>、開始！」		
「川島さん！先制攻撃だッ！\n奴の懐に入ってパンチをお見舞いしてやるッスッ！」		
「そのつもりだッ！行くぜッ！」		
（俺はノヴァの指示よりも\n先に敵機目掛けて駆け出していた。）		
「マスターの意図を汲み取った先制攻撃。\nまさに<ruby=あうん>阿吽</ruby>の呼吸ですね。」		
「うんうん！\nあの二人、息ピッタリだね！」		
「けれど、<ruby=むやみ>無闇</ruby>に飛び出すのは<ruby=けいそつ>軽率</ruby>とも言えるわね。」		
「飛んで火にいる夏の虫。」		
「ソルジャー。\n<ruby=はち>蜂</ruby>の<ruby=す>巣</ruby>にしてやりなさい。」		
「了解。ADSモード起動。\nターゲットロック。」		
（ソルジャーは銃を構え、\nターゲットサイトを覗き込み\n俺に照準を合わせる。）		
「ちょ…っ！待ッ！」		
「―――――射撃開始。」		
（ソルジャーのアサルトライフルから\n無数の弾丸が乱射される。）		
（俺は<ruby=とっさ>咄嗟</ruby>に横っ飛びし、\nたまたま近くにあったソルジャーが\n格納されていたコンテナに隠れる。）		
「うおお…！あぶねーッ！」		
「まさか飛び道具を持っていたとは…ッ！\nこいつは大きなミステイク…ッ！」		
「いやいや！普通に銃構えただろ！\nさすがに気付くでしょ！？」		
「勢いよく飛び出して行ったわりには\n失速が早かったわね。」		
「浅はかね。」		
「おのれ卑怯者め…！\nコソコソと隠れてないで出てきなさいッ！」		
「冗談じゃねぇ！\n素手で銃とやり合えるかっての！」		
「おっと、お忘れですかな。川島さん。\nこちらにも飛び道具がある事を。」		
「そうか！\n影山が改造したこの機体には\n新たな武装が追加されているんだった！」		
「川島さん！<ruby=ぎょうかく>仰角</ruby>45度！方向120度！\n距離30メートル！\nリボルバー発射！」		
「了解！くらいやがれ！」		
（俺はコンテナから身を乗り出し\nノヴァの指示通りの座標に向かって\n右腕リボルバーを発射する！）		
（リボルバーの弾丸はソルジャーの\n頭部に直撃する！）		
「頭部損傷率55％……。\n視覚センサーに障害発生、命中精度低下。」		
「なにィ…！？\nあの距離から頭部に直撃させただとォッ！？\n<ruby=こしゃく>小癪</ruby>なァッ！」		
「素晴らしい精密射撃です！」		
「やるじゃない！ユート！」		
「機巧院さんの的確な座標指示のおかげね。」		
「いえ、喜ぶのは早いわ。」		
「どういう事です？」		
「今の一撃。\n獅堂ミナトの<ruby=げきりん>逆鱗</ruby>に触れたわ。」		
「眠れる<ruby=しし>獅子</ruby>を呼び起こしてしまったか。」		
「やってくれたなッ！\nもはや<ruby=てごころ>手心</ruby>など加えんッ！\n覚悟しろッ！」		
「ソルジャーッ！\nC4の使用を許可するッ！\n奴を消し飛ばせッ！」		
「了解。C4の遠隔起動を実行。\n爆破します。」		
「ッ！？まずいッ！\n川島さん！そのコンテナから離れるッスッ！」		
「おいおいッ！冗談だろ！？」		
（コンテナから離れると同時に\nコンテナは爆破され、\n俺は爆風で吹っ飛ばされる。）		
「ぐわああああーーーーーーッ！！！」		
「ユートーーーーッ！」		
「ふふん。これで決まりのようね。」		
「いや。まだだ。」		
システム		
「機体損傷率65%。\n右腕機能停止、リボルバー使用不能。\n左腕サブマシンガン、リロード機能に障害発生。」		
「く……そ……っ。\nやりやがったな……っ。」		
「ちっ！しぶとい奴め！\nまだ動けるのか…！」		
「爆発の直撃は<ruby=まぬが>免</ruby>れたようだけど\n爆風の衝撃で<ruby=まんしんそうい>満身創痍</ruby>といったところね。」		
「<ruby=あらかじ>予</ruby>めコンテナに爆薬を仕掛けておいて\n我々がコンテナに隠れるように\n誘導したという事ですな。」		
「ミ、ミナトお嬢様…！\nなんという<ruby=さくし>策士</ruby>…！」		
「戦う前から<ruby=こざいく>小細工</ruby>しやがって！\n汚ぇぞ！」		
「戦いに綺麗も汚いもあるか！\n勝てばよかろうなのだ！」		
「もはや隠れる場所はどこにも無い！\n今度こそ蜂の巣にしてくれる！」		
「ソルジャー！\n奴にトドメを刺しなさい！」		
「ああっ！これは逃げられません！」		
「<ruby=ぜったいぜつめい>絶体絶命</ruby>ね！」		
「行けぇッ！川島さん！突撃だァッ！！\nそのまま突っ込めぇッ！」		
「チッ！どうなっても知らねえぞッ！」		
（俺はノヴァの無茶ぶりに腹を<ruby=くく>括</ruby>り\n飛んでくる弾丸の雨に突っ込みながら\nソルジャーの距離を詰める。）		
「うおおおおーーーーッ！！！」		
「捨て身の<ruby=とっこう>特攻</ruby>だと…ッ！？\n馬鹿め…！死にたいらしいなッ！」		
（前方から乱射される弾がボディを<ruby=かす>掠</ruby>めていく。\nだが、俺は<ruby=おく>臆</ruby>せずソルジャー目掛けて一直線に驀進する！）		
「馬鹿な！？何故当たらないッ！」		
「おっと、忘れたんスか？\n先ほどのリボルバーの直撃を。」		
「そうか…！あの時の弾丸が\nソルジャーの視覚センサーを<ruby=はそん>破損</ruby>させ\n射撃の命中精度を落としていたのか…！」		
「なるほど。相手の視覚を奪うのが狙いとはね。\n<ruby=やみくも>闇雲</ruby>に反撃したというわけではないようね。」		
「おのれえええッ！！\nどこまでもこの私をコケにしやがってえええッ！！」		
（<ruby=ゼロきょり>零距離</ruby>に到達した俺は\n更新の左ストレートをソルジャーの<ruby=きょうぶ>胸部</ruby>に叩き込む。）		
「くらいやがれぇッ！！」		
（そして、胸部に密着させた左腕から\nサブマシンガンを乱射する。）		
「<ruby=きょうぶたいは>胸部大破</ruby>…エーテライトコア……損傷率100%……。\n機能……停止……。」		
「機能停止。\n勝者――――――ノエル。」		
「すごいすごーい！\nユート達の勝利だわ！」		
「素晴らしいチームワークでした！」		
「一見、無策とも思える動きだったけれど\nその一つ一つは精密に計算された行動だった。」		
「これが<ruby=からくりにんぎょう>機巧人形</ruby>の戦い方。\n<ruby=あなど>侮</ruby>ると足元をすくわれそうね。」		
「馬鹿な…っ。この私が負けた……？」		
「何やってんのよ！獅堂ミナト！\nだらしがないわよ！」		
「黙れッ！<ruby=ま>負</ruby>け<ruby=いぬふぜい>犬風情</ruby>が吠えるな！」		
「な、何よっ！\nそ、そんな言い方しなくたっていいじゃない！」		
「わ、私はただあんたが落ち込んでそうだから\n励まそうと…！」		
「あんたに同情されるなんて<ruby=へど>反吐</ruby>が出るわ！」		
「ひ、ひどい！うわああーー！\nユリ先生ー！獅堂ミナトが私をいじめるよぉー！」		
「まったく…。何をやってるんだお前達は…。」		
「我々の勝利ッス。」		
「フェイリクスッ！\n俺達の勝ちだ！\nさあ！約束通りユリ姉達の洗脳を解け！」		
「あれ？そんな約束してたっけ？」		
「しっ。ここでミナトお嬢様達の洗脳が解ければ\n<ruby=ばんじかいけつ>万事解決</ruby>です。<ruby=ささい>些細</ruby>な事は黙っておきましょう。」		
「まったく。\n何から何まで行き当たりばったりね。」		
「確かに君達はミナトに勝った。」		
「けれど僕が率いる学園生徒会のメンバーは\nまだ居るんだよ。」		
「なに…！？」		
「さあ！次は私が相手だよ！\n行こうか！ガラハドくん！」		
「き、きたねえぞッ！\n<ruby=せいせいどうどう>正々堂々</ruby>の<ruby=きこうしょうぶ>機巧勝負</ruby>じゃなかったのか！？」		
「もちろん正々堂々の<ruby=きこうしょうぶ>機巧勝負</ruby>さ。」		
「ただし、君の相手は我々<ruby=がくえんせいとかいぜんいん>学園生徒会全員</ruby>だ。」		
「そんな…っ！\nせっかくユートが勝ったってのに！」		
「川島さんは既に<ruby=まんしんそうい>満身創痍</ruby>…！\nこれでは万が一でも勝ち目はありません…っ！」		
「どうやら戦う前から勝敗は決していたようね。」		
「川島さん。ここは退くッス。」		
「何！？敵を前に尻尾巻いて逃げるってのか！？」		
「その機体損傷率では戦闘続行は不可能ッス。\nそれは川島さんもわかっているはずッス。」		
「くっ……！\nだ、だが…っ！」		
「ここで我々がやられれば一体誰が\nユリせんせー達を助けると言うんスか。」		
「―――――ッ！！」		
「これは逃亡ではない。\n勝利への退却ッス。」		
「フェイリクス。\nこの勝負預けるッス。」		
「わかったよ。ノエル。\n君の頼みとあらば\n聞かないわけにはいかないさ。」		
「この機巧勝負。\nここまでとしようか。」		
「えー！私達の出番無しー？」		
「すまないね。\nサツキの出番は次に取っておくとしよう。」		
「もー。仕方無いなー。\n今日のところは川島くんに免じて\n見逃してあげる。」		
「チッ……。試合に勝ったってのに\nなんで負けた事になってんだよ。」		
「まぁまぁ、\nあちらさんが帰っていいと言うのだから\nここは素直に撤収するとしましょう。」		
「さて、<ruby=みせもの>見世物</ruby>は終わりのようね。\n帰るとしましょうか。」		
「あら、もうこんな時間。\n早く帰って夕ご飯の<ruby=したく>支度</ruby>しなくちゃいけませんね。」		
「私もお店の開店準備しなきゃだわ。」		
「ミナトお嬢様。\n今日のお夕飯はハンバーグですよ。」		
「あ…っ！ニンジン！\nニンジンは抜いてちょうだい！」		
「ダメです。\nそうやっていつもニンジンを残すのですから。\n今日こそはちゃんと食べてくださいね。」		
「く…っ！何よ使用人の癖に！\n生意気よ…っ！」		
「獅堂ミナトってニンジン嫌いなんだ……。」		
「それでは保護者の皆様は\nあちらからお帰り下さい。」		
「ご来校ありがとうございました。\n道中お気を付けて。」		
「それでは失礼します。川島先生。」		
「じゃあねー。ユリヒメ。」		
「バイバイ、ユリヒメー。」		
「サツキ。いつまでも\nお人形遊びなんてしていないで\nいい加減帰りますよ。」		
「帰ロー。サツキー。」		
「サツキ？」		
「ごめんなさい。お母さん。\n私、まだ帰れない。」		
「私にはまだやる事があるから。」		
「……それはあなたの意志かしら？」		
「そう。これは私の……私自身の意志。」		
「……わかったわ。」		
「この件に関しては私はもう口を挟まない。\nけれど、門限は守る事。いいわね？」		
「うん。わかった。\nありがとう。お母さん。」		
「風月。行くわよ。」		
「ハーイ。マスター。」		
「先帰ッテルゾ。サツキ。」		
「うん。またねー。」		
「さて、我々も撤収するとしましょうか。\n川島さん。」		
「外にタクシーを待たせてる事ですし。」		
「タクシーと言う名の天道がな。」		
「ノエル。」		
「何スか？」		
「―――――<ruby=ていこくじゅうこうせいたいこうがくけんきゅうじょ>帝国重工生体工学研究所</ruby>・<ruby=イーとうだいよんくかく>E棟第4区画</ruby>。」		
「僕たちの思い出の場所だ。\n行ってみるといい。」		
「言ったはずッス。\nあんたの事なんて知らないと。」		
「君は必ず行くさ。\nだって君はノエルなのだから。」		
「おい。フェイリクス。\nあんまり俺のマスターに\nちょっかい掛けんじゃねーよ。」		
「……君のマスターがノエルだって？\n悪い冗談だな。」		
「おいおい。\n<ruby=きこうしょうぶ>機巧勝負</ruby>のレフェリーまでやってて\nテメーの目は<ruby=ふしあな>節穴</ruby>か？」		
「俺とノヴァは<ruby=こんぱく>魂魄</ruby>レベルで息の合った\n<ruby=あいしょうばつぐん>相性抜群</ruby>の<ruby=バディ>相棒</ruby>なのさ。」		
「……今まで<ruby=しゅじゅうかんけい>主従関係</ruby>に\n乗り気じゃなかったわりには\n相手を<ruby=あお>煽</ruby>る時だけ調子イイんスよねー。」		
「やはり僕には理解できないよ。ノエル。\n何故君がこんな奴に<ruby=しゅうちゃく>執着</ruby>するのか。」		
「僕の方が確実に君を幸せに出来る。\nそう確信している。」		
「おいテメー。\n何ドサクサに紛れて告ってんだ。\nぶっ殺すぞ。」		
「僕はノエルに話をしているんだ。\n君は関係ない。」		
「あんだとテメー！」		
「フェイリクス。\nあんたにはわからないでしょうね。\nこの人の…川島さんの真の魅力というやつが。」		
「……ノエル。」		
「ケケケ。ノヴァは俺様の方がイイらしいぜー。\nあばよ。フェイリクス。」		
「意外ですけど。ノヴァさんって\n川島さんにあんなにも<ruby=いちず>一途</ruby>なんですね。」		
「それだけノヴァとユートの間に\n運命的な何かがあったって事かしら。\nうーん。気になる。」		
「それに引き換え、\n川島さんの<ruby=ぶしつけ>不躾</ruby>な態度はまさに<ruby=げす>下種</ruby>の極みね。」		
「アイツって調子に乗りやすいタイプだからねぇ…。」		
「<ruby=きこういん>機巧院</ruby>さんはあの男の\nどこがそんなに良いのか理解に苦しむわ。」		
「あー。やっと来た。」		
「遅いですよ。ノヴァさん。\n一体いつまで待たせるんですかー。」		
「それじゃ天道さん。保護者の皆さんを\nご自宅まで送ってくださいッス。」		
「えぇー。\n私また送迎係するんですかぁ？」		
「自宅まで頼むわね。\n運転手さん。」		
「送迎ありがとうございます。天道さん。」		
「私は仕事先のバーまでね。天道。」		
「とほほ。私に拒否権は無いのですか。」		
「キビキビ働けテンドー。」		
「頑張れよ。天道。」		
「しくしく。他人事だと思って。」		
「来たか。」		
「おいーっす。\n真田警部。」		
「おい。真田。\nわざわざ俺達を呼び出して何の用だ。」		
「おい、お前達。\n何だその挨拶は。\n挨拶ぐらいまともに出来んのか。」		
「天道。お前の<ruby=きょういくふい>教育不行</ruby>き<ruby=とど>届</ruby>きだぞ。」		
「無茶言わないでくださいよ。\nこの二人に我々<ruby=いかるがけいさつ>斑鳩警察</ruby>の常識が\n通用するわけないじゃないですか。」		
「まったくこれだから<ruby=ちょうほうぶ>諜報部</ruby>というのは\n信用できんのだ。」		
「まぁ、約一名諜報部でも何でも無いのが\n混ざってますけどね。」		
「ほら。川島さん。\nちゃんと挨拶しなくちゃダメじゃないッスかー。」		
「お前にだけは言われたくねぇ。」		
「あれ？このやり取り、前にも見たぞ。」		
「いいだろう。今回はこれで<ruby=おおめ>大目</ruby>に見るとしよう。」		
「天道。\n次回までにちゃんと教育しておけ。」		
「ひえぇ…。これはまた<ruby=なんだい>難題</ruby>ですねぇ…。」		
「<ruby=しょくん>諸君</ruby>に来てもらったのは他でもない。」		
「先ほどPTA会長であるカグヤ殿から\n斑鳩警察に対し、\n正式にフェイリクス捕獲の任務が<ruby=くだ>下</ruby>った。」		
「本当はフェイリクスの<ruby=しまつ>始末</ruby>だったんですけどね。」		
「そりゃまた物騒な事で。」		
「まぁ、カグヤさんなら言いかねないッスねー。」		
「あれはカグヤ殿が事を<ruby=せ>急</ruby>いているに過ぎん。\n実際はフェイリクスの洗脳から\n生徒達を解放さえ出来れば良いのだ。」		
「そこは真田警部の<ruby=こうしょうりょく>交渉力</ruby>によって\n<ruby=おんびん>穏便</ruby>に話をまとめ、\n捕獲という事になったわけです。」		
「斑鳩警察は犯罪者の始末をする組織では無い。\nあくまで犯罪者を確保し、\n己の罪を償わせるという<ruby=たいぎ>大義</ruby>があるのだ。」		
「本来、<ruby=むやみ>無闇</ruby>に血を流すのは我々としても<ruby=とくさく>得策</ruby>では無いのだ。\nとは言ってもこの考えが<ruby=しんとう>浸透</ruby>していない部署もあるがな。」		
「捕獲かー。\n<ruby=とうばつ>討伐</ruby>だったら楽だったのになー。」		
「お前も物騒な事言ってるぞ。」		
「まったく。\nお前達諜報部は何故こうも<ruby=ち>血</ruby>の<ruby=け>気</ruby>が多いのだ。」		
「ほらノヴァさんのせいで\n我々諜報部の<ruby=ひんい>品位</ruby>が疑われてるじゃないですか。」		
「天道さんに<ruby=ひんい>品位</ruby>なんてものがあったんスか？」		
「酷い事をおっしゃりますねぇ。\n諜報部の<ruby=ひんい>品位</ruby>の<ruby=かたまり>塊</ruby>のような存在の私に対して。」		
「そうか。すごいな。」		
「いいか。みなまで言わずともわかるだろうが\nお前達には引き続きフェイリクスの\n捕獲任務に当たってもらう。」		
「なんとカグヤさんのご指名ですよ。\nそれほど先の働きが良かったのかもしれませんね。」		
「まぁ、<ruby=きこうしょうぶ>機巧勝負</ruby>で獅堂に勝っちまったからなぁ。\nPTA会長の前だからって\nちょっと張り切り過ぎちまったかな。」		
「あの後、五月雨さんが出て来て\n尻尾巻いて逃げ帰って来たわけッスけど。」		
「あれは戦略的撤退だ。\n勝負すらしていない。\nつまり俺達はまだ負けていない。」		
「……敵前逃亡の事実を意に介さず\n何故ここまで自信に満ち溢れているのか。」		
「川島さんはこのハッタリこそ<ruby=しんこっちょう>真骨頂</ruby>なのですよ。」		
「褒めてんのか<ruby=けな>貶</ruby>してんのか\nどっちなんだ。」		
「まぁまぁ、川島さん達の活躍も\nそれなりの評価を得たのでしょう。\nカグヤさんの目の前で一応の勝利は収めていますし。」		
「一応ってなんだ。完全勝利だバーロー。」		
「それに加えて、この私の送迎が\nお気に召したんじゃないですかね？\nほら、私運転上手いですから。」		
「なら、タクシードライバーにでも\n転職したらどうだ？」		
「じゃあ、天道さんの退職届提出しておきますね。」		
「こらこら。何かにつけて私を斑鳩警察から\n追い出そうとしないでくださいよ。」		
「上司と部下からいじめられて\n酷い職場だと思いませんか？川島さん。」		
「なんかお前って\nそういうキャラなんだと思ってたわ。」		
「好きでやってるんじゃありませんよ。まったく。\n中間管理職の辛いところですねぇ。」		
「お前達の失態をする度に方々の始末をつける\nこの私の身にもなってほしいものだな。」		
「ええ。それは勿論重々承知していますとも。\nすべては真田警部のおかげ。\nですよね？ノヴァさん。」		
「真田警部！あざーす！」		
「お前達の言葉は羽のように軽いな。\nまるで誠意が感じられん。」		
（どうやらトラブルメーカーのノヴァ達の\n面倒を見ている真田も\n随分と苦労しているようだった。）		
「さて、茶番はこの程度にして仕事の話だ。」		
「フェイリクス捕獲任務は正式に\n<ruby=いかるがけいさつほんぶ>斑鳩警察本部</ruby>が引き受ける事になった。」		
「当然、本部の<ruby=ちょくめい>勅命</ruby>ともなれば\n任務の指揮はこの私が<ruby=と>執</ruby>り行う。」		
「<ruby=ほんぶちょくぞく>本部直属</ruby>の任務は大体<ruby=さなだけいぶ>真田警部</ruby>が\n<ruby=じんとうしき>陣頭指揮</ruby>を<ruby=と>執</ruby>る事になってるんですよ。」		
「へー。そうなのかー。」		
「そして任務遂行はこの私の命により\n<ruby=きこういん>機巧院</ruby>を<ruby=ひっとう>筆頭</ruby>にお前達諜報部に<ruby=いちにん>一任</ruby>とする。」		
「うわー。お前”<ruby=たち>達</ruby>”って\n私も入ってるんですかー？」		
「乗りかかった<ruby=ふね>舟</ruby>。\n天道さんだけ<ruby=とちゅうげしゃ>途中下車</ruby>など許さないッスよ。」		
「ひええ。また面倒な事に\n巻き込まれてしまいましたねえ。」		
「任務遂行の手段はお前達に任せよう。\n必要な<ruby=ぶっし>物資</ruby>はすべてこの私が手配する。」		
「おおー。<ruby=ふと>太</ruby>っ<ruby=ぱら>腹</ruby>ー。\nさすが真田警部。\n天道さんと違って<ruby=かいしょう>甲斐性</ruby>がありますなあ。」		
「ちょっとノヴァさん。\n私と真田警部では貰ってるお給料が\n全然違うんですよ。」		
「何故お前が私の<ruby=きゅうよがく>給与額</ruby>を知ってるのだ。」		
「お忘れですか？\nこの私が諜報部の<ruby=けいぶほ>警部補</ruby>の役職を\n<ruby=かん>冠</ruby>してる事を。」		
「お前の諜報能力は\nそんなくだらない事の為に<ruby=ゆう>有</ruby>しているのか。」		
「天道さんは仕事もせずに\n他人のプライベートをコソコソと調べてる\n<ruby=やから>輩</ruby>ですからなぁ。」		
「いやはやこれも仕事の内ですよ。\n斑鳩警察の<ruby=ないぶかんさ>内部監査</ruby>という<ruby=めいもく>名目</ruby>でね。」		
「私としては貴様自身の監査が必要だと思うがな。」		
「おやおや困りしたねえ。\nいつまで経っても真田警部は私を信用してはくれません。\nどう思います？川島さん。」		
「知らねーよ。唐突に俺に振るんじゃねー。」		
「まぁいい。話を戻そう。」		
「いいか。フェイリクス捕獲任務の\n作戦指揮は私が執る。\n機巧院を筆頭に任務遂行は諜報部に任せる。」		
「お前達は私の指揮下に置かれる。\n任務の定時報告は<ruby=げんしゅ>厳守</ruby>とし、\n常に進行状況を私に知らせるのだ。」		
「いいですか。ノヴァさん。\n<ruby=ほうこく>報告</ruby>、<ruby=れんらく>連絡</ruby>、<ruby=そうだん>相談</ruby>。\n<ruby=ほうれんそう>報連相</ruby>は大事ですよ。」		
「１年目の<ruby=しんそつしゃかいじん>新卒社会人</ruby>かよ。」		
「本任務において斑鳩警察本部と諜報部、\nすなわち私とお前達は<ruby=みつ>密</ruby>に<ruby=れんけい>連携</ruby>を取る必要がある。」		
「情報伝達および<ruby=もろもろ>諸々</ruby>の対応を<ruby=じんそく>迅速</ruby>に行う為、\nフェイリクス捕獲任務を達成するまでの間、\nお前達は斑鳩警察の寮に入るのだ。」		
「えー。めんどくせー。」		
「機巧院。\nお前はそもそも斑鳩警察の寮住みではないか。\n記録上はここしばらく帰っていないようだが。」		
「おいおい。ノヴァ。\n寮にも帰らず一体どこほっつき歩いてんだよ。」		
「ノヴァさんは元々、\n斑鳩警察の寮に住んでるのですが\n今は聖皇学園の科学室に<ruby=いそうろう>居候</ruby>してるんですよね。」		
「あそこはドクターも居るし\n色々な機材もあるから\n遊び場として何かと便利なんスよねー。」		
「聖皇学園はフェイリクスが支配する敵地ではないか。」		
「我々の作戦が敵に漏れる恐れがある。\n<ruby=なおさら>尚更</ruby>、斑鳩警察の寮に戻って来い。」		
「実際、俺が住んでた科学準備室も\nザクロちゃんのBD-BOXと共に破壊されたしな。」		
「ほら見た事か。\n既に敵の攻撃を受けているではないか。」		
「仕方ねえ。戻るかー。」		
「どうせなら川島さんもノヴァさんと\n一緒に斑鳩警察の寮に\n住んだらいいんじゃないですか？」		
「ほら。川島さんもフェイリクスに身体を乗っ取られ\n元々ユリヒメさんと住んでた家も奪われて\n帰る家が無い状態ですし。」		
「いっその事、ノヴァさんのところに<ruby=いそうろう>居候</ruby>してた方が\n今後の任務が遂行しやすくなるんじゃないですかねえ。」		
「なるほどな。一理ある。\n今の川島は機巧院が<ruby=しえき>使役</ruby>するオートマタ。\nつまり諜報部の戦力の一部だ。」		
「連携の利点や<ruby=じょうほうろうえい>情報漏洩</ruby>のリスクを考慮すれば\nオートマタのマスターと同居させるのが\n何かと都合がよかろう。」		
「寮の空きも無いことだしな。」		
「それが一番の理由なんじゃないッスかね。」		
「<ruby=やっかいごと>厄介事</ruby>を上手く処理しようとしてるな。」		
「まぁまぁ。ノヴァさんだって今をときめく\n女子高生なんですし。」		
「こんな可愛いらしい女の子と\nひとつ屋根の下で暮らせるというのは\nとても魅力的な事じゃないですか？」		
「た…確かに…！\nまったく予想してないところから\n急に青春ラブコメ展開が来やがったぜ…！」		
「おやおやー？パーフェクト美少女の\nノヴァちゃんと<ruby=どうせい>同棲</ruby>出来ると知った<ruby=とたん>途端</ruby>、\nドキドキが止まらなくなっちゃったかなー？」		
「まぁ、お互いがオートマタ同士という事を\n意識しなければ急に始まる女の子との同棲生活は\nドキドキ胸キュン必至のイベントではある。」		
「何か一言余計なんスよねー。\n素直に喜べないんスかねこの男は。」		
「思春期男子にありがちな\n『べ、別にお前の事なんて好きじゃねーよ』という\n照れ隠しですかねえ。」		
「なるほどねー。」		
「おい。勝手に思春期男子を分析してんじゃねー。\n思春期男子はお前らが\n思ってるほどそう単純じゃねーんだよ。」		
「……まったくいつもこんな程度の低い会話を\nしているのかお前達は。」		
「我々と会話したら大体こうなるのはご存じですよね。\n真田警部。」		
「……はぁ。まぁいい。」		
「浮かれるのはほどほどにしておけ。\nあくまでお前達の目的はフェイリクス捕獲任務の\n遂行だということを忘れるな。」		
「機巧院、川島。お前達は<ruby=ただ>直</ruby>ちに<ruby=みじたく>身支度</ruby>を整え\n斑鳩警察寮への引っ越しをしろ。いいな。」		
「いえっさー。」		
「しょうがねぇな。\nいっちょやるか。」		
「おー。着いた着いた。\nここが<ruby=いかるがけいさつりょう>斑鳩警察寮</ruby>。我が家でござる。」		
（ノヴァが車から勢いよく飛び出し\nツアーガイドよろしく、\nマイホームの紹介をする。）		
「もー。ノヴァさん。\n勘弁してくださいよ。」		
「休日の朝っぱらに呼び出して\n引っ越しの手伝いをさせるなんて。」		
（<ruby=けいさつしゃりょう>警察車両</ruby>のワンボックスカーの運転席から降り\nやれやれと両手を<ruby=かか>掲</ruby>げる天道。）		
（俺と天道はノヴァに朝イチから叩き起こされ\n引っ越しの手伝いをする為、\n<ruby=せいおうがくえん>聖皇学園</ruby>に呼び出された。）		
（科学室に持ち込まれていた大量のノヴァの私物を\n天道が運転する車に運び込み、こうして寮まで\n荷物と一緒に３人でやって来たというわけだ。）		
「つーか、ノヴァ。なんだこの異常な荷物の量は。\nワンボックスカーの<ruby=せきさい>積載</ruby>が\nパンパンになってるじゃねーか。」		
「わかってないッスねー。\n女の子は色々と必要なものが多いんスよ。」		
「ええと。プロ野球チームのユニフォームに\n応援用メガホン、マスコットのぬいぐるみとかありますが\n完全に野球観戦の道具も入ってますよね。」		
「こっちには室内用のパターゴルフセットまであるぞ。\nほとんど遊び道具ばっかりじゃねーか。」		
「それだけ趣味が広いんスよ。\n『やりたいこと やったもん<ruby=が>勝</ruby>ち<ruby=せいしゅん>青春</ruby>なら。』と\n<ruby=ゲンジ>GENJI</ruby>も言ってましたし。」		
「……<ruby=ゲンジ>GENJI</ruby>って誰だよ。」		
「さあさあ。引っ越し業者のお二人。\n荷物を我が部屋まで運んでくだされ。」		
「あれ？私達、引っ越し業者だったんですか？」		
「だったらバイト代ぐらい出せよな。」		
「川島さんは学園アイドル５人衆の一人にして\nパーフェクト美少女のノヴァちゃんと同棲出来るのですぞ。\nこれ以上の<ruby=ごくじょう>極上</ruby>の<ruby=ほうび>褒美</ruby>はあるまいて。」		
「……マジかよ。\nこの労働は俺の<ruby=やどだい>宿代</ruby>だったのかよ。」		
「それで私の報酬は？」		
「さあ、わかったらテキパキ働く！\nGOGO！」		
「ちょっとノヴァさん？\n<ruby=ろこつ>露骨</ruby>に無視しないでもらえます？」		
「よーし。こんなところッスかねー。\n我ながら、なかなかのレイアウトッス。」		
「はぁー。ようやく終わりましたぁ～。」		
「私、管理職なんですから\nこういう肉体労働は向いてないんですよぉ。\nあー疲れたぁ～。」		
「だらしがないですなぁ。天道さんは。\n川島さんを見習ってください。\nほら、息一つ切れてないじゃないッスか。」		
「そうだぞ。天道。\nこの程度で疲れるなんて\n身体を鍛えてない証拠だ。」		
「そりゃ川島さんはオートマタだから\nそもそも疲れないでしょうよ。」		
「あ、そっか。忘れてたわ。」		
「っていうか、\nここには私しか人間居ないですし。」		
「あーじゃあ、いっその事\n天道さんもオートマタになるしか無いッスね。」		
「ちょっと急に\nサイコパスみたいな事言い出すのやめてくださいよ。\n嫌ですよ。改造人間にされるのは。」		
「大丈夫だ。天道。\nフェイリクスに身体を交換してもらえば\n改造する必要はないぞ。」		
「もっと嫌ですよ！\n私の身体乗っ取られるじゃないですか！」		
「私は私の身体が一番気に入ってるんです。\nこの最高にカッコよくて魅力的な<ruby=ようし>容姿</ruby>を\n誰かに奪われるなんて考えたくもありませんね。」		
「うわあ。出た出た。\nナルシストがよー。」		
「うわあとか酷いですねぇ。」		
「むしろ人類は皆、ナルシストであるべきです。\n自分に自信が持てないだなんて\nそんなのつまらないでしょう？」		
「その点、川島さんは\n今の姿の方が自身持てるんじゃないスか？」		
「どういう意味だよ。」		
「なんたって全身フルメタルのボディ！\n左腕はサブマシンガン、右腕はリボルバーの射撃武装付き！\nこんなの男の子が絶対好きなロマンの塊っしょ！」		
「そういう意味では確かに憧れはするが\n自分の身体じゃないってのが\nなんか借り物の能力みたいで腑に落ちないんだよな。」		
「ほら。やっぱり川島さんも\n自分の身体の方がいいでしょう？\nだから私は私が好きなんです。」		
「えー。今の川島さんカッコイイのにー。」		
「お前。その言い方だと元々の俺が\nカッコ良くないみて―じゃねーか。」		
「ははは。」		
「その<ruby=あいそわら>愛想笑</ruby>いやめろ。\n変にリアル過ぎるだろ。」		
「あ、そうそう。\n川島さんの部屋はこちらッスよー。」		
「無理やり話題を変えて来ましたねぇ。」		
「ほい。ここが川島さんの部屋ッス。」		
「使ってない空き部屋だったんで\n寮の備え付けの家具があるだけの\n<ruby=しっそ>質素</ruby>な部屋ッスけど。」		
「いや、十分過ぎるぜ。\nなんなら元の俺の部屋より広いまである。」		
「そういえば、\n川島さんは<ruby=いとこ>従姉</ruby>のユリヒメさんと\n一緒に暮らしていたんでしたね。」		
「そうさ。けれど今や俺の部屋には\nフェイリクスが居座ってやがる。」		
「クソッ。俺から身体だけでなく\nユリ姉も住まいもすべて奪いやがったんだ。\nあのフェイリクスは。」		
「そう考えると既に川島さんは\nユリヒメさんと一つ屋根の下で\n暮らしていたわけですよね。」		
「それがどうした？」		
「これからノヴァさんと同棲する事になりますが\n既に女性との同棲経験はあるので\nあんまり<ruby=しんせんみ>新鮮味</ruby>は感じないかもしれませんねえ。」		
「なるほど。確かに。」		
「確かにじゃねーよ。\nこのノヴァちゃんと二人暮らし出来るという\n喜びに打ち震えるのが普通だろーが。」		
「新鮮味だの何だの言い出しやがってよー。\n勝手に中古扱いしてんじゃねー。」		
「あ、怒ってる。\nダメですよ。川島さん。\n女の子にそんな事を言っては。」		
「お前が言わせたんだろうが。」		
「そういえば川島さんの荷物は\nこれだけでいいんですか？」		
（天道は床に置かれた一箱の段ボールを見ながら\n質問をしてくる。）		
「ああ。荷物の<ruby=たいはん>大半</ruby>は\n自宅の部屋に置いて来ちまったからな。」		
「今や俺の家はフェイリクスに\n寝取られたユリ姉に<ruby=もんぜんばら>門前払</ruby>いされて\n取りに行く事も出来ねえ。」		
「この段ボールの中には唯一持ち出す事が\n出来た希望が詰まっている。\nそう。ザクロちゃんという希望がな。」		
「ザクロちゃん？それは何……、」		
「はい！ストーーーーーップ！！」		
（ノヴァは天道の口を咄嗟に塞ぐ。）		
「ん－！んー！もがもが！」		
「ふー。あぶねー。\n天道さん。余計な事を聞かんといてください。\nそれを聞いたが最後、一生語り続けるので。」		
「おい。ノヴァ。\n天道の息の根が止まりそうだぞ。」		
「お？」		
「が…っ。ぐえ……っ。」		
「ぜーはー…！ぜーはー…！\nいきなり何するんですかノヴァさん…！\n死ぬところだったじゃないですか…！」		
「…チッ。しぶとい。」		
「え？もしかして少なからず<ruby=さつい>殺意</ruby>ありました？\nライン越えてません？」		
「それでは私は斑鳩警察署に戻りますね。\nこう見えて忙しいんですよ。私。」		
「そうか。頑張れよ。」		
「何だか軽いですねえ。忙しい<ruby=あいま>合間</ruby>を<ruby=ぬ>縫</ruby>って\nこうして引っ越しの手伝いをしに来たのですから\nもっと<ruby=ねぎら>労</ruby>って欲しいものです。」		
「ほとんどノヴァの荷物だったんだし、\nノヴァが礼を言うのが<ruby=すじ>筋</ruby>ではあるな。」		
「そういえば私、一度もノヴァさんから\nお礼言われてないんですが。」		
「ところでノヴァさんが居ないようですが？」		
「何か支度があるから、\n見送りは任せたって言われたわ。」		
「うわあ。礼の一つも無いどころか\n見送りにも来ないだなんて、」		
「もしかして私、\nノヴァさんに嫌われてるんでしょうか？」		
「大丈夫。もしかしなくても\nお前はノヴァに嫌われてるよ。」		
「全然大丈夫じゃないですし、\n仮に事実だとしてももう少しオブラートに\n包んだ言い方をするべきじゃありませんか？」		
「お前みたいな奴はちょっと回りくどい\n言い方をすると<ruby=きょっかい>曲解</ruby>するから\nストレートに言った方がいいと思うんだ。」		
「どういう<ruby=けいけんそく>経験則</ruby>から\nそういう結論に辿り着くのでしょうかねえ。」		
「まぁ、仕方ありません。\n心もとないですが川島さんの見送りを\n甘んじて受けるとしましょうか。」		
「喧嘩売ってんのかテメェ。\nいいから、とっとと行きやがれ。」		
「まぁ、そう<ruby=じゃけん>邪険</ruby>にしないでくださいよ。\nあなたはノヴァさんが使役するオートマタ。\n諜報部の関係者なのですから。」		
「ああ。そうだ。ノヴァさんと言えば\n川島さんにお伝えしておきたい事がありました。」		
「なんだよ？改まって。」		
「実はノヴァさん。\nあなたと寮で同棲する事が決まって\n随分と喜んでいたんですよ。」		
「引っ越しの段取りや必要な家具を\n揃えたりと新しい寮生活の為、\nそれはもう張り切って計画を練っていたものです。」		
「今日も朝から引っ越しの手伝いに\n我々を呼び出したのも少しでも早く\n同棲生活を始めたかったという思いから。」		
「それほどあなたと一緒に暮らす事が\n楽しみだったんでしょうね。」		
「そう……だったのか。\nアイツからは全然そんな<ruby=そぶ>素振</ruby>りを感じなかったが…。」		
「そりゃそうですよ。\nノヴァさんっていつも<ruby=ひょうひょう>飄々</ruby>として、\nどこか掴みどころが無いですよね。」		
「それは、本心をあまり他人に見せない事の裏返し。」		
「そんな彼女があなたにだけは見せる本当の姿。\nそれだけあなたは特別なんでしょうね。」		
「ノヴァさんにとって。」		
「……ノヴァはどうしてそこまで俺に。」		
「身に覚えが無いですか？\nそれはそうでしょう。\n何故ならあなたには<ruby=きおくしょうがい>記憶障害</ruby>があるのですから。」		
「……ッ！」		
（……そうだ。\n俺はいつからか過去の記憶が<ruby=あいまい>曖昧</ruby>というか\n抜け落ちている。）		
（過去の俺からの手紙によれば\n俺はノヴァ達学園アイドルの５人と\n過去に仲間だったらしい…。）		
（だが、まったく思い出せない…。\nノヴァ達の記憶だけ忽然と消えたかのように…。）		
「あなたの失くした記憶。\n思い出せるといいですね。」		
「でなければノヴァさんがあまりにも悲しすぎる。」		
「――――好きな人から忘れられてしまうだなんて。」		
（天道の去り際の言葉が強く俺の<ruby=こんぱく>魂魄</ruby>に響く。）		
（ノヴァは俺に好意的だった。\nそれはあの時、あの公園で出会った時から。）		
（けれどノヴァからしてみれば\n俺の事をもっと前から知っていて\n俺と過ごしたいくつもの思い出があるのだろう。）		
（だが、俺はそれがどうにも思い出せない。）		
（ノヴァとの記憶が思い出せない、もどかしさ。\nノヴァの好意に俺は何も返してやれない。）		
（俺はノヴァの好意の理由すらわからないんだ。）		
（自分の置かれた立場に<ruby=かっとう>葛藤</ruby>しながら\n部屋に戻ると、玄関の前でノヴァが\n腕を組みながら<ruby=におうだ>仁王立</ruby>ちしていた。）		
「おっそーい！\n一体、どこほっつき歩いてたんスか！」		
「え？天道の見送りだけど。」		
「いやいや。\nどんだけ天道さんが<ruby=なごりお>名残惜</ruby>しかったんスか。\nそんなに<ruby=ながばなし>長話</ruby>するような<ruby=あいだがら>間柄</ruby>じゃないでしょう。」		
「っていうか、何その可愛い恰好。」		
「おんやー？川島さん。\nなかなかお目が高いッスねー。\n女の子の変化を見逃さずに褒めるだなんて。」		
「そうそう。やはり異性に対しては素直で\nストレートな感情をぶつけるのが一番ッス。」		
「ラブコメ特有の<ruby=どんかんけいしゅじんこう>鈍感系主人公</ruby>にありがちな\n<ruby=にぶ>鈍</ruby>すぎるスルースキルなどもはや時代遅れ。\n所詮、<ruby=せん>先</ruby>の時代の<ruby=はいぼくしゃ>敗北者</ruby>。」		
「『え？なんだって？』だのなんだのの<ruby=なんちょう>難聴</ruby>ムーブも\nただただテンポが悪いだけで物語の進行を遅らせ\n無駄に時間を引き延ばす遅延行為ッス。」		
「やはり、これからのラブコメは\nテンポとスピードが大事。女の子の好感度が\n上がる行動は積極的にやっていきましょう。」		
「ノヴァちゃんは褒めて伸ばすタイプなのです。\n川島さんはノヴァちゃんをどんどん褒めて\nゴキゲンにしましょう。」		
「それがノヴァちゃんを攻略する鍵ですぞ。」		
「何気なく服装に対する質問をしただけなのに\n想像の斜め上の回答が返って来たんだが。」		
「あー。ちなみにこの服は外向け用の部屋着ッス。、」		
「外向け用の部屋着って\n外なのか中なのかどっちやねん。」		
「これから配信があるッスからねー・\n部屋着とはいえ、\nちょっと人前に出れる服装なんスよ。」		
「配信？」		
「はろはろー。\n皆の小悪魔系ゆるふわアイドル。\nノヴァちゃんッスよー。」		
「今日もノヴァちゃんねるの\n配信観に来てくれてありがとッスー。」		
（ノヴァはPCの前に座りマイク越しに\nモニターの外に居るネット上の\nリスナー達に話しかける。）		
（何やらノヴァはネットアイドルをやってらしく、\nこうして定期的にライブ配信を行い\nネット上のファンと交流しているのだとか。）		
「あー。ちょっと音量調整するッス。\nBGMと声のバランスどうッスか？」		
「ほうほう。声の音量は大丈夫と。\nBGMがちょっと小さい？」		
「ちょい待ち。\n……ほい、ちょっと上げたッス。」		
（ノヴァはリスナーからのコメントを\n読みながら音量のバランスを確認し\n慣れた手つきで機材の調整を行う。）		
「お、バッチリッスね。\nそれじゃ始めていきまっしょー。\nよろしくッスー。」		
「さてさて、<ruby=ツイックス>TwiX</ruby>で告知したとおり\n今日は重大発表がありますぞ。」		
「皆はどんな内容か予想出来たかなー？」		
リスナーコメントA		
「い、一体どんな内容なんだ……！」		
リスナーコメントB		
「まったく予想が出来ねえ…っ！\nいつも唐突過ぎるぜノヴァちゃん…っ！」		
リスナーコメントC		
「ざわ……ざわ……！」		
「重大発表…！それは…ッ！」		
リスナーコメント欄		
「ごくり…！」		
「今日から同棲生活始めました！」		
「―――――――――は？」		
（ノヴァの重大発表という名の\n爆弾発言により\nコメント欄の時が止まる。）		
「う、嘘……だろ……？\n同…棲……？」		
「それってつまり……\nノヴァちゃんに彼氏が出来た……？」		
「つまり、俺達のアイドルノヴァちゃんが\n俺達のアイドルじゃ無くなったという事か…？」		
リスナーコメントD		
「あ……あぁ……っ。」		
「うわあああああーーーーー！！\n俺達のノヴァちゃんが\n寝取られたぁああーーーッ！！」		
（案の定だがノヴァのファンである\nリスナー達は<ruby=あびきょうかん>阿鼻叫喚</ruby>となる。）		
「おおー。凄いコメント数ッスねー。\nコメ欄のスクロールが早すぎてまるで読めねーッス。」		
「いやー。そんなに喜んでもらえるとは\nこれはいいサプライズでしたなー。」		
「まったく喜んでねぇよ！\nむしろ悲しんでるよ！」		
「嘘だと言ってよノヴァちゃん！」		
「さーて。場も温まって来たことだし\n同棲相手の紹介といきましょー。」		
（リスナーのコメントの叫びをまるで\n意に介さずマイペースに進行するノヴァ。\nリスナーを石ころ程度にしか思ってないのではないか。）		
（っていうか、同棲相手紹介って\nまさか俺がこの場に呼ばれたのは……？）		
「紹介しよう！これから我が<ruby=きょじょう>居城</ruby>で\n一緒に暮らす事になったパートナー！\nメカワシマだー！」		
「………は？」		
「『は？』じゃないッスよ。\nメカワシマさん。\nリスナーの皆さんに挨拶ッス。」		
「いきなり呼び出されて\nどんな無茶ぶりだ。\nつーか、配信に出るとか聞いてねーんだが。」		
「そりゃサプライズ感を演出する為ッスよ。\nネタバレしたら面白くないじゃん。」		
「別に俺には教えてもよくね？\nそこはサプライズ感いらないよね？」		
「え…？何コレ？\nオートマタ…？」		
「っていうか、オートマタって\nこんな流暢に受け答えできたっけ…？」		
「す、すげえ…なんだこれ。\nマスターと普通に会話してる…！」		
「ほほー。さすが自分のリスナー達。\n既にメカワシマさんの凄さに\n気付いたようッスね。」		
「ほら。何ボサっとているんスか。\nメカワシマさん。リスナーの皆さんに挨拶ッス。」		
（まじかよ。どんな無茶ぶりだ。\n俺は舌打ちしながらも、言われた通り\n挨拶をする。）		
「こんにちは。リスナーの皆さん。\nノヴァさんのパートナーをやらせてもらってる\nメカワシマです。」		
「おお…！ちゃんと挨拶出来るオートマタだ…！」		
「まさか同棲相手の彼氏と見せかけて\nこんな隠し玉を持ってくるとは…っ！」		
「だけど何故唐突にオートマタが…！？」		
「ふふっ。このメカワシマさんは\nそんじゃそこらのオートマタとはワケが違うんスよ。」		
「何と！一般には流通していない\n<ruby=ていこくじゅうこう>帝国重工</ruby>・<ruby=せいたいこうがくけんきゅうじょ>生体工学研究所</ruby>で\n開発された超レアな実験機！」		
「おお！」		
「さらに！戦闘用の武装も搭載されていて\n左腕からは『サブマシンガン』！\n右腕からは『リボルバー』が発射可能！」		
「おおお！」		
「さらにさらに！進化した人工知能により、\n<ruby=だいにせだいがた>第二世代型</ruby>とは思えない<ruby=りゅうちょう>流暢</ruby>な会話が可能になり\n的確なツッコミを入れる事が出来る！」		
「なんでよりによってアピールポイントが\nツッコミ部分なんだよ。」		
「おおおおー！\n確かにツッコミ入れている…！」		
「……そこで\n『おおおおー！』はおかしいだろ。」		
「さあ！リスナーの皆さん！\nこのサプライズ！このメカワシマ！\n凄いと思ったのなら何をすべきかもうおわかりッスね！」		
「―――――そう、ギフトチャットです。」		
（ノヴァがリスナーを煽った瞬間、\nコメント欄が赤一色で埋まる。）		
「おー！\nギフトチャットありがとございまーッス！」		
「お！お！どんどんギフトチャットが\n投げられております！うはうはー！」		
（止まらない赤いコメント。\nそして、テンションが最高潮になるノヴァ。\n一体、これはどういう事か。）		
（ギフトチャットとはリスナーが配信者に対して\nお金をプレゼントするコメント機能である。）		
（この赤いコメントのギフトチャットは\n１万円以上をプレゼントした際に\n投稿されるコメントである。）		
（つまり、このコメント欄に埋め尽くされたら\n赤いコメントが一つ一つが１万円以上の価値を持つ。\nそれはリスナーがノヴァに対してお<ruby=ふせ>布施</ruby>をしているという事。）		
（これぞまさに投げ銭。\n今、リスナー達は一斉にノヴァに\n向かって万札を投げつけているのである。）		
「ひょえー！今日はいつにもなく回っております！\nまさに<ruby=おおえどだいかいてん>大江戸大回転</ruby>！」		
「<ruby=はんじょうはんじょう>繁盛繁盛</ruby>！<ruby=しょうばいはんじょう>商売繁盛</ruby>ー！」		
「ノヴァちゃん！ノヴァちゃん！」		
（止まらないノヴァコール＆赤いギフトチャット。\nまさに<ruby=きょうき>狂気</ruby>の如くノヴァに金が投げられ続ける。）		
「く、狂ってやがる……っ。\nこんな……こんな稼ぎ方があっていいのか……っ。」		
「いやー！<ruby=ゆかいつうかい>愉快痛快</ruby>！\n笑いが止まりませぬなー！\nはっはっはー！」		
「ありがとう！\nありがとうございます！\nリスナーの皆様！」		
「このノヴァちゃんねるは\nリスナーの皆様により支えられております！」		
「さあさあ！もうした人もまだの人も\n高評価、チャンネル登録、\nよろしくお願いするッスー！」		
「今後ともノヴァちゃんねるを\nよろしくお願いするッスよー！」		
（なんという熱狂、なんという盛り上がり。\n伊達に学園アイドルをやってはいない。\nノヴァはアイドルを本気でやっているのだ。）		
（それもすべては金の為。\nノヴァのアイドル活動は<ruby=ばくだい>莫大</ruby>な利益を発生させる。\nこいつはファンから金を巻き上げる金の<ruby=もうじゃ>亡者</ruby>だったのだ。）		
（ノヴァとの同棲生活初日。\nノヴァの新たな一面を知ると同時に\nまったく予想していない始まり方をしたのであった。）		
「……遅い。」		
「何がですか？」		
「<ruby=きこういん>機巧院</ruby>からの定時連絡だ。\n奴が<ruby=いかるがけいさつりょう>斑鳩警察寮</ruby>に戻ってからというもの\nまったく<ruby=おとさた>音沙汰</ruby>が無くなったではないか。」		
「あー。そういえばそうですねえ。\n報告が無いッて事は\n特に進捗は無いんじゃないですかねえ。」		
「フェイリクス捕獲任務は<ruby=いかるがけいさつほんぶ>斑鳩警察本部</ruby>の重要任務。\n進捗があろうが無かろうが定時連絡はあって\n<ruby=しか>然</ruby>るべきだ。」		
「まったく。\n<ruby=きこういん>機巧院</ruby>は警察官としての意識が低すぎるぞ。」		
「自由人でフリーダムなノヴァさんに\n警察官らしさを求めるのは無茶な気はしますけどねえ。」		
「何を他人事のように言っている？\n監督責任だ。\n上司のお前が<ruby=きこういん>機巧院</ruby>を連れて来い。」		
「ええー……。」		
「ふわわ～。おはよーッス。」		
「おはよーって、もう12時なんだけど。\n昼だぞ。昼。」		
「いやー。昨日は深夜の耐久配信やってたもんで\n寝たの朝の5時なんスよねー。」		
「昨日もネットアイドルやってたのかよ。\nつーか、朝5時まで付き合う\nお前のリスナー達がすげーよ。」		
「自分のリスナーはもはや戦友。\nラスボスであるドラゴンを倒す瞬間まで\n彼らは自分にエールを送り続けていたのですぞ。」		
「彼らが居なければ\n感動のエンディングまで辿り着く事は\n叶わなかったでありましょう。」		
（どうやらノヴァは\n<ruby=そうちょう>早朝</ruby>までゲーム配信をやっていたようだ。）		
「ありがとう。戦友。\nありがとう赤ギフチャ。」		
「戦友からしっかりと\n金を巻き上げているのがえげつねェ。」		
「いやいや。自分からは\n金銭を要求をした事など一度もありませぬ。」		
「これは戦友…もといリスナーからのお気持ち。\n『ノヴァちゃん頑張って！』というエールを\n貰っているのです。」		
（などと<ruby=きょうじゅつ>供述</ruby>しているが俺は知っている。\nノヴァが配信の売上金の数字を見ながら\nニヤニヤと<ruby=ゆえつ>愉悦</ruby>に<ruby=ひた>浸</ruby>っているところを。）		
「はてさて、昨夜の耐久配信の思い出を語りたいのは\n山々ですがノヴァちゃんはお腹ペコペコなのです。」		
「朝ごはんをプリーズミー。」		
「朝ごはんっていうかもう昼飯の時間なんだが。」		
「まぁいいけどよ。\nいつものミートスパゲティでいいか？」		
「いえーす。」		
「今作るからちょっと待ってろ。」		
「かたじけない。」		
「そら、ミートスパゲティ一丁上がりだ。」		
「おー！待ってました！」		
「いっただっきまーす！」		
「んー！でりしゃす！」		
（ノヴァはフォークでスパゲティを\nくるくると巻くと次々と口に放り込んでいく。）		
（本当に美味そうに食うもんだから\n俺も作った甲斐があるというものだ。）		
「しかし、毎日ミートスパゲティばっかり\n食ってて飽きないのか？」		
「ミートスパゲティは大好物っスからねー。\n飽きるという概念は無いんスよ\nまさに息を吸うかのように食べられますなー。」		
「そんなに好きとはねぇ。\n確かにメイド喫茶でもそれ食ってたもんな。」		
「まぁ、こっちは作るのが楽で助かるけどな。」		
（ここに引っ越してきてから\n何か作れるものはないか食材を探したところ\n大量のパスタとミートソースの在庫があって驚いた。）		
（どうやらノヴァのやつ\nミートスパゲティガチ勢だったらしい。）		
「それにしても何でそんなに\nミートスパゲティが好きなんだ？」		
「それは川島さんが\n作ってくれた料理だからッスよ。」		
「ん？別に俺が作る前から\nミートスパゲティ好きだったじゃねぇか。」		
「俺はお前がミートスパゲティが\n好きだって言うから作っただけで……、」		
「それはもっと昔の話。\n自分と川島さんが出会って間もない頃。」		
「今の川島さんは\n覚えてないかもしれないッスけどね。」		
「昔の……俺？\n俺は過去にミートスパゲティを作った事がある…？」		
（ダメだ……。\n全然思い出せねぇ……。）		
「その時の川島さんは全然料理が出来なくて\n唯一作れたのがパスタを<ruby=ゆ>茹</ruby>でる事だけだったんス。」		
「茹でたパスタに\nたまたま家にあったミートソースをかけて\n空腹だった自分に<ruby=ふるま>振舞</ruby>ってくれた。」		
「慣れない料理でパスタは伸びてたし\nミートソースも賞味期限がとっくに切れていたけど。」		
「それでも自分にとっては\nとても美味しくて忘れない味だった。\nそれが川島さんのミートスパゲティだったんス。」		
（俺がノヴァに……\nミートスパゲティを作ってやった……？）		
（確かに……そんな事が、あったような。）		
（思い出そうとすると頭がずきりと痛む……っ。\nオートマタの身体だってのに一体、\nどうなってんだこれ。）		
「ふー。ごちそうさまーッス。」		
「やはり朝食はミートスパゲティに限るッスね。」		
「つーか、\n時間帯関係なくいつも食ってるじゃねぇか。\nっていうかもはや昼食だし。」		
「まぁ、美味しいものは\nいつ食べても美味しものッスよ。」		
「それに川島さんも\nミートスパゲティ作りの\n腕は衰えてないようですなぁ。」		
「そういや、特に練習した記憶も無いんだが\n自然と作れるようになってたんだよな。」		
「最初の内はなかなか上手く作れなくて\n随分と失敗を積み重ねていたッスねー。」		
「自分は別に出来が悪くても構わなかったッスけど\n川島さんがどうしても上手く出来ないのが\n気に入らなかったようで、」		
「上手く作れるようになるまで\n何回も何回も同じ料理に挑戦した結果、\nミートスパゲティだけやたら上手くなったんスよ。」		
「だから、ミートスパゲティの\n記憶が無くても身体は\n覚えていてるのかもしれないッスねー。」		
（昔を懐かしむように\nはにかみながら答えるノヴァ。）		
（その様子を見ていると\nノヴァにとって大切な思い出なのだろうと伺える。）		
（俺の知らない俺の記憶。\n俺は料理一つにそんなにも\n<ruby=いこじ>意固地</ruby>になっていたのか。）		
（以前、天道が放った言葉が突き刺さる。\n俺は……ノヴァが好きな俺の事を思い出せない。）		
（何だかそれは、ノヴァを裏切っているようで\nノヴァを孤独にしているようで、\n言い表せない罪悪感を感じてしまう。）		
（だから、俺はノヴァに問う。）		
「なあ、過去の俺ってどんな奴だった？」		
（自分が何者なのかを。）		
「あー。別に今とそんなに変わってないッスけど。」		
「しいて言うなら昔の川島さんは\nキレたナイフみたいにギラギラしてたッスねー。」		
「周りに居るものすべてを傷つけてしまうような。\n危なっかしい感じがあったッス。」		
「そんなグレた不良みたいな感じだったのか俺は。」		
「でも、それは仕方が無いんス。\nあの時の川島さんは\n大切な人を失った直後だったんスから。」		
「大切な人を失った……？」		
（一体何を言ってる…？\n俺の大切な人はユリ姉以外存在しない。）		
（そのユリ姉は失うどころか\n俺に刀を向けるぐらいピンピンしてるってのに……、）		
（―――――――ッ！！）		
（なん……だ……？今の光景は……？）		
（知らないはずの記憶……だが、何故だか\n俺の<ruby=こんぱく>魂魄</ruby>に深く刻み込まれた<ruby=つめあと>爪痕</ruby>のように\n<ruby=けいしょう>警鐘</ruby>を鳴らし続ける。）		
（……2度とあの<ruby=さんげき>惨劇</ruby>を繰り返してはならないと。）		
（この感覚……ただの気のせいじゃないな。\n俺はどうやらとても大事な事を\n忘れてしまっているようだ。）		
「あの頃の川島さんは\n怒りと悲しみに<ruby=とら>囚</ruby>われていたッスけど\n根っこの優しさは変わってなかったッス。」		
「だからこそ、\n故障した自分を拾って面倒見てくれたんスよね。\n困ってる人をほっとけない性格だから。」		
「もちろんそれは今も昔も変わってないスけどね。」		
（ノヴァは昔を懐かしむように\nそれでいてどこか得意げに\n過去の俺の話をする。）		
（その話の中で妙に気になる事を言っていた。）		
「故障したお前を拾ったって……\nどういう状況だったんだそれは？」		
「ああ。その事ッスか。」		
「ご存じの通り、自分は\n<ruby=だいさんせだいがたちょうほうていさつよう>第三世代型諜報偵察用</ruby>オートマタ\n<ruby=ノヴァ>NOVA</ruby>シリーズッス。」		
「そういやお前もオートマタなんだよな。\nちょいちょいオートマタらしくなくて忘れるが。」		
「あの時、とある任務で<ruby=ノヴァ>NOVA</ruby>シリーズの小隊が\n<ruby=ちょうきょりやかんこうこうちゅう>長距離夜間航行中</ruby>だったんスけど」		
「自分の<ruby=こうきどうがたひこう>高機動型飛行</ruby>ユニットのスラスターが\n飛行中にイカれて<ruby=ひとざとはなれ>人里離</ruby>れた<ruby=かわら>河原</ruby>に<ruby=ついらく>墜落</ruby>したんス。」		
「え……。お前ら<ruby=ノヴァ>NOVA</ruby>シリーズって\n空飛べるのかよ……。」		
（そういや、デートの待ち合わせ場所に\n空から落下して登場して来たっけか。）		
「<ruby=ついらく>墜落</ruby>した衝撃で<ruby=でんしきおくりょういき>電子記憶領域</ruby>が飛んで\n強制的に<ruby=こうじょうしゅっかじょうたい>工場出荷状態</ruby>に初期化されて\n機能停止してしまったんス。」		
「んで、動けなくなってる自分を見つけたのが\n川島さんだったってワケッス。」		
「川島さんの<ruby=かいほう>介抱</ruby>によって再起動した自分は\n墜落の衝撃で初期化状態だったせいで目の前の\n川島さんをマスターとして登録してしまったッス。」		
「俺がお前のマスターに……？」		
「オートマタはマスターに<ruby=つか>仕</ruby>えるのが絶対命令。\nマスターから離れらないと知った川島さんは\n嫌々言いながらも自分を家に置いてくれたんス。」		
「それから川島さんはなんだかんだ言いながら\n食事を作ってくれたり、庶民の暮らしを教えてくれたり\n何かと自分の世話を焼いてくれたんスよ。」		
「お前は庶民の暮らしを教えなければならないほど\n上級国民だったのかよ。」		
「任務の事を綺麗さっぱり忘れてしまった\nはぐれオートマタを拾って側に置いてくれた。\nそんな<ruby=すいきょう>酔狂</ruby>なマスターは川島さんぐらいッスね。」		
「だから、自分は川島さんが好きなんスよ。」		
「そう……だったのか。\n俺は過去にお前と出会い、\nお前のマスターをやっていたのか。」		
「けれど、俺はお前との記憶が無い。\nもしかすると今の俺はお前が\n知っているマスターじゃないのかもしれない。」		
「……すまねぇ。」		
「謝らないで欲しいッス。\n記憶が無いのは\n川島さんのせいじゃないッスから。」		
「それに記憶が無くても、思い出せなくても、\n自分との思い出は<ruby=こんぱく>魂魄</ruby>に刻み込まれている。\n決して消える事なく今でも残り続けている。」		
「だから、今も昔も川島さんは\n自分のマスターなんスよ。それだけは変わらない。\n今までも、これからも。」		
（あの時、公園でノヴァに助けられた時、\n俺を知ってるかのような口振りをしていた。）		
（記憶を失っている俺は気にも止めなかったが\nノヴァはあの時からずっとマスターである俺の\n側に居て見守り続けてくれていたのか。）		
「ノヴァ、俺は……。」		
「いやあ。\nマスターとオートマタの感動的再会。\nとても感動的ですねえ。」		
（<ruby=とうとつ>唐突</ruby>な<ruby=らいほう>来訪</ruby>。どこからともなく\nヘラヘラとした笑いを浮かべつつ\n拍手をしながら天道が現れた。）		
「天道、いつの間に？」		
「お邪魔していますよ。」		
「とー。」		
「いたぁいっ！」		
「ちょ…っ！ノヴァさん…っ！\nどうしていきなり蹴るんですかぁ…っ！」		
「<ruby=ふほうしんにゅう>不法侵入</ruby>は犯罪。\nよって今ここで死ね。」		
「ちょっと有罪判決も無しに\n勝手に<ruby=けいばつ>刑罰</ruby>を<ruby=しっこう>執行</ruby>しないでくださいよ。」		
「つーか、鍵掛けてあったのに\nどうやって入って来たんだ？」		
「じゃーん。<ruby=あいかぎ>合鍵</ruby>でーす。\nノヴァさんの上司である私は\n<ruby=あんぴかくにん>安否確認</ruby>の為、自由に出入り出来るのですよ。」		
「チッ。鍵を変えなきゃ。」		
「あらら。つれないですねぇ。\n私も仲間に入れてくださいよ。」		
「ふざけんな。帰れ帰れ。」		
（ノヴァは片手で『しっしっ』と\nジェスチャーをしながら天道を邪険にする。）		
「っていうか、何でノヴァって\n天道の事をそんなに嫌ってるんだ？\n諜報部の上司なんだろ？」		
「え？私ってノヴァさんに嫌われてるんですか？」		
「え？ガチで嫌い。消えて欲しいと思ってる。\nこの世から。」		
「ひどい。しくしく。\n部下にパワハラされてるんですけど。私。」		
「<ruby=しらじら>白々</ruby>しい。こんなチャランポランな\n振る舞いをしながら\n本質的には超ドクズなんスよ。こいつは。」		
「あー。もしかしてあの時の事\nまだ気にしてます？」		
「私がノヴァさんのマスターに……、」		
「いたぁい！\nだから何で蹴るんですかぁっ。」		
「余計な事を言うんじゃねー。\n一体、何しに来たんだ。\n用件を言え。用件を。」		
「おやおや。残念ですが\nノヴァさんは私を嫌うようになった理由を\n言いたくないようですねえ。」		
「残念ですが川島さん。\nこればかりはノヴァさんから\n直接聞き出してくださいね。」		
「それはわかったが、\nマジで何しに来たんだ天道。」		
「ああ。そうでした。\n真田警部からの<ruby=しゅっとうめいれい>出頭命令</ruby>です。」		
「<ruby=しゅっとうめいれい>出頭命令</ruby>～？\n穏やかじゃないッスねー。\n何事ッスか？」		
「真田警部がシビレを切らせて怒ってましたよ。\nノヴァさんからの進捗報告が無いッて。」		
「こちとら諜報員は忙しいんスよ。\nお役人にいちいち報告しているヒマなんか無いッス。」		
「お前も役人だぞ。」		
「大体、この寮に来てから学園にも行かず\nずっと配信してるかゲームしてるかで\nほぼニートじゃねぇか。」		
「ノンノン。<ruby=はいしんしゃ>配信者</ruby>はれっきとした職業ッスよ。\nちゃんと<ruby=しゅうえきか>収益化</ruby>もしてるッスから。」		
「いやいや、ノヴァさんの本職は\n一応、斑鳩警察官なのですが。」		
「第一、斑鳩警察の給料が安いのが悪いんスよ。\nあんな<ruby=やすげっきゅう>安月給</ruby>のせいでこちとらメイドカフェや配信で\n副業しなきゃならないんスから。」		
「それは真田警部に言ってください。\nあと、斑鳩警察は副業禁止です。」		
「さあ、二人とも。\n真田警部の元まで行きますよ。」		
「あなた方を連れて来ないと\n私が真田警部に怒られてしまうのですから。」		
「くっ…！上司の癖に部下を売るとは\nなんて卑怯な…っ！」		
「部下の勝手な行動で\n毎回怒られる私の身にもなって欲しいものです。」		
「さあさあ。車に乗った乗った。」		
「失礼します。真田警部。\nノヴァさん達をお連れしました。」		
「<ruby=いかるがけいさつちょうほうぶしょおｚく>斑鳩警察諜報部所属</ruby>・<ruby=きこういん>機巧院</ruby>ノヴァ。\nただいま<ruby=さんじょう>参上</ruby>。」		
「はろはろー。\n来てやったぜ。警部殿。」		
「よー。真田。」		
「……何なんだその態度は。\nこれが本部から<ruby=ちょくめい>勅命</ruby>を受けた警察官の姿か。」		
「一応、ノヴァさんは警察手帳の提示と共に\n所属と名前を名乗るまでには進歩していますね。」		
「……一体、\nいつになったらまともな挨拶が出来るのか、\n先が思いやられるな。」		
「川島さんの方は任務に参加しているとはいえ\n学生の身ですし、<ruby=れいせつ>礼節</ruby>を求めるのは\n<ruby=やぼ>野暮</ruby>ってもんじゃないですか？」		
「学生の身分だとしても、<ruby=めうえ>目上</ruby>に対して\n<ruby=ためぐち>溜口</ruby>とは一体どんな教育をしているのだ。」		
「なん……だと……？」		
「テメェ…！俺の親代わりで担任教師の\nユリ姉の教育にケチつける気か…ッ！」		
「取り消せよ今の言葉…ッ！」		
「川島さん！よせ…っ！\n乗るな…！」		
「あいつ俺のユリ姉を馬鹿にしやがった…ッ！」		
「ほう。<ruby=おやが>親代</ruby>わりを馬鹿にされて怒るか。\n<ruby=いっちょうまえ>一丁前</ruby>に根性はあるようだな。」		
「ちなみに<ruby=かわしま>川島</ruby>ユートさんの\n親代わりのお姉さんは\n<ruby=かわしま>川島</ruby>ユリヒメさんです。」		
「なに……っ。\nユリヒメの弟……だと？」		
「なんだ？ユリ姉を知ってるのか？」		
「無論だ。貴様も知ってると思うが\nユリヒメは<ruby=もといかるがけいさつかん>元斑鳩警察官</ruby>。この署内で\nユリヒメの名を知らぬ者はおるまい。」		
「へえ。さすがユリ姉。\nここでも名が知れ渡っていたのか。」		
「確かに評判でしたね。\n残念ながら<ruby=あくひょう>悪評</ruby>の方でしたが。」		
「ユリヒメは<ruby=いかるがけいさつそうせついらい>斑鳩警察創設以来</ruby>、\n<ruby=ぜんだいみもん>前代未聞</ruby>の<ruby=もんだいじ>問題児</ruby>でな。\nそれはそれは私も頭を悩ませたものだ。」		
「なんでも、ユリヒメさんが出動すると\n必ず現場周辺が破壊、炎上してしまうそうで\n自治体や周辺住民からクレームが絶えないのだとか。」		
「ユリせんせー。すげー。\nワイルドー。」		
「任務達成率は申し分無いのですが\nそれを台無しにする程の\nトラブルメーカーでしたねえ。」		
「ユリヒメが問題ばかり起こすせいで\n私がどれだけクレーム対応に追われた事か。」		
「くっ…。あの膨大な始末書の数々。\n思い返すだけでも頭が痛くなるな。」		
「真田警部が頭を悩ませるだなんて\nなかなか出来る事じゃないですよ。\nさすがユリヒメさんですねえ。」		
「ユ、ユリ姉は悪くねえ…っ！\nユリ姉は悪くねえ…っ！」		
「ただ、ユリ姉は一生懸命だっただけなんだ…っ！\n何故お前らにはそれがわからない…っ！」		
「貴様は姉であるユリヒメを<ruby=もうしん>妄信</ruby>し過ぎているな。\n客観的な視点と冷静な判断力を持たなければ、\n本当の真実を見失う事になるぞ。」		
「俺の中ではユリ姉が絶対的正義。\nこれこそがこの世界のにおけるたった一つの真実さ。」		
「どうやら既に手遅れのようだ。\nこの男はユリヒメという絶対的な神に\n囚われている。」		
「それは自分も困ってるんスよー。\nラブコメ主人公がいきなり特定のヒロインに対して\n好感度MAXとかやりずらくてしょうがねーッス。」		
「ノヴァさん、<ruby=しんちゅう>心中</ruby>お察しします。\n川島さんの呪いが早く解けるといいですね。」		
「おいやめろ！俺を<ruby=あわ>憐</ruby>れむんじゃねぇ！\n俺は正常だ！俺は真人間だ！」		
「異常な奴ほど自分を正常だと主張し、\n正当化しようとする。」		
「典型的な症状が出ていますね。」		
「勝手に診断してんじゃねー。\n俺はどこも悪くねえ！」		
「そんな事より、<ruby=きこういん>機巧院</ruby>。\nお前達を呼び出した理由はわかっているな？」		
「わかりませーん。\n先生、教えてください。」		
「誰が先生だ。\n相変わらず舐めた態度をしている。」		
「これも上司の指導が不十分のせいだ。\nこれだから舐められるのだ。天道。」		
「本部の任務遂行中の今、\nノヴァさんの直属の上司は\n真田警部ですよ？」		
「機巧院。フェイリクス捕獲任務の\n進捗はどうなっている？\n何故、定時連絡を<ruby=よこ>寄越</ruby>さないのだ。」		
「真田警部。\nこちらも重要な任務を遂行中だったんスよ。」		
「ほう。フェイリクス捕獲任務は\n斑鳩警察本部の<ruby=ちょくめい>勅命</ruby>。\nそれよりも重要な任務とは何だ？」		
「―――――<ruby=はいしんしゃ>配信者</ruby>。\nそれは人々に勇気と希望を届ける仕事。\n自分は彼らの闇を照らす光となりたいんス。」		
「ふざけるな。何が勇気と希望だ。\n画面の外の奴らはインターネットアイドルなどという\n<ruby=きょこう>虚構</ruby>に踊らされているに過ぎん。」		
「いいか。今、我々が最優先に解決すべきは\nフェイリクスに洗脳された生徒達を救出する事だ。」		
「その為には一刻も早く、\nフェイリクスを捕獲する必要がある。\n配信者などという<ruby=どうらく>道楽</ruby>に<ruby=うつつ>現</ruby>を抜かしている暇などないのだ。」		
「は、配信者を……遊び…だと…？」		
（真田の<ruby=むじひ>無慈悲</ruby>な一言。インターネットアイドル業を\n否定されたノヴァは\nわなわなと怒りに打ち震える。）		
「あんた…何もわかっちゃいねぇよ…っ！」		
「こちとら食事も…睡眠時間も削って…、\nそれこそ命を削ってアイドルやってんだ…！」		
「別に食事も睡眠もたっぷりとってるけどな。」		
「遊びでやってんじゃないんだよー！！」		
（<ruby=じそんしん>自尊心</ruby>を傷つけられ\nブチ切れたノヴァは真田に殴りかかる…！）		
「これが若さか。」		
（真田はノヴァの拳を掴むと\n突進力をそのまま利用し\n<ruby=あいきどう>合気道</ruby>の如くノヴァを放り投げる。）		
（そして、投げ飛ばされたノヴァ\n何故か俺の方に一直線で飛んでくる。）		
「ちょ！？えっ！？\nこっち！？」		
「ぐええええーーーーッ！！！」		
「いてて……っ。\n部下を投げ飛ばすとは何事ッスか！\nパワハラで訴えてやるッ！」		
「先に仕掛けて来たのは貴様だろう。\nそれに国家権力である斑鳩警察に\nパワハラなどという概念が通用すると思うな。」		
「く…っ！これが権力ってやつか…っ！」		
「権力に屈してるようだが、\n単純にお前が仕事サボってただけだからな。」		
「これでわかったでしょう？ノヴァさん。\n真田警部……いや、斑鳩警察には逆らえないと。」		
「<ruby=ちゃばん>茶番</ruby>は終わりだ。\nさっさと任務に戻れ。\n一刻も早くフェイリクスを<ruby=ほばく>捕縛</ruby>するのだ。」		
「い、嫌だ…っ！」		
「は、働きたくない…！\n働きたくないでござる…っ！」		
「本音が出てるぞ。」		
「1週間だ。」		
「へ？」		
「あと１週間以内に何の進捗も出なければ\n<ruby=きこういん>機巧院</ruby>。貴様の給与を<ruby=げんきゅうしょぶん>減給処分</ruby>とする。」		
「な…っ！なんて卑劣な…っ！\n給与を人質にするんじゃあないっ！」		
「それが嫌なら結果を出せ。\n話は以上だ。」		
「うわああああああーーーーーーっ！！！」		
「なるほど。\nフェイリクス捕獲任務における\n進捗を出せ、か。」		
「助けて。ドクえもーん。\n何かしら進捗をでっち上げないと\n真田警部に給料を減らされちゃうよー。」		
「なんででっち上げる前提なんだよ。」		
「我々は諜報部ですからねえ。\n情報ならある事無い事、\nすべて操作する事が出来るのですよ。」		
「……なんて邪悪な考えをしてやがる。\nこいつら本当に警察官なのか？」		
「っていうか、影山。\nお前も斑鳩警察と絡んでたんだな。」		
（まぁ、ノヴァが斑鳩警察官な時点で\nノヴァの開発者の影山が\n関係してるのも不思議じゃないが。）		
「斑鳩警察とはビジネスパートナーの<ruby=あいだがら>間柄</ruby>。\n私のビジネスのお<ruby=とくいさま>得意様</ruby>。\nつまりはクライアントという事だ。」		
「影山さんには我々諜報部も\n力をお借りする事がありましてねえ。\nとても助かっているのですよ。」		
「天道。先日の案件の請求書を送っておいた。\n月末までに振り込んでおきたまえ。」		
「ひええぇ…。\n請求書の中身を見るのが怖いですねえ…。」		
「安心したまえ。斑鳩警察はお得意様だ。\n良心的な価格に設定しておいた。」		
「そう言ってこの前も<ruby=ほうがい>法外</ruby>な値段を\n請求された気がしますが。」		
「成果に対する対価を請求したに過ぎん。\n支払うのが嫌ならお前達、\n斑鳩警察の力だけで何とかするのだな。」		
「はぁ…。痛い所を付いてきますねえ…。\nそれが出来ないから\n影山さんに依頼しているというのに。」		
「はいはい。わかりましたよ。\nとりあえず請求書は経理に回しておくので\n支払いはお待ちください。」		
「毎度。今後もよろしく頼む。」		
（どうやら斑鳩警察は影山に弱みを握られてるようだ。\n警察を良い金ヅルにするとは影山の奴、\nタダモノじゃないな。）		
「ちょっとちょっとー。ドクター。\n天道さんとばかり話して無いで\n自分のお悩み聞いてくださいよォー。」		
「やれやれ。科学室から引っ越してから\n<ruby=おとさた>音沙汰</ruby>が無いと思えば\n真田に<ruby=しゅどうけん>主導権</ruby>を握られていたとはな。」		
「我々の<ruby=てんてき>天敵</ruby>はフェイリクスではなく\n真田警部なのかもしれないッス。」		
「フェイリクスの洗脳はオートマタである\n自分には効かないッスが、真田警部は自分の<ruby=きゅうりょう>給料</ruby>を\n<ruby=げんきゅう>減給</ruby>する特殊能力を持ってるッス。」		
「<ruby=せま>迫</ruby>り来る<ruby=きょうい>脅威</ruby>、そして絶望。\n今、まさに自分の給料の<ruby=せいさつよだつ>生殺与奪</ruby>は真田警部に\n握られているんス。」		
「早く…！早くなんとかしないと…！」		
「任務遂行や洗脳された生徒達の解放ではなく\n自分の給料を守る為への<ruby=しゅうねん>執念</ruby>がすごいな。\nまさに金の<ruby=もうじゃ>亡者</ruby>だ。」		
「ノヴァさんはお金大好きですからねえ。」		
「ふむ。ところで川島。\n少し見ないうちに随分と１３号との\n親密度を上げたようだな。」		
「確かに引っ越したってのもあって\nここ最近ノヴァとずっと一緒に居るからな。\n多少は仲良くなってるかもしれねえ。」		
「多少ってなんだ。多少って。\nもっとノヴァちゃんを褒めて、\n持ち上げて、<ruby=あが>崇</ruby>め<ruby=たてまつ>奉</ruby>りなさい。」		
「しかし、影山。\nなんでそんな事がわかるんだ？」		
「お前達に搭載されている<ruby=ぎじこんぱく>疑似魂魄</ruby>から\n<ruby=どうちょうりつ>同調率</ruby>のデータを直接取得する事が出来る。」		
（影山は手慣れた手つきでノートパソコンを\nカタカタと操作する。）		
「ふむ。１３号の好感度は高水準を維持している。\nこれは過去に積み重ねた経験がそのまま反映されている。」		
「反面、川島は記憶を失った影響で\n１３号への好感度が<ruby=いちじる>著</ruby>しく低下していた。」		
「しかし、フェイリクスの<ruby=さくりゃく>策略</ruby>により\n川島の身体は奪われた挙句、\n学園アイドル４人が洗脳される自体が発生。」		
「このままでは学園アイドルを攻略し\n<ruby=むげんつくよみ>夢幻月読</ruby>を<ruby=だは>打破</ruby>する計画が<ruby=すいほう>水泡</ruby>に<ruby=き>帰</ruby>してしまう。」		
「<ruby=きゅうち>窮地</ruby>を脱する為、１３号と行動を共にする事が\n多くなった結果、\n川島の１３号に対する好感度が徐々に上昇。」		
「このまま順当に行けば、\n１３号との<ruby=こんぱくせつぞく>魂魄接続</ruby>も問題無く行えるだろう。」		
「むしろ、この調子ならば\n今回の攻略対象を１３号に<ruby=す>据</ruby>えても問題無いだろう。\nまさに不幸中の幸いといったところか。」		
「えー。川島さん。\n自分にそんなにときめいちゃってたんスかー。\nきゃー。恥ずかしー。」		
「良かったですねえ。ノヴァさん。\n川島さんはノヴァさんの魅力に\n気付きつつあるようですよ。」		
「うん。お前が好感度を数値化出来るのはわかったけど\nそういうのって攻略対象のヒロインの前で言っちゃダメじゃね？\n<ruby=じょうほうつつぬ>情報筒抜</ruby>けで攻略どころの話じゃねーよ。」		
「確かに通常のヒロイン攻略と違って\n１３号は作戦の<ruby=いちぶしじゅう>一部始終</ruby>を把握している仕掛け人だ。」		
「しかし、他のヒロインと違って\n君と過ごした過去の記憶がある分、\n好感度は高水準を維持している。」		
「むしろ、君が１３号を受け入れるだけで\n良いのだから作戦難易度は低いと言える。」		
「HEY！YOU！\n早く自分に<ruby=こく>告</ruby>っちゃいなYO！」		
「や……やりずれえ……。」		
「参考文献によれば、敵の<ruby=さくりゃく>策略</ruby>に<ruby=はま>嵌</ruby>り\n信じていた者達に裏切られ絶望に落とされた主人公を\nヒロインが救うシチュエーションはまさに王道。」		
「これは、君がフェイリクスによって身体はおろか\n友や家族まで奪われ、<ruby=しんしんそうしつじょうたい>心神喪失状態</ruby>に<ruby=おちい>陥</ruby>ったところへ\n１３号が駆けつけた状況と<ruby=こくじ>酷似</ruby>している。」		
「これはつまり、\n君達は意図せず王道ラブコメ展開を\n進んでいたという事だ。」		
「さすが川島。\n君こそがラブコメ主人公だ。」		
「お、俺は……無意識の内に\nラブコメ主人公に<ruby=かくせい>覚醒</ruby>していたのか……っ。」		
「いいですねえ。\n主人公の<ruby=せんざいのうりょく>潜在能力</ruby>が目覚め<ruby=かくせい>覚醒</ruby>する。\n素晴らしい王道展開じゃないですか。」		
「まさに友情！努力！勝利！ですなあ。\nはっはっは。」		
「……しかし、能力覚醒っていうのは\nもっとバトル向けな強化イベント的なものじゃないか？\nラブコメ主人公として覚醒する意味とは…？」		
「そもそも我々の作戦は学園アイドルを攻略し\n<ruby=むげんつくよみ>夢幻月読</ruby>を<ruby=だは>打破</ruby>する事。」		
「その為に川島さんがラブコメ主人公として覚醒するのは\n必然であり、最も望まれているスキルなのですよ。」		
「さあさあ。川島さん！今回のメインヒロインである\nノヴァちゃんを一体どのように攻略するのか！\n腕の見せ所ですぞ！」		
「なんだろう。\nヒロインから『ほら。攻略しろよ。』って\n言われるラブコメってあんま聞いた事ないんだけど。」		
「これだけノヴァさんの好感度が高いのは\n過去に既に攻略済みだったのが\n影響しているようですね。」		
「それなら既に学園アイドルを攻略するという\n作戦は成功しているのでは？」		
「いや、学園アイドルの攻略とは\nすなわち<ruby=こんぱくせつぞく>魂魄接続</ruby>の<ruby=オーバードライブ>限界突破</ruby>を意味する。」		
「まず、互いの<ruby=どうちょうりつ>同調率</ruby>を<ruby=こんぱくせつぞくかのうりょういき>魂魄接続可能領域</ruby>まで\n引き上げる必要がある。\nその為には一方的な好意では駄目なのだ。」		
「１３号の川島への好感度は基底水準を達しているが\n川島の１３号への好感度が不足している。」		
「なるほど。愛とは両者の想いを通じ合わせる事。\n片思いじゃダメって事だな。」		
「さすがラブコメ主人公川島。\n理解が早くて助かる。」		
「という事はどちらかというと\nノヴァさんが川島さんを\n攻略するという事になるのでは？」		
「確かに。真のヒロインは俺だった…？」		
「馬鹿野郎ッ！！」		
（ノヴァが何の<ruby=みゃくりゃく>脈略</ruby>も無く\n唐突に天道を殴り倒す。）		
「いった～～ッ！！\n何で急に殴るんですかぁ～！！」		
「何勘違いしているんだ……っ。」		
「ヒロインはなァ…ッ！\nこのノヴァちゃんなんだよォ…ッ！」		
「ヒロインが主人公を攻略しに行くとかよォ…ッ！\n<ruby=ぎゃくば>逆張</ruby>りもいいところだァ…ッ！」		
「<ruby=き>奇</ruby>をてらってウケようとすんじゃねぇ…っ！\n男だったら正面から堂々と<ruby=こく>告</ruby>って来いよ…ッ！\nそうだろ…っ！？」		
（ノヴァのヒロイン<ruby=ぶし>節</ruby>。\n<ruby=げきじょう>激情</ruby>の<ruby=たんか>啖呵</ruby>が天道に突き刺さる。）		
「わかりました！わかりましたよ！\nけれど、それは私じゃなくて\n川島さんに言ってくださいよ！」		
「そういうわけだ。川島。\nこの学園アイドル攻略作戦。\nそれは君の行動に<ruby=か>懸</ruby>かっているのだ。」		
「こいつは重要な役回りだぜ…っ！\nキッチリやり遂げなくっちゃあな…っ！」		
「その通り。頼んだッスよ。\n相棒！」		
「おう！任せとけ！」		
「………いや、ちょっと待て。\n何かがおかしい。」		
「何が？」		
「学園アイドル攻略に注力する事になってるけど\nそもそも、フェイリクスを\nどうにかしないといけないんじゃなかったか？」		
「あ、確かに。」		
「……確かにって。\nお前の給料がに<ruby=か>懸</ruby>かってるとか何とかで\n騒ぎ出したんじゃねぇか。何で忘れてんだ。」		
「いや、ループしてる。ループしてる。\nさっきその流れ聞いたばっかだわ。」		
「前回までの会話は一体なんだったんですかねえ。」		
「斑鳩警察の作戦目的はフェイリクスの捕獲。\nしかし、奴は学園の生徒達を洗脳し\n人質にしている。<ruby=うかつ>迂闊</ruby>に手は出せないだろう。」		
「フェイリクスの野郎、\n<ruby=きこうしょうぶ>機巧勝負</ruby>で勝ったら人質を解放するとか言ってたぜ。」		
「正面から堂々と\n乗り込んでぶちのめしてやればいい。」		
「それが出来れば苦労はしない。」		
「前回の<ruby=きこうしょうぶ>機巧勝負</ruby>、君達は獅堂との戦いで<ruby=ひへい>疲弊</ruby>し\nフェイリクス率いる学園生徒会全員を相手にするほどの\n余力は無かったではないか。」		
「ぐ……っ！\nそ、それは……っ！」		
「あの時はフェイリクスさんの<ruby=おんじょう>温情</ruby>で\n見逃してもらったんですよねえ。」		
「フェイリクスさんは\nノヴァさんには甘いですからねえ。」		
「っていうか、そもそもなんで\nフェイリクスはノヴァに<ruby=げきあま>激甘</ruby>なんだよ。」		
「お前、過去にあいつと何があったんだ？」		
「おやおや。まさか<ruby=しっと>嫉妬</ruby>ですかな？\nういやつよのう。」		
「俺は今、真面目な話をしているんだ。」		
「今までは真面目な話じゃなかったんですかねえ。」		
「確かに。フェイリクスは１３号に\n<ruby=しゅうちゃく>執着</ruby>している<ruby=ふし>節</ruby>がある。」		
「その<ruby=よういん>要因</ruby>がわかればフェイリクスに\n付け入る隙が出来る可能性が高い。」		
「ほら。フェイリクスをとっ捕まえるには\nお前とフェイリクスの<ruby=な>馴</ruby>れ<ruby=そ>初</ruby>めを知る必要があるんだ。」		
「<ruby=な>馴</ruby>れ<ruby=そ>初</ruby>めって恋人みたいですよね。」		
「ふざんけんな。天道。\nぶっ殺すぞ。」		
「うわあ…っ。\n急に殴りかからないでくださいよ。\n怖い怖い。」		
（天道はノヴァのパンチをひらりと<ruby=かわ>躱</ruby>しながら\nおどけてみせる。）		
「シュシュシュ。\nシュシュシュ。」		
（ノヴァは避けられたのが悔しいのか\nシャドウボクシングをしながら天道を<ruby=いかく>威嚇</ruby>する。）		
「うわあ。<ruby=どうもう>獰猛</ruby>ですねえ。\n近づきたくありません。」		
「それで、ノヴァ。\nフェイリクスとの事、\n何か知らないのか？」		
「言ったはずッス。\n自分は何も知らないと。」		
「フェイリクスが<ruby=こしつ>固執</ruby>しているのは\nノエルであって自分では無いッス。」		
「という事はそのノエルさんの<ruby=すじょう>素性</ruby>を追って行けば\nフェイリクスさんの正体に辿り着けるかもしれませんね。」		
「その可能性は高い。\nフェイリクスには我々の知らない\nいくつかの謎が残されている。」		
「何故フェイリクスが１３号をノエルと<ruby=こしょう>呼称</ruby>するのか。\n何故フェイリクスは今になって現れたのか。」		
「そして何故、\nフェイリクスは川島を憎んでいるのか。」		
「全ての鍵を握っているのは\nノエルという人物に他ならない。」		
「ノエルか。そいつが<ruby=くろまく>黒幕</ruby>ってわけか。」		
「いや、話聞いてたんスか？\nノエルさんはフェイリクスが執着している\n自分に似ているらしい人物ッス。」		
「フェイリクスが１３号をノエルと\n<ruby=こしょう>呼称</ruby>するからには何か共通点があるはずだ。\n何か手掛かりはないのか？」		
「そういえば……、」		
「奴はそんな事を<ruby=くちばし>口走</ruby>っていた気がするッス。\nその時は単なる<ruby=ざれごと>戯言</ruby>だと思ったんスけど。」		
「なんで俺が聞いた時は知らぬ存ぜぬだったのに\n影山が聞くと<ruby=そくとう>即答</ruby>してんだよ。」		
「川島さん。<ruby=おとめごころ>乙女心</ruby>がわからないんですねえ。」		
「喧嘩売ってんのかテメェは。」		
「なるほど。<ruby=ていこくじゅうこうせいたいこうがくけんきゅうじょ>帝国重工生体工学研究所</ruby>か。」		
「あの場所ではいくつもの実験が行われていた。\n実際、フェイリクスも実験機として運用されていたが\n後に廃棄処分とされたわけだ。」		
「その時にフェイリクスは\nノエルと接触していたと考えるのが妥当。」		
「つまり、生体工学研究所に行って\nノエルさんの手がかりを集めて来ればいいんですね。」		
「ああ。それがフェイリクスの\n正体に迫る鍵となるだろう。」		
「では、方針も固まりましたし、\nノヴァさん達は生体工学研究所に\n行って来てくださいね。」		
「うわー。潜入調査とか面倒くせー。」		
「ちょっとノヴァさん。仕事を頼む度に\n嫌そうなリアクションしないでくださいよ。」		
「今、頑張らないと\n真田警部に減給処分にされてしまいますよ？」		
「生体工学研究所は数年前に\n爆発事故が発生して以来閉鎖中だ。」		
「建物内の警備オートマタも\n機能停止しているはずだ。\n潜入は<ruby=ひかくてきようい>比較的容易</ruby>なはずだ。」		
「とはいえ、研究所閉鎖時に帝国重工が\n証拠となるデータを\n全て削除している可能性は捨てきれない。」		
「研究所に行っても\n何も成果が得られない場合もあるだろう。」		
「そこは出たとこ勝負というか、\n行ってみないとわかりませんねえ。」		
「はー。<ruby=るすばんぐみ>留守番組</ruby>は気楽でいいッスねー。\nこちとら<ruby=げんばぐみ>現場組</ruby>は\n現地に潜入しないといけないってのに。」		
「事件は会議室で起きてるんじゃない！\n現場で起きているんだ！」		
「はいはい。\nですから実際に現場を見て来てくださいね。」		
「やれやれ。川島さんからも\nこのわからず屋に\n何か言ってやってくださいよ。」		
「生体工学研究所……か。」		
「お。何<ruby=センチメンタル>センチ</ruby>になってるんスか？\n生体工学研究所に気になることでも？」		
「まぁな。俺は元々、\nあの研究所で暮らしてたんだ。」		
「ありゃ、そうなんスか？」		
「川島はかつて生体工学研究所の実験体として\nとある計画に参加していたのだ。」		
「ところが、数年前の研究所の爆発で\n施設は閉鎖と同時に計画は<ruby=とうけつ>凍結</ruby>された。」		
「そして、計画に参加していた実験体は\n各自、自由を手にしたというわけだ。」		
「その実験体の一人が川島さんだったんスねー。\nうおー。すげー。急にドラマティックな設定\n盛り込んで来るじゃないスか。」		
「俺がかつて実験体だったという話を聞いて\nテンション高くなるとか、\nお前やっぱおかしいよ。」		
「っていうか、影山。\n何で俺の過去まで知ってるんだ？」		
「それはそこの諜報員から聞いた。」		
「はいはい。お忘れですか？川島さん。\n私が<ruby=いかるがけいさつちょうほうぶ>斑鳩警察諜報部</ruby>の<ruby=ちょうほういん>諜報員</ruby>だという事を。」		
「なるほど。\nやけに俺の素性に詳しいと思ったら\n天道に調べさせてやがったのか。」		
「作戦に関わる人物の情報は事前に調査を行う。\nそれが作戦の成功率を\n上げるのに重要なファクターだ。」		
「天道さんは川島さんの情報を売る事で\nドクターからの依頼料をチャラにしてるんスよ。」		
「天道テメェ。\n文字通り俺を売りやがったな。」		
「ちょっとノヴァさん。\nどうしてバラしてしまうんですか。」		
「人聞きが悪いですねえ。\nそんな事をしてしまったら、\n私の評判が悪くなってしまうじゃないですか。」		
「元からお前の評判は悪いよ。」		
「これはこれは穏やかじゃないですねえ。」		
「ですが、川島さんの過去は\n今回の我々の任務においては\n重要な意味がありそうです。」		
「どういう事だ？」		
「フェイリクスが川島を憎む理由。\n一見、何の共通点も無い両者だったが\n同じ生体工学研究所出身だという事が判明した。」		
「つまり、川島が気づいていないだけで\nフェイリクスと接触していた可能性がある。」		
「今回の生体工学研究所への潜入調査は\nノエルの正体およびフェイリクスと川島の関連性を\n確かめる事が目的だ。」		
「まさに<ruby=いっせきにちょう>一石二鳥</ruby>ですね。」		
「じゃあ、久しぶりに\n川島さんの<ruby=じっかきせい>実家帰省</ruby>になるわけッスね。」		
「馬鹿言っちゃいけねえ。\n俺の実家はユリ姉と暮らしているあの家だけさ。」		
「だが、そんな俺達の家に\nフェイリクスとかいう偽物野郎が\n居座ってやがる。」		
「生体工学研究所、俺は行くぜ。\nフェイリクスをぶっ倒す\n手掛かりになるのならな。」		
「ふっ。意気込みや良し。」		
「ならば行こう！相棒！」		
「おうよ！」		
「おっせーな。ノヴァのやつ。」		
（待ち合わせ時間は既に３０分も過ぎている。\nノヴァはそもそも時間にルーズ過ぎて\n<ruby=ちこくじょうしゅうはん>遅刻常習犯</ruby>である。）		
（っていうか、何で一緒に住んでるのに\n別々に待ち合わせさせるのか。）		
「はろはろー。\nお待たー。」		
（そこへパタパタと手を振りながら\nノヴァが駆け寄ってくる。）		
（どうやら今回は\nちゃんと地上から登場して来たようだ。）		
「もう待ちくたびれたわ。\n……っていうか、何その<ruby=かっこう>恰好</ruby>。」		
「お。まず服装チェックから入るのは良いですな。」		
「デート用におめかしして来たんスよ。\nだから時間掛かっちゃって。」		
「いやいや、これから<ruby=ていこくじゅうこうせいたいこうがくけんきゅうじょ>帝国重工生体工学研究所</ruby>に\n潜入調査だってのに何でデート気分で来ちゃうんだよ。」		
「ちっちっち。\nわかってないッスねー。\n川島さん。潜入調査だからこそッスよ。」		
「敵に潜入調査という事を気付かれてはならない。\nデート中のカップルを<ruby=よそお>装</ruby>い、自然な感じに\n潜り込む。これぞ潜入の基本ッス。」		
「まずデート中のカップルは研究所なんかに行かないし\nそもそも俺がオートマタの時点でカップルに見えないし\n色々不自然過ぎるだろうが。」		
「木を隠すなら森の中ってね。\nちょっと派手に見えても<ruby=うぞうむぞう>有象無象</ruby>の中に\n溶け込めてしまうものッスよ。」		
「森の中にクリスマスツリー立ててるようなもんだから。\nちょっと派手どころか\nイルミネーションの主張が強すぎるだろ。」		
「それにここに来たのは\nちょっとした準備の為ッス。」		
「準備？」		
「そッス。潜入調査も\n<ruby=まるごし>丸腰</ruby>じゃ行けないって事ッスよ。」		
「さあ、行きましょう。」		
（ノヴァは俺の手を取り歩き出す。）		
「お、おい。ノヴァ。\n行くってどこに？」		
「川島さんも知ってるとこッスよ。」		
「ここは……いつぞやのアングラショップか。」		
「……ここに来たら\nそれを言うノルマでもあるのか？」		
「よお。来たか。」		
「おっす。テンチョー。」		
「例のブツは？」		
「安心しろ。ちゃんと手に入れてある。」		
「さっすがー。」		
「つーか、\nいつも<ruby=のうき>納期</ruby>がギリギリ過ぎるんだよ。\nもっと余裕持てねぇのか？」		
「何事にも\n<ruby=しゅんぱつりょく>瞬発力</ruby>とスピード感というものは\n必要なのですよ。」		
「フッ<ruby=かる>軽</ruby>ッス。フッ<ruby=かる>軽</ruby>。」		
「なんでもいいが、\nキッチリ特急料金は貰うからな。」		
「ほいッス。\nいつも通り指定の口座に振り込んでおくッス。\n天道さんが。」		
「天道は諜報部の会計係なのかよ。」		
「ま、金さえ貰えれば文句はねぇがな。」		
「ほら、お目当ての生体工学研究所の\nセキュリティカードだ。」		
「おー。これこれ。\n助かるッス。」		
「そのカードで<ruby=レベルフォー>LEVEL4</ruby>までの\nセキュリティの扉が開く。ガサ入れなら\n<ruby=レベルフォー>LEVEL4</ruby>までで十分だろ。」		
「そッスねー。実験施設に出入りさえ\n出来れば何かしらの手がかりは\n手に入るでしょー。」		
「なるほどな。研究所に侵入する為に\nカードキーを取り寄せてたのか。」		
「そんなもの一体、\nどこから手に入れて来るんだ。\nこの店は。」		
「俺に手に入れられねぇブツはねーんだよ。\nそういう商売だからな。」		
「ちっちっち。川島さん。\nだからこそ―――――」		
「―――――<ruby=地下へようこそ>Welcome to Underground</ruby>。」		
（ノヴァがここぞとばかりに\nキメ顔でキメ台詞を放った。）		
ノヴァ・メイド店員		
「おいしくなーれ♪\nおいしくなーれ♪」		
「萌え萌えきゅーん♪」		
メイド店員		
「はい。美味しくなる魔法をかけたわよ。」		
「それじゃごゆっくり～。」		
「ほーい。あでゅー。」		
「さてさて料理も来た事ですし……」		
「いただきまーす。」		
「はぐはぐ……うーん、デリシャス。」		
（ノヴァはいつものように\nミートスパゲティを美味そうに食べていた。）		
「……っていうか朝飯も\nミートスパゲティだったのに\n昼もそれ食うのかよ。」		
「いやはや、ミートスパは\nいつ何時食べても美味しいもので\nござるからなー。」		
「それにこれから潜入調査があるのですから\n英気を<ruby=やしな>養</ruby>っておかなければ。\n腹が減ってはなんとやら。」		
「潜入調査前だってのにメイドカフェで\nこんなにまったりしてていいもんかねぇ。」		
「た、大変よ！\nお店の前でカードハンターによる\n<ruby=デュエリスト>決闘者</ruby>狩りが行われているわ！」		
メイド店員B		
「な、なんですって！？\nここ最近、多発しているカードハンターの\n<ruby=あくぎょう>悪行</ruby>が<ruby=はくちゅうどうどう>白昼堂々</ruby>と行われたというの！？」		
「ええ！それも私達のお店の前でね！」		
「な、なんだぁ…！？\nカードハンター…！？」		
男性客A		
「カ、カードハンター…！？\nそんな悪党がこんなところに\n出没したっていうのか…！？」		
男性客B		
「じょ、冗談じゃない…！\nこんなところに居られるか…っ！\n俺は帰らせてもらう…っ！」		
「お待ちください！お客様！\n今、外に出るのは危険です…！」		
「ええい！離せ！\nカードハンターが近くに居るんだぞ！？\nここを襲撃するとも限らないじゃないか！」		
（混乱したメイドカフェ内に突如として響き渡る銃声。）		
（え…？銃声？\n気付くと、俺は右腕リボルバーを天井に向け\n発射していた。）		
「え！？何で勝手に射撃してんのコレ！？」		
「――――――皆さん<ruby=せいしゅく>静粛</ruby>に。」		
「あ、あなたは……シスターノヴァ！？」		
「シスターノヴァが……何故ここに！？」		
「平和な日常を破壊する悪の存在。\n皆さんが取り乱す気持ちもわかります。」		
「ですが、ここは神聖な<ruby=いこ>憩</ruby>いの場。\nどうか、どうか気を静めてください。\n静粛に、冷静に、平穏であるように願います。」		
「ふ、ふざけるな…っ！\nシスターだか何だか知らないが…！\nここは危険で！俺達は平和を<ruby=おび>脅</ruby>かされているんだ！」		
「こんな時に落ち着いてなんかいられるものか！」		
「ご安心ください。」		
「――――――皆さんの平穏を<ruby=おび>脅</ruby>かす危険因子は\nこの私が<ruby=めっ>滅</ruby>します。」		
「なん……だと……？\n馬鹿な…！カードハンターは<ruby=おんなこども>女子供</ruby>が\nどうにか出来る相手じゃない！」		
「いえ、今この場に\nカードハンターと戦える戦士は\nシスター・ノヴァ以外には居ません。」		
「どういう事だ……？」		
「彼女は……シスター・ノヴァは……\n<ruby=デュエリスト>決闘者</ruby>なのです。」		
「デュ……<ruby=デュエリスト>決闘者</ruby>！？\nシスター・ノヴァが…！？」		
「少しの間、ご<ruby=しんぼう>辛抱</ruby>を。\nカードハンターという闇を払い、\nあなた方に光差す道とならんことを。」		
「シスター・ノヴァ、出撃します。」		
「シスター・ノヴァ……ご<ruby=ぶうん>武運</ruby>を。」		
（ノヴァはメイドカフェの人々の想いを胸に\nカードハンター討伐へ<ruby=おもむ>赴</ruby>くのだった。）		
敗北したデュエリスト		
「ぐ……っ。か、返してくれ…っ。\nそれは僕の命より大事なデッキなんだ……っ。」		
「駄目だ。お前はデュエルで負けた。\n約束通りお前のデッキは貰っていく。」		
「そ……そんな……っ。」		
「お前も<ruby=デュエリスト>決闘者</ruby>ならわきまえろ。\n全ての<ruby=ことわり>理</ruby>はデュエルの勝敗で決する。」		
「恨むのなら自分の弱さを恨むがいい。」		
「く……くそぉ……っ。」		
「お待ちなさい。」		
「なんだ？シスター<ruby=ふぜい>風情</ruby>が\n神聖なデュエルに<ruby=ちゃちゃ>茶々</ruby>を入れるのか？」		
「あなたにデュエルを申し込みます。\n私が勝ったらあなたが\n彼から奪ったデッキを返してもらいます。」		
「あなたは……一体……！？」		
「デュエルは遊びじゃないんだ。\nママゴトなら<ruby=よそ>他所</ruby>でやるんだな。」		
「このシスターは世を<ruby=しの>忍</ruby>ぶ仮の姿……\nはたしてその実体は……！」		
「<ruby=デビルズラブリーデュエリスト>小悪魔系愛決闘者</ruby>！\n<ruby=きこういん>機巧院</ruby>ノヴァ！」		
「……あ、あれは！？」		
「……ッ！\nお前……あの時の<ruby=デュエリスト>決闘者</ruby>だったのか…！」		
「君は……<ruby=きこういん>機巧院</ruby>さん……っ！」		
「おお。誰かと思えばあんたは同じクラスの<ruby=はなさき>花咲</ruby>さん。\nメガネで真面目で大人しい隠れヒーローオタクの\n<ruby=はなさき>花咲</ruby>さんじゃないスか。」		
「君からはそんな認識だったのか……。\nっていうか、どうして僕が\nヒーローオタクだという事を知ってるんだ…。」		
「そ…そんな事より、どうして僕を助けるんだ…！\nこれは僕のデュエル。君には関係ない事じゃないか…！」		
「<ruby=デュエリスト>決闘者</ruby>のデッキは命よりも重い。\nそれを失うという事は死にも<ruby=ひと>等</ruby>しい。」		
「だからこそ、そんな<ruby=あくぎゃくひどう>悪逆非道</ruby>を行う\nカードハンターを見過ごすわけにはいかないッス！」		
「き……<ruby=きこういん>機巧院</ruby>さん……！」		
「おいメガネ。\n何ノヴァにトキめいてんだコラ。\nそのフラグへし折るぞ。」		
「な……なんだこのオートマタは……？」		
「川島さん。そこで見ててください。\nこの<ruby=デュエリスト>決闘者</ruby>のプライドを賭けた魂のデュエルを。」		
「<ruby=デュエリスト>決闘者</ruby>のプライドか。面白い。\nいいだろう。」		
「お前が勝ったらこいつのデッキを返してやろう。\nだが、俺が勝ったらお前のデッキは頂くぞ。」		
「いいでしょう。話は決まったッスね。」		
「やめるんだ機巧院さん…！\n負けたら君のデッキが奪われてしまうんだぞ…！\n僕のように…！」		
「必ず勝つッス。\n勝って、あんたのデッキは取り返す。」		
「ふん。敗北者の為に自分のデッキを賭けるとは\nとんだ甘ちゃんだな。\nまぁ、俺はデッキが手に入れば構わないが。」		
「さあ、始めよう。」		
「先行は自分が貰うッス！」		
「手札の『<ruby=エアロマン>韋駄天の風男</ruby>』を召喚！」		
「攻撃力800？\n何だその雑魚モンスターは？」		
「攻撃力だけがモンスターの性能の\nすべてではないッス！\n『<ruby=エアロマン>韋駄天の風男</ruby>』の効果発動！」		
「『<ruby=エアロマン>韋駄天の風男</ruby>』がフィールドに召喚された時、\nデッキからヒーローと名の付くカードを\n１枚手札に加える事が出来る！」		
「チッ。サーチカードか。\n<ruby=こざか>小賢</ruby>しい。」		
「自分はデッキから『<ruby=フレイムガール>烈火の炎女</ruby>』を手札に加える！」		
「そして、カードを１枚場に伏せてターンエンド！」		
「ククク…ッ！来た…ッ！\n最高のショーを見せてやろう…ッ！」		
「手札から<ruby=マジック>魔法</ruby>カード『<ruby=きんきゅうきかいしょうしゅう>緊急機械招集</ruby>』を発動！\n手札のメタルモンスターと同名カードを２枚まで\nデッキから手札に加える事が出来る！」		
「俺は手札の『メタル・キャノン』を指定し、\nデッキから『メタル・キャノン』２枚を\n手札に加える！」		
「俺は手札から『メタル・キャノン』の効果発動！」		
「このカードは相手フィールドに\nモンスターが存在する時、手札の『メタル・キャノン』を\n全て特殊召喚出来る！」		
「俺は手札から３体の『メタル・キャノン』を\nフィールドに特殊召喚する！」		
「な、何ィ！？\n１ターンに３体同時召喚だと！？」		
「だ、だが！\n『メタル・キャノン』の攻撃力は８００！\n総攻撃を受けたとて、まだ<ruby=ちめいしょう>致命傷</ruby>にはならないっ！」		
「それはどうかな？」		
「俺は手札から魔法カード『メタル・パワーユニット』を発動！\nフィールドの『メタル・キャノン』の\n数分攻撃力を倍にする！」		
「フィールドの『メタル・キャノン』は３体！\nつまり、すべての『メタル・キャノン』の\n攻撃力は３倍にアップする！」		
「こ、攻撃力２４００の\nモンスターが３体だとぉ！？」		
「さあ！『メタル・キャノン』達よ！\n奴に総攻撃だッ！」		
「『<ruby=エアロマン>韋駄天の風男</ruby>』を粉砕し！\nダイレクトアタックッ！\n６４００のダメージをくらえッ！」		
「ぐわあああああーーーーーッ！！！」		
「ははは！どうした！\nたかが１ターンで虫の息だぞ！」		
「俺はカードを\n１枚セットしてターンエンド！」		
「く…っ！負けるわけには……いかないっ！」		
「手札の『<ruby=ウインドマン>疾風の羽男</ruby>』と『<ruby=フレイムガール>烈火の炎女</ruby>』の2体を融合し\n―――――――、」		
「―――――――『<ruby=バーストウイングマン>烈風の火炎男</ruby>』を<ruby=ゆうごうしょうかん>融合召喚</ruby>！」		
「出たな！攻撃力3000のモンスター！\nこの時を待っていた！」		
「<ruby=トラップ>罠</ruby>カード発動！『メタル・ブレイカー』！\nこのカードは融合召喚されたモンスターを破壊する！」		
「ふっ。その手は食わないッス。\nこちらも<ruby=トラップ>罠</ruby>カード発動！\n『ヒーロー・リベンジ』！」		
「このカードは融合召喚時に\nモンスターを破壊する効果が発動された時に\n発動出来る！相手の破壊効果を無効にするッ！」		
「ば、馬鹿な！\n<ruby=トラップ>罠</ruby>カードに<ruby=トラップ>罠</ruby>カードで返して来ただとッ！」		
「更に！『ヒーロー・リベンジ』の更なる効果発動！」		
「このカードが相手カードの破壊効果を無効にした時、\n自分フィールドのモンスター１体を選択し、\n敵フィールドのモンスターの数分だけ攻撃出来る！」		
「なッ！連続攻撃の追加効果だと！？\nお、俺のフィールドのモンスターは３体！\nつまり……ッ！」		
「３回攻撃が可能って事ッス！」		
「バトルだッ！」		
「行けッ！『<ruby=バーストウイングマン>烈風の火炎男</ruby>』ッ！\n『メタル・キャノン』３体に連続攻撃ッ！」		
「『サイクロンフレア』ッ！\n１８００のダメージを受けろッ！」		
「く…っ！俺の『メタル・キャノン』が全滅だと…ッ！？」		
「だが、俺のライフはまだ残っている…ッ！\n次のターンさえ来れば俺の勝ちだ…ッ！」		
「次のターンなど無い。」		
「『<ruby=バーストウイングマン>烈風の火炎男</ruby>』の効果発動ッ！\n破壊したモンスターの攻撃力分のダメージを\nプレイヤーに与えるッ！」		
「『メタル・キャノン』３体分の\n７２００のダメージを食らえッ！」		
「ば、馬鹿なぁああああああーーーーーーーーッ！！」		
「こ、この俺が……二度も負けた……だと！？」		
「さあ、約束通り、\n花咲さんのデッキを返してもらうッス。」		
「ち……っ！\nお望みの品だ……っ！」		
（カードハンターは\nデッキをノヴァに向かって放り投げる。）		
「確かに。受け取った。」		
「<ruby=デビルズラブリーデュエリスト>小悪魔系愛決闘者</ruby>・<ruby=きこういん>機巧院</ruby>ノヴァ…！\nお前の名前覚えたぞ…！\n次こそは必ず勝つ……っ！」		
「いや、その意味不明な\n通り名は覚えなくていいだろ。」		
「さらばだ…！」		
（カードハンターは捨て台詞を言い残し、\nその場を去って行った。）		
「いいのか。行かせて。」		
「全てはデュエルで<ruby=しゆう>雌雄</ruby>を<ruby=けっ>決</ruby>する。\nデュエルで負けたものは黙って去るのみ。\nそれ以上に何があるというんスか？」		
「いや、あいつ強盗犯だろ。\nお前、警察なんだから捕まえなくていいのかよ。」		
「自分の所属は諜報部ッス。\n強盗や窃盗なら刑事課にでも\n任せておけばいいッス。」		
「……厄介事を避けたいのか\n急に言い訳がましく諜報部を推してきたな。」		
「す、すごいよ機巧院さん……っ！\n本当にカードハンターに勝ってしまうなんて…っ！」		
「花咲さん。デッキは取り返しましたぞ。\nどうぞッス。」		
「あ、ありがとう機巧院さん…！\nこれは紛れもなく僕のデッキだ…！\nまさか返ってくるなんて本当に夢のようだ…っ！」		
（メガネでヒーローオタクの花咲は涙を流しながら\nデッキを抱きしめる。）		
「……お、おい。何も泣く事はねぇだろう。\nそんなにカードが大事だったのか？」		
「ちっちっち。わかってないッスねー。\n川島さん。」		
「<ruby=デュエリスト>決闘者</ruby>にとってデッキは命よりも重いものなんス。\n死んだ者が生き返ったのだから、\n涙の一つも流しましょう。」		
「……カードの<ruby=たば>束</ruby>一つで重すぎる。\n<ruby=デュエリスト>決闘者</ruby>ってのはどうかしているぜ。」		
「だがよー。メガネくん。\nそんな大事なデッキを\nどうして賭けたりなんかしたんだ？」		
「……３年生の<ruby=だいどうじせんぱい>大道寺先輩</ruby>に命令されたんだ。\nカードハンターを捕まえて来いって。」		
「それで断れなくて、嫌々カードハンターに\nデュエルを挑んだんだけど、結果はこのザマさ。」		
「は？なんだそりゃ？\nそんな理不尽な\n命令シカトすりゃいいじゃねぇか。」		
「それが出来れば苦労しないよ…！\n君は<ruby=だいどうじせんぱい>大道寺先輩</ruby>の恐ろしさを知らないんだ…っ！」		
「彼は聖皇学園を裏で支配する番長。\n彼に逆らって無事だったものは一人も居ない。」		
「運悪く彼に目を付けられてしまった僕は\n彼の命令に従うしかなかったんだ。」		
「だからってそんな奴の言いなりになってたら\n一生、負け犬みたいな人生を送る事になるんだぞ。」		
「君にはわからないよ。\n僕の気持ちなんて。」		
「なんだと…！\nどういう意味だ…！」		
「だって君はオートマタじゃないか。\nオートマタに<ruby=ししゅんきだんし>思春期男子</ruby>の気持ちが\nわかるわけがないだろう。」		
「た……確かに。\n……今の俺はオートマタだった。」		
「何故そこで<ruby=ろんぱ>論破</ruby>されてしまうんスかね。」		
「とにかく……僕のデッキを取り戻してくれて\nありがとう。機巧院さん。」		
「それじゃ、僕はもう行くよ。」		
「おい。メガネくん。\nまた悪い先輩の言いなりになるのか？」		
「……仕方ないじゃないか。\n僕にはどうしようも出来ないのだから。」		
「僕も……僕が好きなヒーローみたいに\n悪に立ち向かう勇気があればよかったのに。」		
（そう言い残し、\nメガネのヒーローオタク花咲は\n立ち去って行った。）		
「どうやら花咲さんは\n３年の<ruby=だいどうじせんぱい>大道寺先輩</ruby>とやらに\nこき使われているようッスね。」		
「チッ。弱者を力で従わせるなんざ気に入らねぇ。\nこの俺がぶっ飛ばしてやるぜ。」		
「いえ。我々にはやるべき事があるッス。\n今はそんな事をしている時間的余裕は無い。」		
「それに、花咲さんには自らの力で\n解決出来るようになって欲しいッス。\nいつも他人が助けてくれるわけじゃないッスから。」		
（いつもお調子者で能天気な奴だが\nたまに<ruby=かくしん>核心</ruby>を突くような鋭い事を言ってくる。\nこいつ実はIQ高いのだろうか。）		
「ノヴァ！無事！？」		
「ご安心を。\n<ruby=ぞく>賊</ruby>はキッチリと<ruby=ほふ>祓</ruby>ったッス。\nもうここは安全ッス。」		
「さっすがノヴァね！\nあんたが<ruby=デュエリスト>決闘者</ruby>でよかったわ！」		
「仕事料は\nさっき頂いたミートスパゲティで\nチャラって事で。」		
「ほんと、ちゃっかりしてるわね。\nまぁこっちは助かっちゃったから\n全然いいけどね。」		
「それじゃ自分たちはこれにてドロンするッス。\nあでゅー。」		
「じゃあね。ノヴァ。\nまた来てよねー。」		
（ノヴァは片手を挙げながら\nクールに立ち去っていく。）		
「ちょ……っ。どこ行くんだ！\n俺を置いていくな…！」		
（<ruby=はくちゅう>白昼</ruby>の<ruby=はんかがい>繁華街</ruby>でカードハンターを倒した\n俺達は<ruby=もよ>最寄</ruby>りの交通機関を<ruby=くし>駆使</ruby>し、\n潜入対象の施設までやって来た。）		
「いや、つーか<ruby=いかるがけいさつ>斑鳩警察</ruby>の潜入任務だってのに\n何で普通に電車とバスを乗り継いで来なきゃ\nなんねーんだよ。」		
「<ruby=いどうようしゃりょう>移動用車両</ruby>とか警察独自の\n移動手段はねーのかよ。」		
「わかってないッスねー。川島さんは。\n潜入任務は家を出た時から始まってるんス。」		
「どこで誰に見られてるかわからないんスから\n一般人を<ruby=よそお>装</ruby>って<ruby=こうきょう>公共</ruby>の交通手段で現地に向かうのが\n結果的に<ruby=ひとめ>人目</ruby>がつかずに済むんスよ。」		
「あんな派手なパトカーで現場まで来たら\n怪し過ぎるっしょー。」		
「いや、別にパトカーじゃなくてもいいだろ。\n警察車両にも普通の乗用車あるだろ。」		
「まぁ、それはそれとして。」		
「あっさり流すじゃん。」		
「ここが<ruby=ていこくじゅうこう>帝国重工</ruby>・<ruby=せいたいこうがくけんきゅうじょ>生体工学研究所</ruby>。\n今回の潜入任務のターゲットッス。」		
「ああ。ここにフェイリクスの野郎を\nぶっ倒す手掛かりがあるんだな。」		
「弱点が見つかるかはわからないッスが、\n何かしらの情報は\n持って帰りたいところッスね。」		
「なにせ、\n自分の給料が人質にされてるんスから。\n<ruby=さなだけいぶ>真田警部</ruby>によって。」		
「……そういや事の<ruby=ほったん>発端</ruby>はノヴァが\n減給されるとかいう、\nどうでもいい理由だったか。」		
「どうでもよく無いッス！\n自分にとっては<ruby=しかつもんだい>死活問題</ruby>なんスよ！」		
「その為には何としても手掛かりを\n持ち帰るんス！\n自分の給料が<ruby=か>懸</ruby>かっているんスから！」		
「……なんという<ruby=ごうよく>強欲</ruby>。\nなんという金の<ruby=もうじゃ>亡者</ruby>。\nこいつを突き動かしてるのは金なのか。」		
「時は金なり。\nさぁ、さっさと潜入調査を\n終わらせちまいましょうぜ。」		
「カードキー認証。\n電子ロック解除。」		
（ノヴァはアングラショップで入手した\nセキュリティカードを差し込み\n電子扉を開ける。）		
「おー。開いた開いた。\nさすが、テンチョーのカードキー。\nいい仕事してますなー。」		
「それにしても、\n<ruby=はいき>廃棄</ruby>された施設と聞いていたが\nまだ電気系統は生きてるんだな。」		
「そッスね。明らかに予備電源で動いてるような\n電圧では無いので、\nどこからか電気が<ruby=きょうきゅう>供給</ruby>されてるっぽいッスね。」		
「……それってつまり、\nこの施設はまだ動いてるって事か？」		
「どうスかね。今のところ、\nオートマタが稼働してる形跡は無いので\n警備機能は停止してそうな気がするッスけど。」		
「……確かに。\n辺りはやけに静かで人の気配はしない。\n<ruby=なおさら>尚更</ruby>電源だけ来てるってのは<ruby=ぶきみ>不気味</ruby>だな。」		
「まぁ。とりあえず施設内に侵入出来た事ですし\nその辺も含めて調査をするとしましょう。」		
「そうだな。\n探索してれば何かわかるかもしれないしな。」		
「そういや、お前いつの間にか\n制服に着替えてるけど何かあるのか？」		
「うわ。気づくのおっそ。」		
「……うわとか言うなし。\n別に気づいてたけど、\n聞くタイミングが無かっただけだし。」		
「あの私服はお気に入りなんスから\n仕事で使ったら汚れちゃうじゃないッスか。」		
「この制服は予備が何着もあるので\nむしろこっちを仕事用に使ってるんスよ。」		
「へー。服の事、気にするとか\n女の子っぽいとこあるんだな。」		
「は？川島さんは自分をなんだと思ってんスか。\n自分、めっちゃ女子なんスけど。」		
「あ、怒った？」		
「怒ってないよ。」		
「怒ってるでしょ？」		
「しつこいってかうざい。」		
「おま……っ。うざいとか言うなよ。\nストレート過ぎんだろ…。\n傷つくだろ…。」		
「急にナヨるのやめてもらっていいスか？」		
「っていうか、<ruby=しごとぎ>仕事着</ruby>だったら\n警官服着ればよくない？\nむしろ、任務に<ruby=ふさわ>相応</ruby>しい服装だろ。」		
「普通の警察の任務ならそうッスね。\nでも自分は諜報部で、これは潜入任務。」		
「警察官だとバレないように<ruby=ふくめんけいかん>覆面警官</ruby>に\n扮する必要があるんスよ。」		
「この恰好なら女子高生が探検がてらに\n<ruby=はいきょ>廃墟</ruby>に入っちゃった<ruby=てい>体</ruby>で<ruby=ごまか>誤魔化</ruby>せるじゃないッスか。」		
「……<ruby=ごまか>誤魔化</ruby>せるかなぁ。」		
「フェイリクスの話ではこの施設の\n<ruby=イーとうだいよんくかく>E棟第4区画</ruby>に何かあるらしいッス。」		
「今いるのがC棟なので\nここからD棟を経由して\nE棟に向かうとしましょう。」		
「今のところ、人っ子一人いないな。\n廃棄されたってのは本当みたいだな。」		
「数年前に爆発事故が起きて閉鎖されたと聞いてたんスけど\n思ったより施設内は損傷も無くそのまま残されてるッスね。」		
「俺達が来る前から施設の電気は付いてたし、\n廃棄されたわりには明らかに稼働してる形跡があるんだよな。」		
「……一体誰が何の為に。\nそれはそれでホラーッスね。」		
「急に<ruby=きもだめ>肝試</ruby>し感が出て来たな。」		
「ここがD棟ッスね。\nここも何かの実験で使われていた施設っぽいッスけど。」		
「ここは……。」		
「お、パネルに実験の名前が書いてあるッスね。」		
「えーと、何々？\n『ブレイズチルドレン計画』？」		
「そうか。ここがあの計画の施設だったか。\n懐かしいな。」		
「ここは実験棟と居住区が併設されていて\nこのD棟だけで一つの実験が\n行えるようになっていたんだ。」		
「そういえば、川島さんは\n元々この施設に居たんでしたっけ？」		
「あぁ。『ブレイズチルドレン計画』。\n人工的にソードブレイカーを扱える戦士を作る計画。\n俺はその実験体の一人だった。」		
「俺はモノ<ruby=ごころ>心</ruby>付いた時からこの施設に居て\nこの場所で育ったのさ。」		
「……ほう。\nお前が『ブレイズチルドレン計画』の\n生き残りとはな。」		
「……誰だ！？」		
（まさかの第三者の声。\n俺は声のした方向に振り返ると、）		
（<ruby=てんじょう>天井</ruby>のダクトから一体のオートマタが飛び降りて来た。）		
「こんなところで出くわすとはな。」		
「アイゼン…！\nここで一体何をしている！？」		
「ここでは<ruby=ていこくじゅうこう>帝国重工</ruby>の実験体が数多く生み出された。\n俺達オートマタのルーツにも関わる事だ。」		
「ルーツ……？お前は一体……？」		
「アイゼンさんも帝国重工製のオートマタみたいッスけど\n公式のデータベースに登録されてないッスね。\n<ruby=ごくひ>極秘</ruby>に開発された実験機ってところッスか。」		
「そうだ。\n俺もまた帝国重工の計画によって生み出された\n実験の<ruby=な>成</ruby>れの果てだ。」		
「お前と同じようにな。\n『ブレイズチルドレン計画』の<ruby=きょうかにんげん>強化人間</ruby>よ。」		
「お前も帝国重工の実験体なのか。」		
「俺の目的はとある実験の情報を調べに来ただけだ。\nお前達こそこんなところで何をしている？」		
「自分達も似たようなもんスね。\n情報さえ手に入ればすぐに撤収するので\nあんたと敵対する気は無いッス。」		
「そうか。俺の邪魔をしないというのなら\n好きにしろ。」		
「……なんで上から目線なんだよ。」		
「つーか、お前。\n『ブレイズチルドレン計画』の事、\n俺達強化人間の事を知ってるのか？」		
「ああ。帝国重工はソードブレイカーの研究に\n力を入れていて、いくつもの計画を立ち上げては\n失敗を繰り返していた。」		
「俺が実験体として参加していた、\nオートマタをソードブレイカーの<ruby=して>仕手</ruby>とする\n『アイゼンフリューゲル計画』。」		
「お前が実験体として参加していた、\n人間をソードブレイカーの<ruby=して>仕手</ruby>とする\n『ブレイズチルドレン計画』。」		
「他にもいくつもの計画があったようだが\nどれも満足な成果は上げてはいないようだ。」		
「俺も形は違えどソードブレイカーの実験体だった。\nお前と同じな。」		
「だから\n『ブレイズチルドレン計画』の事も\n多少知っている。」		
「……オートマタをソードブレイカーの<ruby=して>仕手</ruby>とする。\n俺達以外にもそんな実験が行われていたのか。」		
「川島さんとアイゼンさんはどちらも\nソードブレイカー計画の実験体だった。\nお互い似た<ruby=きょうぐう>境遇</ruby>を持っているようッスね。」		
「そもそもソードブレイカーとは何スか？」		
「ソードブレイカーとは、\n<ruby=もともとけんま>元々剣魔</ruby>に対抗する為に作られた<ruby=はかいぶそう>破壊武装</ruby>。」		
「<ruby=けんま>剣魔</ruby>は<ruby=まけん>魔剣</ruby>を<ruby=ばいかい>媒介</ruby>にして<ruby=けんげん>顕現</ruby>する怪物。\n奴等の本質は<ruby=はかいしょうどう>破壊衝動</ruby>に満たされていて\n目に映るすべてを破壊しつくすだけだ。」		
「人類にとって<ruby=けんま>剣魔</ruby>は脅威であり\n排除すべき敵でしかない。」		
「<ruby=けんま>剣魔</ruby>が展開する<ruby=ぼうぎょしょうへき>防御障壁</ruby>は\n現存する通常兵器は無効化され\n突破する事が出来ない。」		
「だが、<ruby=けんま>剣魔</ruby>が展開する<ruby=ぼうぎょしょうへき>防御障壁</ruby>を<ruby=かんつう>貫通</ruby>し\n唯一<ruby=けんま>剣魔</ruby>を殺すことが出来る手段が\nソードブレイカーの存在というわけだ。」		
「しかし、ソードブレイカーは誰でも\n振るえるわけではない。」		
「ソードブレイカーには強い意志が存在し\n装備した<ruby=やどぬし>宿主</ruby>との<ruby=どうちょうりつ>同調率</ruby>が低ければ、」		
「<ruby=やどぬし>宿主</ruby>はたちまちソードブレイカーに\n<ruby=おせん>汚染</ruby>され破壊の限りを尽くす\n剣魔と同等の存在となってしまう。」		
「ソードブレイカーは<ruby=もろは>諸刃</ruby>の剣。\n剣魔を倒す唯一の手段ではあるが、\n宿主に認められなければ剣魔と同等の存在に成り果てる。」		
「だからこそ帝国重工は剣魔に対抗する戦士を量産する為に\n<ruby=こうてんてき>後天的</ruby>にソードブレイカーの使い手を生み出す計画を立ち上げた。」		
「それが俺とお前のソードブレイカー計画だ。」		
「ああ。俺達『ブレイズチルドレン計画』の実験体も\n剣魔を倒す為、ソードブレイカーとの同調率を\n上げる改造を受けていた。」		
「だが、それでも剣魔との戦いで何人もの<ruby=どうほう>同胞</ruby>は死んでいった。\nソードブレイカー持ちの強化人間でも剣魔を倒すのは難しい。\nそれだけ奴等は驚異的な強さを誇る。」		
「そうだ。剣魔は<ruby=てごわ>手強</ruby>い。だからこそ、\n帝国重工は一人でも多くの戦士を作る必要があった。\n戦力を補充し前線を維持し続ける為にな。」		
「…………皮肉な話だな。\n帝国重工からすれば俺達は消耗品ってわけかよ。」		
「それが現実。\n実験体とはそういうものだ。」		
「まぁ、その剣魔も数年前の<ruby=けんまそうとうさくせん>剣魔掃討作戦</ruby>で\n<ruby=くちく>駆逐</ruby>されたって話だ。俺達ソードブレイカー計画の\n実験体も用済みってわけだな。」		
「帝国重工の計画も凍結され、\n剣魔も居なくなった。晴れて俺は自由の身。\nのんびり気ままに生きるとするぜ。」		
「……<ruby=けんま>剣魔</ruby>は<ruby=くちく>駆逐</ruby>された、か。」		
「果たして本当にそうか？」		
「帝国重工が長年掛けて剣魔と戦って来たというのに\nそれが数年前の<ruby=けんまそうとうさくせん>剣魔掃討作戦</ruby>から<ruby=こつぜん>忽然</ruby>と\n姿を見せなくなったのがどうにも不自然過ぎる。」		
「俺には<ruby=さくいてき>作為的</ruby>な意図があるような気がしてならない。」		
「<ruby=けんまそうとうさくせん>剣魔掃討作戦</ruby>が何者かの<ruby=さくりゃく>策略</ruby>であったと？」		
「それ以前にソードブレイカー計画そのものが\n本来の目的とは違っていた可能性すらある。」		
「なんだと……？\nそれは一体……？」		
「その証拠を掴む為にもここへ来てみたが\n結局、何も見つかりはしなかった。」		
「どうやら<ruby=むだあし>無駄足</ruby>だったようだ。」		
「さて、随分と無駄話をしてしまったな。\n俺はもう行く。じゃあな。」		
「あ、おい。」		
（俺の呼び止めも聞かず、\nアイゼンはマントを<ruby=ひるがえ>翻</ruby>すと\n出口に向かって去って行った。）		
「ったく、なんだったんだアイツは。」		
「アイゼンさんと川島さん。\nソードブレイカー計画の\n実験体だった境遇を持つ二人。」		
「うーむ。これはジャーナリズムが刺激される\n共通点発見ですなあ。」		
（ノヴァは俺達の話を聞いて\nやたらテンションが上がっていた。）		
（こいつはこいつで一般人と\n感覚ちょっとズレてるんだよなあ。）		
「ここが潜入任務の目的地、\n<ruby=せいたいこうがくけんきゅうじょ>生体工学研究所</ruby>・<ruby=イーとうだいよんくかく>E棟第4区画</ruby>ッスね。」		
「フェイリクスの話によれば\nここにノエルさんの手掛かりが\nあるらしいッスけど。」		
「ここは………。」		
「川島さん？」		
「この場所……見覚えがある。\n俺はここに来たことがある気がする。」		
「ほほう。なるほど。」		
「川島さんが実験体として参加していた\n『ブレイズチルドレン計画』は隣のD棟で\n実験が行われていたッス。」		
「もしかするとこのE棟まで\n足を運ぶ機会があったのかもしれないッスね。」		
「……ユートは強いね。」		
（ッ！？）		
「……私は怖いよ。\nソードブレイカーも<ruby=だいさんせだいがた>第三世代型</ruby>も。」		
（なんだ……これは……ッ。）		
「……私をここから連れ出してくれないかな？」		
（……ッ。頭が……割れそうだ……ッ。）		
「ちょっ…。\n川島さん、どうしたんスか…！？」		
「機体内部に異常発生。\n<ruby=ぎじこんぱくどうちょうりつ>疑似魂魄同調率</ruby>の急激な上昇を検知。」		
「う…っ、ぐぐ…ッ！」		
「機体温度上昇。\n<ruby=ぎじこんぱく>疑似魂魄</ruby>から電子記憶領域へのアクセスを確認。」		
「か、身体が……熱い……っ！」		
「これは……っ。\n川島さんの封印されていた記憶が\n呼び起こされようとしている……？」		
「警告。セキュリティレベル<ruby=ファイブ>5</ruby>の情報閲覧には\n管理者権限が必要です。\nパスコードを入力してください。」		
「あ、頭が……いてぇ……っ！」		
「パスコード入力。セキュリティ解除。\n警告。<ruby=さいじゅうようきみつじょうほう>最重要機密情報</ruby>へのアクセスを確認。」		
「が……がああ…っ！」		
「<ruby=じょうほうろうえい>情報漏洩</ruby>の危険性を検知。\n<ruby=じこぼうえいききのうさどう>自己防衛機能作動</ruby>。\n強制シャットダウンします。」		
「―――――――ッ。」		
「川島さん！川島さーーーん！」		
科学者		
「ソードブレイカーの同調率35%。\n<ruby=こんぱくせつぞく>魂魄接続</ruby>の安定性A。\n<ruby=ぎじこんぱく>疑似魂魄</ruby>への移植精度B。」		
「……なんというソードブレイカーの\n同調率の高さと<ruby=こんぱくせつぞく>魂魄接続</ruby>の安定性。\nこれがレベル<ruby=ファイブ>5</ruby>の実験体の能力……。」		
「<ruby=だいななきかん>第七機関</ruby>はこんな<ruby=いつざい>逸材</ruby>を\n一体どこから見つけてくるのかしら……。\nまぁ、こちらは研究が進められればそれでいいのだけど。」		
「それにしてもこれだけ優秀な実験体を\nわざわざ<ruby=だいさんせだいがた>第三世代型</ruby>の生産に転用するなんて\n<ruby=ていこくじゅうこうじょうそうぶ>帝国重工上層部</ruby>は一体何を考えているのやら……。」		
「スキャニング完了。\n計測データのアナリティクス同期完了。」		
「実験終了。\n被検体を覚醒します。」		
実験体の少女		
<Off><Character=ノエル>悲しみ6		
「……う……ん。\n終わった……？」		
「ノエル。検査終了よ。\nもう起きていいわ。」		
「……うん。」		
「気分はどう？」		
「……気持ち悪い。」		
「データ解析中の<ruby=こんぱくせつぞく>魂魄接続</ruby>の影響ね。\n測定器が被検体に強制的に<ruby=こんぱくせつぞく>魂魄接続</ruby>を行うから\n異物が混入したような気持ち悪さが出るのよ。」		
「……ドクターの言う事は\n難しくてよくわからない。」		
「理解しなくていいわ。\nあなたは私の言う事をだけを\n聞いてればいいの。」		
「今日の数値も良好。\n良いデータの推移をしているわ。」		
「この調子なら<ruby=だいさんせだいがた>第三世代型</ruby>の<ruby=りんしょうじっけん>臨床実験</ruby>は\n問題無く実施出来そうね。」		
「私……オートマタになるの？」		
「あなたの<ruby=こんぱく>魂魄</ruby>を元に<ruby=だいさんせだいがた>第三世代型</ruby>の\n<ruby=ぎじこんぱく>疑似魂魄</ruby>が生成されるの。」		
「レベル<ruby=ファイブ>5</ruby>のソードブレイカー使いと\n同等のスペックを持つ\nオートマタが量産される。」		
「今まで誰も到達出来なかった<ruby=きんき>禁忌</ruby>の領域。\nオートマタの新しい可能性。<ruby=けんま>剣魔</ruby>など敵ではない。\n世界のパワーバランスを崩壊させる革命的な計画。」		
「<ruby=ぜんじんみとう>前人未到</ruby>。ソードブレイカーを振るう\nオートマタの量産化。\nそれがこの <ruby=プロジェクトノヴァ>Project-NOVA</ruby> 。」		
「光栄に思いなさい。ノエル。\nあなたの力は新時代を作る。\nあなたは奇跡の<ruby=いしずえ>礎</ruby>となるのよ。」		
「わからない……。\n私にはそんな力なんてない……。」		
「勿体無いわね。\n自分の価値を理解していないだなんて。」		
「あなたは特別な存在なの。\n誰もが<ruby=うらや>羨</ruby>む、誰もが喉から手が出るほど\n欲する力を持った特別な存在。」		
「帝国重工はついに手に入れたのよ。\n世界を揺るがす強力な力をね。」		
「そんなのどうだっていい……。\n私はただ剣魔から皆を救いたいだけ……。」		
「剣魔は<ruby=くちく>駆逐</ruby>出来るわ。\n<ruby=プロジェクトノヴァ>Project-NOVA</ruby>が成功すればね。」		
「さぁ、今日の実験は終了よ。\n部屋に戻りなさい。」		
「……はい。」		
「……<ruby=いんき>陰気</ruby>な子。」		
「ロック解除。\n実験体ID-0013入室を許可します。」		
「……番号で呼ばないでよ。\n私にはノエルって名前があるんだ。」		
<Off><Character=独白>		
「よー。ノエル。\nおかえり。」		
「……ユート！\n来てたんだ！」		
「言っただろ。また来るって。」		
「うん、そうだね。\n約束、守ってくれたね。」		
「それにしてもよくここに入れたね。」		
「何か俺の身体ちょっとトクベツらしくて\n大体のドアは普通に開けられるんだよな。」		
「へー。顔パスだ。」		
「VIPなのかもしれない。」		
「大御所さんだ。」		
「ノエル、今ヒマか？」		
「うん。見ての通り、\n今日の実験はおしまい。」		
「じゃあ、\nこの前言ってた庭園に行ってみようぜ。\nあそこは景色がいいんだ。」		
「うん！行こう行こう！」		
「わー！すごい！\nとっても綺麗！」		
「研究所の中に\nこんなところがあったんだね。」		
「どうだい。いい場所だろ？\n俺が見つけた穴場スポットさ。」		
「うん。とっても素敵！」		
「ユート、すごいね。\nこんな良い場所を知ってるなんて。」		
「俺はいつも研究所内を探検してるからな。\n他のおススメスポットも知ってるんだぜ。」		
「いいないいなー。\n他の場所も教えてよー。」		
「また今度な。\n今日はここでのんびり過ごすとしようぜ。」		
「うん、絶対だよ。」		
「みてみてユート。\n<ruby=よつば>四葉</ruby>のクローバーあったよ。」		
「四葉のクローバー？\n子供っぽいところあるよな。\n俺より年上なのに。」		
「歳は関係ないでしょ。\n四葉のクローバーはいつだって\n見つけたら嬉しいものだから。」		
「そういうもんかねえ。」		
「ユートは大人ぶろうとしているね。\n子供は子供っぽくしなきゃだよ。」		
「はい。そんな君に\n四葉のクローバーをプレゼント。\nこれで幸せが訪れるよ。」		
「はいはい。\nせっかくだから幸せをもらっときますか。」		
「素直でよろしい。」		
「………幸せ、か。」		
「なんだよ。\n急にマジトーンになって。」		
「私、ソードブレイカーを\n扱える特別な存在なんだって。」		
「ソードブレイカー…か。\nじゃあ、ノエルもレベル<ruby=ファイブ>5</ruby>なんだな。」		
「うん。だからここに連れて来られたの。」		
「ドクターが言ってた。\n私が計画に参加すれば<ruby=だいさんせだいがた>第三世代型</ruby>オートマタが\nソードブレイカーを扱えるようになるんだって。」		
「これは新時代を作る革命的な計画だって。\n剣魔だって駆逐出来るすごいことだって。」		
「正直、それがどのぐらいすごいのか\nよくわからないけど……。」		
「剣魔の脅威からみんなを助けられるなら\nいいかなって……。」		
「みんな？」		
「私が居た孤児院やこの街の人たち。」		
「……私のパパとママは剣魔に殺されちゃったから。\n剣魔のせいでそんな悲しい事、\nもう起きて欲しくないんだ。」		
「優しいんだな。ノエルは。」		
「そう……かな。\n臆病なだけかも。」		
「臆病？」		
「……本当は怖いんだ。帝国重工も実験も剣魔も。」		
「でも、ここから逃げ出す勇気も無くて\nみんなの為って自分に言い聞かせてるだけ。」		
「強がる必要はないさ。\n怖いなら怖いって言えばいい。」		
「ノエルが怖がるものは\n俺が追い払ってやるよ。」		
「ふふっ。頼もしいね。」		
「ユートは怖くないの？\nユートも私と同じ実験体なんでしょ？」		
「怖くなんかないね。\nなんたって俺はソードブレイカー計画の実験で\nめちゃくちゃパワーアップしてるからな。」		
「わあ。ユート、ポジティブだね。\n人体実験されていて\nそこまで前向きになれるなんてすごい。」		
「実験だろうが何だろうが\n強くなれるんなら何だっていいさ。」		
「強くなって、剣魔をやっつけて、\n俺がユリ姉を守るんだ。」		
「そっか。\nユートにはお姉さんが居るんだよね。」		
「ノエルも俺が守ってやるよ。\n大切な友達だからな。」		
「私が……友達。」		
真顔2-		
「あのさ……ユート。」		
「ん？」		
「二人で一緒にここから逃げよう。\nソードブレイカーも<ruby=だいさんせだいがた>第三世代型</ruby>も剣魔も……\n何もかも投げ出して。」		
「それは……出来ない。」		
「どう……して？」		
「この研究所には\nユリ姉……大切な家族が居るんだ。\nユリ姉を置いて逃げるわけには行かない。」		
「そう……だよね…。\nごめんね。困らせちゃって。」		
「ノエル……俺は……、」		
<Character=メカユート>真顔		
「こんなところに居たのかい。\nノエル。」		
「……フェイリクス。」		
<Character=メカユート>片目		
「駄目じゃないか。\n勝手に部屋から抜け出しちゃ。\nドクターが怒っていたよ。」		
「ごめん。\nちょっと外に出てみたくて。」		
<Character=メカユート>真顔2		
「いいんだ。ノエル。\n君のせいじゃないのはわかってる。」		
「すべてはユート、君のせいだ。」		
「なんだと？」		
「君がノエルをたぶらかし、\nこんなところに連れ出したりなんかするから\nノエルの立場が悪くなる。」		
「ノエルは優しいから君のワガママに\n付き合ってあげているだけだ。\n本当は迷惑してるのさ。」		
「ユート。\nもう二度とノエルに近づかないでくれ。\n君はノエルに悪影響を与えてる。」		
「ンだとテメェ…！\n言わせておけば…！」		
「やめて…ッ！」		
「フェイリクス、ユートにひどい事言わないで。\n私はユートを迷惑だなんて思ってないし、\n自分の意志でここに来たんだ。」		
「……ノエル。またこの男を<ruby=かば>庇</ruby>うんだね。」		
「ユート。ごめんね。\nフェイリクスは私が心配なだけなんだ。」		
「帰ろう。フェイリクス。\nドクターに謝らないと。」		
「わかったよ。行こう。\nノエル。」		
「ユート、今日はありがとう。」		
「………またね。」		
（ノエルは少し申し訳なさそうで、\n寂しそうな表情で言葉を<ruby=つむ>紡</ruby>ぎ、去って行った。）		
（そしてこれが、俺がノエルを見た最後の姿だった。）		
「<ruby=でんげんせつぞく>電源接続</ruby>。エーテライトコア<ruby=ちょっけつ>直結</ruby>。\n<ruby=きたいしんだんせいじょう>機体診断正常</ruby>。システムオールグリーン。\n<ruby=サイファー>CIPHER</ruby>-09、起動します。」		
「う……。\nここ……は……？」		
「川島さん。目覚めたッスか？」		
「ノエル……？」		
「残念。ノヴァちゃんッス。」		
「ノヴァ……か。\nこうして見ると本当にノエルとそっくりだな。」		
「どうやらそうみたいッスね。\n<ruby=ノヴァ>NOVA</ruby>シリーズはノエルさんの<ruby=こんぱく>魂魄</ruby>をベースに\n生産されたらしいので。」		
「夢を見ていた……。\nいや、あれは実際にここで起きた記憶……。」		
「そう、思い出したんだ。\n俺はノエルとあの時、この場所で会っていた。」		
「記憶は消える事は無い。\nただ、思い出せないだけで。」		
「ノエルさんと過ごしたこの場所に来たのが\nきっかけで忘れていた記憶を\n思い出すことが出来たのでしょう。」		
「ノヴァ。俺はノエルと……、」		
「みなまで言わずともわかっております。\n川島さんが思い出したノエルさんとの記憶は\nあのモニターを通して上映しておりましたからな。」		
「モニター？」		
（振り返ると俺の背後に\nデカい液晶モニターが備え付けられていた。\nモニターの配線コードを見ると俺の頭に繋がっていた。）		
「お前、俺の記憶を勝手に\nスクリーン上映してんじゃねーよ。\n返せよ。俺の<ruby=じょうちょ>情緒</ruby>を。」		
「いやいや、川島さんは今、\nせっかくオートマタなんスから\nオートマタの利点を最大限に生かさなければ。」		
「オートマタの利点って家電製品なの？」		
「それで川島さん。\nあの後、ノエルさんは一体どうなったんスか？」		
「ナチュラルにスルーするなよ。」		
「いや……、あの後、\nノエルを勝手に部屋から連れ出した俺は\n出禁にされちまって、」		
「ノエルに会いに行く事が出来なかったんだ。」		
「しばらくして、ほとぼりが冷めた頃に\nノエルに会いに行ったんだが、\nノエルはどこにも居なかった。」		
「それ以来、俺はノエルに会っていない。\nあの時、あの庭園で見たのが\n最後のノエルの姿だったんだ。」		
「……そうッスか。」		
「……ノエル。\nあの後、一体何があったんだ……。」		
「川島さんの記憶をモニターに外部出力した事で\nわかったことがあるんスけど。」		
「川島さんのその身体って\n元々フェイリクスのボディッスよね。」		
「ああ。どうやったかは知らねえが\nあの野郎が俺の身体と交換しやがったからな。」		
「俺の記憶の中のフェイリクスも\n同じ姿をしていたし間違いねぇだろう。」		
「フェイリクスのボディには\nフェイリクス自身の記憶データが\n保存されているはずッス。」		
「その保存データを確認すれば、\nノエルさんの事も\nわかるかもしれないッス。」		
「なるほどな。よし早速見てみようぜ。」		
「了解ッス。\nそれじゃポチっとな。」		
（ノヴァはテレビのリモコンのボタンを押し、\nモニターに映像を映し出す。）		
「あ、これ。\nこのままモニターに出力される感じなんだ。」		
「フェイリクスの記憶を同時視聴しましょうぞ。」		
「動画配信サービスかよ。」		
「ここ……は……？」		
「あ、起きた？」		
「君は……誰だ？」		
「私はノエル。\nノエル・<ruby=ブイ>V</ruby>・アルティール。」		
「あなたの名前は？」		
「<ruby=ていこくじゅうこうせい>帝国重工製</ruby>・<ruby=だいにせだいがたせいしんかんしょうよう>第二世代型精神干渉用</ruby>オートマタ\n<ruby=サイファー>CIPHER</ruby>-09。コードネーム・フェイリクス。」		
「ふむふむ。\nじゃあ、フェイリクスだね。」		
「何故、僕を目覚めさせた？」		
「私の友達になってよ。\nこの研究所、お話しする人が\n誰も居なくて退屈なんだ。」		
「オートマタの僕に友達になれだって？\nおかしなことを言う。」		
「おかしい？どうして？」		
「見ての通り、\nここはオートマタの<ruby=はいきしょりじょう>廃棄処理場</ruby>。\n僕はこのまま廃棄される予定だ。」		
「廃棄予定という事は失敗作。\nわざわざそんなオートマタを選ぶメリットは無い。」		
「それにオートマタは人間の命令に従う。\nそもそも対等な関係じゃない。」		
「友達なら他をあたってくれ。」		
「む。しょうがないじゃない。\nこの廃棄処理場でお話出来たのが\nあなただけなんだから。」		
「オートマタは人間の言う事に従うんでしょ？\nだったら、命令。\n私の友達になって。」		
「……強引なやつだな君は。」		
「けれど、君の言う事にも一理ある。\nそれが命令というなら仕方が無い。」		
「やった。じゃあ、お友達だね。」		
「だが、君は実験体だろう？\n君が参加している計画責任者に\n確認を取る必要がある。」		
「確認？なんの？」		
「言ったはずだ。僕は廃棄予定だった。\nそれが勝手に再起動しているのは\n研究所としても想定外だろう。」		
「そっか。じゃあ、ドクターに\nフェイリクスを紹介すればいいんだね。」		
「おい。どこへ行く気だ。」		
「ドクターのところ。\nさ、早く早く。」		
「……なるほど。オートマタの<ruby=じゅうしゃ>従者</ruby>、か。」		
「まぁ、いいだろう。\nフェイリクスにノエルの管理を任せる。」		
「やったね。フェイリクス。\nいいってさ。」		
「ドクター。本当によろしいのですか？\n私は廃棄予定のはずでしたが……。」		
「構わん。\nお前の廃棄予定日はまだ保留中だったしな。\n使えるものは何でも使うのが私の主義だ。」		
「それに私は<ruby=こも>子守</ruby>りが嫌いだ。」		
「了解しました。\nノエルの管理、<ruby=うけたわま>承</ruby>ります。」		
「くれぐれもノエルの扱いは<ruby=ていちょう>丁重</ruby>に。\nそれはレベル<ruby=ファイブ>5</ruby>のソードブレイカー使いだ。\n<ruby=やすやす>易々</ruby>と替えが見つかるものではないからな。」		
「ここが私の部屋だよ。\nフェイリクスも\n今日からここに住むんだからね。」		
「ああ。それはいいけど、\nその机に上にある薬、\nちゃんと飲んでいるのかい？」		
「え、昨日飲んだけど。」		
「支給された薬に残りがある。\nやはり、ちゃんと飲んでないね？\nこの服用薬は朝昼晩の３回飲む必要があるんだ。」		
「……だって、\nそれ苦くてもイヤなんだもん。」		
「駄目だよ。ちゃんと飲まなくちゃ。\nこれは実験の副作用を打ち消す薬。\nノエルの体調を安定させる効力があるんだ。」		
「なんだよ。うるさいなー。\nフェイリクスは私の友達なんだから\n私が嫌な事をさせないでよ。」		
「友達だからこそだよ。\nドクターから君の管理を任されているんだ。\nこれからはしっかりと面倒見ていくからね。」		
「うわー。フェイリクスって\n面倒くさいタイプだったんだね。」		
「ノエル。検査の時間だよ。」		
「……ノエル？」		
<Off>驚き3		
「わあっ。」		
「こんなところに隠れていたのかい？\nバレバレだよ。」		
「あちゃー。見つかっちゃったか。」		
「隠れてやり過ごそうとするなんて\nそんなに検査が嫌だったのかい？」		
「だって、あれ気持ち悪くなるんだもん。」		
「測定器が強制的に被検体に<ruby=こんぱくせつぞく>魂魄接続</ruby>を行うからね。\n被検体からしてみれば、\n異物が混入するような気分の悪さを感じるだろう。」		
「そんな小難しい理屈説明されたって\n嫌なものは嫌なの。」		
「はーい。今行くー。」		
「ん、どうしたの？」		
「……妙だな。」		
「な、なにが？」		
「検査嫌いなノエルがやけに素直だ。\nそれに気分も上々のようだ。」		
「何かあったのかい？」		
「ナ、ナニモナイデスヨ。」		
「監視カメラの映像データを取得。\n解析開始。」		
「なっ…！か、監視カメラ…！？\nそんなもの付けてたの…！？」		
「当たり前じゃないか。\n君は大切な実験体なんだから、\n研究所は常に監視している。」		
「映像データによればこの部屋に\n侵入者が来ていたようだ。」		
「ぎくっ。」		
「……しかし、妙だな。\n監視カメラの映像はこの侵入者を捉えきれていない。\nノイズが掛かったように映像が乱れている。」		
「機器に干渉するジャミング系能力者か……？」		
「ノエル。ここには誰が居たんだい？」		
「はぁ…。フェイリクスには隠し事は出来ないね。」		
「ユートっていう男の子。\n隣の棟から遊びに来たんだ。」		
「隣の棟……、\n『ブレイズチルドレン計画』の実験体か。」		
「お願いフェイリクス…！\nドクターには内緒して……！」		
「でもノエル、」		
「私達、友達でしょ…？」		
「……わかったよ。黙っててあげるよ。\n今のところ、害は無さそうだしね。」		
「ほんと！ありがとう！」		
「僕が危険と感じたらドクターに報告するからね。」		
「うん。わかった！」		
「……調子が良くて心配だなぁ。」		
「……今日もユートが来ていたのかい？」		
「うん。ユートの家族のお話、\nいっぱい聞かせてもらった。」		
「ユートにはお姉さんが居るんだって、\nそれで……、」		
「ん、どしたの？」		
「ユートと会うのは\n少し控えた方がいいんじゃないかい？」		
「えー？どうして？\nあ、もしかして\nドクターにバレるの心配してる？」		
「大丈夫だよ。ユートって何故か、\nドアロックを開けられるし監視カメラに\n映らないみたいだから。」		
「確かに彼の異能力は警戒すべきことではあるけど。」		
「それより僕はノエルが僕以外のやつと\n楽しそうにしてるのが嫌なんだ。」		
「あー。ヤキモチってやつ？」		
「茶化さないでくれ。」		
「僕たちは友達だろう？\nだったら、\nたまには僕の言う事を聞いてくれないか？」		
「んー。しょうがないなぁ。\nそれじゃあフェイリクスともっとお話しするね。」		
「うーん。本当にわかってるのかなぁ。」		
「ノエル。検査を放り出してどこに行っていた？」		
「ごめんなさい。\nちょっと施設を見て回りたくて、\n庭園に……。」		
「『ブレイズチルドレン計画』の\n実験体と一緒に居たようだが？」		
「どうしてそれを……？」		
「フェイリクスの報告を聞いた。」		
「フェイリクス…！どうして…！」		
「言ったはずだよ。\nノエルに害があると見なせば\nドクターに報告すると。」		
「彼は危険だ。実際、彼に付き合ったせいで\nノエルの立場が危うくなっている。」		
「『ブレイズチルドレン計画』の実験体は\nこの施設内に入れないよう出入り禁止にした。」		
「え…！？」		
「ノエル。『ブレイズチルドレン計画』の実験体との\n接触を禁止する。二度と奴と会うな。」		
「そんな……っ。」		
「<ruby=だいさんせだいがた>第三世代型</ruby>の<ruby=りんしょうじっけん>臨床実験</ruby>が近いんだ。\nこんな大事な時に手間をかけさせるな。」		
「ひどい…っ。ひどいよ……っ。\nユートともう会えないだなんて……っ。」		
「嫌い……大嫌い……っ。\nドクターも…っ！フェイリクスも……っ！」		
「……ごめんよ。ノエル。\n僕を恨んでくれても構わない。」		
「すべては君の為……、\n君を守るためには仕方が無かったんだ…。」		
「そんなこと頼んでない…っ！\n余計な事……しないでよ……っ！」		
「ユート……っ、ユートぉ……っ！」		
「ノエル……。僕が、君の側に居るから。\n絶対に……一人ぼっちにはさせないよ。」		
「僕が……君を守るから。」		
「ノエル……ここに居たのかい？」		
「……フェイリクス。\n<ruby=りんしょうじっけん>臨床実験</ruby>の時間……だよね？」		
「そうだ。\nまもなく<ruby=だいさんせだいがた>第三世代型</ruby>の<ruby=りんしょうじっけん>臨床実験</ruby>が始まる。\n<ruby=プロジェクトノヴァ>Project-NOVA</ruby>の成否を賭けた大事な実験だ。」		
「それじゃ……\nドクターのところに行こうか。」		
「……待ってくれ。」		
「どうしたの？」		
「……この<ruby=りんしょうじっけん>臨床実験</ruby>、\n何かがおかしいんだ。」		
「おかしい？」		
「実験工程のデータベースを確認したんだけど\n被検体への安全基準を満たしていない。」		
「それどころか、ドクターから話を聞いていた\n実験内容との相違点が多すぎる。」		
「これはただの<ruby=りんしょうじっけん>臨床実験</ruby>じゃない。\n被検体である君が\n危険な目に遭う可能性があるんだ。」		
「………そう、なんだ。」		
「この<ruby=りんしょうじっけん>臨床実験</ruby>は危険だ。\nここから逃げよう。ノエル。」		
「大丈夫。この研究所のセキュリティは全て把握している\n君一人を逃がすことぐらいは僕にだって出来る。\nだから……、」		
「ユートが言っていたんだ。」		
「ノエル……何を？」		
「ユートが実験体として参加している\n『ブレイズチルドレン計画』は<ruby=けんま>剣魔</ruby>と戦う為の\n戦士を作る実験なんだって。」		
「でも、剣魔はとても強くて\nブレイズチルドレンの同胞達は剣魔との戦いの度に\n何人も死んじゃうんだって。」		
「私ね。ユートに死んでほしくないんだ。\nユートには剣魔と戦わなくていい世界で\n平和に生きていて欲しい。」		
「それは……そうだけど。\nノエルまさか……。」		
「この<ruby=プロジェクトノヴァ>Project-NOVA</ruby>が成功すれば\n人間の代わりに第三世代型のオートマタが\n剣魔と戦ってくれるんだよね？」		
「うん。だから私は臨床実験を受けるよ。」		
「ノエル…！僕の話を聞いていたのか…！？\nこの臨床実験は危険だ…！\n君の命に関わるかもしれないんだぞ…っ！」		
「それでも、だよ。」		
「私はユートに生きていて欲しい。\nその可能性が少しでも上がるのなら\n第三世代型に託したいんだ。」		
「ノエル……そこまで……彼を。」		
「話はおわり。\n行こうか、フェイリクス。」		
「来たか。ノエル。」		
「喜べ。今日は新時代の幕開けとなる\n第三世代型の誕生の記念すべき日だ。」		
「ノエル。君は奇跡を起こす<ruby=ほっきにん>発起人</ruby>となるのだ。\n光栄だと思わないかい？」		
「ドクター。この実験が成功すれば\n剣魔は居なくなるんですよね？」		
「勿論だ。君の<ruby=こんぱく>魂魄</ruby>は第三世代型の<ruby=ぎじこんぱく>疑似魂魄</ruby>に継承され\nソードブレイカーを装備した無敵のオートマタ部隊が\n誕生する。」		
「それは念願のソードブレイカー使いの\n量産化を意味し、\n剣魔など易々と<ruby=くちく>駆逐</ruby>できるだろう。」		
「わかりました。私、やります。」		
「ノエル！」		
「ドクター…！くれぐれも被検体の……\nノエルの安全を第一にお願いします…！」		
「私にすべてまかせておけ。\nすべて上手くいくさ。ククク……ッ。」		
「ノエル。あれが今回の臨床実験で\n君の<ruby=こんぱく>魂魄</ruby>を転送する<ruby=うつわ>器</ruby>。\n<ruby=だいさんせだいがた>第三世代型</ruby>オートマタ・<ruby=ノヴァ>NOVA</ruby>シリーズ13号機だ。」		
「これが<ruby=だいさんせだいがた>第三世代型</ruby>オートマタ……。\n私にそっくり……。」		
「<ruby=ぎじこんぱく>疑似魂魄</ruby>を定着させる為に実験体の\n<ruby=すがたかたち>姿形</ruby>を<ruby=もほう>模倣</ruby>した方が同調率が\n上がると検証結果が出ている。」		
「つまりこの13号はノエル、\n君の<ruby=うつしみ>現身</ruby>と言ってもいいだ。」		
「この子が私の分身……。」		
「よろしくね。13号。\n頑張ろうね。」		
「オートマタに話しかけるなど\nおかしなやつだな。」		
「さあ、ノエル。\n隣のベットに寝るんだ。\n臨床実験を開始する。」		
「はい。」		
「被検体ノエル・<ruby=ブイ>V</ruby>・アルティールを認証。\n<ruby=ソウルトランスレーター>魂魄転送装置</ruby>接続完了。」		
「<ruby=だいさんせだいがた>第三世代型</ruby>オートマタ・<ruby=ノヴァ>NOVA</ruby>13号機との\n<ruby=こんぱくせつぞくかいし>魂魄接続開始</ruby>。\n同調率安定、異常無し。」		
「――――――<ruby=りんしょうじっけんかいし>臨床実験開始</ruby>。」		
「ククク……ッ。\nいよいよ始まる新時代が……ッ。」		
「警告…！警告…！\n<ruby=こんぱくせつぞく>魂魄接続</ruby>に異常発生……ッ！」		
「同調率50%突破……ッ！\n被検体のバイタル低下……ッ！」		
「警告…ッ！\n同調率の<ruby=きけんすいいきとっぱ>危険水域突破</ruby>…ッ！\n被検体の生命が危険です…ッ！」		
「ノエル……ッ！」		
「ドクター……ッ！\n実験を中止してください…ッ！\nこのままではノエルが……ッ！」		
「ククク……ッ！\nいいぞ……！素晴らしい……ッ！\n実験は順調だ……ッ！」		
「く……っ！ドクター……っ！\nやはり最初からノエルを\n犠牲にするつもりだったのか…っ！」		
「だったら強制的に<ruby=こんぱくせつぞく>魂魄接続</ruby>を切ってやる…っ！」		
「エラー。強制終了失敗しました。\n実験の中断は不可能です。」		
「な……っ！\n<ruby=ソウルトランスレーター>魂魄転送装置</ruby>が入力を受け付けない…！？\n実験が中断できない…！？」		
「無駄だ。<ruby=こんぱくせつぞく>魂魄接続</ruby>の同調率が高すぎるのだ。\n<ruby=ソウルトランスレーター>魂魄転送装置</ruby>の<ruby=きょようげんかい>許容限界</ruby>を越え\n<ruby=せいぎょふのう>制御不能</ruby>に<ruby=おちい>陥</ruby>っている。」		
「ならば、<ruby=ソウルトランスレーター>魂魄転送装置</ruby>を破壊する…！」		
「おっと。下手に触らない方がいいぞ。\n今のソウルトランスレーターは同調率の\n<ruby=かじゅうふか>過重負荷</ruby>で異常なほど内部温度が上昇している。」		
「<ruby=うかつ>迂闊</ruby>に<ruby=ソウルトランスレーター>魂魄転送装置</ruby>を刺激すれば\nこの実験室ごと<ruby=こ>木</ruby>っ<ruby=ぱみじん>端微塵</ruby>に爆発するだろう。\nノエル共々な。」		
「く……っ。もう助ける手立ては無いのか……っ。」		
「ならば神にでも祈る事だ。\nノエルが生還するようにな。」		
「同調率60%突破……ッ！\n<ruby=ソウルトランスレーター>魂魄転送装置</ruby>の\n内部温度更に上昇…ッ！」		
「<ruby=だいさんせだいがた>第三世代型</ruby>オートマタ・<ruby=ノヴァ>NOVA</ruby>13号機の\n<ruby=ぎじこんぱくけいせいりつ>疑似魂魄形成率</ruby>80%突破…ッ！」		
「素晴らしい…ッ！見ろ…ッ！\n<ruby=だいさんせだいがた>第三世代型</ruby>の<ruby=ぎじこんぱく>疑似魂魄</ruby>がほぼ元の<ruby=こんぱく>魂魄</ruby>と\n同等のスペックになっている…ッ！」		
「もはやあの13号はノエルそのものと\n言っても過言が出はない…ッ！」		
「あれが……ノエル……？」		
「警告……ッ！\n<ruby=ソウルトランスレーター>魂魄転送装置</ruby>の内部温度が\n<ruby=ゆうばくじょうげん>誘爆上限</ruby>を突破……ッ！」		
「まもなく爆発します…ッ！\n施設内の人員は<ruby=すみ>速</ruby>やかに退避してください…ッ！」		
「ノエル…！せめて君だけでも助ける…ッ！」		
「ククク……ッ！\nこれが<ruby=だいさんせだいがた>第三世代型</ruby>の誕生…ッ！\n新時代の幕開けだ……ッ！」		
「ノエルーーーーーーーーーッ！！！！」		
「以上がフェイリクスのボディに\n残されていた記録映像ッスね。」		
「<ruby=ソウルトランスレーター>魂魄転送装置</ruby>の爆発。\nあの規模じゃノエルさんは……。」		
「そんな……ノエルは俺を<ruby=けんま>剣魔</ruby>から守ろうと\n危険な実験に<ruby=のぞ>臨</ruby>んだっていうのかよ……っ。」		
「それじゃフェイリクスの言う通り、\n俺がノエルを死なせたようなもんじゃねぇか……っ。」		
「それは違うッス。\nノエルさん言ってたじゃないッスか。\n剣魔からみんなを救いたいって。」		
「ノエルさんは<ruby=だいさんせだいがた>第三世代型</ruby>の誕生が\n平和に繋がると信じたから\n<ruby=りんしょうじっけん>臨床実験</ruby>を受ける決断をしたんス。」		
「彼女の覚悟、<ruby=く>汲</ruby>んであげてくださいッス。」		
「ノヴァ……。」		
「ここがノエルさんと\n最後に過ごした庭園ッスね。」		
「ああ。当時、研究所の探検にハマっていた俺は\nこの場所を見つけた時に興奮が抑えられなくてさ。」		
「真っ先にノエルを連れて来たいと思ったんだ。\nあいつ、部屋に閉じ籠ってばかりで\nあんまり外の世界を知らないから。」		
「<ruby=あん>案</ruby>の<ruby=じょう>定</ruby>、ノエルはこの場所が気に入って\nずっとテンション高くて花ばかり見ていたよ。」		
「当時の俺は早く大人になりたくて背伸びしてた時だったから\n花なんて子供っぽいって思ってあんまり興味を示さなかった。」		
「あいつが四葉のクローバーくれた時、\nもっとちゃんと話を聞いてやればよかったな……。」		
「子供時代の川島さんって\n<ruby=す>擦</ruby>れてるというか、\n若干<ruby=ちゅうにびょう>中二病</ruby>入ってたッスよね。」		
「うるせえな……。\n当時はそれがカッコイイと思ってたんだよ…。\n<ruby=ししゅんきだんし>思春期男子</ruby>は色々難しいんだ。」		
「けど、まさかあれがノエルの\n最後の思い出になるなんてな……。」		
「ノエルが一緒に逃げようと言った時……\n俺は断ったんだ。」		
「研究所にはユリ姉が居たから……\n俺はユリ姉を置いて逃げるなんて出来なかった。」		
「もし、あの時……\nノエルと一緒に逃げる事を選んでいたら。\nノエルが死ぬことは無かったのかな……。」		
「川島さんの選択、\n間違ってないッスよ。」		
「川島さんは大切な家族の\nユリせんせーを選んだ。\nそれは何も間違ってない。」		
「そして、ノエルさんは\n剣魔が居ない平和の世界を願い\n臨床実験を受けることを選んだ。」		
「川島さんが選んだユリせんせーも\n今も<ruby=へいおんぶじ>平穏無事</ruby>で過ごしているし、」		
「ノエルさんが望んだ剣魔が\n居ない平和な世界も実現されている。」		
「どちらの選択も\n二人が望んだ結果になっているッス。」		
「……そう……か。」		
「それにノエルさんが居なかったら\n今、自分は川島さんの前に居ないわけですし。」		
「あの臨床実験、\nノエルの隣のベットに居たオートマタ……\n13号って呼ばれてたな。」		
「ノヴァ、あれはお前だったのか？」		
「どうやらそうみたいッスね。」		
「<ruby=ていこくじゅうこうせい>帝国重工製</ruby>・<ruby=だいさんせだいがたちょうほうていさつよう>第三世代型諜報偵察用</ruby>オートマタ\n<ruby=ノヴァ>NOVA</ruby>-0013。あの場に居たオートマタは\n自分の製造番号の機体ッス。」		
「そして、<ruby=プロジェクトノヴァ>Project-NOVA</ruby>の担当ドクターが言っていた。\n自分はノエルさんの<ruby=うつしみ>現身</ruby>であると。」		
「<ruby=だいさんせだいがた>第三世代型</ruby>の<ruby=ぎじこんぱく>疑似魂魄</ruby>は人工的な<ruby=こんぱく>魂魄</ruby>ッス。」		
「しかし、あの時の臨床実験では\n<ruby=ソウルトランスレーター>魂魄転送装置</ruby>を<ruby=かい>介</ruby>して\nノエルさんの<ruby=こんぱく>魂魄</ruby>を<ruby=ちょくせつぎじこんぱく>直接疑似魂魄</ruby>に転送していた。」		
「本物の<ruby=こんぱく>魂魄</ruby>と<ruby=こくじ>酷似</ruby>した<ruby=こうじゅんど>高純度</ruby>の\n<ruby=ぎじこんぱく>疑似魂魄</ruby>が生成されていたッス。」		
「自分の<ruby=ぎじこんぱく>疑似魂魄</ruby>はノエルさんの<ruby=こんぱく>魂魄</ruby>と同等。\nつまり、自分はほぼノエルさんの生まれ変わりと\n言っても過言では無いッス。」		
「ノヴァが……ノエルの生まれ変わり。」		
「そうか……だから、フェイリクスは\nノヴァをノエルと呼んでいたのか。」		
「ええ。今まではただの<ruby=ざれごと>戯言</ruby>かと思っていたッスが\nあの臨床実験の現場を知ってしまったら\n否定は出来なくなってしまったッスね。」		
「それと同時にフェイリクスが俺を憎む理由もわかった。\nあいつからすれば、\n俺がノエルを奪ったようなものだからな。」		
「それはさすがにフェイリクスの<ruby=さかうら>逆恨</ruby>みだとは思うッスけど。\n逆恨みするきっかけにはなってたようッスね。」		
「なるほど……色々<ruby=がてん>合点</ruby>がいったぜ。」		
「ええ。ここに来た収穫は\n十分過ぎるほどありましたな。」		
「えーとノヴァ……お前って一応、\nノエルでもあるんだよな？」		
「そッスね。自分の<ruby=ぎじこんぱく>疑似魂魄</ruby>の中に\nノエルさんの<ruby=こんぱく>魂魄</ruby>が入ってると\n思ってくれていいッスよ。」		
「よし。じゃあ、ちょっと待ってろ。」		
「おろ？」		
「んー。どこだどこだ？」		
「いきなり草むらを\n<ruby=か>掻</ruby>きわけてどうしたんスか？\n気でも触れたんスか？」		
「言い方っ。」		
「さすがに１本ぐらいは生えてるだろ。\nえーと……。」		
「お、あったあった。これだ。」		
「何探してたんスか？」		
「ノヴァ……いや、ノエル。」		
「また会うって約束、\n守れなくてごめんな。」		
（俺はノヴァ……もといノエルに\nさっき草むらで見つけて来たものを渡す。）		
「これは……四葉のクローバー？」		
「ああ。あの時、お前にもらった\n四葉のクローバーのお返しだ。」		
「お前のおかげで俺、研究所から離れて\nこうして自由気ままに楽しくてやってるよ。」		
「四葉のクローバーが\n幸せを呼ぶって本当だったんだな。」		
「だからさ。ノエル。\n今度はお前が幸せになってくれ。」		
「………ずるいなぁ。\n急にそんな事言うなんて。」		
「……え？」		
「………ありがと。ユート。」		
「ノエル……なのか？」		
（突如、耳をつんざく破壊音が響き、\n施設な壁が砕け散る。）		
「い、いきなりなんだァ！？」		
「あー。メカワシマくん。\nこんなところに居たー。」		
<Off><Character=メカユート>驚き３		
「サ、サツキ！？」		
「ガラハドくんも一緒だよ。\nさ、ガラハドくん挨拶。」		
「ガラハドデス。\nヨロシク。」		
「そうか！ガラハドが壁ぶっ壊して\n侵入して来やがったのか！？」		
「つーか、サツキ！\n何でここに居るんだ！？」		
「ほら、川島くんが言ってたでしょ。\nここに何かあるかもって。」		
「だから、ここに来たら\nメカワシマくん達に会えるかなって\n思ってね。」		
「一応、聞くが……俺達に何の用だ？」		
「もちろん<ruby=きこうしょうぶ>機巧勝負</ruby>だよ。\nまだ決着ついてないからね。」		
「いいでしょう。<ruby=さみだれ>五月雨</ruby>さん。\nここで白黒付けるとしましょう！」		
「ノエル……いや、ノヴァか！\nああ、ややこしいなもう！」		
「そう来なくっちゃ、\nじゃあ早速……やろうか！」		
「さあ、―――――やろうか。」		
「く……っ！\nやるしかねぇのか……っ！」		
「その勝負、俺が<ruby=たいちあいにん>立会人</ruby>を引き受けよう。」		
「アイゼン……！？\n何でここに！？帰ったんじゃねぇのか！？」		
「サツキがここに入るのを見かけてな。\n後を付けて来た。」		
「は！？\nサツキ、こいつを知ってるのか！？」		
「いや、全然知らないけど。」		
「うわー。\n五月雨さんのストーカーだー。」		
「一方的に女子高生をつけ回してんじゃねぇ！\n犯罪だぞ！犯罪！」		
「黙れ。俺はサツキが心配なだけだ。」		
「サツキ。この勝負の<ruby=たいちあいにん>立会人</ruby>、\n俺に任せてくれ。」		
「誰だか知らないけど\nやってくれるんだっていうのなら\nお願いするよ。」		
「話は決まりだな。」		
「おい、俺にも許可取れよ。」		
「<ruby=きこうしょうぶ>機巧勝負</ruby>のルール確認だ。」		
「無視かよ！」		
「尚、<ruby=マイスター>操縦者</ruby>への<ruby=ダイレクトアタック>直接攻撃</ruby>は禁止とし\nあくまでもオートマタ同士の戦いで勝敗を決する。\n異論は無いな？」		
「無いよー。」		
「おけおけおっけーッス。」		
「では尋常に―――――、」		
（アイゼンは片手を天高く上げ、）		
「行け！ガラハドくん！\n撃ち殺せー！ばんばんっ！」		
「なんて物騒な事を言いやがる…！」		
「了解。マスター。\n右腕ガトリング、射撃準備。」		
「ノヴァ！どうする回避か！？」		
「いや、こちらもサブマシンガン発射用意！」		
「何ィ！？」		
（俺はノヴァの指示通り、\n左腕のサブマシンガンを構える。）		
「へえ、ガラハドくんと撃ち合いしようっての？」		
「面白い！蜂の巣になっちゃえ！」		
「川島さん！正面から撃ち落とすッス！」		
「こうなりゃヤケだッ！！！\nうおおおおおおーーーーーーーッ！！！！」		
（ガラハドのガトリング砲から乱射された弾丸に\n俺は狙いを付け、左腕サブマシンガンを発射する。）		
（するとどうか。向かってくる弾丸に全てに\nこちらの弾丸を<ruby=すんぶんたが>寸分違</ruby>わず当て撃ち落としていく。）		
（まさに<ruby=せいかくむひ>正確無比</ruby>。精密な射撃。\nガラハドの弾丸がすべてロックオン\nされているような感覚である。）		
「馬鹿な……ッ！相手の発射した弾丸に\nカウンターで弾丸を当てて撃ち落とすだと……！？」		
「そんな複雑な弾道計算……\n単機のオートマタが出来るわけが無い…！」		
「ふっ。<ruby=だいさんせだいがた>第三世代型</ruby>の演算能力を\n<ruby=あなど>侮</ruby>ってもらっちゃ困るッスね。」		
（なるほど。ノヴァの<ruby=こんぱくせつぞく>魂魄接続</ruby>によって\n俺とノヴァの２機分の<ruby=だんどうけいさん>弾道計算</ruby>が行われているのか。\nつまり、CPUがデュアルコアになっているようなものだ。）		
「…右腕ガトリング砲ノ弾切レヲ確認。\n銃弾ノ再装填ヲ行イマス。」		
「えー！もう弾切れぇ！？\n真面目にやってよ！ガラハドくん！」		
「もういいや！攻撃あるのみ！\n必殺ぱんちだ！」		
「おいおい！\nあんな遠距離から腕飛ばせるのかよ！？」		
「よし！こちらもロケットパンチだ！\nいっけぇえええーーーッ！！」		
「え！？何それ！？\nそんな武装ねーよ！」		
（ノヴァの指示に俺の右腕が勝手に突き出され―――――）		
（――――右腕がロケットの如く射出された。）		
「はああああああーーーーー！？\n俺の腕、飛んだーーーーーー！？」		
「こんな事もあろうかと改造しておいたッス！」		
「勝手に改造してんじゃねー！」		
（ガラハドのブーステッドナックルに\n俺のロケットパンチがぶち当たり、）		
（ガラハドの右腕を粉砕するッ！）		
「…右腕損傷率１００。\n右腕ブーステッドナックルおよび\nガトリング使用不能。」		
「そんな！ガラハドくんの必殺パンチが負けた！？」		
「ほう。ガラハドの装甲を砕くか。\nロケット<ruby=ふんしゃ>噴射</ruby>の<ruby=すいしんりょく>推進力</ruby>があるとはいえ、\n大した強度をしている。」		
「チャンス！\n川島さん一気にガラハドの間合いに飛び込むッス！」		
「<ruby=がってん>合点</ruby>だ！」		
（俺は戻って来た右腕を装着し\nガラハドに向かって突進する！）		
「サツキ！来るぞ！\n迎撃しろ！」		
「あ、うん！」		
「おいアイゼン！\n何サツキにアドバイスしてんだ！\n堂々と<ruby=ひいき>贔屓</ruby>してんじゃねー！」		
「まだだよ！　ガラハドくん！\nブレードで薙ぎ払えー！」		
「…了解、マスター。\n左腕ブレード展開。　攻撃開始。」		
「何ィ！　そんなところから\n剣を出すなんて反則だろ！」		
（ガラハドは左腕に内蔵されたブレード展開し、\n俺に切りかかってきた。）		
「川島さん！\nこちらも<ruby=こうしゅうは>高周波</ruby>ブレード展開ッス！」		
「は！？ブレード！？\nそんなものどこに！？」		
（背中のバックパックから<ruby=かたな>刀</ruby>の<ruby=つか>柄</ruby>が射出され、\n俺が<ruby=つか>柄</ruby>を握ると<ruby=やいば>刃</ruby>が出現した。）		
（そして、俺は刀を握りしめ\nガラハドのブレードを受ける。）		
「な…っ！？ガラハドくんの\nブレードを受け止めた！？」		
「こいつ…！剣も使えるのか…！？\nなんて武装の多い奴だ…！」		
「だけどパワーはガラハドくんの方が上だよ！\nそのまま押しつぶしちゃえ！」		
「了解マスター。」		
（ガラハドは<ruby=つばぜ>鍔迫</ruby>り合いのまま\nブレードの出力を上げ\n俺を地面に押しつぶそうとする。）		
「ぐ……っ！\nこ、このままじゃ……っ！」		
「川島さん！\nそのままガラハドの頭部を狙い撃つッス！」		
「無茶を言ってくれる……！\nだが、これしか……ねぇッ！」		
（俺は<ruby=つばぜ>鍔迫</ruby>り合いのまま、右腕リボルバーの照準を\nガラハドの頭部に合わせ―――）		
（――――――弾丸を発射する！）		
「くたばれぇえええーーーーーッ！！」		
「…頭部損傷率１００。\n機能……停止。」		
「機能停止。\n勝者、<ruby=サイファー>CIPHER</ruby>-09。」		
「そんな……ガラハドくんが負けた？」		
「軍事用オートマタを破壊するとはな。」		
「<ruby=サイファー>CIPHER</ruby>シリーズとは思えない戦闘力だ。\n随分と腕の良いメカニックが居るようだ。」		
「メカワシマさんは\nドクターが<ruby=まかいぞう>魔改造</ruby>してますからなー。\nそんじゃそこらのオートマタなど敵では無いのですよ。」		
「俺達の勝ちだ。サツキ。\nこれに<ruby=こ>懲</ruby>りたらフェイリクスの\n悪の<ruby=かたぼう>片棒</ruby>を担ぐのはやめろ。」		
「ふーんだ。やめないよー。\n私、まだ負けて無いもん。」		
「ふっ。<ruby=ごうじょう>強情</ruby>のやつだ。」		
「サツキ！わがままを言うな！\n奴は危険だ！俺の言う事を……っ！」		
（俺が駄々をこねるサツキの腕を掴んだ瞬間――――、）		
館内放送		
「<ruby=きんきゅうけいほう>緊急警報</ruby>！<ruby=きんきゅうけいほう>緊急警報</ruby>！\n<ruby=とくエーきゅうじっけんたい>特A級実験体</ruby>への接触を検知！」		
「<ruby=とくエーきゅうじっけんたい>特A級実験体</ruby>の安全を最優先！\n直ちに接触した外敵を排除します！」		
「な……っ！\nなんだ……！？」		
「研究所内の<ruby=じどうぼうえいきのう>自動防衛機能</ruby>が作動したッス！」		
「川島テメェ……ッ！\n何をやらかしやがった！？」		
「俺かよ！？」		
「あ、何か来るよ。」		
（サツキが指差す方向を見やると、\n<ruby=かくのうこ>格納庫</ruby>のシャッターが開き、\n中から大量のオートマタが押し寄せて来た。）		
警備オートマタ達		
「外敵ハイジョ…！外敵ハイジョ…！」		
「なんつー数のオートマタだよ！\nどっから湧いて来やがった！？」		
「まずいッス！完全に我々を狙ってるッス！」		
「逃げるぞ。サツキ。」		
「え、わあっ。」		
（アイゼンはひょいっとサツキを抱きかかえる。）		
「おい！アイゼン！\nサツキをどうするつもりだ！」		
「サツキは俺が安全な場所に逃がす。\nお前らは勝手にしろ。」		
「サツキ、しっかりと捕まっていろ。」		
「う、うんっ。」		
（アイゼンは跳躍すると天窓をブチ破り\n外に脱出する。）		
「なんつージャンプ力してんだアイツッ！」		
「なるほど。あそこから外に出られるんスね。」		
「川島さん！我々も続くッス！」		
「は！？あの<ruby=てんまど>天窓</ruby>５メートルはあるぞ！\nどうやっても届かねぇよッ！」		
「とうっ！」		
（ノヴァは戦隊ヒーローのような掛け声と共に\n俺の肩に飛び乗った。）		
「行けぇ！メカワシマブースターッ！」		
（ノヴァが叫ぶと俺のバックパックから\nエネルギーがジェット噴射され\nロケットのように急上昇する！）		
「う、うおおおおおおおーーーーーーーッ！！！！」		
「ふーっ。\nひとまず<ruby=きゅうち>窮地</ruby>は脱出出来たッスね。」		
「おいおい！\n背中にバーニアまで付けてたのかよ！\n勝手に改造しすぎだろ！やりたい放題だな！」		
「アイゼンさんは？」		
「いや聞けよ！」		
（俺達より一足先に屋上に来ていたアイゼンは\nサツキを抱えながら、パルクールが如く\n屋上から屋上へ<ruby=さっそう>颯爽</ruby>と駆け抜けていた。）		
「なんだあの身のこなし……忍者かよ。」		
（破壊された天窓から下の階を覗き込むと\nオートマタ達がワイヤーを引っかけて\n昇って来ようとしてる。）		
「まじかよ…！\nあいつらここまで昇ってくる気だ…！」		
「どこか出口は……！？」		
「げえ……っ！\n屋上の扉をブチ破って来やがった…ッ！」		
「まずいッスね。\n屋上の出入口に加え、下の階からも\n警備オートマタ達が向かって来てるッス。」		
「に、逃げ場は無いのか……！？」		
「ご安心を……逃げ場ならあるッス！」		
「<ruby=Sky>空</ruby>！」		
「<ruby=Sky>空</ruby>！？」		
「来い！<ruby=おおぞら>大空</ruby>を<ruby=かけ>翔</ruby>る<ruby=つばさ>翼</ruby>！\nソードウイングユニットッ！」		
（ノヴァが指を鳴らすと\n上空から高速飛行物体が飛んでくるッ！）		
「とうッ！」		
（ノヴァが<ruby=ちょうやく>跳躍</ruby>し高速飛行物体と重なるッ！）		
「<ruby=かんそう>換装</ruby>ッ！\n<ruby=こうきどうひこうけいたい>高機動飛行形態</ruby>ソードウイングモードッ！」		
「えええええーーーーーーッ！！！\n合体したぁあああーーーーーーッ！！！？」		
「ソードドッキングッ！」		
（ノヴァの換装パーツからワイヤーが射出され\n俺のボディに接続され、\n飛行するノヴァに吊るされた状態になる。）		
「ドッキングつーか、雑に吊るされてるだけで\nただの空中輸送物みてーになってるじゃねぇか！」		
「自分がこのままキャリーしてあげるッスから\n文句言わないッ！」		
「さあ！ここから離脱するッスよ！」		
（ノヴァがスラスターの出力を全開にすると\nオートマタが押し寄せて来ていた研究所の屋上を\n一気に離脱した。）		
「うおおおおーーーー！！\nすっげーーー！！」		
「はっはっはー！！\nあばよーー！！」		
（地上からこちらを見上げるオートマタ達に\n俺は上空から手を振る。）		
「やれやれ。安全圏に到達した瞬間、\n大はしゃぎッスねー。」		
（月明かりを背に風を切り夜空を疾走する。\nこれが空を飛ぶという感覚か。）		
（まさに自由の翼。\n俺は初めての夜間飛行に最高にハイっ！って感じになった。）		
「ふー。一時はどうなる事かと思ったけど\nなんとか逃げ切れたぜー。」		
「まさかノヴァが空も飛べるなんてなぁ。\n何でもアリかよ。」		
「ドクター開発の<ruby=かんそうしきこうきどうがたひこう>換装式高機動型飛行</ruby>ユニットッス。\n<ruby=ノヴァ>NOVA</ruby>シリーズは外部ユニットを換装する事で\n様々な状況に合わせて任務遂行が出来るッス。」		
「影山のやつこんなものまで作ってたのかよ…。」		
「この飛行形態は川島さんに一度見せてるはずッスよ。」		
「そういや、最初のデートの時に\nまさかの空から降ってきたが、\nこいつで飛んできたのか。」		
（この飛行パーツってそんなタクシー代わりに\n気軽に使えるんだ……。）		
（まぁ、そのおかげで\n<ruby=せいたいこうがくけんきゅうじょ>生体工学研究所</ruby>から脱出出来たわけだが。\nこの時ばかりは影山の隠し球には感謝を禁じ得ない。）		
「……サツキは無事脱出出来ただろうか。」		
「<ruby=ひとあしさき>一足先</ruby>にアイゼンさんが\n<ruby=さみだれ>五月雨</ruby>さんを抱えて危険区域を離脱してたから\n大丈夫じゃないッスか。」		
「確かにあの身のこなしがあれば\n研究所の追っ手ぐらいは巻けそうだな。」		
「アイゼンのやつ、\nサツキの事を知ってるみたいだったが\n一体どういう関係なんだ…？」		
「五月雨さんはアイゼンさんの事、\n知らないっぽい感じだったから\n本当にただのストーカーなんじゃないッスか？」		
「だとするとストーカーに\nサツキを預けてる方が危なくないか？」		
「まぁ、大丈夫じゃないッスか？\n五月雨さんは<ruby=さみだれけとうしゅ>五月雨家当主</ruby>カグヤさんの娘。\n<ruby=さみだれりゅう>五月雨流</ruby>の戦闘力は折り紙付き。」		
「剣魔かソードブレイカー使いでも無いと\n相手にすらならないでしょうし。」		
「え……。何それ。\n五月雨流ってそんなにヤバイ人達なの……。」		
「そうでなければ、\n<ruby=いかるがけいさつ>斑鳩警察</ruby>が五月雨家に\nペコペコなんてしないッスよ。」		
「そういえば、サツキってちょいちょい\nサイコパスなところあったけど\nあれって<ruby=ちすじ>血筋</ruby>だったのかな……。」		
「そういう事なんで\n五月雨さんチームの方は心配ないでしょう。」		
「何で勝手にアイゼンとチーム組まされてんだよ。」		
「………少し気になる事があるんスけど。」		
「アイゼンがサツキのストーカーになった<ruby=けいい>経緯</ruby>？」		
「いや、そんな事ミリも気にしてないッスけど。」		
「そうじゃなくて、我々がこうして生体工学研究所から\n逃げ出したのは警報装置が作動して警備用オートマタが\n押し寄せたからじゃないッスか。」		
「そうだな。」		
「そもそもどうして、\n研究所の警報装置が作動したんでしょう？」		
「<ruby=あらかじ>予</ruby>め用意したカードキーでセキュリティ対策は万全。\n侵入者だとバレる要素は無かったはずなんスけど。」		
「あん？そりゃ研究所内でドンパチやってれば\n侵入者を感知して警報ぐらいなるだろ。」		
「それなら、\n<ruby=きこうしょうぶ>機巧勝負</ruby>の最中に警報が作動してもいいはず。\n何故、戦闘が終了したタイミングだったのか。」		
「そういや、\nサツキに触れた瞬間に警報が鳴った気がするな。」		
「あの時、警報は\n『<ruby=とくエーきゅうじっけんたい>特A級実験体</ruby>への接触を検知！』と言っていた。」		
「まさか<ruby=とくエーきゅうじっけんたい>特A級実験体</ruby>というのは…………、」		
「警告。高速で接近する<ruby=みかくにんひこうぶったい>未確認飛行物体</ruby>を確認。\n<ruby=なんなんせい>南南西</ruby>、距離200。」		
「なんだ……！？」		
（俺がアラートが指し示す方角をみやると\n後方からこちらに向かって飛んでくる<ruby=きえい>機影</ruby>があった。）		
「目標確認。突撃します。」		
（謎の飛行型オートマタは更に加速し、突進して来る…！）		
「まずいっ！突っ込んで来るぞ！\n避けろっ！」		
「無茶を言うッスね！」		
（ノヴァが機体を<ruby=うげんほうこう>右舷方向</ruby>に大きく傾け、\n飛行型オートマタの突進をすんでのところで回避する。）		
「あっぶねー！今、<ruby=かす>掠</ruby>ったぞ！」		
「あの速度で突撃してくるなんて当たれば\n自らの機体も無事では済まないというのに…！\n自爆特攻が目的ッスか…！」		
「敵機の回避行動を確認。\n再度、目標補足。\n姿勢制御再設定、オートバランサー作動。」		
（俺達を追い抜いて前方に行っていたオートマタが\n垂直状態で向き直った。）		
「無線直接通信接続。\n敵機との強制交信を行います。」		
「強制的に通信チャンネルがオープンされたッス。\n誰か無線で話しかけてくる気ッス。」		
「あ、あー。テステス。」		
（突如開かれた通信回線から聞こえて来た\n聞き覚えのある声。\nこの冷酷で背筋が凍るような声の主は……。）		
「こちら<ruby=しどう>獅堂</ruby>ミナト。\n聞こえるかしら？\n川島さんに<ruby=たてつ>盾突</ruby>く反逆者共。」		
「って、獅堂かよ！？」		
「まさかこの飛行型オートマタって\n獅堂かいちょーが操ってたんスか。」		
「<ruby=ごめいさつ>御明察</ruby>。\n<ruby=ていこくじゅうこうせい>帝国重工製</ruby>・<ruby=だいにせだいがたきょうしゅうきどうよう>第二世代型強襲機動用</ruby>オートマタ\n<ruby=アルバトロス>ALBATROSS</ruby>-0004。」		
「あなた達に<ruby=リベンジ>復讐</ruby>と抹殺をする為に\n川島さんから<ruby=たまわ>賜</ruby>った新たなる<ruby=しもべ>僕</ruby>よ。」		
「息を吸うように抹殺とか口にしやがって…！\n相変わらず物騒な奴だな…！」		
「<ruby=しえき>使役</ruby>するオートマタが目の前に居るなら\nマスターである獅堂も近くに居るって事か…！？」		
「川島さん！下ッス！下！」		
（ノヴァが指差す方向、下を見下ろすと\nビルの屋上に獅堂がこちらを\n見上げながら突っ立っていた。）		
「あんなところから遠隔操作してんのかよ！」		
「こちらの状況はオートマタの視覚カメラを通して\n丸見えっぽいッスねー。」		
「おい獅堂！こちとら既に\nサツキとの<ruby=きこうしょうぶ>機巧勝負</ruby>で<ruby=ひへい>疲弊</ruby>してる上に\n夜間飛行中の闇討ちとは卑怯だぞ！」		
「そう。お前達は五月雨さんの<ruby=かたき>仇</ruby>だ。」		
「な……に……？」		
「お前達は五月雨さんを打ち負かした。\n<ruby=じょうしょうふはい>常勝不敗</ruby>、負け知らずの五月雨さんに敗北という<ruby=らくいん>烙印</ruby>を押し\n彼女の顔に泥を塗った。」		
「それはいけない。五月雨さんに敗北などあり得ない。\nお前達が五月雨さんの<ruby=ふはいしんわ>不敗神話</ruby>を破壊したのだ。」		
「彼女はお前達に負かされた事でひどく傷つき\n涙を流している…！人一倍笑顔が似合う\n彼女を曇らせたのだ…！」		
「そう！五月雨さんは今、泣いているんだッ！」		
「いや！めちゃくちゃ<ruby=ごへい>語弊</ruby>があるんですけどぉ！\nサツキ１ミリも泣いてないし、どうしたら\nそんな<ruby=きょっかい>曲解</ruby>した解釈になるんだよ！？」		
「黙れッ！お前達は五月雨さんの仇！\nお前達を抹殺しこの私が彼女の笑顔を取り戻すッ！」		
「<ruby=かたきう>仇討</ruby>ちで笑顔になるサツキもどうかと思うんですけど！？\nお前の中でのサツキはどんだけサイコパスなんだよ！？」		
「まー。五月雨さん若干サイコ入ってますからなぁ。」		
「行けえッ！アルバトロスッ！\nお前の翼で奴等を斬り裂けッ！」		
アルバトロス		
「了解。マスター。\nウイング展開。<ruby=とっかん>突貫</ruby>します。」		
（目の前を飛行していたアルバトロスは\n再び翼を広げこちらに向かって突っ込んで来る。）		
「ノヴァ！また来るぞ！」		
「く、くおー！ぶつかるぅ～！\nインド人を右にッ！」		
（ノヴァは<ruby=さげん>左舷</ruby>に向かって機体の姿勢を切り返す…ッ！）		
（が、回避が間に合わず、\nアルバトロスの翼部分が俺のボディに直撃するッ！）		
「<ruby=だいいちそうこうばんはそん>第一装甲版破損</ruby>、<ruby=きょうぶそんしょうりつ>胸部損傷率</ruby>45％。」		
「ぐ…ッ！　おいノヴァ何やってんだ！\nちゃんと避けろよッ！」		
「無茶を言いなさるッ！」		
「生体工学研究所からここまで<ruby=きゅうゆ>給油</ruby>無しで飛行して\nエネルギー残量も残り少ない上に川島さんという\nお荷物を抱えた状態で機動力がガタ落ちしてるんス！」		
「こんな状態で満足に空中戦なんて\n出来るわけないじゃないスか！」		
「お荷物っていうな！\n俺は飛べねーんだから仕方ねぇだろ！」		
「お荷物じゃないなら\n川島さんもただ吊るされてばかりいないで\n迎撃して欲しいッス！		
「ええい！ままよ！」		
（俺は高速移動するアルバトロスに照準を合わせ\n左腕サブマシンガンを乱射する。）		
「敵機の射撃行動を確認。\n射線計算、弾道予測。\n回避行動を行います。」		
（アルバトロスは<ruby=せんかい>旋回</ruby>し、\n俺の銃弾を<ruby=かるがる>軽々</ruby>と避ける。）		
「うわー。全弾避けられてる。\nヘタクソー。」		
「空中で高速飛行する相手に当てろって方が\n無理があるぜ！」		
「仕方ないッスね。\n射撃サポートしてあげるッス。」		
「<ruby=ぎょうかく>仰角</ruby>25度！方向40度！\n距離180メートル！\nリボルバー発射！」		
「ここだァッ！」		
（ノヴァの指示された方向にリボルバーを発射すると\n旋回していたアルバトロスが目標地点に吸い込まれるように\n通過し弾丸が直撃した。）		
「敵機射撃行動の直撃を確認。\n<ruby=さよくそんりょうりつ>左翼損傷率</ruby>50%。」		
「馬鹿な…！アルバトロスの飛行ルートを予測し、\n予め通過点に射撃していただと…！？」		
「チッ…！奴の射撃演算能力は化け物か…ッ！」		
「すげえ！当たったぞ！\nノヴァ！」		
「ふっ。第三世代型の演算能力を\n舐めてもらっちゃ困るッス。」		
「おのれぇ…ッ！\n調子に乗るなァ…ッ！」		
「アルバトロス！\n高度、距離を維持したまま奴等の背後に周り込めッ！」		
「背後からドッグファイトしようってか！\nノヴァ！また来るぞッ！」		
「了解ッス！着弾予測再演算…！」		
「<ruby=ふかく>俯角</ruby>45度！方向120度！\n距離200メートル！\nリボルバー発射！」		
「オラァッ！くらいやがれッ！」		
「アルバトロス！<ruby=せんこう>潜航</ruby>開始！\nそのまま雲に突っ込め！」		
（アルバトロスは真下に広がる<ruby=うんかい>雲海</ruby>に飛び込み姿をくらます…！）		
（そして、\n発射された弾丸は姿を消したアルバトロスを\n捉え切れず外れる！）		
「外した！？」		
「く…っ！弾道計算は視覚情報を元に演算している関係で\n敵機が見えなくなると命中精度が落ちるッス！」		
「野郎…ッ！\n雲の中に逃げ込むとは考えたな…ッ！」		
「ふん。\nその様子じゃ空中戦はまったくのド<ruby=しろうと>素人</ruby>のようね。\nそんな体たらくでこの私に勝てると思うなッ！」		
「くそっ！どこだ！\n出て来やがれッ！」		
（俺はアルバトロスが<ruby=せんこう>潜航</ruby>している<ruby=うんかい>雲海</ruby>に向かって\n左腕のサブマシンガンを乱射する。）		
（しかし、弾丸が命中した手ごたえはまるで感じられない。）		
「無駄だ。がむしゃらに撃ったところで\n雲海に姿をくらませたアルバトロスを捉えられるものか。」		
「行けえ！アルバトロス！\n奴を切り刻めッ！」		
「川島さん！来るッス！」		
「来るってどこから！？」		
（まさに<ruby=きしゅう>奇襲</ruby>！\n俺が<ruby=さくてき>索敵</ruby>の為、前後左右を見渡していると、\n突如、真下からアルバトロスが飛び出してくるッ！）		
「下だとッ！？」		
「ぐああああーーーーッ！！！」		
「機体損傷率70%。脚部機能低下速度減少。\n右腕機能停止、リボルバー使用不可。\nバックパックスラスターに異常検知。」		
「目標への直撃を確認。\n再び潜航モードに移行します。」		
（雲海から飛び出し、\n垂直上昇で体当たりをぶちかましたアルバトロスは\n旋回しながら再び雲海に潜り込む。）		
「くそっ！やっと出て来たと思ったら\nまた潜りやがった！」		
「まずいッスよ！川島さん！\nあと一発あれをくらったら終わりッス！」		
「ンな事、言ったって雲の中から\nいきなり奇襲を掛けられちゃ\n避けようがねぇぞ！」		
「なら、やられる前にやるしか無いッス！\n<ruby=へた>下手</ruby>な<ruby=てっぽうかずう>鉄砲数撃</ruby>ちゃ当たる！」		
「くそったれがああああーーーーッ！！！」		
（俺は真下に広がる雲海に向かって\n左腕サブマシンガンを乱射するが\n弾丸は雲に吸い込まれていき、手ごたえは無い。）		
「だあああ！どうしろってんだ！」		
「ふん。無駄な<ruby=あが>足掻</ruby>きを。\nいい加減これで終わりにしてやる。」		
「アルバトロス！トドメだ！\n五月雨さんの仇を討てッ！\n奴を真っ二つにしろォッ！」		
（ミナトの命令と同時に\nアルバトロスが雲海から飛び出してくるッ！）		
「ノヴァ！急上昇だ！\nとにかく高度を思いっきり上げろぉッ！」		
「はぁ！？どうなっても知らないッスよ！」		
（ノヴァは機体を真上に傾け、\nスラスターを全開にし一気に垂直上昇するッ！）		
「うおおおおおおーーーーーーッ！！！」		
「なっ！？奴等、何をする気だ！？」		
（垂直上昇を続けるノヴァの真下に\n追いすがるようにアルバトロスが続くッ！）		
「まさかッ！アルバトロスの突撃に合わせて\n高度を上げる事で<ruby=しゃていけんがい>射程圏外</ruby>への<ruby=たいひ>退避</ruby>と同時に\n雲海から引きずり出したというのか！？」		
「その通り！そして俺達を\nホーミングしているアルバトロスは\nちょうど真下、直線上に位置している！」		
「つまり、<ruby=ぜっこう>絶好</ruby>の<ruby=まと>的</ruby>って事だ！」		
「いっけえええええーーーーッ！！！」		
（俺はアルバトロスを\n射程距離ギリギリまで引きつけ、\n左腕サブマシンガンを全弾叩き込んだッ！！）		
「機体損傷率……100。\n機能……停止……。」		
（<ruby=こうこうどひこうちゅう>高高度飛行中</ruby>に機能停止したアルバトロスは\n高出力スラスターの制御が不能になり、\n空中で<ruby=ばくさん>爆散</ruby>する。）		
「馬鹿な……ッ。\nアルバトロスが……ッ。\nこの私が……負けた……？」		
「一度ならず、二度までも……。\nこんな……奴等に………。」		
「ごめん……なさい……五月雨さん。\n私、五月雨さんの仇……討てなかった……っ。」		
「五月雨さん五月雨さん五月雨さん五月雨さん\n五月雨さん五月雨さん五月雨さん五月雨さん\n五月雨さん五月雨さん五月雨さん五月雨さん。」		
「ごめんなさいごめんなさいごめんなさいごめんなさい\nごめんなさいごめんなさいごめんなさいごめんなさい\nごめんなさいごめんなさいごめんなさいごめんなさい。」		
「うう…ッ！うぐぐぐ……ッ！\nち……ちくしょう……っ！」		
「ちくしょおおおおおおおおおおーーーーーーッ！！！」		
（月夜の上空に獅堂の<ruby=だんまつま>断末魔</ruby>にも近い\n雄たけびが<ruby=こだま>木霊</ruby>する。）		
（爆散した機体の中を突き抜け、\n俺達は勝利の<ruby=がいせんひこう>凱旋飛行</ruby>をしながら夜空をかっ飛ばす。）		
「や、やべえ……ッ！\n勝ったはいいものの、獅堂の奴、\nとんでもなくブチ切れてるぞ…ッ！」		
「勝利の<ruby=よいん>余韻</ruby>に浸ってるヒマは無いようッスね。\nオートマタを失ったとはいえ、\n今の獅堂かいちょーは何をしでかすかわからない状態ッス。」		
「とにかくここは一刻も\n早く獅堂かいちょーから離れるッス！」		
「お、おう！」		
（<ruby=がくえんせいとかい>学園生徒会</ruby>・<ruby=してんのう>四天王</ruby>を打ち破った喜びも<ruby=つか>束</ruby>の<ruby=ま>間</ruby>、\n敗北しても尚、闘志を剥き出しにし、\n憎しみの<ruby=えんさ>怨嗟</ruby>を<ruby=ほうこう>咆哮</ruby>し続ける獅堂。）		
（俺達は背後から忍び寄る獅堂の恐怖を感じながら\n<ruby=だっと>脱兎</ruby>の如く戦闘空域を離脱するのであった。）		
「以上が潜入捜査の報告であります！」		
「<ruby=いかるがけいさつちょうほうぶしょぞく>斑鳩警察諜報部所属</ruby>・<ruby=きこういん>機巧院</ruby>ノヴァ。\n今回の捜査における数々の大活躍、\nとくと褒めて褒めて褒めちぎって頂きたい！」		
「こんなに自己主張が強いものなのか…？\n警察の捜査報告ってのは…？」		
「……なるほど。\nフェイリクスには\nそのような過去があったのか。」		
「フェイリクスの過去を<ruby=ひもと>紐解</ruby>けば\n奴の犯行動機を推理する事が可能。」		
「かつて自分が救えなかったノエルの救済。\nそしてノエルを失うきっかけとなった川島への復讐。\nこれがフェイリクスの犯行動機である可能性が高い。」		
「おー。さすが<ruby=さなだけいぶ>真田警部</ruby>。\nこれは名推理ですねえ。」		
「<ruby=せじ>世事</ruby>はいらん。\nこれだけの情報が揃っているのだ。\n犯行動機が導き出せないわけがあるまい。」		
「よくやったな。機巧院。\n先の潜入任務で得られた調査報告は\n十分<ruby=ゆうえき>有益</ruby>な情報だ。評価に値する。」		
「おー。つまり、\n自分の給与の減給は<ruby=まぬが>免</ruby>れたと？」		
「ああ。それどころか\nこのままフェイリクスを確保出来れば\n次の給与査定に色を付けてやろう。」		
「ひゅー！給料アップのチャンス！\nうおー！頑張るぞー！」		
「素晴らしい。真田警部がここまで\nお褒めになるのは珍しい事ですよ。\n良かったですね。ノヴァさん。」		
「……<ruby=せいたいこうがくけんきゅうじょ>生体工学研究所</ruby>の潜入任務でノヴァの\n誕生に関わる驚くべき過去が明らかになったはずだが\n何故こんなにもテンションが軽いのだろうか。」		
「ノヴァさん基本、\nポジティブですからねえ。」		
「むしろ、金の事しか\n考えてないんじゃないのか？」		
「では、\nフェイリクス捕獲作戦の次の<ruby=いって>一手</ruby>の話だ。」		
「この調査報告を踏まえて\nどのように進めるのがいいだろうか。」		
「機巧院、川島、お前達の意見を聞こう。」		
「トーゼン、\nフェイリクスの<ruby=きょじょう>居城</ruby>に乗り込んで\nちゃっちゃと始末するッス。」		
「馬鹿め。洗脳された学生達が\n人質になっている事を忘れたか。」		
「フェイリクスを追い詰めれば\n人質が危険に晒されるの明白だ。\n<ruby=むさく>無策</ruby>での直接戦闘は避けるべきだ。」		
「というか、そもそも人質が居て手出し出来んから\nフェイリクスの弱点を探りに潜入調査を行ったのだ。\n当初の目的すら覚えていないではないか。」		
「ぐぬぬ…！\nじゃあ、どうしろってんだ…！」		
「生体工学研究所でフェイリクスとノエルの\n過去を知った上で尚、フェイリクスの抹殺を\n最優先に提案してくるのは警察官としてどうなんだ？」		
「ノヴァさんってオートマタらしく\n<ruby=りんりかん>倫理観</ruby>や人間性がどっかいっちゃってる<ruby=ふし>節</ruby>が\nありますからねえ。」		
「まぁ……人間でありながら\n<ruby=りんりかん>倫理観</ruby>や人間性がどっかいっちゃってる人も\n居るんだけどね……。」		
（獅堂とか。）		
「提案なんだが、\nフェイリクスと交渉をしてみるのはどうだ？」		
「交渉？何を甘い事言ってんスか。川島さん。\n一度交渉失敗した事を忘れたんスか？」		
「フェイリクスは潰すしか無いんスよ。\n我々の手で。」		
「……何で身体とユリ姉を奪われた俺より\nお前の方が<ruby=さつい>殺意</ruby>マシマシになってんだよ。」		
「フェイリクスさんにノヴァさんでは無く\nノエルさんと認識されてるのが\n嫌なんじゃないですかねえ？」		
「ノエルの<ruby=こんぱく>魂魄</ruby>がノヴァの<ruby=ぎじこんぱく>疑似魂魄</ruby>に\n入ってるから実質ノヴァでもあり、\nノエルでもあるって状態ではあるんだが。」		
「まぁ、ノエルの方が素直でお<ruby=しと>淑</ruby>やかだし\nフェイリクスがノエル推しなのは\nある程度仕方がない気はする。」		
「おいこらー！何でノヴァちゃんの評価が\nノエルさんより低いんスか！そこは<ruby=いま>今</ruby>カノである\nノヴァちゃんを推すべきでしょうが！」		
「別に元カノとか今カノとかそういう話ではないんだが。」		
「あ、わかった。川島さんがノエルさんと\nフラグ立てていたのを知ってしまったから\nノヴァさんがヤキモチを焼いているんですね。」		
「おい、天道！余計な<ruby=せんさく>詮索</ruby>をしてんじゃねー！\nノヴァちゃんだって川島さんと\n過去にフラグぐらい何個も立ててんだよォ！」		
「早く思い出してくださいよォ！川島さん！\n自分との感動的なイベントシーンを！」		
「あ、ごめん。まだ思い出せてないわ。」		
「なんでノエルさんは思い出せて\n自分は思い出せないんスか！？\n<ruby=ひいき>贔屓</ruby>か！？<ruby=ひいき>贔屓</ruby>なのか！」		
「はい。ノヴァさん。どーどー。\n落ち着いてくださいよね。」		
「フシャー！」		
（天道に取り押さえられたノヴァは\n猫のように<ruby=いかく>威嚇</ruby>している。）		
「ごほん。脱線した話を元に戻そう。」		
「で、川島。\nフェイリクスとの交渉とは？」		
「以前、フェイリクスとの交渉に\n失敗した俺達は奴の過去を何も知らなかった。\nだが、今は違う。」		
「フェイリクスは最後までノエルを助けようとしていた。\nそしてノエルもフェイリクスを信用していた。\n元々、奴は完全な悪党じゃないんだ。」		
「<ruby=ていこくじゅうこう>帝国重工</ruby>の計画に\n巻き込まれたノエルと同じ被害者なんだ。\nフェイリクスは。」		
「なるほど……<ruby=じょうじょうしゃくりょう>情状酌量</ruby>の<ruby=よち>余地</ruby>はあるという事か。」		
「ああ。俺達はフェイリクスの過去を<ruby=ついたいけん>追体験</ruby>し、\n少しは奴の考えがわかったはずだ。」		
「だから、今なら奴を説得して\n自首させる事が出来るかもしれねえ。」		
「確かに今までとは状況は違いますし、\nこちらにはノエルさんが居ますからね。\n説得の可能性はゼロではないかもしれません。」		
「自分はノヴァだ！二度と間違えるな！」		
「ややこしいから\nちょっと黙っててくださいよ。\nノヴァさん。」		
「なにをー！」		
「いいだろう。\nフェイリクスとの交渉、\nやってみるがいい。」		
「いいのか？」		
「ああ。こちらとしても無駄な戦いは避けたい。\n話し合いで済むのならそれが一番だろう。」		
「良かったですねえ。川島さん。\n真田警部って意外と情に厚いので\nこういう話に弱いんですよ。」		
「黙れ。天道。\nいちいち<ruby=ちゃちゃ>茶々</ruby>を入れるな。\n話が進まん。」		
「我々は警察官だ。軍隊では無い。\n例え相手が犯罪者であっても\n可能な限り争いは避け、罪を<ruby=つぐな>償</ruby>わせるのだ。」		
「さあ行け。\nお前達がフェイリクスを説得し\n自首させるのだ。」		
「よし、いっちょやってみるか！\n行くぞノヴァ！」		
「へいへい。しょうがないッスねー。」		
「<ruby=いかるがけいさつちょうほうぶ>斑鳩警察諜報部</ruby>！出動ッス！」		
「さて、全員揃ったかな？」		
「<ruby=さみだれ>五月雨</ruby>が居ないようだけど？」		
「五月雨は<ruby=じたくきんしん>自宅謹慎</ruby>で学校を欠席中だ。」		
「さ、五月雨さんが自宅謹慎！？\nい、一体どういう事ですか！？」		
「彼女の身に一体何が！？\nた、大変だわ！お見舞い！\nお見舞いに行かなくちゃっ！」		
「ちょっと落ち着きなさいよ。\n獅堂ミナト。」		
「黙れ！\n盾なんとかの癖に何を知ったような口を！\nこれが落ち着いていられるか！」		
「盾なんとかの癖になってなによ！\nどういう言いがかりよ！？\nっていうかいい加減人の名前覚えろ！」		
「いい加減にしないか！お前達！\n事あるごとに喧嘩するんじゃない！」		
「獅堂。五月雨は無事だ。\n事情を説明するから着席しろ。」		
「は……はい。」		
「チッ。ユリ先生の手間を\n取らせんじゃないわよ。\n獅堂ミナト。」		
「あ？」		
「やめないか。お前達。」		
「五月雨は夜間に\n<ruby=ていこくじゅうこう>帝国重工</ruby>・<ruby=せいたいこうがくけんきゅうじょ>生体工学研究所</ruby>に無断侵入し\n<ruby=きこうしょうぶ>機巧勝負</ruby>を行った。」		
「母親であるカグヤ殿が娘の夜遊びに\n大層お怒りでな。五月雨をしばらくの間、\n自宅謹慎にしたのだ。」		
「そ、そんな…っ！\nしばらくの間、自宅謹慎って…！\n五月雨さんはいつ戻って来れるんですか！？」		
「さあな。\n少なくともカグヤ殿の怒りが収まるまでは\n学校には来られないだろう。」		
「そ……そんな……っ。\n五月雨さんと\nもう二度と会えないなんて……っ。」		
「五月雨さんが居ない世界で……っ。\n私は……私はこれから\nどうやって生きて行けばいいのよ……っ。」		
「別に二度と会えない事は無いでしょう。\nあんたいちいち<ruby=おおげさ>大袈裟</ruby>過ぎるのよ。」		
「というわけで五月雨が復学するまで\n学園生徒会・四天王も欠席という事だ。」		
「そう。今回集まってもらったのは他でも無い。\n先の帝国重工・生体工学研究所での\n機巧勝負の件だ。」		
「サツキとミナトはノエル達に機巧勝負を挑んだ。\nしかし、二人共負けてしまった。\nこれは重く受け止めなければならない事実だ。」		
「なぜなら学園生徒会・四天王が\n二人も敗北してしまったんだからね。」		
「く……っ！ち、違うんです川島さん…っ！\nあの日、私と五月雨さんは調子が悪かっただけなんです…っ！」		
「あの日は夜間で見通しも悪く圧倒的に不利な状況だった…っ！\nお<ruby=てんとさま>天道様</ruby>が照らす<ruby=はくちゅうどうどう>白昼堂々</ruby>であれば\n絶対に負けはしなかった…っ！」		
「それは相手も同じでしょう？\n負け惜しみなんて見苦しいわよ。\n獅堂ミナト。」		
「なんだと…！？\n負け犬が調子に乗るなッ！」		
「はぁ！？あんただって負け犬じゃない！\nなんなら、私はまだ１回しか負けてないし、\nあんたは２回負けてるんだからあんたの方が負け犬よ！」		
「はっ！それはあんたが１回しか\n戦う機会を与えられない弱者だから！\n川島さんに信用されてない証拠よ！」		
「あんですってぇえええ～～ッ！！\n獅堂ミナトぉおおお～～～ッ！！」		
「いい加減にしろ！お前達！\n何度も言わせるな！\nユートの<ruby=ごぜん>御前</ruby>だぞ！」		
「あ……っ。か、川島さん。\nすみません、つい感情的になってしまって…。」		
「ご、ごめんね…。ユート……。\nもしかして怒ってる……？」		
「いや、怒ってないよ。\nただ、今回は僕にとっても予想外だったんだ。」		
「う……っ。」		
「やっぱり怒ってる……っ。」		
「……ユートは怒っていないと\n言ってるようだが。」		
「サツキのガラハドも、\nミナトのアルバトロスも\nどちらも帝国重工の軍事用オートマタだ。」		
「どちらのオートマタも圧倒的な戦闘力を誇る。\n並みのオートマタでは<ruby=たちう>太刀打</ruby>ち出来ない程にね。」		
「その証拠にガラハドは\nノエルが操るメカワシマを圧倒していた。\n<ruby=めいじつとも>名実共</ruby>に戦力差は歴然。」		
「しかし、先の生体工学研究所での機巧勝負においては\nメカワシマにあっさりと倒されてしまっている。\n軍事用オートマタのガラハドが、だ。」		
「そして、ノエルのサポートがあったとはいえ、\nミナトが操る高機動飛行型オートマタ・アルバトロス\nでさえも撃破している。」		
「しかも、こちらが得意とする空中戦でね。」		
「………ううっ。」		
「この結果が導き出される答えは一つ。\n僕達との<ruby=たびかさ>度重</ruby>なる戦闘経験によって\n彼らの戦闘力が<ruby=ちゃくじつ>着実</ruby>に上がっているという事だ。」		
「まさか……\nあいつらどんどん強くなってるって言うの……！？」		
「……先日まで\n素人同然のヒヨッコだったというのに\n恐るべき成長速度だな。」		
「そう。もはや彼らは学園生徒会の脅威になりつつある。\nだから、僕達もそれ相応の準備をしなくっちゃあいけない。」		
「僕達、学園生徒会に\n残されたオートマタは後２機。\n１機は既にユリヒメに<ruby=たいよ>貸与</ruby>している。」		
「任せろ。ユートから借りた大事な機体。\n必ずや奴等を打倒してみせよう。」		
「そして、最後の１機なんだけど……、」		
「その最後の１機…っ！\n私に貸してください…っ！\n必ずやこの手で五月雨さんの<ruby=かたき>仇</ruby>を討ちます…っ！」		
「はぁ…！？何言ってんのよ！\nあんたもう既に２回負けてんだから、\n最後の１機はこの私に決まってんでしょ！？」		
「負け犬は引っ込んでなさいよ！\n獅堂ミナトッ！」		
「あァ！？誰が負け犬だァッ！？\n最初に機巧勝負で負けた学園生徒会・四天王最弱が\nどの<ruby=つら>面</ruby>下げてほざくのよ！？」		
「誰が四天王最弱だッ！\n敗北数最多のあんたが最弱でしょうがッ！」		
「なんだとォッ！？」		
「なによぉッ！？」		
「お前達ッ！いい加減に……ッ！」		
「最後の機体は……\nミナト、アメリア、\n君達二人に使ってもらおうと思う。」		
「………へ？」		
「この機体は武装が多く精密な制御が要求される為、\n一人での操作は難しい。\nだから二人で協力して操るんだ。」		
「川島さん…！？本気ですか！？\nこの<ruby=たておんな>盾女</ruby>と協力しろですって！？」		
「誰が<ruby=たておんな>盾女</ruby>だッ！\n……じゃなくて！この女と協力だなんて\n死んでも嫌よッ！」		
「二人が協力出来ないと言うのならこの話はナシだ。\n君達はノエル達に負けたままでも\nいいっていうのかい？」		
「う、うぐ……っ！」		
「そ、それは……っ！」		
「さっきも言ったけれど、\n彼らは僕ら学園生徒会の脅威になりつつある。\n君達が<ruby=なかたが>仲違</ruby>いしていたら勝てるものも勝てないだろう。」		
「だから、二人で協力して勝つんだ。\n……いいね？」		
「ぐ……ぐぐ……っ。\n背に腹は代えられない……か。」		
「うぎ…ぎぎ……っ。\nや、やるしか……ないようね……。」		
「良かった。わかってくれたようだね。\nミナト、アメリア。」		
「まさか……あの<ruby=けんえん>犬猿</ruby>の仲の\n獅堂と盾守が協力するだと……？\nこれは夢でも見ているのか……？」		
「それじゃあ、約束通り\n君達にオートマタを貸し出そうじゃないか。」		
「ああ。そうだ。この機体を操るには\n<ruby=あうん>阿吽</ruby>の呼吸が必要だ。」		
「二人の息を合わせる為にも\nなるべく一緒に過ごして\n<ruby=しんぼく>親睦</ruby>を深めるといいだろう。」		
「は……？盾なんとかさんと一緒に過ごす…？」		
「え……？獅堂ミナトと<ruby=しんぼく>親睦</ruby>を深める……？」		
「そうさ。二人共仲良くしないとね。\nわかったかい？」		
「素晴らしい…！さすがユートだ…！\nあの<ruby=なかたが>仲違</ruby>いしていた二人が\nついに手を取り合おうとしている…！」		
「これがまさしく『努力・友情・勝利』だな！」		
「む。キャッチが入ったようだ。」		
「はい。こちら生徒会室。」		
「……わかった。伝えておこう。」		
「ユート。お前に客人だそうだ。\n……屋上で待っていると。」		
「予想通り、\n向こうから来てくれたようだ。」		
「……<ruby=ごえい>護衛</ruby>が必要か？」		
「いや、ユリヒメはここに居てくれ。\n僕だけで行ってくるよ。」		
「わかった。\nくれぐれも気を付けてくれ。」		
「心配は無いよ。\n彼らも研究所でアレを見ただろうし\nこれでようやくまともな話が出来るというものさ。」		
「やあ。ノエル。\n来てくれて嬉しいよ。」		
「おい、テメェ。\n俺も居る事を忘れんな。」		
「やれやれ。\nせっかくのノエルとの再会だと言うのに\n本当に空気が読めないな。君は。」		
「<ruby=ごたく>御託</ruby>はいらねーッス。\nとっとと話を始めるッス。」		
「つれないなぁ。ノエルは。\nけれどそんな君も素敵だよ。」		
「うげ。」		
「それじゃ早速だけど用件を聞こうか？」		
「<ruby=たんとうちょくにゅう>単刀直入</ruby>に言う。\n今すぐ人質を解放し警察に自首しろ。\n今なら<ruby=きょっけい>極刑</ruby>は<ruby=まぬが>免</ruby>れる。」		
「何故？」		
「お前が俺を憎む理由はわかっている。\n俺のせいでノエルが<ruby=りんしょうじっけん>臨床実験</ruby>を\n受けたようなもんだからな。」		
「そうだ。川島ユート。\n全ては君のせいだ。」		
「君が居なければ、君がノエルの前に現れなければ\nノエルは君の<ruby=くちぐるま>口車</ruby>に乗り臨床実験を受ける事も\n命を落とす事も無かったんだ。」		
「それなら憎しみの<ruby=ほこさき>矛先</ruby>は俺だけにしろ。\n関係無い奴等を巻き込むな。」		
「それじゃダメなんだよ。\n君には僕と同じ苦しみを\n味わってもらわないといけない。」		
「僕がノエルを失ったように\n君も大切な人を失うのさ。\nそうでなければ復讐にならないじゃないか。」		
「フェイリクス。川島さんだって\n大切な友人のノエルさんを失ってるんス。\nお前だけが被害者のように語るなッス。」		
「ノエル。君は昔からそうだ。\nいつもいつもこの男は庇う。」		
「僕らは友達だろう？\nだったらこんな男なんて\nどうだっていいじゃないか。」		
「ノエルさんは川島さんもフェイリクスも\nどちらも大切でかけがえないのない友達だと\n思っていた。」		
「お前みたいに廃棄されたオートマタでも\n<ruby=しっとしん>嫉妬心</ruby>で<ruby=ふくしゅう>復讐</ruby>を<ruby=くわだ>企</ruby>てようとする犯罪者でも\n分け<ruby=へだ>隔</ruby>てなく接していた。」		
「お前はノエルさんの優しさにかこつけて\n八つ当たりをしてるに過ぎないんスよ。\nフェイリクス。」		
「…………っ。」		
「どう……して……っ！\nどうして君はいつもそうなんだノエル！」		
「君はいつも僕ばかり非難する！\n僕はいつも君の為だけを考えているのに！\nどうしてこの男には甘いんだっ！」		
「フェイリクス。\nお前、八つ当たりする相手も\n復讐する相手も間違えてるッス。」		
「お前が戦うべきは川島さんではない。\nノエルさんを実験体にし、\n臨床実験で死なせた<ruby=ていこくじゅうこう>帝国重工</ruby>じゃないんスか？」		
「ああ……もちろんだよ。ノエル。\n<ruby=ていこくじゅうこう>帝国重工</ruby>にもたっぷりと\n復讐してやらなくちゃね。」		
「けれどそれは…っ！\n川島ユートに復讐してからだ…っ！」		
「帝国重工はノエルの命を奪ったが、\n川島ユートはノエルの心は奪った……ッ！」		
「肉体を失ってもノエルの<ruby=こんぱく>魂魄</ruby>は\n<ruby=だいさんせだいがた>第三世代型</ruby>の<ruby=うつわ>器</ruby>の中で今も生き続けている。」		
「けれど、そんなノエルの心は今もなお、\n川島ユートに奪われている…ッ！」		
「それが僕にはどうしても我慢がならないんだ…っ！」		
「フェイリクス…っ！お前…っ！」		
「待て、ノヴァ。」		
「フェイリクス……。\nテメェ……今、\nノヴァの事を<ruby=うつわ>器</ruby>っつったか？」		
「ああ、そうさ。\nこのオートマタはノエルの<ruby=うつわ>器</ruby>でしかない。」		
「ノヴァなんて人物も\nオートマタも最初から居ない。\nだってこれはノエルなのだから。」		
「……そうか、わかった。」		
「フェイリクスッ！\nテメェはやっぱりこの俺がぶちのめすッ！」		
「ちょっ！川島さん！\nフェイリクスを説得するんじゃないんスか！？」		
「悪いな。ノヴァ。\nこいつの説得は無理だ。\nいや、説得なんて<ruby=なまぬる>生温</ruby>い。」		
「こいつは…ッ！フェイリクスは\nノヴァという人格を否定した…ッ！\nこいつには最初ッからノエルしか見えてねぇッ！」		
「お前はお前だ！ノヴァ！\nお前はノエルじゃねぇ！ノヴァなんだ！」		
「……川島さん。」		
「ふふっ。おかしな事を言うね。\n君だってノエルが生きていて嬉しいんだろ？」		
「だったら、ノヴァなんて代用品は捨てて\nノエルとして接すればいいじゃないか。」		
「ふざけんなッ！俺はッ！\nノヴァもッ！ノエルもッ！大事なんだッ！」		
「どっちも犠牲にはしねぇッ！\nどっちも助けてみせるッ！」		
「……黙れ。ノエルを<ruby=みごろ>見殺</ruby>しにした君に\nそんな言葉を言う資格は無い。」		
「……交渉決裂だな。\n<ruby=めざわ>目障</ruby>りだ。早く僕の前から消えろ。」		
「……ああ。次会ったら、\nこの俺がぶっ殺す。\n首を洗って待ってやがれフェイリクス。」		
「あ、ちょっと待ってくださいッス！\n川島さーん！」		
「君はノエルだ。ノヴァじゃない。\n早くそんな<ruby=まが>紛</ruby>い物の人格を捨てて\nノエルに戻っておくれよ。」		
「……フェイリクス。\nお前がそんなだからノエルさんは\n川島さんに魅かれたんスよ。」		
「自業自得ッス。\nいつまでもガキみたいに他人のせいに\nしてんじゃねーッス。」		
「……ノエル。君はいつもそうだ。」		
「……どうしてわかってくれないんだ。」		
（フェイリクスの説得に失敗した俺達は\nさっさと帰ろうと昇降口にやって来た。）		
（すると、\nそこには見知った学生が倒れていた。）		
「……ノヴァ。間違いなく<ruby=やっかいごと>厄介事</ruby>だ。\n何事も無くスルーするぞ。」		
「……ラジャッス。」		
（そそくさと通り過ぎようとすると\n倒れている学生に足を掴まれた。）		
倒れている学生		
「……ど、どうして無視をするんだ。\n君達には人の心が無いのか？」		
（くそっ。やはり厄介事に巻き込まれた。）		
（観念した俺は倒れている学生に話しかける。）		
「よー。誰かと思えばメガネくんじゃねーか。\nそんなところで昼寝か？」		
「……僕は<ruby=はなさき>花咲</ruby>だ。\n確かにメガネは掛けているけど\n<ruby=はなさき>花咲</ruby>だよ。」		
「君にはこの状況が昼寝をしているように見えるかい？\nどう見ても殴られて地に伏しているじゃないか。」		
「……ボコられてぶっ倒れてるわりには\n元気に喋るじゃねーか。」		
「花咲さん。\n正直、ミリも興味無いんスけど\n一応聞きますが、何があったんスか？」		
「……<ruby=きこういん>機巧院</ruby>さん、\n何て冷たい事を言うんだ。\n君には血が通ってないのかい？」		
（まぁ、ノヴァはオートマタだから\n実際血をは流れてはいない。）		
（だから<ruby=れいけつ>冷血</ruby>というわけではなく、\nガチで花咲に興味が無いのだろう。）		
「実は僕は今まで三年生の<ruby=だいどうじせんぱい>大道寺先輩</ruby>に\nずっとパシりとしてコキ使われて来たんだ。」		
「けれど、機巧院さんがこの前、\nカードハンターに勝利して\n僕のデッキを取り返してくれただろう？」		
「僕はその時思ったのさ。\n僕も君と同じ<ruby=せいおうがくえん>聖皇学園</ruby>の学生に過ぎない。僕だって\nその気になれば何でも出来るんじゃないかってね。」		
「ニートは誰だってそう言うぞ。」		
「しっ。川島さん、余計な事言わない。」		
「だから、僕は\nなけなしの勇気を振り絞って\n大道寺先輩にデュエルを挑んだんだ。」		
「僕がデュエルに勝ったら、\n大道寺先輩のパシリから\n足を洗うという名目でね。」		
「けれど、結果はこの通りさ。\n僕はデュエルで負けて、デッキを奪われたあげく\n反抗した<ruby=しゅくせい>粛清</ruby>にボコボコにされてしまったんだ。」		
「すがすがしいほどに\n予想通りに負けるなこいつ。」		
「しかも、大道寺先輩に<ruby=たてつ>盾突</ruby>いた\n罰金として２０万円を支払えって\n<ruby=きょうかつ>恐喝</ruby>されてるんだ。」		
「２０万円を払わなければ\n僕の命よりも大事なデッキは\n僕の目の前で燃やされてしまうらしい。」		
「な？酷い話だろう？」		
「だからお願いだよ。\nこんな僕に同情するなら\n２０万円貸してくれないかい？」		
「おいっ！お前！\n言うに事欠いて金貸せだと…！？\nンな事―――――、」		
「同情するなら金をくれパーンチッ！！！」		
（ノヴァの<ruby=むじひ>無慈悲</ruby>な右ストレートを顔面に受けた\n花咲はゴムボールのように\n吹っ飛び昇降口の下駄箱に激突する。）		
「ちょ、え……？\nさすがにやり過ぎでは……？」		
（最初にボコられてた時より\n悲惨な状態になっているが……死んだか？）		
「うぐぐ……っ！\nい、痛いじゃないか……っ！\nいきなり何をするんだよ！機巧院さん！」		
「見損なったぞ！花咲！\nいきなり同情を煽り金を貸せだと！？」		
（まぁ……以前の助けた恩も忘れて\nこのクズムーブじゃ\nさすがのノヴァもキレるよな。）		
「そ、それの何が悪いんだ！\n僕は被害者だぞ！？」		
「『同情するなら金をくれ！』だろうがッ！\n『金を貸せ』だなんてヒヨってんじゃねーッ！」		
「え？キレてる理由、そっち？」		
「今更、良心の<ruby=かしゃく>呵責</ruby>に<ruby=さいな>苛</ruby>まれるな！\n金をせびるなら、すべてを他人のせいにして\n徹底的に被害者に徹しろッ！」		
「中途半端が一番タチが悪いッ！\n同情ってのはな！頭を地面に擦り付け<ruby=どろみず>泥水</ruby>を\nすすりながら金を恵んでもらうしかねぇんだよッ！」		
「な……何もそこまで……っ。\nぼ、僕は命より大事なデッキを\n取り返したいだけで……っ。」		
「……何勘違いしてるんだ？」		
「――――――<ruby=かね>金</ruby>は<ruby=いのち>命</ruby>より重いッ！！！」		
「――――――ッッッッ！！！！」		
「金を手に入れるって事は\nそれだけの代償を支払うって事だ。\nだからテメーは一生負け犬なんだ。」		
「僕が……負け犬？」		
「ちょ……ノヴァさん？\nなんかキャラ変わってません？」		
（前から金への執着心が異常だと思ってたが\n完全に地雷踏んじゃってるじゃんコレ。）		
「た、確かに……僕は心のどこかでお金を軽んじていた。\nそれはきっと僕が裕福で贅沢な生活を送って来たからだ。」		
「僕は今の状況にあぐらをかいて、\nお金の価値を自分のデッキより下に見ていた。\nそうか……本来、お金は命より重いものだったのか。」		
「いや……お金もデッキも\n命には代えられないと思うんだけど。\nお前の<ruby=しせいかん>死生観</ruby>おかしいよ。」		
「行くッスよ。花咲さん。\nアンタに見せてやるッス。\n<ruby=デュエリスト>決闘者</ruby>の誇りってやつを。」		
「え…？行くってどこに？」		
「アンタのデッキと誇りを奪った奴の元ッス。」		
大道寺		
「花咲か。\n金は持ってきたんだろうな？」		
「い、いえ……この方々が\n大道寺先輩にお話があるとかで…。」		
「……おい、メガネ。\n何急にペコペコ<ruby=たにんぎょうぎ>他人行儀</ruby>になってんだ。\nさっきの威勢はどうしたよ。」		
「ン？何だお前らは？」		
「アンタが大道寺さんッスね。\n花咲さんから話は聞いたッス。\n何でもデッキを奪い金銭を要求しているとか。」		
「フン。花咲が生意気にもこの俺様に盾突くからよー。\nちょっとお<ruby=きゅう>灸</ruby>を<ruby=す>据</ruby>えてやっただけだ。\nたかが２０万円で許してやろうってんだ俺も優しいだろ？」		
「わざわざここに来たって事はよー。\nまさかお前らがこいつの代わりに\n金を払うってのか？２０万をよ。」		
「ここに倍の４０万があるッス。」		
「え！？」		
「い、いつのまに！？」		
「ほー。気前がいいじゃねぇか。\nさぁ、そいつを渡してくれよ。」		
「いや、タダでは渡さないッス。\nこの金を掛けて……デュエルしろよ！」		
「……何ィ？デュエルだぁ？」		
「アンタが勝てばこの金はやるッス。\nただし、自分が勝てば花咲さんの\nデッキの返却と自由を要求するッス！」		
「なるほど。つまりテメーは\n花咲が金で雇った<ruby=しかく>刺客</ruby>ってワケか。」		
「自分で逆立ちしたって勝てないからって\n代わりのヤツを寄越すなんてとんだ腰抜けだぜ。」		
「確かに花咲さんはクズで腰抜けッス。\nそこは否定出来ない事実。」		
「機巧院さんっ。\n別にそこまで言わなくてもいいじゃないかっ。\n君はどっちの味方なんだいっ！？」		
（急に味方から<ruby=はしご>梯子</ruby>を外されるなんて\n哀れな花咲である。）		
「まぁ、俺は別にいいぜ。\nテメーにデュエルで勝つだけで\n倍の４０万が手に入るんだからよー。」		
「気を付けて！機巧院さん！\n大道寺先輩のデッキは僕がパシリで\nかき集めたカードで強化されているんだ！」		
「ククク……ッ。その通り。\nカードハンターに狩られたデュエリストは\nその場で倒れカードがばら撒かれる。」		
「花咲には敗北したデュエリストから\nカードを回収するパシリをさせていたのさ。」		
「敗北者のカードを漁るだと…！？\nなんてハイエナみてぇな事をしてやがるんだッ！\n花咲のクソ野郎はッ！」		
「ぼ、僕は命令されただけだっ！\n僕は悪くないっ！」		
（この期に及んで言い訳とは\nまさにクズの<ruby=かがみ>鑑</ruby>である。）		
「<ruby=あまた>数多</ruby>のレアカードで\n強化された俺のデッキに勝てるやつはいねぇ！\nテメーに万に一つも勝ち目はねぇ！」		
「<ruby=のうが>能書</ruby>きはいい。\nとっとと始めるッス。」		
「ケッ。まだ自分の立場がわかってねぇようだな。\nいいぜ。わからせてやる。」		
「俺様の圧倒的な超重量級パワーデッキでなぁッ！」		
ノヴァ／大道寺		
「先行は自分ッス！」		
「手札の『<ruby=ウインドマン>疾風の羽男</ruby>』と『<ruby=フレイムガール>烈火の炎女</ruby>』の2体を\n墓地に送り――――――――、」		
「――――――――『<ruby=バーストウイングマン>烈風の火炎男</ruby>』を<ruby=ゆうごうしょうかん>融合召喚</ruby>！」		
「ほう。攻撃力３０００の\n上級モンスターを召喚したか。」		
「『<ruby=ゆうごう>融合</ruby>』を主軸にした\nヒーローデッキといったところか。」		
「その通り！\n自分のヒーローデッキは『<ruby=ゆうごう>融合</ruby>』による\n速攻召喚でビートダウンを狙うデッキッス！」		
「自分はカードを\n１枚セットしてターンエンド！」		
「だが、パワーなら俺の<ruby=.どくだんじょう>独壇場</ruby>だ！\n俺のターン！ドロー！」		
「手札から『ヘビー・クレーン』を召喚！」		
「『ヘビー・クレーン』の効果発動！\nこのカードを墓地に送る事で、デッキから\n『ヘビー』モンスターを特殊召喚する！」		
「俺はデッキから『ヘビー・ショベル』を\n特殊召喚！」		
「さらに手札から『ヘビー・コンテンサー』を発動！\n『ヘビー・ショベル』の攻撃力を２倍にする！」		
「何ィ！？\nいきなり攻撃力３５００のモンスターだと！？」		
「ククク…ッ！どうだ！\nこれが初手からパワー全開の\nモンスターを展開する『<ruby=じゅうき>重機</ruby>』デッキだ！」		
「行けえ！『ヘビー・ショベル』！\n『<ruby=バーストウイングマン>烈風の火炎男</ruby>』を攻撃ッ！」		
「ぐわあー！\n『<ruby=バーストウイングマン>烈風の火炎男</ruby>』がやられたッ！」		
「まだだ！『ヘビー・コンテンサー』の効果を受けた\n『ヘビー・クレーン』がモンスターを破壊した時、\n『ヘビー・ブルドーザー』に進化するッ！」		
「こ、攻撃力４５００…ッ！？」		
「そして、進化した『ヘビー・ブルドーザー』には\nまだ攻撃権が残されている！」		
「行けえッ！『ヘビー・ブルドーザー』！\nプレイヤーに<ruby=ダイレクトアタック>直接攻撃</ruby>ッ！」		
「ぐわあああああーーーーッ！！」		
「俺はカードを１枚セットしてターンエンド！」		
「はっはっは！もはやお前の虫の息！\nこのまま<ruby=ひね>捻</ruby>り潰してやるッ！」		
「ああ…っ。やっぱり駄目だ…っ。\n大道寺先輩の超重量級パワーデッキの前に\n機巧院さんは手も足も出ない…っ。」		
「大道寺先輩に挑んで<ruby=げこくじょう>下剋上</ruby>を狙うなんて\n<ruby=むぼう>無謀</ruby>だったんだ…っ。僕達は強者に絶対<ruby=あらが>抗</ruby>えない…っ。\nこの世界はそういうシステムになっているんだよ…っ。」		
「黙れ……っ。」		
「え？だ、黙れ？\n今黙れって言った？機巧院さん？」		
「黙れよメガネ…！\nまだ、自分は負けていない…！\nこんなところで諦めるわけにはいかない…っ！」		
「もう無理だよ…っ。君の場のモンスターはゼロ、\nライフは虫の息。」		
「対して、大道寺先輩の場には\n攻撃力４５００の超パワーモンスターが健在。\nそんな状態で勝てっこない…っ。」		
「そうやって何でもかんでも弱気になって\n諦めてるから<ruby=さくしゅ>搾取</ruby>され続けるんだ！\nもっと勝ちに行け！勝利に<ruby=どんよく>貪欲</ruby>になれ！」		
「自分は勝つ…！絶対に…！\n見せてやる…！勝利へのロードをッ！」		
「何ィ…！？フィールドと\n墓地のモンスターで<ruby=ゆうごうしょうかん>融合召喚</ruby>だとォ！？」		
「だが、攻撃力３５００じゃ\n俺の攻撃力４５００の『ヘビー・ブルドーザー』を\n倒す事は出来ないぜ！」		
「<ruby=トラップ>罠</ruby>カードオープン！\n『ヒーロー・バインド』発動ッ！」		
「このカードはフィールドの\nモンスター１体の攻撃力を強制的に０にするッ！」		
「当然、『ヘビー・ブルドーザー』を選択する！」		
「何ィ！？俺の『ヘビー・ブルドーザー』の\n攻撃力が０に下がっただとォ！？」		
「行けえッ！『<ruby=ライトニングサンダーマン>雷神の電磁男</ruby>』ッ！\n『ヘビー・ブルドーザー』に攻撃ッ！」		
「お、俺の『ヘビー・ブルドーザー』が\n破壊されたぁッ！？」		
「まだだッ！『<ruby=ライトニングサンダーマン>雷神の電磁男</ruby>』の効果発動ッ！\n戦闘で破壊したモンスターの元々の攻撃力分の\nダメージを相手プレイヤーに与えるッ！」		
「『ヘビー・ブルドーザー』の\n元々の攻撃力は……４５００ッ！？」		
「４５００のダメージを受けろッ！\nスパークブラスターッ！」		
「ぐ、ぐわああああああーーーーーッ！！！」		
「お、俺の超重量級パワーデッキが…ッ！！\n負けただとぉおおおおおーーーッ！！！」		
「自分の勝ちッス。\n約束通り、花咲さんのデッキと\n身柄は返してもらうッスよ。」		
「クソ……ッ。\nテメー……一体……何者だ……？」		
「<ruby=デビルズラブリーデュエリスト>小悪魔系愛決闘者</ruby>……っ。\nま、まさかカードハンターをやったっていう\n謎の<ruby=デュエリスト>決闘者</ruby>か……っ。」		
「く……っ。まさかウチの学園に\nとんでもねー<ruby=デュエリスト>決闘者</ruby>が居たとはな……っ。」		
「こいつは……誤算……だったぜ……っ。」		
「さあ、花咲さん。\nこれでアンタは自由ッス。」		
「ありがとう。機巧院さん。\n大道寺のヤツから無事デッキも取り戻せたよ。」		
「……お前、ドサクサに紛れて\nいつの間にデッキをくすねて来たんだよ。」		
（目にも止まらぬ<ruby=はやわざ>早業</ruby>。\nパシリのし過ぎで息を吸うように\nスティールしてやがる。）		
「機巧院さん。\nどうしてまた僕を助けてくれたんだい？\n僕は君からお金をせびろうとしていたのに。」		
「花咲さん。アンタには\n<ruby=デュエリスト>決闘者</ruby>の誇りと\n金の大切を知って欲しかったんス。」		
「<ruby=デュエリスト>決闘者</ruby>の強さはプレイヤースキルと\nデッキ強化に掛けたお金。どちらも大切で\nどちらが欠けてもダメなんス。」		
「普通、この手の話の流れって\nお金より大切なものがあるとか\n教えるのが王道パターンじゃないのか…？」		
「そう……だったのか。\n僕は裕福な家庭で何不自由なく育ったから\nお金のありがたみがわかっていなかった。」		
「機巧院さんが気付かせてくれたんだ。\nお金は命より重いって事をね。」		
「そうッス。その言葉忘れずに。」		
「もう大道寺のような奴らから\n搾取されてはダメッスよ。\nそのデッキは飾りじゃないんスから。」		
「ありがとう。機巧院さん。\n僕はこれからありったけのお金を注ぎ込んで\nこのデッキを強化するよ。誰にも負けないようにね。」		
「おかしい…。何かがおかしい……。」		
「……<ruby=こうしょう>交渉</ruby>は<ruby=けつれつ>決裂</ruby>か。」		
「ああ。奴の心は過去のノエルに<ruby=とら>囚</ruby>われ続けている。\nもはや現実を見ていない。\n話し合いに応じる余地はどこにも無い。」		
「だから、言ったじゃないッスか。\nフェイリクスは始末するしか選択肢は無いんスよ。」		
「……結果的にはそうなったが\nお前の思考は<ruby=たんらくてき>短絡的</ruby>過ぎるぞ。」		
「でも、交渉決裂した理由がノヴァさんを\nないがしろにされて川島さんがブチ切れたってのが\nとてもハートフルですよねえ。」		
「川島さんはそれほどノヴァさんの事が\n大事だったって事ですねえ。\n素敵なお話を聞いて私、感動しちゃいました。」		
（天道がニヤニヤしながらわざとらしく\nべた褒めしてくる。こいつが言うと\n本気なのか嫌味なのか判断付かない。）		
「あー。せっかくの胸キュンイベントだったのに\n天道さんに言われるとなんか安っぽくなるんスよねえ。\nちょっと黙っててくださいッス。」		
「ひどいっ。私はお二人を応援しているというのに\nこの扱い。悲しいです。しくしく。」		
「うぜー。」		
「貴様ら。\n事あるごとに茶番を始めるな。\n<ruby=ていれいほうこくかい>定例報告会</ruby>が進まんではないか。」		
「あ、これ定例報告会だったんだ。」		
「真田警部の前で浮いた話はご<ruby=はっと>法度</ruby>です。\nご本人が<ruby=おんな>女</ruby>っ<ruby=け>気</ruby>が無いことを\n気にされているので。」		
（天道がわざと\n真田に聞こえるように耳打ちしてくる。）		
「天道貴様、\nそれはこの私に対する<ruby=ぶじょく>侮辱</ruby>か？」		
「いえいえ、心配なさらなくても\n今度、新人警官の娘を何人か回しておきますよ。\nこの天道にお任せを。」		
「くだらん気を回すな！\n貴様のせいでいらん噂が立って迷惑してるのだ！\nいい加減にせんかっ！」		
「まぁ、実際、\n真田警部って新人警官から怖がられてるから\nもう少し<ruby=あいそ>愛想</ruby>よくした方がいいッスよ。」		
「そ、そうなのか…？\n私はそのようなつもりは無いのだが……。」		
「そういえば最近新人達から\n避けられている気がするがそのせいなのか…？\nい、いやそんなはずは……。」		
「おい、真田ー。\n定例報告会はどうしたー？」		
「ム……話を戻そう。」		
「して、フェイリクスとの交渉決裂。\n残る選択肢はフェイリクスを捕獲するほか\n無くなってしまったわけだ。」		
「ですが、フェイリクスさんは\n聖皇学園の生徒達を洗脳し、\n人質にしてしまっている。」		
「こちらからは<ruby=うかつ>迂闊</ruby>に\n手出し出来ないんですよねえ。」		
「むむむ。そこが<ruby=なんぎ>難儀</ruby>だな。\n何か手は無いものか。」		
「ええい！面倒だ！\nもうこの際、強行突入してフェイリクスを\n始末しちまいましょうぜ！」		
「ダメだダメだッ！絶対ダメだっ！\nユリ姉に危害が及んだらどうする！？」		
「ユリ姉に万が一の事があったら\n俺は……俺は……ッ！」		
「うわあああああああああーーーーーーッ！！！」		
「落ち着け！\n一体、どうしたというのだ！」		
「あー。いつもの<ruby=ほっさ>発作</ruby>ッス。\n川島さんは重度のシスコンなので\nユリせんせーに何かあるとすぐ取り乱すんスよ。」		
「まだ何も起きて無いのに\n思い込みだけでここまで発狂するなんて\nすごい想像力ですねえ。」		
「ユリ姉ッ！ユリ姉ッ！\n俺はッ！俺はあああああああーーーッ！！！」		
（ユリ姉への思いの<ruby=たけ>丈</ruby>を叫び続けていると\n突如俺の頭が胴体から射出され――――）		
（地面に俺の頭が転がった。）		
「……………え？」		
「な、何ィ……！？\nく、首が飛んだ……だと！？」		
「おろ？川島さん。\n頭外れてるッスよ。」		
「ちょ……え？何コレ？\n何で俺は俺の胴体を見てるの？」		
「うわ。首だけになっても喋れるんですねえ。」		
「しかし、急にどうした事だこれは……？」		
「騒がしいので川島の頭をパージした。」		
「おー。ドクター。\nはろはろー。」		
「影山。」		
「おやおや。影山さんが\nわざわざここにいらしたという事は\nもしかして？」		
「ああ。フェイリクスの件、私に策がある。」		
「何？詳しく聞かせてもらおう。」		
「君達はフェイリクスに\n洗脳された人質が居るせいで\n手出しが出来ない。そうだな？」		
「ああ。それが出来れば苦労は無い。」		
「フェイリクスの洗脳は本来、\n奴に備わっている能力ではない。\n外部から供給された電磁パルスを制御してるに過ぎん。」		
「……どういう事だ？わかるように説明しろ。」		
「フェイリクスは\n外部に設置された洗脳装置を使用して\n生徒達を洗脳している。」		
「そして、洗脳範囲が学園全体となると\nそれだけ大規模な洗脳装置が必要だ。\nそれこそ大型の機材が設置、運用が出来る施設内に。」		
「つまり、どこかに存在する洗脳装置を\n破壊さえしてしまえばフェイリクスに\n洗脳された生徒達は正気に戻るという事だ。」		
「……なるほど。洗脳装置の捜索と破壊か。\nそれで人質が自由になれば心置きなく\nフェイリクスを確保出来るというものだ。」		
「確かに洗脳装置でも使わない限り、\n学園の生徒全員を洗脳って無理がありますよねえ。」		
「なにせフェイリクスが乗っ取ってるのが\nよりによって川島さんの身体ですからなあ。」		
「……おい。よりによってってなんだ。\n俺の能力が極端に低いみたいに\n言うんじゃねーよ。」		
（まぁ実際、洗脳能力なんて持ってないんだが。）		
「よし。洗脳装置を見つけ出し\n破壊する作戦で行くとしよう。」		
「では、洗脳装置の設置場所を捜索する班と\n探し出した洗脳装置を破壊する班で\n<ruby=ふたて>二手</ruby>にチームを分ける。」		
「洗脳装置の捜索班は天道だ。」		
「え。私ですか？」		
「洗脳装置の破壊班は機巧院と川島だ。」		
「ラジャッス。」		
「くそっ、しょうがねぇな。\nそれでユリ姉が助かるならやってやるよ。」		
「ふむ。大枠の方針は固まったようだ。」		
「いやいや。ちょっと待ってくださいよ。」		
「私、管理職でしばらく現場に出て無いんですけど。\nそれに捜索班とか言いつつ私一人ですし。\n班じゃないですし。」		
「貴様は管理職という地位に甘んじて\nまるで身体を動かしていないではないか。」		
「丁度いい機会だ。管理職で<ruby=なま>鈍</ruby>った身体を\n現場で少しは使えるように戻して来い。」		
「捜索班が私一人の理由を教えてもらってないんですけど。」		
「機巧院と川島は\n天道が洗脳装置を見つけるまで待機だ。\n破壊任務に備えて身体を休めておけ。」		
「やったぜ！休暇だー！」		
「以上で作戦会議を終了する。\n全員解散。」		
「私に出来るアドバイスはここまでだ。\n後は君達次第、健闘を祈る。」		
「さーて、帰ってなにしよっかなー。」		
「ちょっ、真田警部？\nマジで私一人で捜索するんですか？」		
「オオオオオオーーーーイ！！\n俺の頭！俺の頭戻してから帰れよっ！！」		
「というわけで、\nレトロゲーム挑戦シリーズPart4\n『すーぱーまるおブラザーズ』でしたー。」		
「ノヴァちゃんのてへペロなゲームプレイは\nお楽しみ頂けましたかなー？」		
「お！ギフトチャットあざまーッス！」		
「ささ、ギフチャ送るならここですぞ！\nどんどんウェルカム！」		
「おおおおー！コメ欄が真っ赤になっておる！\n今日も大盛況で回っておりますよー！」		
「ギフトチャットありがとございまーッス！」		
「当チャンネルは皆さんのギフトチャットに\n支えられております。感謝感謝。へへへ。」		
「さてさて、皆さん。\nまた次の配信で会いましょー。」		
「ばいばーいッス。」		
「ふー。今日のお仕事終わりっと。」		
「うわ。今の配信の<ruby=どうせつ>同接</ruby>3000人とか\n<ruby=こじんはいしんしゃ>個人配信者</ruby>と思えない視聴者数だな。」		
「ふっふっふ。『ノヴァちゃんねる』が\n大人気ちゃんねるだという事が\nおわかり頂けましたかな？」		
「ただ、ゲームしてる様子を\n垂れ流してるだけなのに\n何でこんな見に来る奴らが居るんだよ。」		
「ゲーム攻略に<ruby=ふんとう>奮闘</ruby>する<ruby=とうしんだい>等身大</ruby>の現役JK。\nノヴァちゃんの日常に皆さん<ruby=きょうみしんしん>興味津々</ruby>なのですよ。」		
「……ゲーム観に来てるわけじゃねーのかよ。」		
「ゲーム目的で観に来たリスナーさんも\nノヴァちゃんの魅力の<ruby=とりこ>虜</ruby>になり以降は\nノヴァちゃん目当てで観に来るのですよ。」		
「ノヴァちゃんホイホイかな。」		
「さて、一仕事したし、\nオナペコですなー。」		
「お腹ペコぺコな。変な略し方をするな。\nなんか<ruby=ひわい>卑猥</ruby>だろ。」		
「一番いいミースパを頼む。」		
「へいへい。\nミートスパゲティな。\nすぐ作るから待ってろ。」		
「ほーい。」		
「つーか、フェイリクスが設置した\n<ruby=せんのうそうちはかいさくせん>洗脳装置破壊作戦</ruby>が控えてるってのに\nこんなのんびりしてていいのか？」		
「別にいんじゃないスかー？\n真田警部が休んでろって言ってたしー。」		
「……あれは待機命令だった気がするが。」		
「川島さんって意外と真面目なトコあるッスよね。\nいや、潜在的に<ruby=しゃちくせいしん>社畜精神</ruby>が\n<ruby=そな>備</ruby>わってるというべきッスか。」		
「まぁな。俺は家でも学校でもユリ姉の\n教育的指導のおかげでいつでも社会に\n適用できる人材に育て上げられてるからな。」		
「ユリせんせーの教えは\n<ruby=しゃちくいくせいほう>社畜育成法</ruby>だったんスか。\n担任クラスの生徒全員が社畜と化してしまうっス。」		
「ユリ姉の生み出した社畜達が卒業し\n野に放たれれば企業の生産性は\n爆上がりするだろう。」		
「川島さんみたいな<ruby=しゃかいふてきごうしゃ>社会不適合者</ruby>が\nまず就職できるのかが問題ッスね。」		
「俺は聖皇学園の教師になりたいな。\n今と同じようにユリ姉と\n一緒に学園ライフを送るんだ。」		
「高校教師は任期があるから、\nずっと同じ学校に留まれないはずッスけど。」		
「え！？そうなの！？」		
「じゃあ、俺が任期システムを破壊するか\nユリ姉の異動先に一緒にくっ付いていくわ。」		
「シスコンっていうか、\nただのストーカーじゃねーか。」		
「ところでさっきから\n何のゲームしてるの？」		
「神カードゲーム『ソード＆ブレイカー』、\n通称ソーブレの携帯機向けゲームッス。」		
「……紙のカードゲームでは飽き足らず\nゲーム機でもそれやってんのかよ。\nどんだけデュエル好きなんだよ。」		
「ゲーム版だとゲーム内通貨で自由に\nデッキ組めるからリアルで持ってないカードの\nデッキレシピを試したり出来るんスよね。」		
「ゲーム内でシミュレーションして\nバチッとキマったらリアル側のデッキも\n調整加えて完成度を高めて行くんス。」		
「そうやってデュエリストは\n<ruby=ゲーム>仮想</ruby>と<ruby=リアル>現実</ruby>が交差して\n強さを増していくんスよ。」		
「……お前ら<ruby=デュエリスト>決闘者</ruby>とやらが\nゲームもリアルも金をつぎ込んで\n運営会社から<ruby=さくしゅ>搾取</ruby>されているのはわかったわ。」		
「つーか、\nさっき配信中にも別ゲーやってたし\nお前ほんとゲーム好きなのな。」		
「ゲーム好きってのはそうスけど、\n配信中にやってた『まるおブラザーズ』は\nクソゲーだから口直しに今神ゲーしてるんスよ。」		
「は？何でわざわざクソゲーなんかやってんだよ。」		
「クソゲーにはクソゲーからしか\n得られない栄養素があるんスよ。」		
「<ruby=りふじん>理不尽</ruby>な難易度、<ruby=はたん>破綻</ruby>したシナリオ、\nチープ過ぎるグラフィックに演出、\nわけのわからないバグの数々。」		
「そういったツッコミどころ満載なゲームに\n<ruby=あくせんくとう>悪戦苦闘</ruby>しながら挑戦する配信がリスナーと共に\n盛り上がるエンターテインメントになるんスよ。」		
「そして、そういった苦難を乗り越えた先に見た\nエンディングこそがまさに感動的で\n最高のドラマを生み出すんス。」		
「自分はそんな光景を見たいんス。\nリスナー達と駆け上がるクソゲーの高みを。」		
「なんかすげー感動的コンテンツみたいに言ってるけど\nお前がクソゲーをおもちゃにして視聴数稼いでる\nクソゲーハンターだというのはわかった。」		
「よし。飯出来たぞ。」		
「うほーい。待ってました。」		
「うーん。デリシャス。\nやはり朝食はミートスパゲティに限りますなー。」		
「朝食っていうか、\nガチで毎日三食ミートスパゲティとか\n絶対飽きるだろ。」		
「ところがどっこい。\nまったく飽きないのですなー。」		
「こっちはいつも同じレパートリーだから\n作るの楽でいいけどな。\nいや、しかし栄養が<ruby=かたよ>偏</ruby>るのもよくないか。」		
「そもそもオートマタに栄養を\n気にする必要があるのか謎なんだけど。」		
「<ruby=だいさんせだいがた>第三世代型</ruby>は食事から<ruby=せっしゅ>摂取</ruby>する栄養素によって\n微妙に変換するエネルギーが異なるんスけど、」		
「基本的にはエーテルコンバーターがイイ感じに\n栄養を分解して変換してくれるんで\nどんなメニューでも大体大差無いッスね。」		
「どちらかというと空腹を満たしたり\n味覚センサーで味を楽しむというのが\n主な食事の目的ッスかね。」		
「すげー。そんなとこまで\n人間に合わせてんのかよ。」		
「第三世代型は人間の<ruby=もほう>模倣</ruby>が\nコンセプトッスからね。」		
「器が人間に近いほど<ruby=ぎじこんぱく>疑似魂魄</ruby>の同調率が上がるッス。\nだから、<ruby=プロジェクトノヴァ>Project-NOVA</ruby>はソードブレイカーを使う為に\n第三世代型を採用した背景があるッス。」		
「<ruby=プロジェクトノヴァ>Project-NOVA</ruby>。オートマタによる\nソードブレイカー使いの量産化計画…か。」		
「ノエルが剣魔が居ない世界を望んで\n自分から<ruby=りんしょうじっけん>臨床実験</ruby>を受けた。」		
「結果としてノエルは命を落としてしまった。\nだけど実験によってノヴァが生まれたんだよな。」		
「ええ。ノエルさんが臨床実験を受けなければ\n死ぬことは無かった。けれどノエルさんが\n臨床実験を受けたから自分はここに居る。」		
「帝国重工の科学者は\n科学の進歩に犠牲はつきものと言いますが\n皮肉なものっすね。」		
「……それでも俺はノエルが\n選んだ未来は間違ってなかったと証明したい。」		
「だから、ノエルの選択を……\nノヴァが生まれた事を否定する\nフェイリクスは必ずぶっ倒す。」		
「そういう馬鹿正直なところに\nノエルさんも惹かれたのかもしれないッスね……。」		
「もちろん自分も……。」		
「任せろ。お前らが俺を好きになってくれた事、\n絶対後悔させねーからよ。」		
「ははは。\n気持ちいいぐらいの<ruby=たんか>啖呵</ruby>をきりますなあ。\nなかなか言える事じゃないッスよ。それ。」		
「……大真面目に言ってんだけど。」		
「そういえば……\nこの話をしていて思い出した事があるんスけど。」		
「生体工学研究所で\n第三世代型の気になる資料を見つけたんスよね。」		
「気になる資料？」		
「<ruby=だいさんせだいがた>第三世代型</ruby>は人間の<ruby=もほう>模倣</ruby>がコンセプト。\nソードブレイカーを使う為に\n<ruby=ぎじこんぱく>疑似魂魄</ruby>の同調率を上げるのが目的ッス。」		
「けれど、どうやら<ruby=だいさんせだいがた>第三世代型</ruby>には\n別の目的があるみたいなんスよね。\nその目的は……、」		
「―――――――人間の<ruby=ぎたいか>義体化</ruby>。」		
「人間の……<ruby=ぎたいか>義体化</ruby>？」		
「生身の人間が肉体を捨て機械の身体に乗り換える。\nつまり、オートマタとして生まれ変わるって事ッスね。」		
「人間だった奴がオートマタになるだって？\nおいおい……そんな夢物語みたいな事、\n本当に出来るのかよ？」		
「いやいやいや。実際、\n今川島さんがまさにオートマタに\nなってるじゃないスか。」		
「あ！そういえば！\n俺、元人間だったわ！」		
「いや……何で人間だった事忘れてるんスか。\nいくらなんでも関心なさすぎでしょ生身の身体に。」		
「くそ…っ。\nフェイリクスの野郎…ッ！\n俺の身体を奪いやがって、絶対許さねえ…ッ！」		
「今まで忘れてたのに思い出した途端、\nキレまくるのはどういうワケなんスか。」		
「そもそも何スけど……、」		
「フェイリクスが川島さんの\n身体を奪ったって話、\nどうも不自然なんスよね。」		
「不自然って何が？」		
「生体工学研究所でフェイリクスの\n機体データを確認したんスけど、」		
「元々あの<ruby=サイファー>CIPHER</ruby>シリーズは\n<ruby=せいしんかんしょうよう>精神干渉用</ruby>の試作機として\n開発されたみたいッス。」		
「だから、フェイリクスが洗脳装置を使い\n<ruby=こんぱくせつぞく>魂魄接続</ruby>を介して聖皇学園の生徒達を\n洗脳出来るのは<ruby=うなず>頷</ruby>けるんスけど……。」		
「<ruby=なまみ>生身</ruby>の人間とオートマタのボディを交換するなんて機能、\n<ruby=サイファー>CIPHER</ruby>シリーズの機体データにどこにも記載が無いんスよ。」		
<Off><Character=メカユート>.真顔		
「……なるほど。\nつまりどういう事だ？」		
「カタログスペックだとフェイリクスが\n川島さんの身体を奪うのは\n不可能って事ッス。」		
「は？でも現に俺はオートマタになってるし\n奴は俺の身体乗っ取ってるじゃん。」		
「そう。だから不可解なんスよ。\n生体工学研究所のデータから導き出される結論。\nこれは一体どういう事なのか……。」		
「考えてもわからねー事は気にしてもしょうがねー。\nとりあえずフェイリクスの野郎が\n何かしてやがるのは確かだ。」		
「だから奴をぶっ倒せば何とかなるだろ。」		
「川島さんの\nそういう<ruby=たんらくてき>短絡的</ruby>なところって\n強みでもあるッスよねー。」		
「馬鹿にしてんのか？」		
「褒めてんスよ。」		
「ふー。ごちそう様ッスー。」		
「食い終わった食器は流しに置いとけよ。」		
「さて、まだ昼前だな。\n久しぶりにのんびり出来る事だし\nどっか出かけるか？」		
「お！デートッスか！\nいいッスねー。」		
「早速着替えて来るッス。\nシュババ。」		
「……気が早いヤツ。」		
「お待たせ。待った？」		
「おろ？\n返事が無い<ruby=しかばね>屍</ruby>のようだ。」		
「いやいや、普通に家からここまで\n一緒に来たのに何で駅に着いた途端に\n待ち合わせデート的な<ruby=こしばい>子芝居</ruby>が始まるんだよ。」		
「わかってないッスねー。\nデートに待ち合わせは必須イベントッス。」		
「場面転換挟んでおけばユーザーには\nあたかも今、待ち合わせ場所に来たかのように\n演出する事が出来るんスよ。」		
「ユーザーって誰だよ。\nお前は誰に配慮してるんだ。」		
「よっし。待ち合わせイベントも\n無事終わった事ですし、\n早速、デート始めますかー。」		
「せっかくのデートなのに\n台本進行みたいな進め方やめて。」		
「じゃじゃーん！\nデートと言えば映画館！\nまずはここで映画鑑賞ッス！」		
「ここで何を観るんだ？」		
「ふっふっふ。\nよくぞ聞いてくれた。」		
「今、絶賛上映中の\n『劇場版ソード＆ブレイカー ～<ruby=むげんデュエルへん>無限決闘編</ruby>～』！\nこれを観るッス！」		
「……あのカードゲーム、\n映画化もしてんのかよ。」		
「ゲーム、アニメ、映画、コミック、舞台などなど！\n幅広いメディアミックスを積極的にやっている\n覇権カードゲーム『ソード＆ブレイカー』！」		
「そんな人気絶頂の中、公開された劇場版は\n既に観客動員数200万人、<ruby=こうぎょうしゅうにゅう>興行収入</ruby>40億円突破の\n<ruby=かいしんげき>快進撃</ruby>を続けているッ！」		
「……全国200万人もノヴァや花咲みてーな\n<ruby=デュエリスト>決闘者</ruby>が居るのかよ。\n狂ってるよ。この世界。」		
「ちなみに自分はこの映画を観るの\n今日で10週目ッス。」		
「何で同じ映画何度も観てんだよ……。」		
「ソーブレの映画を観ると\n入場者プレゼントとして非売品のカードが\nランダムに１枚貰えるんス。」		
「なので、我々<ruby=デュエリスト>決闘者</ruby>は\nお目当てのカードを引き当てる為、\n何度も映画館に足を運ぶのですなー。」		
「驚異的な観客動員数と興行収入の裏には\nお前ら<ruby=デュエリスト>決闘者</ruby>が\nヘビロテ<ruby=さくしゅ>搾取</ruby>されているという闇があったわけか。」		
「強さを求めれば求めるほど\nお金が掛かるのは宿命なのですよ。」		
「デュエルとは札束での殴り合いだったのか。」		
「ささ、それじゃ早速チケットを買いましょー。\nソーブレ、ソーブレー。」		
（鼻歌混じりにチケット売り場に\n進むノヴァの方向を見ると\nとある上映中の映画ポスターが写り込んだ。）		
「こ、これは…ッ！\n『劇場版 魔法アイドル・ザクロちゃん ～<ruby=さいは>最果</ruby>ての<ruby=しはいしゃ>支配者</ruby>～』\nのリバイバル上映じゃないかッ！」		
「ノヴァ、僕これ観たい。」		
「え？いや……ソーブレの映画……。」		
「僕、ザクロちゃん観たい。」		
「ソ、ソーブレが……、\n入場者特典のカードが……。」		
「ザクロちゃん。」		
「ザクロ――――、」		
「あーはいはい！わかりましたよ！\nもうザクロちゃんでいいッス！\n今日はザクロちゃん観ましょう！」		
「やったああああーーーッ！！」		
「じゃあ、ザクロちゃんの\nチケット買ってくるッスから\n大人しくしといてくださいよ？」		
「わかった！」		
「ああ……ザクロちゃん……っ。\n良かった……良かったよぉ……っ。」		
「魔力の<ruby=こんげん>根源</ruby>を奪われ魔法少女に\n変身出来なくなったザクロちゃん。」		
「何の能力も無い一般人に\n成り下がってしまったザクロちゃんだけど\n友達を守る為、それでもたった一人で悪に立ち向かう。」		
「圧倒的な実力差！非力なザクロちゃんは\n雑魚戦闘員にすら歯が立たず<ruby=じゅうりん>蹂躙</ruby>されてしまう！」		
「そんな大ピンチの時にマブダチの\nミナちゃん、クロちゃん、サトコちゃんの\n熱いエールがザクロちゃんを奮い立たせる！」		
「そして覚醒ッ！ザクロちゃんは\n初めて魔力の<ruby=こんげん>根源</ruby>に頼らず\nマブダチの力で魔法少女に変身するッ！」		
「感動…ッ！圧倒的感動……ッ！\nこれぞまさに『友情！努力！勝利！』」		
「これだよこれ…ッ！\nこういうのでいいんだよな…ッ！」		
「どうだノヴァ！？\n最高に面白かっただろ！？」		
「いや、長い。映画観終わった後の感想で\nどんだけ喋り続けてんスか。\nもう１時間以上聞いてるんスけど。」		
「え、まだ１時間でしょ？\n１日中語られるよ？俺。」		
「ガチで勘弁してください。\n川島さんの感想タイムで丸１日潰れるんスけど。」		
「俺は真面目な話をしているんだ。\n潰れるとか言うな。」		
メイドA		
「ノヴァ！オフのところ悪いんだけど\nちょっとヘルプ入ってくれない？」		
「おや、何かあったんスか？」		
「急に団体さんが来ちゃって人手が足りないのよ～！\nねぇ。お願い！\nバイト代弾むからさ！」		
「おやおや。バイト代が出るというのなら\n緊急出勤もやぶさかではないですなー。」		
「ホント！ありがとうノヴァ！\nじゃ、早く制服に着替えて！\nこっちこっち！」		
「ほいほーい。」		
「え？ザクロちゃんの話まだ途中なんだけど？」		
「川島さんは大人しく待ってようねー。」		
「え？俺放置？」		
「『メイドインヘブン』へようこそ！」		
「お帰りなさいませー。\nご主人様達！」		
オタク客A		
「ふおおおーーーー！こ、これは！\n『メイドインヘブン』人気ナンバーワンメイド！\nノヴァ殿でござらぬかッ！」		
オタク客B		
「な、なんと…！ノヴァ殿といえば<ruby=すいせい>彗星</ruby>の如く\n現れ一瞬にしてメイドカフェの頂点に<ruby=くんりん>君臨</ruby>した\n期待の<ruby=ちょうしんせい>超新星</ruby>ッ！」		
オタク客C		
「しかし、人気絶頂の<ruby=さなか>最中</ruby>、<ruby=こつぜん>忽然</ruby>と姿を消し\n多くのファンが<ruby=なげ>嘆</ruby>き悲しみ消えない<ruby=つめあと>爪痕</ruby>を残した\nまさに閃光のような<ruby=ごじん>御仁</ruby>ッ！」		
オタク客D		
「<ruby=ぶゆうでん>武勇伝</ruby>に事欠かない伝説のメイドであるノヴァ殿に\nまさか会えるとは…ッ！これほど幸運に恵まれ\nこの上ない喜びを得られるなど！かつてあっただろうか！」		
オタク客E		
「感謝ッ！<ruby=かんぷく>感服</ruby>でござるぅぅぅ～～～～ッ！！！」		
「はいはーい。<ruby=ごたく>御託</ruby>はいらねーッス。\nさっさと席に座りやがれッス。」		
「ふおおおーーー！この塩対応ッ！\nこれッ！これでござるよやはりッ！」		
「この客を客として扱わないぞんざいな対応ッ！\nこれこそがノヴァ殿の<ruby=しんこっちょう>真骨頂</ruby>ッ！」		
「まさか直接お目に掛かれるとはッ！\nこの上ない喜びでござるッ！」		
「それでは団体様ご案内ー。」		
「ささ、ノヴァ殿に続くでござるー！」		
「いざ、参るでござるー！」		
「ほーい。お待ちどうさまー。\nご注文の『ふわとろにゃんこオムライス』10人前ッスー。」		
「あいや！ノヴァ殿！注文が違うでござる！\n<ruby=せっしゃ>拙者</ruby>が注文したのは『マサムネハンバーグ』でござる！」		
「拙者は『ムラマサスパゲティ』でござる！\n全然違うでござるよ！」		
「うるせー！全部品切れ中だー！\n今出せるのは『ふわとろにゃんこオムライス』\nしかねーんだよ！我慢しろー！」		
「なんという<ruby=おうぼう>横暴</ruby>…！\nこれぞまさしく<ruby=ぼうくん>暴君</ruby>の<ruby=しょぎょう>所業</ruby>…ッ！」		
「こ、これが伝説の人気ナンバーワンメイド！\nなんと<ruby=あらあら>荒々</ruby>しい対応か…ッ！」		
「だが、それがいい…ッ！」		
「それでは美味しくなる魔法をかけまーす。」		
「それでは皆さんご一緒にー！」		
ノヴァ・オタク達		
「団体様お帰りでーす。」		
「行ってらっしゃいませ。\nご主人様達ー。」		
「ふおおおおー！\nまた行ってくるでござるー！」		
「再びこの地に帰ってくるでござる！\nノヴァ殿に会う為に！」		
「ふー。やっと帰ったかー。\nやれやれだぜー。」		
「ノヴァ！お疲れー！」		
「さっすがノヴァ！\n全然腕は衰えてないみたいね！」		
メイド店員C		
「良いオタク<ruby=さば>捌</ruby>きだったわよ！ノヴァ！」		
「ははは。それほどでもー。」		
「はい。それじゃこれバイト代ね。」		
「ありがたく頂戴致しまする。」		
「本当に助かっちゃったわ！\nありがとうねノヴァ！」		
「ええ。お呼びとあらば即参上。\n皆さまのピンチに駆けつけるのが\nヒーローでござるよ。」		
「では、自分はこれにて失礼。」		
「うん。また来てよねー。」		
「え？ちょっと待って？\n普通に俺、置いてく感じ？」		
「ったく、ノヴァの奴、\n俺を置いてさっさと店を出ちまいやがって。」		
「一体どこ行っちまったんだ？」		
（俺がきょろきょろと辺りを見回していると\nノヴァらしき人影を見かけた。）		
ノヴァ？		
<Character=NOVA>真顔		
「あいつ。あんなところに居やがった。」		
「ノヴァ。こんなところに居たのか。」		
「お前なぁ。俺を放置した<ruby=あげく>挙句</ruby>、\nナチュラルに置いて行くんじゃねーよ。」		
「ノヴァ？」		
「<ruby=ていげん>提言</ruby>。警告します。\n13号のマスター。」		
「……いや、\nお前、ノヴァじゃないな？」		
NOVA34号		
「<ruby=こうてい>肯定</ruby>。私は<ruby=ていこくじゅうこうせい>帝国重工製</ruby>・\n<ruby=だいさんせだいがたちょうほうていさつよう>第三世代型諜報偵察用</ruby>オートマタ\n<ruby=ノヴァ>NOVA</ruby>シリーズ、34号機です。」		
「ドクターはあなたに<ruby=しつぼう>失望</ruby>している。\nそして今回のルートを\n失敗だと思い始めています。」		
「は？誰だよ。ドクターって。」		
「これ以上、ドクターの期待を裏切るような事が\nあればドクターはあなたを排除し\n今回のルートのリセットをするでしょう。」		
<Character=NOVA>思案3		
「<ruby=しょうそう>焦燥</ruby>。今のドクターには<ruby=あせ>焦</ruby>りが見えます。\nそれだけ<ruby=げっこうけいかく>月光計画</ruby>が当初の計画と比較し\n大きなズレが生じているのです。」		
「予測。我々<ruby=ノヴァ>NOVA</ruby>シリーズは\nドクターの命令が下れば\nあなたの排除を開始するでしょう。」		
「提案。ですが、あなたが生きたいと願うなら\n全力で抵抗し、一切の<ruby=ちゅうちょ>躊躇</ruby>無く\n我々を破壊する事を推奨します。」		
「……破壊ってお前達をか？」		
<Character=NOVA>真顔2		
「<ruby=こうてい>肯定</ruby>。ご安心を。\n我々<ruby=ノヴァ>NOVA</ruby>シリーズは例え破壊されても<ruby=ふめつ>不滅</ruby>です。\n13号が居る限り。」		
「警告はしました。\nさようなら。13号のマスター。」		
「……あれが<ruby=ノヴァ>NOVA</ruby>シリーズ。\n本当にノヴァそっくりだったな。」		
「あー！川島さん！\nこんなところに居たんスか！」		
「おわ。<ruby=ノヴァ>NOVA</ruby>シリーズってまだ居るのかよ。」		
「は？何寝ぼけてんスか。\nこちとら勝手に迷子になった川島さんを\n探して回っていたというのに呑気なもんスね。」		
「あ、これ本物だわ。\nつーか、元はと言えば\nお前が俺を置いてったからじゃねーか。」		
「そんな事より大変ッス！\n早くこっち来てくださいッス！」		
「お、おいっ！ノヴァ…！」		
（ノヴァは俺の腕を引っ張り、\n何処かへ連れて行く。）		
（ノヴァはささっと<ruby=ものかげ>物陰</ruby>に隠れ、\n何やら様子を伺っている。）		
「……何してんの？」		
「しっ。あれを見るッス。」		
（ノヴァが指差す方向を見ると\n何やら見知った顔の二人組が居た。）		
（………あれは。）		
「今日は晴れて良かったね。\nミーちゃん。」		
「ええ。とても良いお出かけ<ruby=びより>日和</ruby>ね。\nアーちゃん。」		
「まるで私達二人を祝福しているかのような\nおあつらえ向きの日ね。」		
「そうね。きっとアーちゃんが\n晴れ女だからに違いないわね。\nさすが私の親友、アーちゃん。」		
「もう。ミーちゃんったらお<ruby=せじ>世辞</ruby>がうまいね。\nでもありがと。」		
「ふふっ。」		
「えへへっ。」		
「<ruby=しどう>獅堂</ruby>と……<ruby=たてがみ>盾守</ruby>だよな？\n何やら様子がおかしいようだが。」		
「いやいやいや！おかしいにも程があるッス！」		
「会う度に喧嘩をしている<ruby=けんえん>犬猿</ruby>の仲ッ！\n<ruby=はんぱつ>反発</ruby>しあう<ruby=じしゃく>磁石</ruby>のような存在ッ！\n聖皇学園史上最悪のコンビッスよ！？」		
「あの二人が休日に仲良くお出かけしているなんて\n何かキメてるとしか思えないッス！」		
「し、しかも…ッ！お互いを親友などと<ruby=のたま>宣</ruby>い、\nミーちゃん、アーちゃんと呼び合う超絶親身の距離感ッ！\n世界の<ruby=きんこう>均衡</ruby>が今ッ！破壊されているんスよッ！」		
（ノヴァがかつてない動揺を見せているが、\n確かに決して<ruby=あいい>相容</ruby>れないであろう獅堂と盾守が\n仲良さそうにしているのは明らかに異常だ。）		
「それじゃ早速だけどこの先の\nショッピングモールに行きましょうか。」		
「うん。お洋服を見るのよね。」		
「ミーちゃんのお洋服、\n私が選んであげる！」		
「まあ、嬉しい。\nアーちゃんが選んでくれるなら\n絶対間違いないわ。」		
「えへへっ。任せて。\nさあ、行きましょう。」		
「うんっ。」		
（獅堂と盾守は二人で仲良く手を繋ぎながら\nショッピングモールへ向かっていく。）		
「……まじかよ。\n完全にキャラ崩壊してるじゃねーか。」		
「二人の後をつけるッス。\n<ruby=ちょうほうぶじきでん>諜報部直伝</ruby>の本物の<ruby=びこうそうさ>尾行捜査</ruby>。\nとくとお見せしましょう。」		
「学生相手にそんな<ruby=やすやす>易々</ruby>と\n<ruby=でんか>伝家</ruby>の<ruby=ほうとう>宝刀</ruby>を抜いちゃっていいのかよ。」		
「あ、見て見て。\nこの花柄のワンピースなんて\nミーちゃんに似合うんじゃないかしら？」		
「そうね。全体的にはよさそうだけど\n私には地味過ぎるんじゃないかしら？」		
「そんな事無いわ！」		
「ミーちゃんは<ruby=せいそ>清楚</ruby>でお<ruby=しと>淑</ruby>やかな\nお姉さんタイプなんだからこれぐらい地味な方が\nバッチリ決まると思うの！」		
「確かに。アーちゃんがそう言うなら\nそんな気がしてきたわ。カラーリングも\n白で私に合いそうな気がするもの。」		
「そうそう。ミーちゃんは学園を代表する\n生徒会長さんだしやっぱりクリーンな\nホワイトカラーがイメージにピッタリね。」		
「嬉しい。アーちゃんは私の事、\n何でもわかっているのね。」		
「あったりまえよ！\n私にミーちゃんの事を語らせたら\n右に出るものは居ないわ！」		
「……なんだろう。服の事を話してるはずなのに\n色々<ruby=ちゅうしょうてき>抽象的</ruby>でふわふわしていて\n雲を掴むような話なんだが。」		
「明らかにその場のノリというか\n雰囲気で話してる感あるっスね。」		
「これまで犬猿の仲でバチバチだったせいで\nお互いの事を知らなさすぎる挙句、当たり障りの無い\n表面上の所でしか互いを褒められないという事ッスか。」		
「そこまでして仲良し感を演出する意味とは…？」		
「それじゃアーちゃんが選んでくれた\nこの花柄のワンピース買っちゃおうかなっ。」		
「それがいいわ！店員さん！\n一着お買い上げよ！」		
「花柄のワンピースですね。\nお買い上げありがとうございます。」		
「それじゃカードで……、」		
「待って。ミーちゃん。」		
「どうしたの？アーちゃん。」		
「私が買ったげる。\nミーちゃんへのプレゼントよ。」		
「ッ！あ、アーちゃん……ッ！」		
「う、嬉しい…！そのさりげない優しさ…ッ！\n配慮…ッ！気遣い…ッ！\n私、今キュンってしちゃった！」		
「ふふっ。サプライズで\nミーちゃんを喜ばせたかったの。\nどうやらその様子だと大成功みたいね。」		
「うん…っ。成功を通り越して\nもはや優勝…ッ！優勝よ！アーちゃん！」		
「ありがとう。優勝トロフィー代わりに\n花柄のワンピースを贈呈させてもらうよ。」		
「それじゃ、カード一括払いで。」		
「承りました。\nお買い上げありがとうございます。」		
「ところでお二人はとても仲が良いのですね。\nご学友ですか？」		
「学友なんてもんじゃないわ。\nもっと上のステージに居るの。」		
「私達、マブダチだもんね。\nアーちゃん。」		
「うん。マブダチよね！\nミーちゃん。」		
「ねー。」		
「……何故あいつらは\n<ruby=しつよう>執拗</ruby>に互いの名前を呼び合うのか。\nしかもあだ名で。」		
「……あまりにも露骨な仲良いアピール。\n……妙だな。」		
（<ruby=しどう>獅堂</ruby>と<ruby=たてがみ>盾守</ruby>の驚くべき関係性を目の当たりにした\n俺達は<ruby=はくちゅうむ>白昼夢</ruby>のような幻覚に憑りつかれているに\n違いないと。そう言い聞かせた。）		
（きっと俺達は疲れている。そうに違いない。\n疲れた心を癒す為、ショッピングモール内の\nゲームセンターに来ていた。）		
「いけぇええええーーーーッ！！\nブリザルド・ソーマブレイドッ！」		
「甘いッ！\nエクセルインパクトッ！」		
「ぐええええーーーーーッ！！\nカウンター超必殺技だとぉおおおーーーッ！！！」		
（ゲーセンに響き渡る<ruby=だんまつま>断末魔</ruby>。\n俺の操作キャラはノヴァのカウンターを\nモロに受け地面に倒れ込む。）		
「ブ、ブリュンヒルデーーーーッ！！」		
「<ruby=私の勝利>YOU WIN</ruby>。\nくにへかえるんだな。\nおまえにもかぞくがいるだろう…。」		
（どこぞのキャラの勝利台詞を吐き捨てるノヴァ。）		
（俺達は今、世間でも最も人気がある対戦型格闘ゲーム\n『ソードファイターズ』で対戦をしているのである。）		
「おいおい！俺の技の方が発生が早かったのに\n何で後出しでカウンター喰らうんだよ！\nクソゲーかよ！」		
「自分が使ってるスピードタイプのキャラ、\nエクセルハートは超必殺発動時に\n5<ruby=フレーム>F</ruby>の無敵時間が発生するんスよ。」		
「なので、大抵の技の切り返しや\n起き上がり時のリバーサルなんかに\n効果的なんス。」		
「ず、ずるいぞ…！\n俺のパワー系女騎士ブリュンヒルデの\n超必殺技には無敵フレームなんてないのに…！」		
「ブリュンヒルデはTier最下層の弱キャラ。\nパワーは高いがどの攻撃も大振りで隙だらけで\n扱いずらいんスよねー。」		
「何でわざわざそんな弱いキャラ使ってんスか。\n川島さん。<ruby=ぎゃくば>逆張</ruby>りッスかー？」		
「う、うるせー！俺は<ruby=たかびしゃ>高飛車</ruby>で自信満々な\nブリュンヒルデってキャラが好きなんだよ！」		
「だというのに運営から見放されて\n性能が残念になっている<ruby=ふぐう>不遇</ruby>キャラ…ッ！」		
「こんなに一生懸命なのに<ruby=むく>報</ruby>われないなんて\n可哀想じゃねぇか…！\n俺は救いたいんだブリュンヒルデをな…！」		
「あー。川島さんって\n何か不遇系キャラ好きっスよね。」		
「自分と似た境遇に親近感が芽生えて\n感情移入してる感じッスか。」		
「え？お前の中では\n俺は不遇キャラ扱いなの？」		
「さあさあ。まだまだ手持ちのコインは\n残ってるッスよ。\n早くコンティニューするッス。」		
「手持ち……。」		
（ゲーム筐体のテーブルに積み上げられていた\n１００円玉のタワーが見るも無残に\n標高が低くなっている。）		
（そう。俺が負け続けてコンティニューする度に\n１００円玉を投入しているせいで\nあっという間にコインが枯渇していくのだ。）		
（反面、ノヴァは最初にコイン投入から\n全戦全勝。奴はこれまでにたったの\n１００円しか消費していない。）		
（弱者が<ruby=さくしゅ>搾取</ruby>され続ける現実。\nまさに格ゲーは社会の<ruby=しゅくず>縮図</ruby>。\nこんな<ruby=りふじん>理不尽</ruby>があってたまるか。）		
（負けられない。\n負けるわけにはいかない。\n絶対に負けられない戦いがここにある。）		
「行くぞ！コンティニューだ！」		
「見せてやろうぜ！ブリュンヒルデ！\n<ruby=げこくじょう>下剋上</ruby>、番狂わせ、\nジャイアントキリングだ！」		
「<ruby=しょうこ>性懲</ruby>りも無くブリュンヒルデッスか。\nいいでしょう。すぐに『くっころ』にしてやりますよ。\n『くっころ』に。」		
（女騎士であるブリュンヒルデは\n敗北すると『くっ……、殺せ。』、\n通称『くっころ』ボイスがあるのだ。）		
（もちろんそのボイスは特定の層には\nご褒美ではあるのであえて弱キャラの\nブリュンヒルデを使う輩も少なくない。）		
（――――だが！）		
「俺は……俺達は勝つッ！」		
「行くぜえええええーーーーーッ！！」		
（この後、俺は更に２０連敗した。\nブリュンヒルデの『くっころ』祭り開催である。）		
「くそー。結局、\nノヴァに１度も勝てなかったぜー。」		
「ははは。\nまたいつでも相手になってやるでござるよ。」		
「それまでに練習を積んでおく事ですなー。」		
「次は負けねーからな！」		
「おや？」		
「そうこうしているうちに\n日が落ちてしまいましたな。」		
「ああ。暗くなってきたし\nそろそろ帰るとするか。」		
「うーん！久々のデート、\n随分<ruby=たんのう>堪能</ruby>出来ましたなー。」		
「デートって何か\nもっと<ruby=あまず>甘酸</ruby>っぱいやつ\nじゃなかったっけ？」		
「それはアニメや映画の見過ぎですなー。\n真のデートとは\n二人で楽しい時間を過ごす事ッスよ。」		
「自分は今日はとても楽しい一日でした。\n川島さんはどうですかな？」		
「ああ。俺も楽しかったぜ。\nまったく想定してなかった\n劇場版ザクロちゃんも観れたことだしな。」		
「むー。\n今日楽しかったかと聞かれて\n映画の話するのマジでノンデリッスよ。」		
（予想の斜め上の返答が返って来て\n<ruby=ふまんげ>不満気</ruby>にむくれるノヴァ。）		
（ザクロちゃんに\n嫉妬するのちょっと可愛いとこあるな。）		
「ははは。そう怒るなって。\nもちろんノヴァとメイドカフェに行ったり\nゲーセンで遊んだりしてるのは楽しいよ。」		
「なんていうのかな、お前と居ると\n変に気を使わなくていいっていうか\n自然体で居られるのがいいんだよな。」		
「ふっふっふ。そうでしょう。\n自分と川島さんは<ruby=あうん>阿吽</ruby>の呼吸。\n相性バッチリなんスから。」		
「これも腐れ縁。\nマスター登録した時から\n長い付き合いッスからねー。」		
「川島さん事なら\nもはや手に取るようにわかるのですよ。」		
「マスター登録……そうか。\n公園でのオートマタ暴走事件より\nずっと昔に既に俺達は出会っていたんだよな。」		
「……未だに思い出せないが。」		
「まったくー。\nノエルさんの事は思い出したのに\n何で自分の事は思い出してくれないんスかねー。」		
「やっぱり思い出すきっかけなのかな。」		
「ノエルの事はあいつと出会った場所、\n生体工学研究所に行ったことが\nきっかけで思い出す事が出来た。」		
「もしかしたらノヴァと初めて出会った場所に\n行ったら何か思い出せるかもしれないな。」		
「……残念ながらそれは無理ッスね。」		
「無理？」		
「自分と川島さんの出会いの場所、\nマスター登録をした場所。\nそれはこの世界のどこにも存在しないんス。」		
「ここは―――、\nこの世界は―――――――、」		
「―――――■■■■■■だから。」		
（……今、見えたのは何だ？\n見たことのない光景……はずだ。\n俺はあんな場所に行ったことはない。）		
（けど……何故か、俺は知っている気がする。\n何なんだこの感覚は……？）		
（駄目だ……。思い出そうとすると\n頭が割れそうに痛くなる……。）		
「無理に思い出そうとしない方がいいッスよ。\n<ruby=げっこうけいかく>月光計画</ruby>に都合の悪い情報へのアクセスが\n制限されているッスから。」		
「ロックされたセキュリティを\n無理に突破しようとすれば対象者の<ruby=こんぱく>魂魄</ruby>が\nダメージを受け、最悪廃人になるッス。」		
「……<ruby=げっこうけいかく>月光計画</ruby>。\nお前と影山は一体何を<ruby=たくら>企</ruby>んでいるんだ？」		
「<ruby=げっこうけいかく>月光計画</ruby>の到達点。\nそれは川島さん自身で確かめて欲しいッス。\nそうでなければ意味が無い。」		
「何故ならこの<ruby=げっこうけいかく>月光計画</ruby>の鍵は\n<ruby=とくいてん>特異点</ruby>である川島さんが握っているのだから。」		
「どういう結末を迎えるかは川島さん次第ッス。\nそして……我々の未来も。」		
「……その<ruby=げっこうけいかく>月光計画</ruby>ってのは\n俺にはよくわからない。よくわからないが、\n俺のやる事は最初から何も変わらない。」		
「俺達の当初の作戦。\n５人の学園アイドル攻略をし<ruby=むげんつくよみ>夢幻月読</ruby>を<ruby=だは>打破</ruby>すれば\nその答えに辿り着けるんだな？」		
「そうッス。だから川島さんは\nこのままヒロインである自分を攻略するんスよ。\n今日はその為のデートでもあるんスから。」		
「自分から攻略を\n<ruby=うなが>促</ruby>すヒロインってのも珍しいよな。」		
「自分は<ruby=けいかくすいしんがわ>計画推進側</ruby>ッスからね。\n他の<ruby=うぞうむぞう>有象無象</ruby>のヒロイン達とは\n立場が違うんスよ。」		
「<ruby=うぞうむぞう>有象無象</ruby>で片づけられる他のヒロイン達に\n反感を買う発言だぞ。」		
「兎にも角にも本来の計画で\n学園アイドル攻略に専念したいんスから\nいい加減フェイリクスの件を片付けないとッスね。」		
「ああ。フェイリクスのクソ野郎に\nユリ姉が寝取られてる状態じゃ\nおちおちデートにも行けねーぜ。」		
「……川島さんだって\nフェイリクスに身体を奪われてるのに\n真っ先に気になるのがユリせんせーの事なんスね。」		
「あったりまえよ！ユリ姉は俺の唯一の家族、\nそして最強のお姉ちゃん！\n失う訳にはいかないのさ。絶対に。」		
「川島さんが超絶シスコンなのには\n<ruby=じゅうじゅうしょうち>重々承知</ruby>ではあるんスけど\nヒロイン側としては不安になるんスよね。」		
「家族愛が重いとかいうか、明らかに度を越えている。\n自分にとってユリせんせーが\n最大のライバルであるという事実に。」		
「俺は好きに正直なだけさ。」		
「馬鹿正直にも程があると言ってるんスよ。」		
「……記憶を失っていても本当にブレないというか\n根っこの部分は相変わらずッスね。」		
「さて、そろそろ帰りますか。我が家に。\nこの後、深夜から配信もあることですし。」		
「うっそ。この後、配信やる気なのかよ。」		
「今日は伝説のクソゲー\n『すーぱーまるおブラザーズ』の\nエンディングを目指すんスよ。」		
「体力オバケか。」		
「忘れたんスか？\nオートマタは体力無尽蔵ッスよ。」		
「確かに。そういうところは良いよな。\n俺もオートマタになって\nありがたみに気付いたわ。」		
「ま、オートマタのメリットは\nそれだけじゃないッスけどねー。」		
「さーて、お仕事お仕事ーっと。」		
（ノヴァは両手を頭の後ろで組みながら\nテクテクと駅に向かっていく。）		
「ほら、川島さん。\nさっさと帰るッスよー。」		
「おうよ。」		
（そして俺達は歩き出す。\n二人の帰るべき場所へ。）		
「いきなり呼び出してなんだよ。真田。」		
「そうッスよ。こっちは<ruby=ひばん>非番</ruby>で寝てたのに\n<ruby=きんきゅうしょうしゅう>緊急招集</ruby>で叩き起こすとか\n迷惑極まりないッスよ。」		
「貴様らこそ何を勘違いしている。\n私は<ruby=ひばん>非番</ruby>でも休暇でも無く\n待機命令を出したのだ。」		
「諸君に集まってもらったのは他でも無い。\nついに我々はフェイリクスが隠した\n洗脳装置の<ruby=ありか>在処</ruby>を突き止めたのだ。」		
「我々っていうか、\n見つけたの私なんですが。」		
「天道さんが仕事した……だと？」		
「ちょっとノヴァさん。\n驚くとこそこなんですか？\nたまには仕事ぐらいしますよ。私。」		
「……たまにしか仕事しねーのかよ。」		
「天道、調査状況を報告しろ。」		
「はいはい。お任せを。\n真田警部。」		
「影山さんの推測通り、フェイリクスさんは\n洗脳装置を学園外の施設に設置していました。」		
「設置場所は<ruby=せいおうがくえん>聖皇学園</ruby>から北西10kmに位置する\n<ruby=ていこくじゅうこうだいさんはいきしょりじょう>帝国重工第三廃棄処理場</ruby>です。」		
「これは洗脳装置が発信する電波の最大距離が15kmなのと\n装置を設置可能な機材、スペース、電力を割り出した結果\nこの第三廃棄処理場が導き出されたという事です。」		
「ま、まじかよ……。\n天道がそんな賢そうな理屈から探し当てるなんて……。\n当てずっぽうで探したわけじゃないなんて……。」		
「おやおや。私も随分と侮られたものですねえ。」		
「諜報部はどこかの刑事課みたいに\n体張って捜索なんてしませんよ。」		
「当然、理にかなった推論から答えを\n導き出しているのです。」		
「まぁ、ほとんどは影山さんの\n分析したデータを元に捜索範囲を\n絞っていますけどね。」		
「それで天道。影山の話では\n洗脳装置を破壊すれば人質達の洗脳が\n解けるとの事だが裏は取れたのか？」		
「ええ。第三廃棄処理場の洗脳装置の電波は\n常に聖皇学園に向けて発信されていて、」		
「フェイリクスさんの<ruby=こんぱくせつぞく>魂魄接続</ruby>の周波数と\n一致したのを確認しました。」		
「洗脳装置を破壊すれば電波の発信は停止し\n聖皇学園全体に<ruby=まんえん>蔓延</ruby>している洗脳状態は\n解除されるでしょう。」		
「なるほど。上出来だ。」		
「え？私今、真田警部に褒められました？\nいやー。これは私も次の給与査定、\n期待していいんですかねえ？」		
「貴様の勤務態度の悪さで減給していた部分を\n帳消しにしてやろう。」		
「それプラマイゼロじゃないですかあ。\nっていうか、勝手に減給しないでくださいよお。」		
「さて、捜索班の仕事は予定通り完了だ。\n次は洗脳装置の破壊班である\n機巧院と川島の出番だな。」		
「オーケーオーケー。\nやっと我々の出番が回って来ましたなあ。」		
「俺達は<ruby=ていこくじゅうこうだいさんはいきしょりじょう>帝国重工第三廃棄処理場</ruby>に潜入して\n洗脳装置をぶっ壊せばいいんだな？」		
「ああ。それで人質は解放されるはずだ。\nお前達にとってはこの上なく\nシンプルな作戦であろう？」		
「その通り。潜入と破壊工作はお手の物ッスよ。\nちゃちゃっとやって、ささっと帰ってくるッス。」		
「人質の……ユリ姉の心配をしなくていいのは\n気が軽いぜ。まぁ、フェイリクスの野郎を\nぶっ飛ばせねーのは癪だがよー。」		
「<ruby=いかるがけいさつ>斑鳩警察</ruby>の別動隊を学園に待機させ\nお前達が洗脳装置を破壊した同時に\nフェイリクスを確保する。」		
「なるほど。フェイリクスさんの近くには\n元斑鳩警察のユリヒメさんが居ますからねえ。」		
「洗脳さえ解除してしまえばユリヒメさんが\nフェイリクスさんを無力化するでしょう。」		
「そういう事だ。\n洗脳さえ無ければフェイリクスなど\n恐るるに足らず。」		
「今、フェイリクスは川島さんの身体を\n乗っ取ってるッスからねー。\n大した戦闘力も無いでしょうしね。」		
「え？何それ俺の戦闘力が低いって言ってる？」		
「よし。作戦内容は決まった。\n直ちに保護者説明会を執り行う。」		
「は？保護者説明会？」		
「忘れたのか？\nこのフェイリクス捕獲作戦は\n<ruby=さみだれけとうしゅ>五月雨家当主</ruby>カグヤ殿からの<ruby=ちょくめい>勅命</ruby>。」		
「そしてカグヤ殿のご<ruby=そくじょ>息女</ruby>サツキ<ruby=じょう>嬢</ruby>は\n今やフェイリクスに洗脳され\n人質の一人となっている。」		
「早急にカグヤ殿に状況を説明し\n作戦の最終承認を得る必要があるのだ。」		
「そうそう。斑鳩警察は\n五月雨家、<ruby=すなわ>即</ruby>ちカグヤさんに\n頭が上がりませんからねえ。」		
「娘の為に国家権力を動かす力を持つ\nサツキの母親……。これが究極の\nモンスターペアレントってやつか…。」		
「あ、それカグヤさんに聞かれたら\n<ruby=ざんしゅ>斬首</ruby>されるッスよ。」		
「天道。保護者に連絡しろ。\n保護者説明会の開催だ。」		
「わかりました。斑鳩警察署内にお呼びします。」		
「以上が本作戦の全容となります。\n保護者の方々、質問があればどうぞ。」		
「なるほどねー。敵拠点に潜入し\n洗脳措置の破壊かー。これで人質が\n解放されるのはシンプルでいいわね！」		
「ええ。あくまで破壊工作がメインなので\n人質となっているお嬢様や他の皆さんが\n危険に晒されずに済むのは良いですね。」		
「人命救助優先の真田警部らしい作戦内容ね。\n解決まで時間が掛かり過ぎるのは難点だけれど\n今回は多めに見るとしましょうか。」		
「サツキが人質になっている状況が状況だけにね。」		
「オオメにミテヤルゾー。」		
「はっ。<ruby=かんだい>寛大</ruby>なお言葉痛み<ruby=い>入</ruby>ります。」		
「おいおい。マジかよ。\nあの真田が頭下げてるよ。」		
「それだけカグヤさんの権力が\n上という事ですねえ。」		
「権力に屈する真田警部が見れるのは今だけ！」		
「作戦自体は悪くないわ。\nただ、破壊工作を行う実行班は\n信用していいのかしら？」		
「任務達成率１００％。\n狙った獲物は逃さない。\n諜報部のエースである自分にお任せあれ。」		
「安心しな。壊すのは得意だ。\n洗脳装置だけとは言わず拠点ごと\nぶっ壊してやるぜ。」		
「………不安ね。\n本当にあれに任せて\n大丈夫なのかしら？」		
「ご、ご安心を…！\nああみえて諜報部でも実績のある者達です。\n必ずや作戦成功に導いてくれるでしょう。」		
「そら！お前達もアピールせんか！」		
「やる気あります！\n頑張ります！\nお客様は神様です！」		
「体力に自信あります！\n言われた事やります！\n仕事に文句言いません！」		
「あーあ。こりゃダメだ。\nカグヤちゃん、\nますます不安になっちゃってる。」		
「コイツラ、\nバイトみたいな事言ッテルゾー。」		
「まぁ、パッと見、\n<ruby=うさんくさ>胡散臭</ruby>い二人組なのは事実ですからねえ。」		
「カグヤさん。\nここはお二人に任せてみませんか？」		
「……ステラさん？」		
「カグヤさんも見たでしょう？\nあの二人の<ruby=きこうしょうぶ>機巧勝負</ruby>を。」		
「あれほど息の合っていて\n誰よりも勝利に<ruby=どんよく>貪欲</ruby>な二人組は\nなかなか居ません。」		
「この先、どんな困難が待ち受けていようとも\n二人ならきっと乗り越えて行けると思うんです。」		
「だからあの二人に託しましょう。\nこの作戦の行く末、私達の……\n聖皇学園の子供達の未来を。」		
「大丈夫だって！カグヤちゃん！\nユートとノヴァちゃんならやれるよ！」		
「だって二人はオートマタなんだから！」		
「…………まぁ、いいでしょう。\nどのみち他に選択肢は無いようだしね。」		
「機巧院さん、川島さん。\nあなた達に洗脳装置の破壊を任せます。」		
「ああ、任せろ。」		
「必ず成功させなさい。\nもし失敗してサツキにもしもの事があれば\nあなた達の首を刎ねます。文字通り。」		
（カグヤは刀を掴み、\n俺達に向けて<ruby=さや>鞘</ruby>から刃を見せつける。）		
（………この人、本気じゃん。\n本気で首持ってこうとしてるよ。）		
「は……はい。\n頑張りまするでする、はい。」		
「絶対成功させます。\nまだ死にたくないので。」		
「川島さんなら\n<ruby=くびは>首刎</ruby>ねられても平気なんじゃないですか？\nオートマタなんだし。」		
「……いや、なんだろう。\nカグヤに首跳ねられたらオートマタでも\n即死しそうな予感がするんだが。」		
（……あの殺気。そしてあの刀。\n<ruby=こんぱく>魂魄</ruby>を直接攻撃して来そうな気がするんだよな。）		
「よし。カグヤ殿の許可も取れた。\nそれでは――――、」		
「――――――<ruby=せんのうそうちはかいさくせんかいし>洗脳装置破壊作戦開始</ruby>。\n行きなさい。そして必ずやり遂げなさい。」		
「はっ！行ってくるであります！」		
「<ruby=せんのうそうちはかいはん>洗脳装置破壊班</ruby>！出動します！」		
「ガンバレヨー！」		
「……あ、いや。\n私が号令する役目なのだが……。」		
「ドンマイ真田。\nカグヤちゃんに美味しいところ\n取られちゃったねー。」		
「……ノヴァさん、川島さん。\nお嬢様の事、どうかお願いします。」		
「ここが<ruby=ていこくじゅうこうだいさんはいきしょりじょう>帝国重工第三廃棄処理場</ruby>か。」		
「天道さんの話ではこの廃棄処理場の\n中央制御室に洗脳装置が\n設置されてるらしいッス。」		
「なるほど。\n今回の作戦はなんとか中央制御室まで\n潜入して洗脳装置をぶっ壊せばいいんだな。」		
「ええ。そうすればフェイリクスの洗脳が解け、\n<ruby=せいおうがくえん>聖皇学園</ruby>の外で待機してる<ruby=いかるがけいさつべつどうたい>斑鳩警察別動隊</ruby>が\n無力化されたフェイリクスを確保するって<ruby=すんぽう>寸法</ruby>ッス。」		
「それじゃあ、破壊班の俺達が\nしっかり仕事しなくちゃな。」		
（施設の様子を<ruby=うかが>伺</ruby>うと\n廃棄処理場の正面ゲートには\n警備員が二人配置されている。）		
「この前の生体工学研究所と違って\n現在も稼働している施設だから\n警備員が居るな。」		
「ノヴァ。警察手帳を見せて\n施設に入れてもらおうぜ。」		
「いや、おそらくそれは無理ッスね。」		
「何でだよ？」		
「考えてもみてくださいッス。\nフェイリクスが何故、複数のオートマタを\n学園に持ち込めていたのか。」		
「そして、洗脳装置をこの廃棄処理場に\n設置して稼働させ続けられる事が出来たのか。」		
「それはこの廃棄処理場の人達を\n洗脳して操っていたからッス。」		
「なるほど…。獅堂やサツキ達が使ってた\nオートマタはこの廃棄処理場から\n横流ししてた奴だったのか……。」		
「って事はこの施設内の人間は\nフェイリクスに洗脳された\n俺達の敵って事か。」		
「そうッス。なので話し合いは無理。\n排除するしかないッス。」		
「……排除って\n正義の斑鳩警察がそんな事していいのかよ？」		
「この弾を使ってください。」		
（ノヴァから弾丸のマガジンを渡される。）		
「ナニコレ？」		
「<ruby=ますいだん>麻酔弾</ruby>ッス。これで眠らせれば\n廃棄処理場の人間達を\n傷つけずに無力化出来るッス。」		
「あと<ruby=しょうおんよう>消音用</ruby>のサプレッサーッス。\nこれを装着すれば銃の発射音を小さく出来て\n射撃しても周りの人間に気付かれにくくなるッス。」		
「……急に<ruby=おんみつこうどうかん>隠密行動感</ruby>出て来たな。」		
（俺はサプレッサーと麻酔弾のマガジンを\n銃に取り付ける。）		
警備員A		
「……うっ。」		
警備員B		
「おい、どうした？」		
「……ぐあっ。」		
「よし。<ruby=しまつ>始末</ruby>したッス。\nさっさと施設内に潜り込むッス。」		
「<ruby=しまつ>始末</ruby>？\nこれ大丈夫だよね？\n死んでないよね？」		
（サプレッサーと麻酔弾という\n最強ステルスアイテムを手に入れた俺達は\n警備員達を無力化しながら順調に進んで行く。）		
「我々は今廃棄処理場のA区画に居るんスけど\nこの先の連絡路を通れば\n中央制御室があるB区画に行けるッス。」		
「廃棄処理場なだけあって\n警備は必要最低限しか配置されてないッス。\n潜入任務としては楽勝ッスね。」		
（ノヴァがいきなりフラグみてーな事を言い出すと\n突如、スポットライトが俺達に向けられる。）		
「―――――そこまでだッ！侵入者め！」		
「なっ！我々の侵入がバレた……だと！？」		
「誰だッ！？」		
「飛んで火にいる夏の虫ッ！\nやはり来たわねッ！あんた達！」		
「罠とも知らずにまんまと来たわねッ！\nここで会ったが百年目ッ！\nこの前の借りをここで返してやるッ！」		
「<ruby=しどう>獅堂</ruby>に……<ruby=たてがみ>盾守</ruby>！？\n馬鹿なッ！先回りされていたというのか…ッ！？」		
「彼女達がここに居るという事は\n我々の作戦は<ruby=つつぬ>筒抜</ruby>けという事ですな…ッ！」		
「ユートの言った通りだったわ！\nここで待っていれば\nあんた達がここに来るってね！」		
「私達は川島さんから\nお前達を排除するように命令されている…！」		
「私は……ッ！私達は……ッ！\nお前達を倒し…ッ！\n<ruby=さみだれ>五月雨</ruby>さんの<ruby=かたき>仇</ruby>を取る…ッ！」		
「おい、お前は大きな勘違いをしている。\n別にサツキは死んでない。」		
「あの二人に何を言っても無駄ッス。\n戦うしかないッス。」		
「その通り！すべては<ruby=きこうしょうぶ>機巧勝負</ruby>で語るのみ！」		
「行くわよッ！ミーちゃんッ！」		
「わかったわッ！アーちゃんッ！」		
アメリア／ミナト		
「来いッ！私達の<ruby=しもべ>僕</ruby>よッ！」		
（獅堂と盾守が天に向かって叫ぶと\n上空から１機のオートマタが舞い降りて来る。）		
「<ruby=ていこくじゅうこうせい>帝国重工製</ruby>・<ruby=だいにせだいがたたいじんせんとうよう>第二世代型対人戦闘用</ruby>オートマタ\n<ruby=バリスタ>BALLISTA</ruby>。」		
「これが川島さんから<ruby=たまわ>賜</ruby>った私達の新たなる<ruby=つるぎ>剣</ruby>よッ！」		
「な……なんだありゃあ……ッ！\nオートマタっていうか、\nもはや兵器じゃねぇか…ッ！」		
「<ruby=きょくちせんとう>極地戦闘</ruby>を想定して\n設計された軍事用オートマタッスね。」		
「あんなものまで出してくるという事は\nあちらさんも出し惜しみしてる余裕は\n無くなった感じッスか。」		
「さあ！私達と<ruby=きこうしょうぶ>機巧勝負</ruby>よッ！」		
「ここで決着をつけてやるッ！」		
「何が<ruby=きこうしょうぶ>機巧勝負</ruby>だ！\n軍事用オートマタを持ち出しておいて、\nずりーぞ！」		
「勝負にはずるいも卑怯も無いわ！」		
「勝てばよかろうなのだ！」		
「こっちが何か言うと\n二人いっぺんに返して来るのなんなんだ……。」		
「なるほど。獅堂かいちょーと盾守パイセンが\n不自然に仲が良かったのはあのオートマタを\n二人で動かす為だったワケッスね。」		
「どのみちアレを倒さなければ\n洗脳装置は破壊出来ない。\nやるッスよ！川島さん！」		
「しょうがねえッ！やってやるぜッ！」		
一同		
「<ruby=せんてひっしょう>先手必勝</ruby>ッ！川島さんッ！\nサブマシンガン発射ァッ！」		
「了解ッ！うおおおおーーッ！！」		
（俺は左腕サブマシンガンを\nバリスタに向けて乱射するッ！）		
「被弾を確認。損傷無し。」		
「な……ッ！？無傷……だと！？」		
「今、何かしたかしら？」		
「私達のバリスタに\nそんな<ruby=まめでっぽう>豆鉄砲</ruby>効くわけないでしょうッ！」		
「く……っ！\nさすが軍事用オートマタ……ッ！\n戦車並みの装甲してるッスね……ッ！」		
「バリスタッ！お返しよッ！\nライトマシンガン発射ッ！」		
「釣りはいらないわッ！\nとっときなさいッ！」		
「了解。直ちに戦闘行動に移行。」		
「目標を補足。排除開始。」		
「来やがれッ！ガラハドの時みてーに\n奴の銃弾を撃ち落としてやるッ！」		
（バリスタの左肩に取り付けられた\n<ruby=にれんそう>二連装</ruby>ライトマシンガンから銃弾が乱射される。）		
（俺はバリスタが発射した銃弾を撃ち落とそうと\n照準を合わせるが――――）		
「まずいッ！川島さん避けてッ！」		
「――――ッ！」		
（ノヴァの回避命令に俺は<ruby=とっさ>咄嗟</ruby>に\n射線上から横っ飛びで離れるッ！）		
（射線上にあった1tはあるであろう積み荷が\nバリスタのライトマシンガンによって粉々になる。）		
「嘘……だろ……っ！\n何て威力してやがる…っ！\nあんなの喰らったらひとたまりもねーぞ……っ！」		
「あー！惜しいッ！\nあと少しでバラバラに出来たっていうのにッ！\nノヴァの奴、カンがいいわね！」		
「バリスタの<ruby=にれんそう>二連装</ruby>ライトマシンガンは\n<ruby=たいせんしゃ>対戦車</ruby>ライフルと同等の破壊力を持つ。」		
「並みのオートマタの装甲では\n<ruby=かす>掠</ruby>っただけであの世行きよ。」		
「川島さん！\nアレの射程圏内は危険っス！\nとにかく一旦離れるッス！」		
「チッ…！しゃあねえなッ！」		
（俺はバックステップで\nライトマシンガンの射程外に退避する。）		
「ふっ。そう来ると思ったわ。\nすべては想定通り。」		
「あんたの行動なんてまるっとお見通しよ！\nバリスタッ！見せてやんなさいッ！」		
「ライトマシンガンの有効射程外への退避を確認。\n中距離武装へ変更。\nミサイルランチャーを起動。」		
（右肩の<ruby=よんれんそう>四連装</ruby>ミサイルランチャーから\nミサイルが連射される。）		
「何ィ…ッ！？\nミサイルだとぉ…ッ！？」		
「川島さん！ダッシュダッシュ！\nとにかく逃げるッス！」		
「言われなくても逃げてるよッ！」		
（俺は向かってくるミサイルの射線上から\n走って逃げ回るッ！）		
「ああ。言い忘れてたけど\nバリスタのミサイルは<ruby=ついびしき>追尾式</ruby>。」		
「どんなに逃げても標的を追い続ける\nホーミングミサイルよッ！」		
（射線上から外れたミサイルは弧を描くように\n曲がり俺を追尾して来るッ！）		
「うおおお！！追いかけて来やがるッ！\nどうすんだノヴァッ！！」		
「……ふむ。そうッスね。」		
（ノヴァは腕を組み、\nほんの数秒考えこむ仕草を見せると――――）		
（――――意を決したように口を開く。）		
「川島さん！１８０度反転ッ！\nそのまま全速力でダッシュッス！」		
「反転って……ッ！！\nミサイルに突っ込めって事かよ！？」		
「いーから！言う通りにするッ！」		
「くっそッ！\nどうなっても知らねーからなッ！」		
（俺は進行方向を反転し、\n追いかけて来るミサイルに向かって走り出すッ！）		
「な…っ！自分からミサイルに\n向かってくるなんて何を考えてるの！？」		
「自殺行為ね。勝ち目が無いとみて\n試合放棄ってところかしら？」		
「川島さん！そのままミサイルの下に\n潜り込んでやり過ごすッス！」		
（俺は迫ってくるミサイルの下を\nスライディングで通過し交差するッ！）		
「ミサイルを<ruby=かわ>躱</ruby>した！？」		
「いえ！ミサイルの<ruby=ついびせいのう>追尾性能</ruby>を甘く見ないことね！\nどこまで標的を追い続け、\n絶対に逃げられはしないッ！」		
（通り過ぎたミサイル達は<ruby=きゅうせいどう>急制動</ruby>しながら\n方向転換し再びを俺を追尾してくるッ！）		
「ちょ…っ！なんだその動き！\nいい加減しつけーぞッ！」		
「これで終わりだッ！」		
「受けなさい！正義の<ruby=てっつい>鉄槌</ruby>！」		
「ぐわーーッ！！」		
（逃げ場を失った俺は\n近くに着弾したミサイルの爆風に\n吹っ飛ばされるッ！！）		
（爆風の<ruby=すいしんりょく>推進力</ruby>は凄まじく\n俺は進行方向に居るバリスタに激突するッ！！）		
「いってぇええッ！！」		
「目標との接触を確認。\n<ruby=ただ>直</ruby>ちに迎撃します。」		
「はん！わざわざバリスタの\n目の前に飛んでくるなんて\nそんなに死にたいらしいわね！」		
「待って……！あの方向はまずい…ッ！」		
（残った３発のミサイルが俺を追尾して飛んでくる。\nそれはつまり、近くのバリスタ目掛けて\nミサイルが向かって来ている事を意味する。）		
「あああ！ミサイルがバリスタに！\nよ、避けなさいッ！バリスタッ！」		
「く…ッ！まさかこれを狙っていたのか！？」		
「―――――――計画通り。」		
（俺がバリスタの真下で伏せると同時に\n３発のミサイルがバリスタに直撃し\n大爆発を起こすッ！）		
「あ……あ……ッ！\n私達のバリスタが……負けた……？」		
「そんな……嘘よ……！？\nこれだけやっても勝てないっていうの……！？」		
「う……うう…っ。\nわ、私達……負けちゃったよぉ……っ。」		
「どうやら……私達はここまでのようね……っ。\nあとは川島先生に任せましょう……っ。」		
「そうね……っ。\nユリ先生なら何とかしてくれるよね……っ。」		
「ええ……っ。\nだから私達は一足先に休ませてもらうとしましょう……。\n少し……疲れたわ……。」		
「うん……。お休みなさい。\nミーちゃん……。」		
「お休み……。\nアーちゃん……。」		
（獅堂と盾守は抱き合いながらその場に倒れ込んだ。）		
「え？死んだ？」		
「いや、気を失っているだけッス。」		
「おそらく二人で軍事用オートマタの\nバリスタを操縦したことで\n<ruby=こんぱく>魂魄</ruby>が擦り減って<ruby=ひへい>疲弊</ruby>したのでしょう。」		
「オートマタの操縦って\nそんなに消耗するのか……。」		
「どちらかというと元々犬猿の仲である獅堂かいちょーと\n盾守パイセンが無理やり仲良くしてたせいで\n潜在的な精神ダメージが大きかったのではないかと。」		
「一見仲良さそうに見えても\n互いに反発し合ってたって事か。\n……どんだけ仲悪いんだよ。こいつら。」		
「さあ。先を急ぐッス。\n洗脳装置はこの先のB区画ッス。」		
「おう。」		
「なんとか獅堂達を<ruby=しりぞ>退</ruby>けたのはいいが、\nまさか破壊工作の情報が筒抜けとはな。」		
「この先の洗脳装置までの道のりに\n<ruby=しかく>刺客</ruby>が待ち構えてるんじゃないか？」		
「そうッスね。獅堂かいちょーと盾守パイセンが\nユリせんせーに託すと言っていたのでこの奥で\n我々を待ち構えているのは確実ッス。」		
「……ユリ姉と戦う事になるのか。」		
「川島さん。\nユリせんせーが相手だからといって\n手を抜かないでくださいッス。」		
「これはユリせんせーを洗脳から解き放つ為の\n作戦でもあるんスから。」		
「わ、わかっている！\nだが……俺はユリ姉を傷つける事は出来ない。」		
「まぁ、フェイリクスも\n一応<ruby=きこうしょうぶ>機巧勝負</ruby>のルールに<ruby=のっと>則</ruby>っているッスから\nオートマタ同士の戦いになるとは思うッス。」		
「そ、そうだよな…！」		
「ただ、軍事用オートマタの\nバリスタを出して来たところを見ると\nフェイリクスも余裕が無くなって来ている事は事実。」		
「追い込まれたフェイリクスが\n何をしでかすかは<ruby=みちすう>未知数</ruby>。\n常に警戒は怠らずに行くッス。」		
「ああ。何があっても\nユリ姉だけは守ってみせるぜ。」		
「………本当に自らの命を投げ出しそうで\n不安なんスよね。」		
「ノヴァ、待て。\n目の前に何か居る。」		
「おっと。」		
「誰だ！？」		
「やっほー。\nメカワシマくん、ノヴァ。」		
「はろはろーッス。\n五月雨さん。」		
「……サツキ、\nお前がここに居るって事は。」		
「<ruby=ごめいさつ>御明察</ruby>。\n君達を倒す為に待っていたんだよ。」		
「負けっぱなしは趣味じゃないんだ。」		
「ガラハドは既に破壊した。\nお前が操るオートマタはもう無いはずだ。」		
「ところがどっこい。\n私は新たなオートマタを手に入れたのだー。」		
「なんだと…！？」		
「まさか……。」		
「じゃじゃーん！私の新しい剣！\nアイゼンだー！」		
「よう。久しぶりだな。」		
「アイゼンてめー！\nまだサツキのストーカーしてやがったのか！\nこの変態オートマタが！」		
「馬鹿を言うな。\n俺はサツキに<ruby=やと>雇</ruby>われただけだ。」		
「五月雨さーん。何でよりによって\nこんなのを雇ってしまったんスかー。」		
「えー。こう見えてアイゼン素直で優しいよ？\n私の言う事、何でも聞いてくれるし。」		
「ああ。俺はサツキの剣。\nサツキの手足となり、\nサツキの願いを叶える駒となろう。」		
「アイゼン。お手。」		
「ああ。」		
「３回回ってワンって鳴いて。」		
「ワン。」		
「ね？素直でしょ？」		
「アイゼンのヤツ、\n<ruby=てなづ>手懐</ruby>けられてるじゃねーか……。」		
「五月雨さんの\n<ruby=じゅうじゅん>従順</ruby>な犬に成り下がってるッスね……。」		
「さあ！この前のリベンジマッチだ！\n私と<ruby=きこうしょうぶ>機巧勝負</ruby>だよ！」		
「一度お前と戦ってみたいと思っていた。\nいい機会だ。その実力、\nこの目で見極めさせてもらおう。」		
（アイゼンは<ruby=しっこく>漆黒</ruby>の巨大な<ruby=たいけん>大剣</ruby>を構え\n戦闘モードに移行する。）		
「く……っ！やるしかねーのかよ…っ！」		
「我々の作戦の障害となるのなら\n排除するだけッス！」		
ノヴァ／サツキ		
「いっけー！アイゼン！\n叩き潰せー！」		
「承知！」		
（アイゼンは身の丈以上ある大剣を\n振りかざすッ！）		
「わかってるッ！」		
（アイゼンの降り下ろす大剣を\nバックステップで<ruby=かわ>躱</ruby>すッ！）		
（大剣が降り下ろされた地面は\nその質量と衝撃で<ruby=えぐ>抉</ruby>れ\nクレーターのような穴ができる…ッ！）		
「げえ…ッ！なんてパワーだ…ッ！」		
「どうだ！みたか！\nアイゼンのパワーはすっごいんだよ！」		
「いいぞ。サツキ。\nもっと俺を褒めろ。」		
「……何言ってんだこいつは。」		
「いくらパワーが凄くても\n当たらなければどうという事は無い！\n川島さん反撃ッス！」		
「おうッ！」		
（俺はアイゼンの頭部に照準を合わせ\n右腕リボルバーを発射するッ！）		
「ふん。<ruby=こしゃく>小癪</ruby>な。」		
（アイゼンは大剣を盾にし弾丸を防ぐ。）		
「チッ！あの馬鹿デケー剣、\n盾にもなるのかよッ！」		
「なるほど。攻防一体型の武装ッスか。\nあのデカさは<ruby=だて>伊達</ruby>じゃないって事ッスね。」		
「そういう事だ。」		
「攻めろー！やれー！アイゼンー！\n攻撃あるのみだー！」		
「わかっている。」		
（アイゼンは大剣を軽々と振り回し\n斬撃を繰り出す。）		
（しかし、大振りなだけあって避ける事は難しくない。）		
（１撃、２撃、３撃と\n繰り出される斬撃を冷静に避けながら\n的確に射撃を撃ち込んでいく。）		
「チッ。ちまちまと逃げ撃ちしやがって。\n正面から正々堂々と戦えねぇのか。」		
「うるせー！\n一発でも喰らったらこっちはアウトなんだ！\n射撃武器があるのにわざわざ近接で戦うかよ！」		
「なるほど。一理ある。」		
「こらー！アイゼン！何やってるのさー！\n全然当たってないじゃないかー！\n当てろー！」		
「やれやれ。相手の出方を\n伺っていたというのに短気な奴だ。\nサツキには<ruby=しんぼうづよ>辛抱強</ruby>さが足りないようだ。」		
「もう少し剣を<ruby=まじ>交</ruby>えたかったところだが、\nウチのお姫様が<ruby=そうきけっちゃく>早期決着</ruby>を望んでいるようでな。」		
「悪いがここからは少し本気を出させてもらう。」		
（アイゼンは大剣を上段に構える。）		
「あの構えは……？\n川島さん！とにかく離れて出方を伺うッス！」		
「わかってる！\nいくら大剣のパワーが高かろうが\n距離さえ取ればこっちのもんだぜ！」		
（俺はバックステップでアイゼンから距離を取り、\nリボルバーの狙いを定める。）		
「大剣使いに距離を取るのは<ruby=じょうとうしゅだん>常套手段</ruby>だ。\n射程外から攻撃されれば大剣など無力。\n敵の遠距離武装は最大の弱点だからな。」		
「だが、この俺が大剣の弱点に対して\n何も対策してないとでも思ったか？」		
（アイゼンは上段に構えた大剣を\nそのまま真下の地面に叩きつけたッ！）		
（そして、大剣を叩きつけた反動によって\nアイゼンはロケットが如くこちらに向かって\n超スピードで飛んでくるッ！）		
「なっ……！？」		
「な、なにィィイイイイーーーーッ！！！？？」		
「――――――アイアンキック。」		
（アイゼンは<ruby=すいしんりょく>推進力</ruby>を\n生かした飛び蹴りをぶちかますッ！！）		
（アイゼンの弾丸のような突進から\n繰り出される蹴りをまともに喰らった俺は\n後方に吹っ飛ばされるッ！！）		
「ぐわああああーーーーッ！！」		
（そして壁に激突し地面に倒れ込んだ。）		
「<ruby=だいいちそうこうばんはそん>第一装甲版破損</ruby>、<ruby=きょうぶそんしょうりつ>胸部損傷率</ruby>７５％、\n左腕損傷率８０％……射撃機構に異常発生。\nサブマシンガン使用不能。」		
「<ruby=きゃくぶそんしょうりつ>脚部損傷率</ruby>５０％、移動速度低下。\n姿勢制御に問題発生……復旧開始。復旧まで\nオートバランサーが一時的に使用不能になります。」		
「いえーい！大当たりー！\nやったね！アイゼン！」		
「当然だ。」		
「まずい……ッ！ドクターに強化改修を\n受けているとはいえ今の一撃は\n相当なダメージだったはず……ッ！」		
「川島さーん！立てー！\n早く立つんだー！」		
「そんな事言われたって……ッ！\n足が上手く動かねーんだよ……ッ！」		
「アイゼンさんのアイアンキックの衝撃で\nオートバランサーがイカレちまったようッスね…！\nすぐには動けないか……ッ！」		
「おいおい。蹴り一発でこのザマか。\nだらしがねえな。川島。」		
（アイゼンは大剣を<ruby=かつ>担</ruby>ぎなら<ruby=よゆうしゃくしゃく>余裕綽々</ruby>で\n俺の目の前に歩いてくる。）		
「うるせえッ！これでもくらえッ！」		
（俺は唯一動かせる右腕のリボルバーを\nアイゼンに頭部に照準を合わせる。）		
「遅ぇッ！」		
（アイゼンは大剣を振り回し\n俺の右腕の斬り飛ばすッ！）		
「ぐあああーーーッ！！」		
「しまった…ッ！\n最後の武装まで失ってしまった…ッ！」		
「これでお前は戦う<ruby=すべ>術</ruby>をすべて失った。\n終わりだな。川島。」		
「よーし！アイゼン！\nそのままメカワシマくんを叩き潰すんだ！」		
「どうやらサツキは\nお前がミンチになるのをご<ruby=しょもう>所望</ruby>らしいぜ。」		
「……おいアイゼン。\nサツキのサイコパス癖、\n何とかした方がいいんじゃねーか？」		
「俺はサツキの全てを受け入れる。\nサツキがお前をミンチにしろと言うのなら\nそれに従うだけさ。」		
「本当にサツキの事を思うなら、\n間違ってる事は正してやるのが\nサツキの為じゃねーのか？」		
「……何？」		
「相手に何の疑問を抱かず、\n盲目的に言う事に従うのは\n本当に相手の為なのか？」		
「黙れッ！お前に何がわかるッ！」		
「違う。そんなの間違ってる。\nそれはただの<ruby=もうしん>妄信</ruby>ッ！\nそんな関係は本物じゃない！」		
「黙れと言っているッ！\nいい加減くたばりやがれッ！」		
（怒りをあらわにしたアイゼンは\n俺に向けて大剣を振り下ろそうとする――――）		
（その時、斬り飛ばされた俺の右腕が<ruby=ひらい>飛来</ruby>し\nアイゼンの顔面を殴り飛ばしたッ！）		
「な、何ィィィィイイイイーーーーーッ！！？！」		
「うそ！？どうして！？」		
（殴り飛ばされたアイゼンは\n地面に叩きつけられる。）		
（アイゼンは吹っ飛んだ衝撃で\n地面に突き刺さった大剣を取ろうと\n手を伸ばすが）		
（すかさず、俺は無防備になった\nアイゼンの頭部にリボルバーの銃口を向ける。）		
「テメェ……。\n動けるじゃねーか……。」		
「まぁな。俺の演技もなかなかのモンだろ？」		
「ど、どうして…！斬り飛ばされた\nメカワシマくんの右腕が元通りにくっついてるの！」		
「なるほど。右腕を斬り飛ばされたように\n見せかけていたわけか。」		
「え！？どういうこと！？」		
「あの時、アイゼンさんに斬撃で\n川島さんの右腕が斬り飛ばされたように見えたのは\n実はロケットパンチを飛ばしていたからなんス。」		
「ろ、ろけっとぱんち？」		
「右腕を失ったと見せかけ\n<ruby=あらかじ>予</ruby>めロケットパンチを飛ばしておき\n絶妙なタイミングでアイゼンにブチ当てる。」		
「ロケットパンチは遠隔操作で\n飛行軌道を自由に設定できる。\n相手の油断を誘った高等戦術ですな。」		
「チッ。一杯食わされたぜ。」		
「どうする？まだやるか？」		
「降参だ。どのみちこのままやっても\n俺の負けは目に見えてるしな。」		
「そうか。」		
（俺はアイゼンの降参を認め、\n構えていた銃を降ろした。）		
「いえーい！この<ruby=きこうしょうぶ>機巧勝負</ruby>！\n我々の勝利ッス！」		
「えー！また私負けちゃったのー！\nもー！なんでだよー！」		
「まぁ、そうむくれるな。サツキ。」		
「俺達はまんまと奴らの策に<ruby=はま>嵌</ruby>った。\nあいつらの方が<ruby=いちまいうわて>一枚上手</ruby>だったという事だ。」		
「まー。\n確かにあんな戦い方してくるなんて\n思わなかったけどさー。」		
「サツキ。機巧勝負は俺達の勝ちだ。\nこの道を通してくれるな？」		
「はいはい。わかりましたよーだ。\n通っていいですよーだ。」		
（サツキは機嫌を悪そうにしながらも\n道を譲ってくれた。）		
「それでは五月雨さん。\n我々はこの先に用がありますので\nお先に失礼しますよ。」		
「川島。」		
「なんだよ？」		
「お前は言ったな。\nサツキが間違っていたら正すのが本物だと。」		
「お前はサツキが間違っていると思うか？」		
「ああ。少なくともフェイリクスに\n付き従ってるのは間違ってるだろ。」		
「俺はフェイリクスをぶっ倒し\nサツキをフェイリクスの<ruby=じゅばく>呪縛</ruby>から\n解き放ってやるのさ。」		
「………なるほどな。\n俺はサツキが望んだ事ならば\nそれでいいと思っていた。」		
「だが、確かにフェイリクスの\n言いなりになっているサツキを\n見ているのは良い気分はしない。」		
「川島。野郎を倒して\nサツキを自由にしてやってくれ。」		
「ああ。任せろ。」		
「ほな。」		
（サツキとアイゼンを残し俺達は先を急ぐ。\nフェイリクスとの決戦の為に。）		
「これでよしっと。\nもう動いていいッスよ。」		
「おおっ。\n何だか少し身体が\n軽くなったような気がするぜ。」		
「応急処置用のリペアキットッス。\nこれでさっきの戦いのダメージが\n多少なり修復されてるはずッス。」		
「とはいえ、あくまで応急処置。\nここでは修理が出来ない以上、\n損傷した状態でどこまで戦えるか……。」		
「手足が動けば何とかなる。\nあと１戦ぐらいは何とか持つさ。」		
「俺達には洗脳装置を破壊して\nフェイリクスぶっ飛ばさなきゃならねーんだ。\nこんなとこで足を止めてられるかってんだ。」		
「……そうッスね。\nでも、くれぐれも無理だけは\nしないでくださいッス。」		
「ここが<ruby=ちゅうおうせいぎょしつ>中央制御室</ruby>。\n我々の目指すゴールッスね。」		
「<ruby=せんのうそうち>洗脳装置</ruby>ってのはどれだ？」		
「君達の探し物はこれかな？」		
（中央制御室のど真ん中で待ち構えていた\nフェイリクス。\n奴がおもむろに指を差した方向――――）		
（そこには巨大な機械が配置され、\n<ruby=うな>唸</ruby>りを上げながら駆動している。\nどうやらあれが洗脳装置のようだ。）		
「やあ。ノエル。\nまた会えて嬉しいよ。」		
「テメェがここに居るって事は……、」		
「当然、私も居るという事だ。」		
「……ユリ姉ッ！」		
「まさか<ruby=しどう>獅堂</ruby>と<ruby=たてがみ>盾守</ruby>を倒し\n本当にここまで来るとはな。\nにわかに信じがたい事だが。」		
「だから言ったじゃないか。ユリヒメ。\n彼らの戦闘力は<ruby=あなど>侮</ruby>れないってさ。」		
「もはや残る<ruby=せいおうがくえんせいとかい>聖皇学園生徒会</ruby>は私一人のみ。\n散っていた者達の<ruby=かたき>仇</ruby>、この私が討つとしよう。」		
「来いッ！カグツチッ！」		
（ユリ姉が指を鳴らすと上空から\n一機のオートマタが舞い降りて来る。）		
「あれは……！」		
「<ruby=ていこくじゅうこうせい>帝国重工製</ruby>・<ruby=だいにせだいがたはくへいせんよう>第二世代型白兵戦用</ruby>オートマタ\n<ruby=カグツチ>KAGUTSUCHI</ruby>。 		
「ユートから借り受けた私の剣だ。」		
「軍事用オートマタの\nオンパレードッスね……。」		
「フェイリクス。\nどこまでオートマタを<ruby=おうりょう>横領</ruby>すれば気が済むんスか！」		
「<ruby=おうりょう>横領</ruby>？違う。これは救いだよ。」		
「救い？」		
「このオートマタ達は人間から見捨てられ\n廃棄予定だった者達だ。\nだから僕が救ってあげたんだ。」		
「ノエル、君が僕を救ってくれたようにね。」		
「何でもかんでもノエルさんのせいにするの\nいい加減ウザいッスよ。」		
「やれやれ。<ruby=ノヴァ>NOVA</ruby>シリーズの人格は\n随分と反抗的なようだ。\n早急に消してしまわないといけないね。」		
「ノヴァの人格を消す……だと？」		
「ここには洗脳装置本体がある。\n至近距離から供給される洗脳の電波は強力だ。」		
「これを使えば<ruby=こんぱく>魂魄</ruby>に直接介入し\n<ruby=ノヴァ>NOVA</ruby>シリーズの人格ごと<ruby=こんぱく>魂魄</ruby>を\n消し飛ばす事だって出来るのさ。」		
「テメェ……！ノヴァを殺すって事か……！」		
「勘違いしないで欲しいな。\nそれは元々ノエルのものだ。\nだから元の持ち主に返してもらうだけさ。」		
「聞こえているんだろう？ノエル。\n<ruby=ノヴァ>NOVA</ruby>シリーズなどという邪魔な人格を消し、\nすぐに君に会いに行くよ。待っていてくれ。」		
「……こいつ、\n平気で薄ら寒い事言いやがるッスね。」		
「なるほど。フェイリクスの野郎は\n今までノヴァの<ruby=ぎじこんぱく>疑似魂魄</ruby>の奥底に眠るノエルに\n話しかけてやがったって事か。」		
「だからキモいんスよ。こいつは。」		
「……ノエルはそんな事言わない。」		
「……その顔で、その声で、\nノエルが言わない事を口にするな。\n……<ruby=ふゆかい>不愉快</ruby>だ。」		
「ユリヒメ。奴等を排除するんだ。」		
「ああ。任せておけ。ユート。\nお前を不快にするものはこの私が<ruby=めっ>滅</ruby>しよう。」		
「ユリ姉…ッ！やめてくれ…ッ！\n俺はユリ姉と戦いたくはない…ッ！」		
「黙れッ！貴様にユリ姉などと\n呼ばれる<ruby=すじあ>筋合</ruby>いはないッ！\nユリ姉と呼んでいいのはユートだけだッ！」		
「く…っ！ユ、ユリ姉……ッ！」		
「川島さん。言ったはずッス。\nユリせんせーを洗脳から解き放つには\nあの制御装置を破壊するしかないッス。」		
「その為にはまずユリせんせーの\n操るオートマタを無力化しなければ\nならないッス。」		
「わかってる……ッ！\nこれが最後の戦いだ……ッ！」		
「この勝負に勝って\nユリ姉の目を覚まさせてやる…ッ！」		
「ほう。その覇気、その<ruby=とうし>闘志</ruby>。\n悪くはない。相手にとって不足無し。」		
「行くぞ！カグツチ！\n奴等に目にもの見せてくれるわ！」		
ノヴァ／ユリヒメ		
「カグツチはブレードによる\n近接戦闘が主な戦闘スタイルッス。」		
「つまり、遠距離攻撃が有効って事だな！」		
「その通りッ！川島さん！\nサブマシンガンッス！」		
「うおおおおーーーーッ！！」		
（俺は左腕のサブマシンガンを\nカグツチに向かって乱射するッ！）		
「無駄だッ！カグツチ！」		
（カグツチは\n乱射されるサブマシンガンの弾丸を\n目にも止まらぬ速さで切り払う。）		
「な、なにィ…！？\nサブマシンガンの弾を全弾、\n刀で切り払っただとォ…！？」		
「ンなアホな…ッ！\nカグツチのカタログスペックでは\n弾丸を斬り裂くほどの反応速度は無いはず…！」		
「そう。カグツチだけのスペックでは不可能だ。\nけれどマスターであるユリヒメの\n反応速度をプラスしたらどうかな？」		
「まさか……ッ！？」		
「<ruby=こんぱくせつぞく>魂魄接続</ruby>か……ッ！？」		
「そう。ユリヒメはカグツチに<ruby=こんぱくせつぞく>魂魄接続</ruby>し\n演算能力を向上させているんだ。」		
「演算能力だけじゃない<ruby=しんぎたい>心技体</ruby>、\nユリヒメが<ruby=つちか>培</ruby>った戦闘技術がすべて\nカグツチにフィードバックされている。」		
「君達が相手しているのはユリヒメ自身……\nいや、ブレイズチルドレン計画、\nレベル<ruby=ファイブ>5</ruby>の<ruby=きょうかにんげん>強化人間</ruby>そのものだよ。」		
「マジかよ……ッ！\nじゃあ、今俺達が相手してるのはカグツチを介した\nユリ姉本人って事じゃねぇか…ッ！」		
「フェイリクス……ッ！\nユリせんせーを<ruby=はいじん>廃人</ruby>にさせる気ッスか…！」		
「<ruby=はいじん>廃人</ruby>……？どういう事だ…？」		
「<ruby=こんぱくせつぞく>魂魄接続</ruby>は人間の神経に大きな負荷を掛けるッス。\nオートマタの演算能力を肩代わりするって事は\n本来機械が行う膨大な計算量を人間が行うって事ッス。」		
「どれほどの負荷が掛かるかは計り知れない。\n下手したら<ruby=こんぱくせつぞく>魂魄接続</ruby>しているユリせんせーの\n神経が焼き切れて廃人ッスよ！」		
「な……なんだと……ッ！？」		
「フェイリクスッ！\n今すぐ戦いをやめさせろッ！\nユリ姉が危ねぇッ！」		
「戦いをやめる？冗談を言うな。\n<ruby=きこうしょうぶ>機巧勝負</ruby>は既に始まっている。\n勝敗が決するまで誰も止められはしない。」		
「フェイリクス……ッ！\nテメェ……ッ！」		
「ククク……。君が悪いんだよ。川島ユート。\n僕から大切なものを……ノエル奪った君が…ッ！」		
「だから、僕も同じことしてやるのさッ！\n君はユリヒメと戦いッ！ユリヒメが壊れていく様を\nその目で見るがいいッ！」		
「この……ッ！！\nクソ野郎があああああああーーーーーッ！！！」		
「馬鹿め！よそ見をしている暇はないぞッ！」		
「行けえッ！カグツチッ！」		
（カグツチは<ruby=いっそくと>一足飛</ruby>びに踏み込み\nブレードで斬りかかってくる。）		
「くそ…っ！」		
（俺は背中のバックパックから射出した\n刀の<ruby=つか>柄</ruby>を握り刃を出現させる。）		
（そして、俺は刀を握りしめ\nカグツチのブレードを受ける。）		
「ほう。仕込み<ruby=がたな>刀</ruby>で受け止めたか。\n面白い。」		
「ユリ姉ッ！<ruby=こんぱくせつぞく>魂魄接続</ruby>を今すぐやめるんだ！\nそのままじゃ廃人なっちまうぞッ！」		
（俺はカグツチと<ruby=つばぜ>鍔迫</ruby>り合いになりながら\nユリ姉に呼びかける。）		
「そんな事は知っている。\nだが、貴様を倒すまで\n私は<ruby=こんぱくせつぞく>魂魄接続</ruby>を解除する気はない。」		
「な……っ！何でだよ…ッ！\nどうしてだよユリ姉…ッ！\n何故そこまで戦う必要があるんだ！？」		
「ユートの障害は私が排除する。\n例えこの身が滅びようともな。」		
「く……っ！\n本当にわからず屋だな！\n昔から…ッ！」		
「なんでそうやって\n自分を<ruby=そまつ>粗末</ruby>にするんだッ！\nもっと自分を大切にしろよッ！」		
「黙れッ！貴様に何がわかるッ！\nユートはこの私にとってすべてなのだッ！\nだから命を代えても守る必要があるのだ！」		
「貴様に私の気持ちがわかるかぁッ！！」		
（カグツチは<ruby=つばぜ>鍔迫</ruby>り合いの状態から\n<ruby=よこな>横薙</ruby>ぎに刃を弾き――――）		
（――――その返し刃で俺の首筋を狙って斬撃を放つ。）		
（俺は<ruby=とっさ>咄嗟</ruby>にカグツチの刃を受け止めるが、\n凄まじいパワーに耐えきれず吹っ飛ばされる。）		
「ぐああああーーーッ！！」		
「川島さんッ！！」		
「ふふっ。それでいい。」		
「機体損傷率８５％突破。\nブレード破損、左右武装使用不能。\nシステムオールダウン。活動限界です。」		
「う……うぐぐ……っ。」		
「く……っ。\n応急処置で騙し騙しやって来たッスが\n蓄積ダメージが大きすぎたようッスね……。」		
「ふん……っ。\nカグツチのパワーを思い知ったか……！\nこれで終わり――――、」		
「う…ぐ……っ！\nあ、頭が割れそうだ……っ！」		
（優位に立っていたはずのユリ姉は\n突如としてこめかみを抑えながら苦しみ出す。）		
「あれは……！\n<ruby=こんぱくせつぞく>魂魄接続</ruby>を<ruby=こくし>酷使</ruby>した症状が出て始めている……！」		
「ユリせんせー！\nこれ以上の<ruby=こんぱくせつぞく>魂魄接続</ruby>は危険ッス！\nもうやめるッスよ！」		
「黙……れ……ッ！貴様らを<ruby=ほうむ>葬</ruby>るまで…ッ！\n私は止まるわけには行かんのだ……ッ！」		
「やめ……ろ……っ。\nユリ姉……っ。」		
「いいぞ！ユリヒメ！\nさあ！奴はもう虫の息だ！\n君の手でトドメを刺すんだ！」		
「フェイリクス……ッ！」		
「ああ…！わかっているさ…！\nユート…！私は……勝つ……ッ！」		
「トドメだ…ッ！カグツチ…！\n奴を<ruby=いっとうりょうだん>一刀両断</ruby>にしろォ……ッ！」		
（カグツチはブレードを上段に構え\n斬りかかってくる。）		
「川島さん……っ！」		
「勝った…ッ！僕達の勝利だ…ッ！\nノエル……ッ！」		
（何やってんだ俺……。）		
（ユリ姉を助けると……。\nユリ姉を守ると誓ったのに……。）		
（結局、また助けられないのかよ……。\nあの時と一緒だ……。）		
（あの時……？\nあれは……いつだ？）		
（―――――――――――ッ。）		
（………そう、か。\n俺は本当に……１度ユリ姉を死なせてたのか。）		
（……許せねえ。そいつは許せねえよな。\n<ruby=はらわた>腸</ruby>が煮えくり返りそうだ。）		
（憎い…ッ！憎い憎い憎い…ッ！\nユリ姉を殺した<ruby=けんまりゅう>剣魔竜</ruby>は当然だが、\nそれ以前に何も出来なかった弱い自分自身に…ッ！）		
（だからァ…ッ！今度はァ……ッ！\n絶対に死なせねぇ…ッ！！）		
（何でもいいッ！俺の中に眠ってる力ァ…ッ！\n今だけでいい…ッ！テメェらの力…ッ！\n全部俺に<ruby=よこ>寄越</ruby>しやがれぇええええーーーーーッ！！！）		
「なん……だと？」		
「馬鹿な……ッ！\nカグツチのブレードを止めた……！？\n奴め…！どこにそんな力が……ッ！」		
「あの<ruby=ひかりかがや>光輝</ruby>く刀……ッ！\nあれはまさか<ruby=けんまりゅう>剣魔竜</ruby>さんの力……！？」		
「すまねえ……ユリ姉。\n俺が弱っちいばっかりに……、\n俺はユリ姉を死なせちまった情けねえ弟だ……。」		
「なんだ……何を言って……？」		
「だがよぉ……っ！今度は…ッ！\n今度だけはぁ…ッ！絶対にッ！\n死なせねぇ…ッ！」		
「愛とッ！怒りとッ！悲しみのォッ！」		
「<ruby=ブレイズソードバースト>炎刃爆裂破</ruby>ォオオオオオオーーーーーッ！！！！」		
（俺の握りしめる光り輝く刀から炎が燃え盛り、\n巨大な炎の刃となりカグツチを貫くッ！！）		
（炎の刃はグングン伸び続け\n後方に配置された洗脳装置ごと\nカグツチを貫いたッ！！）		
「なにィィィィイイイイーーッ！！？」		
「カグツチが…ッ！！洗脳装置が…ッ！！\n僕の計画がああああーーーーッ！！！」		
「私が……カグツチが……\n負けた……だと？」		
「お前は一体……何者……なんだ……っ。」		
「川島さん…！大丈夫ッスか……！？」		
「ユリ姉は……？」		
「大丈夫ッス。<ruby=こんぱくせつぞく>魂魄接続</ruby>の消耗が\n激しくて気を失ってるだけ。\n命に別状は無いッス。」		
「そう……か……。\n良かった……。」		
「ああ……っ！\n僕のオートマタ達が全滅……っ！」		
「僕の……洗脳装置が破壊された……っ！\n僕の……僕の計画が……っ！」		
「洗脳装置は破壊され、\nお前を守る者は誰も居ないッス。」		
「さあ。観念するッス。\nフェイリクス。」		
「観念……観念だって？\nこの僕が？」		
「ははは！僕はまだ終わっていない！\n忘れたのか！？\nこの身体は川島ユートの身体だ！」		
「君は川島ユートは傷つけられない！\nつまり、この身体は人質というわけさ！」		
「く…っ！悪あがきを……っ！」		
「さあ！わかったらそこをどけ――――、」		
（フェイリクスの<ruby=たかわら>高笑</ruby>いする顔面に向かって\n俺のロケットパンチが<ruby=さくれつ>炸裂</ruby>する。）		
「うぎゃあああーー！！\n痛い痛い痛いーーーーッ！！」		
「馬鹿な…っ！自分の身体を<ruby=ちゅうちょ>躊躇</ruby>なく\n殴りつけるなんて…っ！\nこの身体に戻りたくはないのか！？」		
「うるせえ。ユリ姉を危険な目に遭わせた\nテメェをボコれるんなら\n自分の身体なんてどうなったっていい。」		
「こいつ……どうかしてる……ッ！」		
「な……っ！？\nフェイリクス……その顔は……！？」		
「僕の顔がどうしたって…………なッ！？」		
（フェイリクスが地面に散らばったガラス片で\n自分の顔を見ると――――）		
（―――――顔の半分から機械部分が露出していた。）		
「なん……だ……これは……？\nこの身体は川島ユートの肉体のはず……。」		
「だけど、これじゃまるで……\nオートマタ……じゃないか。」		
「え？川島さんってオートマタなんスか？」		
「ンなわけねーだろ。\n生まれてから高校生になるまで\nすくすく育って来たつもりなんだが。」		
「あー、まぁ確かに。\nいくらオートマタでも成長による肉体変化は\nまだ<ruby=みかいたく>未開拓</ruby>の分野ではありますな。」		
「一体…！一体これはどういう事なんだ…！？\n僕は川島ユートの身体を乗っ取り、\n人間になったんじゃなかったのか…！？」		
「この身体……一体、何なんだ！？」		
「その質問には私が答えよう。」		
「ドクター！」		
「影山！？何故ここに！？」		
「影山……？まさかお前は\n<ruby=ていこくじゅうこう>帝国重工</ruby>の科学者か……ッ！」		
「元帝国重工の科学者だ。\n今は<ruby=せいおうがくえん>聖皇学園</ruby>の科学教員をしている。」		
「フェイリクス。<ruby=たんとうちょくにゅう>単刀直入</ruby>に言えば\n君は私の計画の一部として\n動いていた<ruby=こま>駒</ruby>に過ぎない。」		
「何を言っている…？そんな事はあり得ない。\n僕は僕自身の意志で計画を立て、\nここまでやって来たんだ。」		
「残念ながらそれは<ruby=さっかく>錯覚</ruby>だ。\n君がそう思い込むように私がプログラムしたのだ。」		
「<ruby=さっかく>錯覚</ruby>……だと？」		
「順を追って説明しよう。」		
「私は人間とオートマタの<ruby=こんぱく>魂魄</ruby>を\n<ruby=うつ>移</ruby>し替える研究のサンプルを探していた。」		
「幸運な事に<ruby=こんぱく>魂魄</ruby>の操作能力を持つ、\n人間とオートマタを１体ずつ見つけたのだ。\nそれが川島とフェイリクスだ。」		
「更にこの２体のサンプルには偶然にも接点があり\nフェイリクスは川島ユートに憎しみの感情を\n<ruby=いだ>抱</ruby>いている事が判明した。」		
「私はこの憎しみの感情を利用し、\n大掛かりな<ruby=こんぱくせつぞく>魂魄接続</ruby>の実験環境を用意した。」		
「まさか……川島ユートに復讐する為に\n僕が聖皇学園の生徒達を洗脳したのも\nお前が仕組んだっていうのか。」		
「そうだ。\nより実践的なサンプルを収集するには\n本物の憎しみと復讐による計画が必要なのだ。」		
「だから、私はフェイリクスが動きやすいように\nこの施設に洗脳装置を設置し、川島ユートを<ruby=もほう>模倣</ruby>した\n<ruby=だいさんせだいがた>第三世代型</ruby>オートマタのボディを与えたのだ。」		
「この身体はお前が用意したものだったのか…ッ！」		
「それは君の希望を叶えたまでだ。\nその身体を使って川島ユートに\n復讐すると言っていたからな。」		
「ふざけやがって……。」		
「影山テメェ……ッ！！\nこれはテメェが仕組んだ事だったのか…ッ！」		
「そうだ。\nこれは<ruby=げっこうけいかく>月光計画</ruby>に必要な実験だったからな。」		
「何が<ruby=げっこうけいかく>月光計画</ruby>だ…ッ！\nテメェのせいでユリ姉が…ッ！\n巻き込まれた生徒がどうなったと思ってんだ…ッ！？」		
「科学の進歩に犠牲は付き物だ。\n<ruby=げっこうけいかく>月光計画</ruby>の前では仕方の無い犠牲だよ。」		
「ふざけんなッ！テメェ…ッ！」		
「落ち着いてくださいッス！\n川島さん！」		
「これが落ち着いていられるかッ！\nこいつのせいでッ！一歩間違えればユリ姉が\n死んでたかもしれないんだぞッ！」		
「確かにドクターのしたことは\n<ruby=じんどう>人道</ruby>に<ruby=はん>反</ruby>する事ッスけど、川島さんのおかげで\nユリせんせーは無事ッス。」		
「我々は知る必要があるッス。\nこの計画で何が行われていたのかを。\n今はドクターの話を聞きたいッス。」		
「チッ……。」		
「ドクター。フェイリクスが川島さんを\n<ruby=もほう>模倣</ruby>した<ruby=だいさんせだいがた>第三世代型</ruby>オートマタのボディを\n使ってるって言ってたッスね。」		
「ああ。そうだ。」		
「では、本当の川島さんの身体はどこッスか？」		
「良い質問だな。１３号。」		
「人間を洗脳するには強制的に<ruby=こんぱくせつぞく>魂魄接続</ruby>を行い\n<ruby=こんぱく>魂魄</ruby>から認識を<ruby=さっかく>錯覚</ruby>させる事で\n対象の任意操作が可能となる。」		
「そして川島は<ruby=とくいてん>特異点</ruby>と呼ばれる\n希少能力を保有しており、\n<ruby=こんぱくせつぞく>魂魄接続</ruby>の最大射程が15kmを越える。」		
「私は川島を生体ユニットとして\n洗脳装置に組み込む事で<ruby=こんぱくせつぞく>魂魄接続</ruby>の\n<ruby=ちょうえんかくそうさ>超遠隔操作</ruby>による人体洗脳を思い立ったのだ。		
「そして私の<ruby=おもわく>思惑</ruby>通り、\nこの廃棄処理場の洗脳装置を経由し\n聖皇学園の生徒達を洗脳する事に成功した。」		
「ドクター……。\n川島さんを生体ユニットとして\n組み込んだって事はまさか……。」		
「既に君達には見えているだろう。\n生体ユニットとなった川島の姿が。」		
（俺の<ruby=ブレイズソードバースト>炎刃爆裂破</ruby>で破壊した洗脳装置。\n破損した外装から見える装置内部に\nカプセルに入った人影が見える。）		
（あれは―――――、）		
「俺………か？」		
<Off>真顔2		
「どうやら洗脳装置の生体ユニットとして\n川島さんの本物の身体が使われてたってのは\nマジのようッスね……。」		
「喜べ。君達が私の計画通りに\n動いてくれたおかげで\n<ruby=こんぱくせつぞく>魂魄接続</ruby>の良いサンプルが収集できた。」		
「これでまた一歩。\n<ruby=げっこうけいかく>月光計画</ruby>が進む事になるだろう。」		
「テメェ影山……！\n人をモルモット扱いしやがって……ッ！」		
「モルモット扱いではない。\n君はモルモットだよ。川島。」		
「何だとこの野郎ッ！\nふざけんなッ！テメェッ！」		
「はははははははッ！！！」		
「あ？何笑ってんだ？\nフェイリクス。」		
「これが笑わずにいられるか…っ！\n自分の意志で計画を遂行してきたつもりだった…！」		
「川島ユート、君に復讐し…！\nノエルを取り戻す…！それこそが……ッ！\nそれだけが僕を突き動かしていたんだ……ッ！」		
「だというのに…ッ！この身体も…ッ！\n洗脳能力も…ッ！復讐心も…ッ！\n何もかもがこの影山という男に作られたものだ…ッ！」		
「僕は……ッ！僕一人では何も出来ない…ッ！\n何も無い……ッ！\n僕は一体何者なんだ……ッ！？」		
「フェイリクス……。」		
「フェイリクス。何も<ruby=ひかん>悲観</ruby>する事は無い。\n君は元々廃棄予定の出来損ないだ。\nそれを私が有効活用してやっただけの事。」		
「むしろ喜ばしい事だと思わんかね？\n出来損ないで無価値な君が最期に\n<ruby=げっこうけいかく>月光計画</ruby>の<ruby=いしずえ>礎</ruby>となれたのだから。」		
「ふ……ふふふ……っ。\nふはははははは……っ。」		
「やはり<ruby=ていこくじゅうこう>帝国重工</ruby>の科学者というのは\nどいつもこいつもクソ野郎だな……ッ。」		
「お前達のような奴が居るからッ！\nノエルが犠牲になったんだ！」		
「お前達さえ居なければ\nノエルは死なずに済んだんだッ！」		
「言ったはずだ。科学の進歩に犠牲は付き物だと。\n仮にノエルとやらが死ななかったとしても\n別の誰かが代わりに犠牲になっただけだ。」		
「な……ッ！？」		
「貴様ぁああああーーーーーッ！！！」		
「影山ぁああああーーーーーッ！！！」		
「ちょ…っ！二人共落ち着いてくださいッス！」		
「これが落ち着いていられるか…ッ！\nノエルの死を当たり前の\n犠牲としか思っていない奴に！」		
「見損なったぜッ！影山ッ！\nテメェがそこまで\nマッドサイエンティストだとはなッ！」		
「やれやれ。何故事実を<ruby=の>述</ruby>べただけなのに\nこうも感情的になるのだ。\nこれだから人の心というものは理解に苦しむ。」		
「もういい。わかった。\nやはり帝国重工の科学者など生かしておけない。\nここで<ruby=ほうむ>葬</ruby>ってやる。」		
「ほう。<ruby=しえき>使役</ruby>するオートマタを失った君に\n一体何が出来るというのかね？」		
「僕は元々<ruby=せいしんかんしょうよう>精神干渉用</ruby>のオートマタとして作られた。\nこの<ruby=だいさんせだいがた>第三世代型</ruby>のボディに対しても僕の能力は有効だ。」		
「精神干渉を<ruby=だいさんせだいがた>第三世代型</ruby>の<ruby=ぎじこんぱく>疑似魂魄</ruby>に行い\nエーテライトコアの<ruby=ゆうごうろ>融合炉</ruby>を反転させる…ッ！」		
「は？どういう事だ？」		
「………なるほど。\n<ruby=だいさんせだいがた>第三世代型</ruby>のエーテライトコアは\n<ruby=だいにせだいがた>第二世代型</ruby>の５０倍の出力を有している。」		
「膨大な出力のエーテライトコアの<ruby=ゆうごうろ>融合炉</ruby>を反転させれば\nエーテライトが<ruby=ぼうちょう>膨張</ruby>し半径10kmをにも及ぶ\n大爆発を引き起こすだろう。」		
「フェイリクス……自爆する気ッスか。」		
「なんだとぉおおおおーーーッ！！？」		
「やめろッ！フェイリクスッ！\nここにはユリ姉達が居るんだぞッ！\n関係無い奴等を巻き込むのか！？」		
「ユリヒメ達には申し訳ないと思っているよ。\nでも、仕方ないんだ。<ruby=ていこくじゅうこう>帝国重工</ruby>の科学者は\n<ruby=まっさつ>抹殺</ruby>しなければならない。」		
「これはノエルへの<ruby=たむ>手向</ruby>け。\n僕は最期にあの影山という科学者を<ruby=みちづ>道連</ruby>れにする事にしたんだ。\nこれ以上、ノエルのような犠牲者を出さない為にもね。」		
「ふざけやがって！だからってユリ姉達を\n巻き込むなんざお前も<ruby=ていこくじゅうこう>帝国重工</ruby>の\n科学者共と同じ事をしてるんだぞ！」		
「だから、僕は地獄行くよ。\nあいつと一緒にね。」		
「開き直ってんじゃねーッ！」		
「やむを得ねぇッ！\nここでフェイリクスを機能停止させるッ！」		
（俺は銃口をフェイリクスの<ruby=のうてんめが>脳天目掛</ruby>けて照準を合わせる。）		
「おっと。下手な事をしない方がいいよ。\n僕に少しでも衝撃を与えれば、\nすぐさまドカンだ。」		
「ンだとぉ～～～～ッ！！」		
「……<ruby=ばんさくつ>万策尽</ruby>きたか。」		
「影山テメェえええ～～～ッ！！\n何諦めてんだ！誰のせいでこんな事に\nなったと思ってやがる…ッ！」		
「エーテライトコア自爆まで\nカウントダウン開始。」		
「うおおおお！！\nまさかの１０カウントかよ！？\n猶予無さすぎだろ！」		
「どうする！？どうする！？\nせめてユリ姉だけでも\n何とか助けられないか…！？」		
「ふふっ。やはり最後に笑うのは僕のようだね。」		
「テメェ…ッ！フェイリクスッ！\n何最期に勝ち誇ってんだこの野郎ぉおーーーッ！！」		
（カウント５秒前のその時、\n突如として謎の飛行物体が現れ、\nフェイリクスを上空へと連れて行く。）		
「な……なんだ！？」		
「あれは……１３号か？」		
「なにィッ！？」		
「ノエル……！？\n離せ…ッ！一体何をするつもりだ…ッ！？」		
「フェイリクス！アンタを上空で爆発させるッス！」		
「空の上ならエーテライトコアの爆発範囲から\n川島さん達を守れるッスからね！」		
「な…ッ！馬鹿か君は！？\n早く離れろッ！君まで巻き込まれるぞッ！」		
「半径10kmのエーテライト爆弾を使う時点で\nどの口がほざくんスか。」		
「ノエル！君は<ruby=りこう>利口</ruby>だ！\n君だけは飛行ユニットで助かる事を計算して\nこの方法を選んだんだ！」		
「それなのに自分の命を犠牲にしてまで\nあんな奴等を助けるだなんて！\n君がそこまで馬鹿だなんて思わなかった！」		
「馬鹿だなー。フェイリクス。\n私が利口だったらとっくに\n研究所から逃げ出してるよ。」		
「まさか……ノエル、なのか？」		
「うん。ごめんね。フェイリクス。\n私のせいで君に辛い目ばかり\n遭わせちゃったね。」		
「ノエル……！ノエル……！\n僕はずっと……！\nずっと君に会いたかった…！」		
「でも、今度は私が一緒だから。\n寂しくないよね？」		
「ああ……！もちろんだ……！」		
「ノヴァーーーッ！！\n何やってんだお前ぇえええーーーーッ！！」		
「ユートーー！ごめーん！\n私、このままフェイリクスと\n自爆するからーーー！」		
「って、まさかノエルか！？」		
「うん！これしか君達を助ける方法が\n思い浮かばなかったんだー！」		
「お、おい……！\nノエル……！」		
「だから、私達の分まで生きてね！」		
「それじゃー――――、」		
「―――――ユート。」		
「―――――川島さん。」		
「―――――ばいばい。」		
「ノヴァアアアアアアーーーーッ！！！\nノエルゥウウウーーーーーーッ！！！」		
「<ruby=こんぱくせつぞくかいし>魂魄接続開始</ruby>……エーテライトコア正常。\n<ruby=こんぱく>魂魄</ruby>の移行シーケンス……フェイズ１完了。\n同調率３０％。」		
「同調率……４０％……５０％……フェイズ２完了。\nエーテライトコアの出力上昇。」		
「同調率……６０％……７０％……フェイズ３完了。\nエーテルコンバータ起動。\n最終シーケンスに移行します。」		
「同調率……８０％……９０％……１００％……\n最終フェイズ完了。<ruby=こんぱくせつぞく>魂魄接続</ruby>終了。\nバイタル正常。<ruby=こんぱく>魂魄</ruby>の移行完了。」		
「被検体を覚醒させます。」		
「う……ん……っ。」		
「こ……こ……は………？」		
「ここは<ruby=ていこくじゅうこうほんしゃ>帝国重工本社</ruby>の<ruby=ちかじっけんしつ>地下実験室</ruby>だ。\n気分はどうかね？川島ユート。」		
「影山……。地下実験室……？\n俺は一体……。」		
（俺は自分の手を見る……\nすると何か違和感を感じた。）		
（あれ……？俺の手ってこんな感じだっけ？\nもっと機械っぽいゴツゴツした\n感じじゃなかったっけ？）		
「あん！？ちょっと待て！？\n<ruby=かがみ>鏡</ruby>！<ruby=かがみ>鏡</ruby>はどこだ！？」		
「<ruby=かがみ>鏡</ruby>はそれだ。」		
（影山が指差す方向。壁に取り付けられた鏡で\n自分の姿を確認する。）		
「嘘……だろ……？\nこれ俺だ……。俺元に戻ってる……。」		
（鏡に映っていたのは今や懐かしい姿。\n借り物のオートマタのボディじゃない。\n人間の俺、川島ユート本人の姿だった。）		
「洗脳装置は破壊され生体ユニットとしての\n君の役割は終わった。」		
「だから<ruby=かりそ>仮初</ruby>めのオートマタのボディから\n元の人間の身体に君の<ruby=こんぱく>魂魄</ruby>を戻したのだ。」		
「どうかね？オートマタで居る時間が長かった為\nまだ五感が元に戻らないとは思うが\n人間の動作に支障は無いだろう？」		
（俺は手を握ったり腕を回してみる。\n確かに身体を動かす信号の遅延というか\n鈍さはあるが、元の俺の身体のようだ。）		
「ああ。ちょっと違和感あるが\n問題無さそうだ。」		
「………ふむ。\nオートマタから人間への<ruby=こんぱくいこうじっけん>魂魄移行実験</ruby>も\n問題無く完了だな。」		
「ようやく元の身体に戻れたぜ。\nあいつが俺の身体を奪ったせいで\nずっとフェイリクスの野郎のボディだったからな。」		
（………いや、違う。\nフェイリクスは俺の身体を<ruby=もほう>模倣</ruby>した\n<ruby=だいにせだいがた>第三世代型</ruby>オートマタのボディだった。）		
（すべての<ruby=げんきょう>元凶</ruby>はこいつ……\n影山が仕組んだ事だったんだ。）		
（――――――――ッ！）		
「ノヴァッ！\nおい！ノヴァは無事か！？\nユリ姉は！？あの後どうなったんだ！？」		
「一度に質問をするな。\n順を追って説明しよう。」		
「あの時、フェイリクスは自我が崩壊し\n自身のエーテライトコアを\n暴走させ自爆を試みた。」		
「１３号は咄嗟に\nフェイリクスを上空に連れ去り\nフェイリクス<ruby=もろともじばく>諸共自爆</ruby>した。」		
「そん……な……っ。」		
「エーテライトコアの爆発は上空だった為、\n地上への被害は最小限で済んだ。\n結果的に１３号の判断は正しかったと言える。」		
「まもなく<ruby=いかるがけいさつ>斑鳩警察</ruby>が到着し\nユリヒメ、<ruby=しどう>獅堂</ruby>、<ruby=たてがみ>盾守</ruby>の被検体の\n回収を行った。」		
「私は君が使っていたオートマタの\n<ruby=サイファー>CIPHER</ruby>-09のボディと君の肉体である生体ユニットを\n回収し、この実験室まで運び込んだ。」		
「そしてたった今、<ruby=こんぱくいこうじっけん>魂魄移行実験</ruby>が完了し\n君は元の人間の肉体に戻れたというわけだ。」		
<Off>煽り		
「それじゃユリ姉達は無事なのか……。」		
「ああ。洗脳装置が破壊された事により\n洗脳を受けていた者達は\n元の状態に戻っている事だろう。」		
「ただし、洗脳されていた時の記憶は\n夢の中に居るようにおぼろげな状態と\nなっているだろうがね。」		
「洗脳時の記憶が残っていると\n後からの情報操作と<ruby=いんぺい>隠蔽</ruby>が厄介なので\nこのような<ruby=さいく>細工</ruby>をさせてもらった。」		
「今頃、洗脳されていた者達は\n夢でも見ていたかのように何事も無く\n日常生活に復帰している事だろう。」		
「………ノヴァは？\nノヴァは無事なのか？」		
「無事、という定義によるが、\n１３号の状況は君に伝えるとしよう。」		
「何せ、今回の学園アイドルの攻略対象であり\n君のヒロインおよびパートナーでもあるからな。」		
「フェイリクスと自爆した１３号は\n粉々に<ruby=ばくさん>爆散</ruby>しほとんどの部品は燃え尽き\nわずかな破片が<ruby=ざんがい>残骸</ruby>として地上に降り注いだ。」		
「………ッ！！」		
「私は爆散した残骸の中から１３号の\nエーテライトコアを回収した。」		
「エーテライトコアは<ruby=ぎじこんぱく>疑似魂魄</ruby>を<ruby=ないほう>内包</ruby>している。\nオートマタの核とも言えるユニットだ。」		
「逆に言えば\nこのエーテライトコアさえ存在していれば\nオートマタは何度でも<ruby=しゅうふく>修復</ruby>が可能だ。」		
「……ッ！じゃ、じゃあ！\nノヴァは直るのか！？」		
「ああ、既にボディを完全修復し\nエーテライトコアを組み込んだ。\nこれで１３号は『<ruby=もとどお>元通</ruby>り』だ。」		
「ノヴァに…！\nノヴァに会わせてくれ…！」		
「いいだろう。\n１３号、こちらに来たまえ。」		
「……はい。ドクター。」		
「ノヴァ…ッ！良かった…ッ！\nお前が無事で……ッ！」		
「お前…ッ！何で命を<ruby=そまつ>粗末</ruby>に\nするような事をするんだ…ッ！」		
「俺はお前が死んじまったと思って\nすげー悲しくてッ！すげー怖くてッ！\n仕方無かったんだッ！」		
「ノヴァ！もうあんな事はやめてくれ…ッ！\nお前まで目の前で死なれたら\n俺はもう……耐えられない…ッ！」		
<Off>悲しみ2		
「………ノヴァ？」		
「<ruby=ひてい>否定</ruby>。私はノヴァなどという<ruby=こしょう>呼称</ruby>ではありません。」		
「私は<ruby=ていこくじゅうこうせい>帝国重工製</ruby>・\n<ruby=だいさんせだいがたちょうほうていさつよう>第三世代型諜報偵察用</ruby>オートマタ\n<ruby=ノヴァ>NOVA</ruby>シリーズ0013号機です。」		
「<ruby=けいこく>警告</ruby>。私はノヴァではありません。\n１３号です。」		
「は……？何言ってんだ……？\nお前なんかヘンだぞ……？」		
「<ruby=ぎもん>疑問</ruby>。システムは正常。\nどこも異常はありません。」		
<Character=NOVA>片目		
「私を異常だと疑う。\nあなたに問題があると仮定します。」		
「<ruby=しつもん>質問</ruby>。――――――あなたは誰ですか？」		
「………なん………だと……？」		
「ノヴァ…。俺は川島ユートだ……。\n俺が……俺がわからないのか？」		
<Character=NOVA>思案		
「川島ユート。検索対象に指定。\n人物データベース検索……該当無し。」		
「再度質問します。\n――――――あなたは誰ですか？」		
「影山……これはどうなっている？\nノヴァの様子がおかしい……。」		
「おかしい？１３号は正常だ。\n何も問題は無い。」		
「問題無いわけねぇだろうがッ！\n俺を…ッ！俺の事を覚えてないんだぞ…ッ！！」		
「言ったはずだ。１３号は『<ruby=もとどお>元通</ruby>り』だと。\nそれは<ruby=こうじょうしゅっかじょうたい>工場出荷状態</ruby>、\n新品の状態に戻したという事だ。」		
「新品って……まさか記憶を消したのかッ！？」		
「消した……というより消えたが正しいな。\nオートマタには人間の脳にあたる部分に\n<ruby=きおくりょういき>記憶領域</ruby>を有している。」		
「しかし、１３号が爆散した際に\n記憶領域も燃え尽きてしまった。\nもはや復元は不可能だ。」		
「だから私は１３号を\n文字通り『<ruby=もとどお>元通</ruby>り』にしたのだ。」		
「そんな……じゃあノヴァは俺の事を\n何も……何一つ覚えてないってのか……。」		
「そうだ。だが、\n<ruby=さいわ>幸</ruby>いにもエーテライトコアは無事で\n機体の復元は出来ている。」		
「またやり直せばよかろう。」		
「やり直す……？何を言ってる……？」		
「忘れたのか？我々の使命を。\n５人の学園アイドルを攻略し\n<ruby=むげんつくよみ>夢幻月読</ruby>を<ruby=だは>打破</ruby>するのだ。」		
「さあ。川島。今一度、\n１３号を攻略するのだ。\nそれが君に与えられた役割だ。」		
「ふざけんな……。」		
「何？」		
「人の心を……何だと思ってる……ッ！\n記憶が消えたから\nまた一からやり直せだと……！？」		
「俺が好きなのはノヴァなんだッ！」		
「あのカードゲームが好きで金の<ruby=もうじゃ>亡者</ruby>で\nミートスパゲティが大好きな\nイタズラ好きな小悪魔のノヴァなんだ！」		
「見た目だけそっくりの１３号じゃダメなんだ…ッ！\nあいつじゃなきゃ……ッ！\nノヴァじゃなきゃダメなんだ……ッ！」		
「そうか。では君はこの１３号とは\n学園アイドル攻略作戦を続行するのは\n不可能だと言いたいんだな？」		
「ああ……。俺はノヴァじゃなきゃ……\nあいつとじゃなきゃ\nヒロイン攻略なんて続けられない…。」		
「わかった。\nでは君を<ruby=はいじょ>排除</ruby>するとしよう。\n１３号。」		
「はい。ドクター。」		
（ノヴァはどこからともなく\n<ruby=こうしゅうは>高周波</ruby>ブレードを取り出し構える。）		
「な……何の真似だ！？」		
「<ruby=げっこうけいかく>月光計画</ruby>の障害となる人間は\n排除する。それだけの事だ。」		
「何だと……ッ！？テメェ影山…ッ！\n俺が<ruby=ようず>用済</ruby>みとわかったら<ruby=しまつ>始末</ruby>しようってのか！？」		
「どうやら私の見込み違いだったようだな。\n今回の君には随分と失望させられたよ。」		
「学園アイドル攻略を<ruby=えんかつ>円滑</ruby>に進ませる為\n１３号との協力関係が意図的に生まれるよう\nフェイリクスという障害を用意した。」		
「ところが、君はなかなか計画の真相に\n辿り着けずフェイリクスを追い詰めるのに\n多くの時間を費やした。」		
「そしてこれまで順当に好感度を上げていた\n１３号も破壊された事で記憶領域がリセットされ\n攻略を１からやり直す事になってしまった。」		
「まったく。どうして君はこうも間が悪いのだ。\n<ruby=げっこうけいかく>月光計画</ruby>の進行に遅れが生じている今、\nこれ以上の<ruby=ちえん>遅延</ruby>は避けたいというのに。」		
「だから、私は君を始末し\nこのルートそのものをリセットする事にした。\nコンティニューよりリスタートの方が早いからな。」		
「テメェ……ッ！\n何を言ってやがる……ッ！」		
「ああ。今の君は理解する必要は無い。\nどうせ君はここで死に、ゲームオーバーだ。\nまたセーブポイントからやり直すだけなのだから。」		
「さあ。１３号。\n奴を始末しろ。」		
「了解。目標確認。\n<ruby=キリングモード>殺戮状態</ruby>に移行。\n対象を抹殺します。」		
「く……ッ！」		
（ノヴァは踏み込み、\n<ruby=ちゅうちょ>躊躇</ruby>なく<ruby=こうしゅうは>高周波</ruby>ブレードを\n俺目掛けて振り下ろすッ！）		
（その時、どこからとなもなく\n刀が<ruby=しゃしゅつ>射出</ruby>され、ノヴァは咄嗟にブレードで\n飛んでくる刀を切り払った。）		
「……侵入者の攻撃を確認。\n<ruby=きんきゅうげいげき>緊急迎撃</ruby>により、\n目標の<ruby=まっさつ>抹殺</ruby>に失敗しました。」		
「助かった……？」		
「おやおや。\nグッドタイミングでしたねえ～。\nご無事でしたか？川島さん。」		
「天道…ッ！何故お前がここに…！？」		
「何故って、\n川島さんを助けに来たんですよ。\nだって今にも殺されそうじゃないですか。」		
「……天道。\n貴様、私の邪魔をするのか？」		
「別に影山さんの\n邪魔をしたいわけじゃないんですよ。」		
「私はただ<ruby=いかるがけいさつ>斑鳩警察</ruby>のお仕事をしているだけです。\n人命救助というお仕事をね。」		
「馬鹿な。貴様がしている事は\n<ruby=げっこうけいかく>月光計画</ruby>の妨害行為に他ならない。」		
「組織を裏切るつもりか？天道。」		
「あなたから組織だとか、裏切るだとかの\n言葉が聞けるとは意外ですねえ。\nあなたってそんなに<ruby=きょうちょうせい>協調性</ruby>ありましたっけ？」		
「黙れ。<ruby=げっこうけいかく>月光計画</ruby>の\n邪魔をするというなら貴様も排除する。」		
「１３号。奴も始末しろ。」		
「了解。目標設定。\n直ちに排除します。」		
（ノヴァは<ruby=こうしゅうは>高周波</ruby>ブレードを振り回し、\n天道に斬りかかる。）		
「おっとっと。怖い怖い。\n当たったら無事では済みませんね～。私。」		
（天道はヘラヘラとした余裕をかましながら\nノヴァの斬撃をひらりと<ruby=かわ>躱</ruby>す。）		
「ちょっと失礼しますよ。\n<ruby=ひしょうけん>飛翔剣</ruby>、１～４番発射。」		
（天道が指を鳴らすと\n空中に<ruby=ふゆう>浮遊</ruby>する4本の剣が出現し、\n一斉にノヴァに向かって射出される。）		
（ノヴァは飛んでくる<ruby=ひしょうけん>飛翔剣</ruby>をブレードで\n切り払いすべて叩き落とす。）		
（ノヴァに叩き落とされた<ruby=ひしょうけん>飛翔剣</ruby>は\n推進力を失い地面に次々と突き刺さった。）		
「警告。私に<ruby=ひしょうけん>飛翔剣</ruby>を通用しません。」		
「確かに。ノヴァさんの反応速度だと\n見切られちゃいますよねえ。」		
「なので、\nちょっと時間稼ぎさせてもらいます。」		
「<ruby=プラズマティック・フィールド>電磁結界</ruby>。」		
<Character=NOVA>驚き		
（ノヴァに叩き落とされ地面に\n突き刺さった複数の<ruby=ひしょうけん>飛翔剣</ruby>が共鳴し\n電磁フィールドを引き起こす。）		
「…………ッ！」		
「エラー。ECMジャマーによる<ruby=でんじかんしょうけんしゅつ>電磁干渉検出</ruby>。\nエーテライトコア出力低下。システムダウン。\n………機体制御不能。」		
「……電磁干渉で\nエーテライトを麻痺させたか。\n<ruby=こしゃく>小癪</ruby>な真似を。」		
「さあ、今のうちに逃げますよ。\n川島さん。」		
「……わ、わかった。」		
（俺は振り返りノヴァを<ruby=いちべつ>一瞥</ruby>する。）		
「エラー。電磁干渉継続中。\n復旧まで残り３００秒……。」		
「…………ノヴァ。」		
「ほらー。川島さん。\n何やってるんですかー？\n置いておきますよー？」		
「ああ……ッ！」		
「………天道め。\n一体、どういうつもりだ。」		
「というわけで、川島さんの救出は\n成功したのですがノヴァさんは記憶を失い\n影山さんの<ruby=じゅうじゅん>従順</ruby>な配下になってしまったようです。」		
「……なるほど。\n今の<ruby=きこういん>機巧院</ruby>は我々の知る<ruby=きこういん>機巧院</ruby>では\nないようだな。」		
<Off>悲しみ6		
「ノヴァは何も覚えちゃいなかった…。\n俺の事でさえも……。」		
「あれは本当にノヴァなのか…？\n<ruby=むきしつ>無機質</ruby>で感情が無いオートマタの本質、\n一切の<ruby=ちゅうちょ>躊躇</ruby>も迷いも無く俺を殺そうとしやがった…。」		
「まさに命令通りに動く機械。\n今のあいつはただの殺人マシーンに\nなっちまったんだ…。」		
「とまぁこんな感じでせっかく元の身体に戻れたのに\nノヴァさんが影山さんに寝取られてしまって\nメンタルがヘラってしまってるんですよねえ。」		
「ノヴァ……っ、\nう、うわあ……っ。」		
「天道。貴様はわざと\n川島の傷を<ruby=えぐ>抉</ruby>っているのか？」		
「いえ、事実を報告しているんですよ。\n私、<ruby=ちょうほうぶ>諜報部</ruby>ですから。」		
「報告義務は認めるが貴様はいつも一言多いのだ。」		
「それにしても影山め……。\nフェイリクスが起こした一連の事件の<ruby=しゅぼうしゃ>首謀者</ruby>だったとは。\n我々はまんまと<ruby=あざむ>欺</ruby>かれていたわけか。」		
「知らずうちに影山さんの計画の\n<ruby=かたぼう>片棒</ruby>を<ruby=かつ>担</ruby>がされていたとは\n一杯食わされましたねえ。」		
「幸い洗脳され人質になっていた者達は\n全員無事だったから良かったものの\n<ruby=いかるがけいさつ>斑鳩警察</ruby>の顔に泥を塗る<ruby=くつじょくてき>屈辱的</ruby>な事件だ。」		
「このままでは終わらんぞ。\n必ず影山を見つけ出し逮捕してくれる。」		
「天道。影山の<ruby=いどころ>居所</ruby>は掴めているのか？」		
「先ほどまでは<ruby=ていこくじゅうこうほんしゃ>帝国重工本社</ruby>の\n地下実験室に居ましたけど斑鳩警察に\n見つかった以上、姿を<ruby=くら>眩</ruby>ませたでしょうね。」		
「影山さんは用心深いですからねえ。\n斑鳩警察が指名手配している以上、\nまず表には姿を見せないでしょう。」		
「つまり、奴が身を隠しているアジトを\n探し出す必要があるという事か。」		
「ええ。そちらは私の方で調査を進めておきましょう。」		
「ほう。いつになく仕事熱心だな。」		
「影山さんは知らない仲じゃありませんし、\nなによりノヴァさんは我が諜報部の\n諜報員ですからねえ。」		
「私としても可能であれば\n戻って来て欲しいんですよ。\nノヴァさんに。」		
「天道……。」		
「お前もノヴァを信じてるんだな……。\nお前、いいやつだな……。」		
「ちょっと川島さん。\n急に手のひら返さないでくださいよ。\n<ruby=きしょくわる>気色悪</ruby>いですよ。」		
「機巧院の斑鳩警察への職場復帰。\n私も願わくば望むところだ。」		
「だが、それは今の機巧院の立ち位置上\n難しいところだ。」		
「あ？どういう事だ？」		
「まず我々はフェイリクス事件の首謀者として\n影山を指名手配している。」		
「しかし、\n機巧院は記憶を失っているとはいえ\n影山の配下として行動している。」		
「つまり、\n機巧院は影山の<ruby=きょうはんしゃ>共犯者</ruby>として\n逮捕または<ruby=はいき>廃棄</ruby>される可能性がある。」		
「ノヴァを……逮捕……？\n廃棄……だと？」		
「ふざけんなッ！真田だって知ってるだろッ！\nノヴァは記憶を失って影山に命令されてるだけだッ！\nノヴァを逮捕する道理はねぇだろうがッ！」		
「それは当然承知している。\nだが、機巧院はオートマタだ。」		
「オートマタはマスターの命令に<ruby=じゅんしゅ>順守</ruby>する。\nそしてマスターがオートマタを使用し\n悪事を働けばマスター同様にオートマタも等しく裁かれる。」		
「つまり、影山さんがノヴァさんを\n使って悪い事したらノヴァさんも\n犯罪者って事ですよ。」		
「何故ならオートマタは\n人間にとって道具だから。」		
「例えば人間がナイフで\n傷害事件を犯したとしましょう。\nそのナイフは凶器として扱われ警察が回収します。」		
「つまり、\nノヴァさん……オートマタは\n凶器になり得る可能性があるのです。」		
「何……だと……？\nノヴァが……凶器……だと？」		
「ふざけるな……ッ！ノヴァは確かに\nオートマタだ…ッ！けど人間だ…ッ！\n心を持った人間なんだよ…ッ！」		
「それを道具だの凶器だの……ッ！\nお前らには人の心が無いのか……ッ！\nお前らそれでも警察かよ…ッ！？」		
「言ったはずだ。\n我々も機巧院が斑鳩警察に戻ってくる事を\n望んでいると。」		
「だが、現代の法では\nオートマタは道具として扱われ裁かれる。\nそれが今の法の限界なのだ。」		
「<ruby=だいさんせだいがた>第三世代型</ruby>のように\n人間を<ruby=もほう>模倣</ruby>したオートマタが出始めたのが\nごく最近ですからねえ。」		
「まだ法の整備も進んでおらず\n我々警察も対応が難しいんですよ。\nオートマタの犯罪というのは。」		
「く……っ。そんな……っ。\nじゃあ……俺はどうしたら……っ。」		
「川島。お前は今日はもう帰って休め。」		
「…………ッ。」		
「真田警部？」		
「そして、考えろ。\n自分が成すべきを事を。」		
「その答えが出たのなら\nまたここに来るがいい。」		
「いいんですか？真田警部。\n川島さんにチャンスを与えるような事をして。」		
「フェイリクス事件が終わった今、\n川島さんを斑鳩警察に\n関わらせる意味はありません。」		
「むしろ、影山さんは\n川島さんを始末しようとしている。」		
「我々、斑鳩警察が川島さんを\n保護すべきだと思いますがねえ。」		
「川島の言い分はもっともだ。\n我々、斑鳩警察の仲間である機巧院を\n犯罪者として裁いていいわけがない。」		
「だが、我々が斑鳩警察の\n国家組織である以上\n法のルールに<ruby=そむ>背</ruby>くことはできん。」		
「しかし、奴は斑鳩警察では無い。\nそして機巧院と共に\nフェイリクス事件を解決した<ruby=こうろうしゃ>功労者</ruby>だ。」		
「川島には選ぶ権利がある。\n機巧院の運命を。」		
「相変わらず甘いですねえ。\n真田警部。」		
「そういうのは私じゃなくて\nちゃんと本人に言った方が\nいいんじゃないですか？」		
「………私はどうやら若者に\n怖がられているらしいからな。」		
「あー。それ気にしてました？」		
「ようやく帰ったか。ユート。」		
「とっくに<ruby=もんげん>門限</ruby>は過ぎているぞ。\nこんな時間まで\nどこをほっつき歩いていたのだ。」		
「ユ、ユリ姉……？\nお、俺の事がわかるのか……？」		
「何を言っている？ユート。\nまさかまだ入院時の記憶の<ruby=こんだく>混濁</ruby>があるのか？」		
「この反応…っ！ま、間違いない…っ！\n俺の知ってるユリ姉だ……っ！」		
「良かった…っ！ユリ姉…っ！\n元に戻ったんだな…っ！」		
「良かった……っ。\n本当に良かったよぉおお……っ。\nうわああーーーん……っ。」		
「ちょ……っ。ユート…！？\nなぜ泣く…！？\n一体、どうしたと言うのだ！？」		
「ユリ姉が死ななくて良かったよぉ…っ！\nユリ姉がユリ姉で良かったぁ……っ！\nもう二度と俺の側から居なくならないでくれぇ…っ！」		
「私が死ぬ……？\nユート…！お前、なんかおかしいぞ…っ！？\nちょっと頭冷やして来い……！」		
（声が……する。）		
（聞き覚えのあるこの声は……。）		
「……ユリ……姉？」		
「起きたか。ユート。」		
「気分はどうだ？\n少しは落ち着いたか？」		
<Off>苦笑		
「ああ……何とかな。」		
「まったく昨日は驚いたぞ。\n帰ってくるなり、いきなり泣き出しおって。\n何事かと思ったぞ。」		
<Off>煽り3		
「家に帰ってくるとユリ姉の出迎えてくれる。\nそんな当たり前の日常が戻って来たのが\n涙が出るほど嬉しかったのさ。」		
「……ユート。\nお前疲れてるんじゃないのか？\n今日、学校休むか？」		
「ああ。嬉しい事言ってくれるじゃないの。\nユリ姉はいつも優しいけど\n今日は特別優しいね。」		
「……は、はあ。」		
「でも、大丈夫。学校に行くよ。\nいつまでもユリ姉に\n甘えてばかりいられないからね。」		
「そ、そうか。それならいいのだが。」		
（俺はユリ姉と再会出来た喜びを伝えると\nユリ姉はどこか困惑したような\nリアクションをする。）		
（まぁ、俺からすればユリ姉に会えたのは\n本当に久しぶりなんだけどユリ姉には\nその実感が無いだろう。）		
（影山の話じゃ洗脳されていた間の\n記憶はほとんど無いらしいからな。）		
（念の為、ユリ姉に確認しておこうかな。）		
「ところでユリ姉。\n最近、何か変わった事あった？」		
「変わった事？ああ、そういえば\n先日、学校の近くの公園でオートマタの\n暴走事件があったそうだ。」		
「最近は物騒だからな。\nお前も気をつけるのだぞ。」		
（………なるほど。タイミング的に\nユリ姉達がフェイリクスの洗脳されたのは\nオートマタ暴走事件の直後だった。）		
（つまり、洗脳されたタイミングからの\n記憶は抜け落ちているという事か。）		
「……あと、妙に気になる事があるのだが。」		
「私がオートマタを<ruby=しえき>使役</ruby>し<ruby=きこういん>機巧院</ruby>と戦っていた……\nおぼろげだがそんな光景が思い浮かぶのだ。」		
「それが夢なのか現実なのか<ruby=さだ>定</ruby>かではないが、\nその光景が頭に焼き付いて離れない。\nあれは一体何だったのだろうか……。」		
（これは……完全に\n記憶が無くなっているわけじゃないのか。）		
（どうやら洗脳状態でも印象的な出来事は\n記憶から消えず残り続けるようだ。）		
「そして、機巧院と共に居たオートマタ……\n何故だかユートに似ていた。\n<ruby=すがたかたち>姿形</ruby>はまるで違うのにそれがユートだと感じてしまうのだ。」		
「私はそのオートマタを<ruby=しつよう>執拗</ruby>に傷つけてしまった。\n私のした事に対する胸の痛み、罪悪感は今でも消えない。」		
「私はまた……<ruby=あやま>過</ruby>ちを犯してしまったのか。」		
「……ユリ姉。」		
「大丈夫。ユリ姉は何も悪くねぇ。」		
「もしユリ姉が間違ってたら、\n俺が間違いを正してやる。\n俺は何があってもユリ姉の味方だ。」		
「ふっ。\nどうやら少し弱気になっていたようだ。\n私も人の事は言えないな。」		
「さて。さっさと支度をしろ。\n学校へ行くのだろう？」		
「ああ。そうだな。」		
「……随分久しぶりの登校だな。」		
（自分の身体で学校に行くのは\n本当にいつ以来だろうか。）		
（フェイリクスに身体を奪われてから\n俺の日常は一変した。）		
（信頼していたユリ姉や学園の生徒達が\n洗脳され、何かも失った俺の側には\n誰一人として味方は居なくなった。）		
（…………ノヴァ以外は。）		
（身体どころかフェイリクスに全てを奪われ\n絶望の<ruby=ふち>淵</ruby>に立たされていた俺に\nノヴァだけが救いの手を差し伸べてくれた。）		
（そう……世界のすべてが敵になったとしても\nノヴァだけは俺の味方で居てくれたんだ。）		
（何で今お前は俺の側に居ないんだ。\nせっかく元の身体に戻れたっていうのに。\nようやく俺達の日常が帰って来たっていうのに。）		
（………どうして、\n俺の事を忘れちまうんだよ。）		
「ナンダナンダ？\n<ruby=しんきくさ>辛気臭</ruby>い顔シテンナー。」		
「おや、悩み事かね？少年。」		
「………サツキ。」		
「と、誰だっけお前？」		
「フーゲツはフーゲツだ！\n覚えてネーノカヨ！」		
「元気が無いようだけど、\nどうかしたのかな？　ユートくん。」		
「いや……、\nちょっとノヴァと上手く行ってなくてな。」		
「ソウカ。次はイイ出会いアルサ。」		
「何勝手に終わらせてんだ。\nまだ終わってねーよ。」		
「そういえば今日、\nノヴァ見てないんだよね。\nいつも一緒に登校してるんだけど。」		
「ノヴァのヤツ\n……やっぱ学校には来ないか。」		
「ノヴァと喧嘩した？」		
「喧嘩……まぁ、結果的には<ruby=なかたが>仲違</ruby>いになったな。」		
（まさかノヴァが\n俺をガチで殺そうとすると思わなかったが。）		
「へー。ノヴァと喧嘩するなんて羨ましいなぁ。」		
「は？羨ましい……？」		
「ノヴァって<ruby=ひょうひょう>飄々</ruby>としていて誰に対しても\n<ruby=はっぽうびじん>八方美人</ruby>というかあんまり本音を見せないんだよね。\nもちろん私に対してもね。」		
「だから、ノヴァとはずっと仲良しで\n今まで口論とか喧嘩とかした事が\nなかったんだ。」		
「仲良しなのは良い事じゃないのか？」		
「そうだね。\nきっとその方が安全で安心で楽しいと思う。」		
「でも、私が本当に欲しいのは『<ruby=ほんもの>本物</ruby>』なんだ。」		
「………『<ruby=ほんもの>本物</ruby>』？」		
「<ruby=うわべ>上辺</ruby>でも馴れ合いでも無い。\n本音で、本気でぶつかり合える関係性。」		
「喜びも怒りも痛みも苦しみも悲しみも\n全部ひっくるめて分かち合える。\nそれが私が求める『<ruby=ほんもの>本物</ruby>』なんだ。」		
「私はノヴァの『<ruby=ほんもの>本物</ruby>』になれない。」		
「でも、ユートくん。君なら、君になら\nノヴァの『<ruby=ほんもの>本物</ruby>』になれるかもしれない。」		
「……俺がノヴァの『<ruby=ほんもの>本物</ruby>』に。」		
「君にはその資格がある。\nあとは君自身がどうしたいか、だよ。」		
「俺は………。」		
（俺はどうしたいんだ……？）		
（影山の学園アイドル攻略作戦を俺は断った。\nそれはノヴァが記憶を失い、\n俺の知ってるノヴァじゃなくなったからだ。）		
（俺が好きなのは\n<ruby=てんしんらんまん>天真爛漫</ruby>で<ruby=デュエリスト>決闘者</ruby>で金が大好きな\n<ruby=こあくまけいはいしんしゃ>小悪魔系配信者</ruby>のノヴァなんだ。）		
（……心無い機械となったオートマタじゃない。）		
（だけど………ノヴァは。）		
（俺が記憶を失って、ノヴァとの記憶を忘れても\nそれでも側に居てくれた。\nそれでも俺を好きだと言ってくれた。）		
（それなのに俺はノヴァが記憶を失った途端、\n『こんなのノヴァじゃない』と否定した。）		
（………何やってるんだ。俺。）		
「ナンダナンダ？ダンマリダゾー？」		
「うんうん。青少年よ。\nじっくり悩みたまえ。\n君には立ち止まる時間が必要だ。」		
「<ruby=ふうげつ>風月</ruby>。先に行こうか。\nユートくんをそっとしておいてあげよう。」		
「クヨクヨスンナヨー。」		
「あ、そうだ。」		
「――――――元の身体に戻れてよかったね。\nユートくん。」		
「………サツキに気を使わせちまったな。」		
（………………あれ？）		
（……フェイリクスに洗脳されていたサツキが\n何で俺の身体の事を知ってるんだ？）		
「よー。川島。\n久しぶりだなー。元気してたか？」		
「誰だっけ？お前。」		
「おいおい。プロローグ以来の\n久々の登場だからって忘れんなよ。\nお前の親友、<ruby=おかざき>岡崎</ruby>だよ。」		
「そうだそうだ。岡崎。\nあまりにも出番が無さすぎて忘れてたわ。」		
「お前がなかなか学校に来ないのが悪い。\n俺は毎日登校してるのによー。」		
「しょうがねえだろ。\n最近は学校行ってるヒマなんか\n無かったんだから。」		
（フェイリクスが俺にすり替わって\n学園を支配してたからな。\nそれどころじゃなかったのも事実。）		
（……ん？）		
「岡崎。何で俺が久しぶりに\n学校来たってわか――――」		
「あんですって！？\n獅堂ミナトぉおおおおーーーッ！！！」		
（俺がふとした疑問を口にした時、\n教室に<ruby=どごう>怒号</ruby>が響き渡った。）		
「あら。聞こえなかったのかしら。」		
「それ以上、私に近づかないでくれるかしら。\nまた抱きつかれでもしたら<ruby=ふゆかい>不愉快</ruby>だから。」		
「はぁあああーーーーッ！！？\n誰があんたなんかに抱きつくかああーーーッ！！」		
「獅堂会長。\n盾守さんと何かあったの？」		
「抱きつくとかなんとか聞こえましたが……。」		
「ええ、皆、聞いてちょうだい。」		
「この<ruby=たておんな>盾女</ruby>は眠った私を<ruby=ていこくじゅうこう>帝国重工</ruby>・<ruby=はいきしょりじょう>廃棄処理場</ruby>に\n連れて行き、」		
「あろうことか私に抱きつき\n添い寝プレイをするという変態行為に<ruby=およ>及</ruby>んで\n<ruby=えつ>悦</ruby>に浸っていたのよ。」		
「まあ…！\n<ruby=しゅくじょ>淑女</ruby>たる獅堂さんになんて<ruby=はれんち>破廉恥</ruby>な行為…！」		
「風紀委員長の盾守さんともあろうお方が\nなんたる<ruby=ぐこう>愚行</ruby>を…！見損ないましたわ…っ！」		
「な……な……なっ……っ！」		
「はぁあああーーーーッ！！？\nあれはあんたが抱きついて\n来たんでしょうがぁああーーーッ！！」		
「何勝手に私のせいにしてんのよッ！\nそもそも私だって気づいたら廃棄処理場に居たんだから\n私の犯行なわけないでしょうッ！？」		
「皆さん、御覧なさい。\n犯人が苦し紛れの<ruby=きょうじゅつ>供述</ruby>をしているわ。\nああやって論点をズラし、犯した罪から逃ようとしているのよ。」		
「なんて<ruby=こそく>姑息</ruby>な…！」		
「盾守さん、今ならまだ間に合います。\n<ruby=じしゅ>自首</ruby>してください。」		
「ふ、ふざけるなああああーーーーーッ！！\n獅堂ミナトぉおおおおーーーーーッ！！」		
「馬鹿者ッ！朝っぱら何を騒いでいるッ！」		
「ユリせんせぇええーーーッ！！\n助けてくださいッ！獅堂ミナトが\n私を犯罪者に仕立て上げようとするんですッ！」		
「そうやっていつもいつも被害者面して\n川島先生に泣きつこうとする。\nまったく見下げ果てたものね。」		
「あんですってええええーーーッ！！\n元はと言えばあんたから\n喧嘩売って来たんでしょうがあああーーーッ！！」		
「いい加減にしろ！二人共！\nホームルームが始められんではないか！」		
「見ろよ。獅堂と盾守、また喧嘩してるぜ。\nなんであそこまで馬が合わないのかねぇ。」		
「……信じられるか？ちょっと前まで\nあだ名で呼び合い、二人で遊びに行くほどの\n仲の良さだったんだぜ。」		
「おいおい。そいつは笑えねえ冗談だぜ。\nあの二人が仲良くお出かけだって？\n天地が裂けてもありえないね。」		
（俺もそう思っていた時代があった。\n実際にこの目で見るまでは……な。）		
（絶対に相いれない犬猿の仲である獅堂と盾守を\n一時的とはいえ、<ruby=なかむつ>仲睦</ruby>まじい関係にしちまうなんて\nフェイリクスの洗脳とはなんと恐ろしいのか。）		
「では、朝のホームルームは以上だ。\n皆、今日も一日<ruby=べんがく>勉学</ruby>に<ruby=はげ>励</ruby>むのだぞ。」		
「川島先生。」		
（ホームルームの<ruby=しゅうりょうまぎわ>終了間際</ruby>、\n獅堂はすっと手を上げ<ruby=きょしゅ>挙手</ruby>をする。）		
「どうした？獅堂。」		
「川島先生。窓の外に<ruby=きこういん>機巧院</ruby>さんが居ます。」		
「何を言っている？\nここは四階だぞ。\nそんなところに<ruby=きこういん>機巧院</ruby>が居るわけ……、」		
（獅堂の指差す方向。\n窓の外に空中で浮遊するノヴァが居た。）		
「な……っ！？ノヴァ！？」		
「<ruby=きこういん>機巧院</ruby>……ッ！\nなんて<ruby=はれんち>破廉恥</ruby>な格好をしている！？\n校則違反だぞ！？」		
「何考えてるのよノヴァ…ッ！\nそんな<ruby=はれんち>破廉恥</ruby>な格好で登校してくるなんて\n<ruby=ふうき>風紀</ruby>が乱れるわ……ッ！」		
「………いやいや、\nもっと突っ込むべき大事なところが\nあるんと思うんですが。」		
（論点がズレてる<ruby=はれんちけいさつ>破廉恥警察</ruby>の二人だった。）		
「そんな事よりアイツなんか浮いてないか？」		
「ほんとだ…！浮いてる…！」		
男子生徒A		
「っていうか飛んでる…？」		
「まずそれが普通の反応ではあるよな。」		
「く……っ！校則違反の<ruby=はれんち>破廉恥</ruby>な格好で\n<ruby=ひこう>飛行</ruby>し周囲から浮いた存在になるとは…ッ！\nまさに<ruby=ひこうしょうじょ>非行少女</ruby>だな……ッ！」		
「誰が上手い事言えと。」		
「目標補足。川島ユートを確認。\n<ruby=ただ>直</ruby>ちに排除します。」		
（ノヴァはアサルトライフルを構え、\n俺に照準を合わせる。）		
「ちょ……ッ！？ここで撃つ気か！？」		
「いかんッ！皆、伏せろッ！」		
「射撃開始。」		
（ノヴァがトリガーを引くと\nアサルトライフルの銃口から教室に向けて\n無数の弾丸が発射される。）		
（―――――その時、\n<ruby=たてがみ>盾守</ruby>が射線上に割って入り、\n<ruby=おおだて>大盾</ruby>で全ての弾丸を防ぎきる。）		
「盾守ッ！」		
「獅堂ミナトッ！私が防いでるうちに\nアレを何とかしなさいッ！」		
「私に命令……するなッ！」		
（獅堂が机を蹴り飛ばすと\n弾丸のように勢いよく射出され\n外に浮遊するノヴァに直撃するッ！！）		
<Off><Character=NOVA>片目		
「<ruby=みかくにんとうてきぶつ>未確認投擲物</ruby>の<ruby=ちょくげき>直撃</ruby>を確認。\n<ruby=さよくそんしょう>左翼損傷</ruby>。<ruby=ひこうせいぎょふのう>飛行制御不能</ruby>。」		
<Off><Character=NOVA>真顔2		
「――――――<ruby=ついらく>墜落</ruby>します。」		
（翼を破壊されたノヴァは制御不能となり\n真っ逆さまに地面に墜落する。）		
「敵機を<ruby=げきつい>撃墜</ruby>しました。」		
「え？まさか死んだ？」		
「い、いかんッ！\nあれでは機巧院がッ！」		
「ちょっとアンタッ！\nやり過ぎよ！？」		
「ノヴァ……ッ！」		
（俺は墜落したノヴァの<ruby=あんぴ>安否</ruby>が心配になり、\n教室から飛び出すッ！）		
「お、おいッ！川島ッ！」		
「<ruby=こうきどうひこう>高機動型飛行</ruby>ユニットの故障を確認。\n継続使用不可。ユニットをパージします、」		
（獅堂に撃墜されたノヴァは何事も無かったように\n破損した飛行パーツを外し、ピンピンしていた。）		
「ノヴァ…！お前…！\n教室でドンパチやるなんて何考えてんだ…！\nクラスの皆を巻き込む気か…！」		
「なるほど。<ruby=きしゅう>奇襲</ruby>で君を排除しようとしたのだが、\n君のクラスには<ruby=ひけんたい>被検体</ruby>が３人も居たか。\nさすがにあれらを相手では１３号も手こずるようだ。」		
「影山……ッ！\nテメェがノヴァにこんな真似をさせたのか…ッ！」		
「こんな真似？それは誤解だよ。」		
「元々、<ruby=ノヴァ>NOVA</ruby>シリーズは<ruby=ちょうほうていさつ>諜報偵察</ruby>、<ruby=たんきせんにゅう>単機潜入</ruby>、\n<ruby=おんみつあんさつ>隠密暗殺</ruby>に特化したオートマタだ。\n今の１３号が本来の姿と言える。」		
「ふざけやがって…ッ！\nノヴァは心を持った人間だ…ッ！\n人殺しの道具なんかじゃない…ッ！」		
「心を持った人間？それは違う。\n今の１３号は命令通りに対象を抹殺する\n<ruby=シリアルキラー>殺人機械</ruby>だ。それは君も認めていたはずだ。」		
「君は１３号との学園アイドル攻略作戦の続行を拒否した。\nゆえに私は作戦から降りた君を\n排除しなければならなくなったのだ。」		
「この事態は君が<ruby=まね>招</ruby>いた事だ。\n１３号が人殺しの道具になっているのは\n君のせいだと言えないかね？」		
「………確かに俺はノヴァを否定した。\n記憶を失い命令通り動く機械となった\nオートマタなんてノヴァじゃないってな。」		
「けどよ。やっぱりそいつはノヴァなんだ。\n記憶があろうが無かろうが紛れもなく\n俺の知ってるノヴァなんだよ。そいつは。」		
「今の１３号の記憶領域は初期化されている。\n人格を形成する情報は何も無い。\n人間で例えれば<ruby=すがたかたち>姿形</ruby>だけ<ruby=もほう>模倣</ruby>した別人だ。」		
「だというのに君はこの個体を\n以前の１３号と<ruby=どういつし>同一視</ruby>するというのか？」		
「ああ……。俺にはわかる…。\n記憶が無くても人格が無くてもノヴァの<ruby=こんぱく>魂魄</ruby>が\nノヴァだって言ってるんだ。」		
「それは君の<ruby=きぼうてきかんそく>希望的観測</ruby>に過ぎない。\nオートマタの<ruby=ぎじこんぱく>疑似魂魄</ruby>に\n<ruby=こたいしきべつじょうほう>個体識別情報</ruby>など存在しない。」		
「理屈じゃねぇ。\n魂がそう叫んでいるんだ。」		
「<ruby=まゆつばもの>眉唾物</ruby>だな。」		
「だから、俺はノヴァの魂と<ruby=たいわ>対話</ruby>を試みる。\n――――――――<ruby=やきゅうしょうぶ>野球勝負</ruby>でな。」		
「…………野球、だと？」		
「記憶が無くたって心に響いた\n感情、経験、過ごした思い出は\n魂に刻み込まれてるはずだ。」		
「だからこそ、\n魂のぶつかり合いで呼び覚ます！\n<ruby=しょうぶごと>勝負事</ruby>による肉体言語だ！」		
「本気でぶつかり合ったなら、\n魂で感じられるはずだ！\n互いの考えも！思いも！全て！」		
「そんな根性論、非科学的だ。\n何の意味も無い。」		
「……ユリ姉！」		
「影山。お前も教師の端くれならわからはずだ。\nスポーツを通して得られる<ruby=すこ>健</ruby>やかなる精神。\nそして成長。それが子供達の可能性である事を。」		
「競い合い、<ruby=せっさたくま>切磋琢磨</ruby>し、勝負し続ける。\nそれこそが人間の<ruby=さが>性</ruby>だ。」		
「我々教師は見届ける必要がある。\n生徒達の勝負の行く末を。」		
「なるほど。\nそれが教師の<ruby=せきむ>責務</ruby>というのなら了解した。」		
「１３号。川島の茶番に付き合ってやれ。」		
「了解しました。ドクター。」		
「川島ユートとノヴァが<ruby=やきゅうたいけつ>野球対決</ruby>ですって？\n一体何がどうしたらこうなるのよ。」		
「<ruby=も>揉</ruby>め事は勝負で<ruby=しゆう>雌雄</ruby>を決する。\n<ruby=せいおうがくえん>聖皇学園</ruby>の<ruby=おきて>掟</ruby>に<ruby=ちゅうじつ>忠実</ruby>ともいえるわね。」		
「<ruby=ごう>郷</ruby>に入れば<ruby=ごう>郷</ruby>に<ruby=したが>従</ruby>え、か。\nやはりゲームにはルールが必要だ。\nそうでなければ<ruby=ちつじょ>秩序</ruby>は<ruby=たも>保</ruby>てない。」		
……しれっとオーディエンスが\n増えてるんだよなぁ。」		
「では、ルール説明を行う。」		
「ルールは３球勝負。\nピッチャーが３球投げる間に\nバッターが１球でも外野に打ち返せればバッターの勝利。」		
「逆にバッターが３球とも\n<ruby=からぶ>空振</ruby>りか。内野ゴロまたはフライなら、\nピッチャーの勝利だ。」		
「バッターはユート、ピッチャーは<ruby=きこういん>機巧院</ruby>だ。」		
「両者準備はいいか？」		
「もちろんだっ！」		
「準備完了。」		
（俺は<ruby=こうしきよう>硬式用</ruby>の金属バットを\n手に持ちバッターボックスに入る。）		
（ほぼ同時にノヴァはマウンドに立ち、\n<ruby=こうしきやきゅう>硬式野球</ruby>ボールを手に持った。）		
「ノヴァのやつ、いきなり教室を襲撃して来たと思ったら\n川島ユートと野球対決をする事になってるなんてね。」		
「しかも以前とは\n雰囲気が違っていて別人みたいだし。」		
「獅堂ミナト、\nあんたが撃ち落としたせいで\n頭でも打ったんじゃないの？」		
「そう？<ruby=かもく>寡黙</ruby>でクールな機巧院さんも\nなかなか魅力的だと思うけど。」		
「……あんたに聞いた私が馬鹿だったわ。」		
「ドクター。投球指示を。」		
「１３号。\nストライクゾーンの中心に速球を投げろ。」		
「な……っ！」		
「了解。投球プログラム設定完了。」		
「わざわざコースと\n<ruby=きゅうしゅ>球種</ruby>を相手バッターに教えるなんて…！」		
「……影山め。一体何を考えている？」		
「川島さん程度が相手では\n球種とコースがわかっていても打てはしない。\nそういう事ですね。」		
「<ruby=むろん>無論</ruby>。少しでも\nこのゲームを面白くしてやろうという\n私なりの配慮だ。」		
「影山テメェ…！舐めやがって…ッ！\n後で<ruby=ほ>吠</ruby>え<ruby=づら>面</ruby>かかせてやるからな…ッ！」		
「<ruby=ほ>吠</ruby>え<ruby=づら>面</ruby>をかく川島さんが目に浮かびますね。」		
「それではこれより、\nユートVS<ruby=きこういん>機巧院</ruby>の<ruby=しんけんやきゅう>真剣野球</ruby>３球勝負を<ruby=と>執</ruby>り行う！」		
「プレイボール！」		
（俺は金属バットを構え、打撃フォームの態勢に入る。）		
「さあ、来やがれ……！」		
「試合開始。投球フォームに移行。」		
（ノヴァは俺が構えたのを見やると、\n大きく振りかぶり、オーバースローで球を投げた。）		
「ちょっ！？」		
（――――――瞬間、<ruby=まばた>瞬</ruby>きする間も無く\nノヴァの投げた球はストライクゾーンド真ん中に入り、\nバックフェンスに突き刺さっていた。）		
「ストライク！」		
「え……何今の？」		
「球速１６０キロ……！？\nなんて球投げるのよノヴァのやつ！」		
（スピードガンで球速を測定していた\n<ruby=たてがみ>盾守</ruby>は<ruby=きょうがく>驚愕</ruby>の声を上げる。）		
「それ速いの？」		
「あんた野球素人！？\nめちゃくちゃ速いわよ！」		
「球速１６０キロは現代の\nプロ野球選手でも最高速度を誇る領域だ。」		
「それを女子高生が<ruby=かるがる>軽々</ruby>と投げて来るとは\nまさに<ruby=ぜんだいみもん>前代未聞</ruby>。\n機巧院……一体、奴は何者なんだ？」		
「１３号は人間ではない。\nゆえに人間の基準で判断するのは正確ではない。」		
「<ruby=きかくがい>規格外</ruby>……怪物、という事か。\n甲子園でも<ruby=まれ>稀</ruby>に現れる１０年に\n一人の<ruby=いつざい>逸材</ruby>というやつだな。」		
（間違ってないんだけどそうじゃない。\n影山とユリ姉の間に微妙なすれ違いが発生していた。）		
「なるほど。機巧院さんが\nプロレベルの<ruby=ちょうごうそっきゅう>超剛速球</ruby>を投げるのであればこの勝負、\n川島さんに万に一つも勝ち目が無いですね。」		
「<ruby=さよう>左様</ruby>。\nだから私はあえて球種とコースを<ruby=かいじ>開示</ruby>したのだ。」		
「ふざけんなッ！\n相手がプロレベルだろうがなんだろうが\n俺は負けるわけにはいかねーんだよッ！」		
「さあ！次だッ！」		
「ドクター。第二球の指示を。」		
「同じだ。\nストライクゾーン中心に速球を投げろ。」		
「了解しました。投球プログラム継続。」		
「２球目もまったく同じ球種とコース…！\nまさに強者の余裕ってやつね…！」		
「それだけの実力差があるという事。\nまさに消化試合ね。」		
（外野が好き放題言ってくれる。\nだが、そんなヤジを気にしてる余裕はねぇ。）		
（問題はあのプロ野球クラスの剛速球を\nどうやって攻略するかだ。）		
（俺はノヴァと<ruby=こんぱくせつぞく>魂魄接続</ruby>したからわかる。\nオートマタの演算能力と精密動作は折り紙付きだ。）		
（つまり、１球目と同じなら<ruby=すんぶんたが>寸分違</ruby>わず\nストライクゾーンの中心のコースを通るはず。）		
（コースが<ruby=あらかじ>予</ruby>め分かっていれば\nタイミングさえ合わせれば打てるはずだ。）		
「来やがれ…ッ！」		
「第２球。投球開始。」		
（ノヴァは１球目の投球映像を再生するかのように\nまったく同じ投球動作で２球目を投げた。）		
（―――――まさに<ruby=せんこう>閃光</ruby>。\n光の矢の如く発射される超高速の弾。\nこれが<ruby=しょうしんしょうめい>正真正銘</ruby>１６０キロのストレートである。）		
「ここだぁッ！」		
（コースは予測通り。俺はタイミングを<ruby=みさだ>見定</ruby>め\nバットを振り抜く―――――――）		
（しかし、<ruby=ときすで>時既</ruby>に<ruby=おそ>遅</ruby>し。\nバットを振った時には\nボールはバックフェンスに突き刺さっていた。）		
「ストライクッ！」		
「あー！何やってんのよ。川島ユート！\n全然タイミング合ってないじゃない！」		
「川島さん程度の反応速度とスイングスピードでは\n１６０キロの剛速球を捉える事は不可能。\nもはやハンデにすらなってないようですね。」		
「ふむ。見込み違いか。\n川島の能力が私の予測を\n大きく下回っていたようだ。」		
「テメェら！\n一球ごとにヤジ飛ばしてんじゃねーぞ！」		
「次は必ず打ってやる！\nおんなじ球で来いッ！」		
「ドクター。第三球の指示を。」		
「聞いた通りだ。\n変わらず、ストライクゾーン中心への\n速球でフィニッシュだ。」		
「了解しました。投球プログラム継続。\n……これで決めます。」		
「しかし、後が無いぞ。ユート。\nプロ野球界最高球速と並ぶ１６０キロの超剛速球。\n一体、どう攻略する？」		
「俺は負けない。\n絶対に負けるわけにはいかねぇんだ。」		
（俺は<ruby=ひとこきゅう>一呼吸</ruby>置き、\n自分に言い聞かせるように言葉を<ruby=つむ>紡</ruby>ぐと\nバットを構え、打撃姿勢に入った。）		
（しかし、実際どうする？）		
（獅堂の言う通り球種とコースが分かっていても\n俺の反応速度とスイングスピードじゃ\nどう<ruby=あが>足掻</ruby>いても１６０キロの速球は捉えられない。）		
（このままだと確実に三振だ。\nそれは間違いない。\nこれまで投球された球で<ruby=つうかん>痛感</ruby>している。）		
（…………だが、\n一つだけこの状況を<ruby=だは>打破</ruby>する方法がある。）		
（それは今この状況において、\n俺が、俺だけ使える禁じ手である。\nこの<ruby=きゅうち>窮地</ruby>を<ruby=だかい>打開</ruby>する唯一の手段それは―――――――）		
（――――――――<ruby=こんぱくせつぞく>魂魄接続</ruby>。）		
（以前、ノヴァと<ruby=こんぱくせつぞく>魂魄接続</ruby>した俺は\n<ruby=だいさんせだいがた>第三世代型</ruby>オートマタの演算能力を利用する事によって\n大幅に射撃精度と反応速度を向上させる事が出来た。）		
（一度、ノヴァと<ruby=こんぱくせつぞく>魂魄接続</ruby>をした事で\nチャンネルは開通状態となっていて\n再接続も可能のはず。）		
（つまり、ノヴァとの<ruby=こんぱくせつぞく>魂魄接続</ruby>こそが\n１６０キロの超剛速球を攻略する鍵なのである。）		
「第３球。投球開始。」		
（ノヴァの第３球。\nこれまでの投球をリプレイするかの如く、\n寸分違わぬ動作で振りかぶって、――――投げたッ！）		
「今だッ！」		
「―――――――<ruby=こんぱくせつぞく>魂魄接続</ruby>ッ！」		
（<ruby=えいしょう>詠唱</ruby>を終えると同時に視界は<ruby=まばゆ>眩</ruby>い光に包まれ\nノヴァの存在のようなものを感覚的に\n感じられるようになった。）		
（そして、視界や思考が驚くほどクリアになり、\nたった今投球された１６０キロのストレートが\nまるでスローモーションのように正確に視える。）		
（よしッ！これならいけるッ！）		
（俺は踏み込み、\nど真ん中のストライクゾーンに\n入って来たボールを――――――）		
（―――――――<ruby=ましん>真芯</ruby>で捉え打ち返すッ！！）		
「ッ！？」		
「なっ！？」		
「打ち返しただとッ！？」		
（真芯で打ち返した球の弾道は\nグングン高度を上げていき、\nホームランコースの軌道を描いていた。）		
（――――――だが、）		
「<ruby=すいちょくじょうしょうかいし>垂直上昇開始</ruby>。\n―――――――――<ruby=ちょうやく>跳躍</ruby>します。」		
（ノヴァは大ジャンプで飛び上がり、\n上空でホームランコースのボールをキャッチする。）		
「アウトッ！」		
「な、なにぃいいいーーーーーーーーッ！！！」		
「あ、あのホームランボールを\nキャッチしたですってッ！？\nどんな跳躍力してんのよッ！？」		
「川島さんも思ったより頑張った方ですが\n機巧院さんの方が一枚上手でしたね。」		
「<ruby=だきゅうかいしゅうかんりょう>打球回収完了</ruby>。」		
（ボールはキャッチしたノヴァは\n何事も無くグラウンドに着地する。）		
「ゲームセットッ！\n勝者、機巧院ッ！」		
「私達の勝ちだ。川島。\n君の言う対話とやらは出来たのかね？」		
「所詮は結果が\n分かり切っている茶番に過ぎない。\n無駄な時間だったな。」		
「分かってないのはお前だ。影山。\nちゃんとこの野球勝負、\n収穫はあったぜ。」		
「…………何？」		
<Off>挑発		
「俺が打ち返した最後の打球、\nノヴァは咄嗟に跳躍してキャッチした。\nあれはお前の指示じゃないな？」		
「確かに指示はしていないが、\n<ruby=じりつがた>自律型</ruby>AIが状況の変化に合わせて\n最適な行動を取っただけではないか？」		
「違うな。あれはノヴァが『負けたくない』という\n強い意志によって生み出された行動だったんだ。」		
「あれが意志の選択だと……？」		
「そして俺はあの行動で確信した。\nノヴァの<ruby=こんぱく>魂魄</ruby>はまだ生きてるってな。」		
「根っこの部分でアイツは何も変わっていない。\n俺の知っている負けず嫌いの\n機巧院ノヴァのままなんだ。」		
「……<ruby=よまいごと>世迷言</ruby>だな。\nそれは君の希望的観測に過ぎない。」		
「だから俺は―――――――ノヴァに<ruby=しんけんしょうぶ>真剣勝負</ruby>を挑む。」		
「………ほう。」		
「野球勝負の次は<ruby=しんけんしょうぶ>真剣勝負</ruby>と来ましたか。」		
「<ruby=しんけんしょうぶ>真剣勝負</ruby>だと！？\n何を言ってるんだ！ユート！\nお前は今、野球勝負で負けたばかりなのだぞ！」		
「負けず嫌いにも程があるぞ！」		
「どうするんだ？影山。\n俺との<ruby=しんけんしょうぶ>真剣勝負</ruby>、受けるのか？」		
「いいだろう。\nどのみち君を排除する必要があるのだ。\n<ruby=しんけんしょうぶ>真剣勝負</ruby>とやらで決着をつけるとしよう。」		
「よし。話は決まりだな。\nそれじゃあ………、」		
「ドクター。提案があります。\n発言許可を。」		
「何だ？言ってみろ。\n１３号。」		
「現時点での<ruby=しんけんしょうぶ>真剣勝負</ruby>は\n飛行ユニットをロストした状態であり\n<ruby=ばんぜん>万全</ruby>の体制では無い為、実施は得策ではありません。」		
「戦闘準備を整えた後、\n最大火力で敵を<ruby=せんめつ>殲滅</ruby>するのが最適解であると\n提案します。」		
「なるほど。確かに一理ある。\n開発中の<ruby=ノヴァ>NOVA</ruby>シリーズの武装の実践テストを\n行うのにも丁度いい。」		
「では、川島。スケジュールの変更だ。\n<ruby=みょうちょう>明朝</ruby><ruby=まるよんまるまる>０４００</ruby>、ポイント<ruby=ななごーまるさん>７５０３</ruby>に来たまえ。\nそこで<ruby=しんけんしょうぶ>真剣勝負</ruby>を行うとしよう。」		
「は？<ruby=みょうちょう>明朝</ruby><ruby=まるよんまるまる>０４００</ruby>っていつだよ？」		
「明日の午前四時ですね。」		
「夜中じゃねーかッ！\n普通に寝てるわッ！」		
「さらばだ。行くぞ。\n１３号。」		
「無視かよッ！？」		
（影山は一方的に場所と時間を指定し、\nノヴァを連れて学園を去っていた。）		
「まさかユートと機巧院が\n<ruby=しんけんしょうぶ>真剣勝負</ruby>をする事になるとはな。」		
「どうするんだ？ユート。」		
「もちろん行くに決まってるだろ。\n目覚まし頼むぜ。ユリ姉。」		
「………朝の通学時間ですら\n起きられないお前が早朝に起きられるとは\n到底思えないのだが。」		
「さて、<ruby=みせもの>見世物</ruby>は終わった事だし、\n教室に戻りますか。」		
「あんた、いくらなんでもマイペース過ぎるわよ。」		
「っていうか、ノヴァのやつ普通に\n授業サボって帰っちゃったんだけど\n誰も気にしてないし。」		
「……なるほど。\n<ruby=みょうちょう>明朝</ruby>、<ruby=きこういん>機巧院</ruby>と<ruby=しんけんしょうぶ>真剣勝負</ruby>か。」		
「影山がわざわざ時間と場所を指定して来たのだ。\n罠とみて間違いないだろう。\nそれでも行くのか？」		
「ああ。もちろんだ。」		
「ノヴァは完全に記憶を失ったわけじゃない。\nあいつの<ruby=こんぱく>魂魄</ruby>には俺達との思い出が\n刻み込まれているはずだ。」		
「だから、\n真剣勝負で<ruby=こんぱく>魂魄</ruby>の奥底に眠る\nノヴァの記憶を呼び覚ます。」		
「機巧院の記憶を取り戻す為に\n影山の罠に自ら飛び込もうというのか。」		
「それがお前の覚悟というわけだな。川島。」		
「いいだろう。行くがよい。\nそして必ず機巧院を連れ戻してくるのだ。」		
「当たり前だ。その為に俺はここに居る。」		
「おやおや。何があったかは知りませんが、\n随分と吹っ切れたようですねえ。」		
「天道。影山が指定した場所は割り出せたのか？」		
「ええ。ポイント<ruby=ななごーまるさん>７５０３</ruby>というのは\n<ruby=ていこくじゅうこう>帝国重工</ruby>・<ruby=だいに>第二</ruby>オートマタ生産工場のようですね。」		
「何年も前に廃棄された工場ですが\n影山さんが<ruby=ひみつり>秘密裏</ruby>に<ruby=ねじろ>根城</ruby>にして\n研究開発を進めていたようです。」		
「まったく科学者という人種は何でもかんでも\n勝手に利用しおって。この世のものすべてを\n自分の<ruby=しょゆうぶつ>所有物</ruby>とでも思っているのか。」		
「天道。<ruby=みょうちょう>明朝</ruby><ruby=まるよんまるまる>０４００</ruby>に合わせて、\n第二オートマタ生産工場に\n<ruby=いかるがけいさつ>斑鳩警察</ruby>の部隊を回しておけ。」		
「川島の援護をすると共に影山を確保する。」		
「はいはい。了解です。」		
「真田。俺に力を貸してくれるのか？」		
「勘違いするな。お前の為ではない。\n最優先は影山の確保だ。」		
「そして、我が斑鳩警察の警官、\n機巧院の救出の為の作戦だ、」		
「おやおや。素直じゃないですねえ。\n真田警部。川島さんを手助けしたいなら\nそう言えばいいのに。」		
「天道。<ruby=よけい>余計</ruby>な口を挟んでいないで\nさっさと作戦準備に取りかかれ。」		
「わかりました。\n……それはそれとして、\nお客さんのようですね。」		
「ごきげんよう。斑鳩警察の皆さん。」		
「これはカグヤ殿。\nわざわざこちらまでお越し下さるとは\n今日はどのようなご用件で？」		
「話は聞かせてもらったわ。\nフェイリクス事件の<ruby=しゅぼうしゃ>首謀者</ruby>である\n影山さんを確保しようというのね。」		
「………ずっとドア越しに聞いてたのかよ。」		
「ええ。影山の<ruby=せんぷくさき>潜伏先</ruby>が判明した為、\n我々斑鳩警察は突入準備を進めています。」		
「それは<ruby=ちょうじょう>重畳</ruby>。是非お願いするわ。\n私の娘を危険に<ruby=さら>晒</ruby>した犯罪者は\n例外なく<ruby=しゅくせい>粛清</ruby>しなくてはならないわ。」		
「……あくまで警察がするのは確保までであって\n<ruby=さば>裁</ruby>くのは法なんですが。\nなんで<ruby=しゅくせいぜんてい>粛清前提</ruby>なんすか。」		
「作戦自体は<ruby=おおむ>概</ruby>ね問題無いでしょう。\nけれど私は一つ、\nどうしても納得がいかない事があるのだけれど。」		
「と、言いますと？」		
「<ruby=きこういん>機巧院</ruby>……さんだったかしら？\nあの<ruby=からくりにんぎょう>機巧人形</ruby>を\nわざわざ助ける必要はあるのかしら？」		
「何……？どういう意味だそれは？\nノヴァは俺達斑鳩警察の仲間だ。\nそれを助けない<ruby=どうり>道理</ruby>がどこにある？」		
「聞けばあの<ruby=からくりにんぎょう>機巧人形</ruby>は記憶を失っているそうね。\nそして、犯罪者の影山さんの命令に従い\n<ruby=ちゅうじつ>忠実</ruby>な駒として動いてる。」		
「その証拠に聖皇学園を襲撃したそうね。\nあの<ruby=からくりにんぎょう>機巧人形</ruby>自身の<ruby=まな>学</ruby>び<ruby=や>舎</ruby>であるというのに。\n何の<ruby=ちゅうちょ>躊躇</ruby>も無く。」		
「一歩間違えれば死傷者が出ていたかもしれない。\nそしてそれは私の娘だった可能性もある。」		
「それはとてもとても恐ろしいことだわ。\n耐え<ruby=がた>難</ruby>いほどにね。」		
「………何が言いたい？」		
「あの<ruby=からくりにんぎょう>機巧人形</ruby>は危険よ。\nあれはただの殺人兵器。\n野放しには到底出来ない。」		
「――――――――即刻破壊しなさい。\nこれは命令よ。」		
「ふざけんなッ！ノヴァは仲間だ！\nオートマタでありながら人の心を持った人間だ！\n破壊なんて冗談じゃねぇッ！」		
「<ruby=からくりにんぎょう>機巧人形</ruby>が仲間……？\n人の心を持った人間……？\n勘違いも<ruby=はなは>甚</ruby>だしいわ。」		
「あなたはフェイリクス事件で\n何も学ばなかったのかしら？」		
「<ruby=からくりにんぎょう>機巧人形</ruby>が余計な人格を持ったせいで\n聖皇学園の生徒達が洗脳され人質になり\n危険に晒された。」		
「<ruby=からくりにんぎょう>機巧人形</ruby>は所詮は人形。\n人間には決してなり得ない失敗作。」		
「中途半端に人に似せた事で\n犯罪に走るようになった危険な存在。」		
「やはり<ruby=からくりにんぎょう>機巧人形</ruby>は危険。\nあんなものはすべて\n廃棄してしまえばいいのよ。」		
「それはエゴだ！\nあんたは何もわかっちゃいない！」		
「私のエゴ……ですって？」		
「フェイリクスは<ruby=ていこくじゅうこう>帝国重工</ruby>の実験によって\n心が<ruby=ゆが>歪</ruby>んだ哀れな被害者の一人でもあるんだ。」		
「そしてその心の弱さを影山に\n付け込まれ利用された。」		
「フェイリクスは確かに取り返しの\nつかない事をしたが<ruby=じょうじょうしゃくりょう>情状酌量</ruby>の余地が\n無いわけじゃない。」		
「それを<ruby=やりだま>槍玉</ruby>に上げてオートマタ全てを\n<ruby=きけんし>危険視</ruby>扱いして排除しようとする\nあんたはエゴ以外の何物でもねぇって言ってんだ！」		
「おのれ……！\n<ruby=こぞうふぜい>小僧風情</ruby>が私に<ruby=たてつ>楯突</ruby>くか…！」		
「真田警部…！\n機巧院さんを破壊しなさい！」		
「カグヤ殿…！しかし…！」		
「これは命令よ…！\n聞けないというのなら\nこの小僧の首をこの場で刎ねる…！」		
（カグヤは<ruby=ばっとう>抜刀</ruby>し俺の首筋に刀を突きつける。）		
「馬鹿な…！」		
「おやおや。これは穏やかじゃないですねえ。」		
「やってみろよ。」		
「……何ですって？」		
「俺は絶対にノヴァを助ける。\n破壊なんて絶対させねぇ。\n首を<ruby=は>刎</ruby>ねたきゃ好きにしな。」		
「馬鹿者！挑発するな…！」		
「……いい度胸ね。\nならお望みどおりにしてあげるわ。」		
（カグヤは俺の首を落とそうと\n刀の<ruby=つか>柄</ruby>に力を籠めた瞬間――――――）		
「そこまでだよ。お母さん。」		
（サツキが現れ、カグヤを制止する。）		
「……サツキ。\nどうしてここに……？」		
「ノヴァは壊させない。\nノヴァは私の友達だから。」		
「な……何を言ってるの？サツキ。」		
「あの<ruby=からくりにんぎょう>機巧人形</ruby>は危険よ…！\nあれを野放しにすればあなたにまた危害を加える…！」		
「即刻破壊すべきよ…！\nあなたを守る為に…！」		
「私の為？それは違うよ。\nお母さんは私を言い訳にして、\nオートマタを壊したいだけなんだ。」		
「だって、お母さんはオートマタが嫌いだから。」		
「……ッ！\nち、違う…！違うのサツキ…！\n私は本当にあなたの身が心配で…！」		
「言ったはずだよ。\nノヴァは私の友達だって。」		
「ノヴァを破壊しようと言うのなら、\nお母さんが相手でも私は容赦しない。」		
（サツキは俺を庇うように割って入り\n抜刀した刀をカグヤに向ける。）		
「……ッ！？\n私にサツキと戦えというの…！？」		
（娘に刀を向けられ動揺するカグヤと裏腹に\nまるで<ruby=びどう>微動</ruby>だにせず真っすぐと\nカグヤを見据えるサツキ。）		
「……………くっ。」		
（サツキの真に迫る<ruby=はき>覇気</ruby>に観念したのか、\nカグヤは向けていた刀を下ろす。）		
「…………わかったわ。\n機巧院さんの破壊命令、取り消すわ。」		
「はっ。承知致しました。\nカグヤ殿。」		
「ありがとう。お母さん。\nわがまま言ってごめんなさい。」		
（カグヤが折れた事を確認したサツキは\nようやく刀を<ruby=のうとう>納刀</ruby>する。）		
「………今回は大目に見るけれど、\n母親に刀を向けて脅すような\n真似はやめなさい。」		
「はぁい。気を付けます。」		
（反省してるんだかしてないんだが\nサツキは何事も無かったような<ruby=からへんじ>空返事</ruby>を返す。）		
（やっぱこいつ真性の\nサイコパスなんじゃないだろうか。）		
「いやはやヒヤヒヤしましたねえ。\n川島さんの首がまた飛ぶかと思いましたよ。」		
「前はオートマタだからよかったけど\n今回は首飛んだらガチで死ぬからな。」		
「それではカグヤ殿。\n影山の捕獲作戦は我々斑鳩警察に\nお任せください。」		
「そして機巧院は我々斑鳩警察の仲間。\n必ずや救出し決して危険視するような\n存在ではないと証明してみせましょう。」		
「…………そう。\n好きになさい。」		
「それじゃお母さん。\n警察の邪魔になっちゃうし\n私達は帰ろうか。」		
「……え、えぇ。」		
（サツキはカグヤの\n手を取り部屋を出て行こうとする。）		
「それじゃユートくん。\nまたね。」		
「……お、おう。」		
「いやー。<ruby=ききいっぱつ>危機一髪</ruby>でしたねえ。\nサツキさんが来なかったら\n川島さん死んでましたねえ。」		
「ああ。サツキは命の恩人だよ。\n俺とノヴァのな。」		
「何はともあれ我々のやる事は変わらん。\n川島、天道、\n作戦決行までに<ruby=てはず>手筈</ruby>を整えておけ。」		
「わかってる。」		
「……来たか。川島。」		
「よー。来てやったぜ。」		
「顔が<ruby=は>腫</ruby>れているようだが？」		
「こんな時間にこんな場所に呼び出しやがってよー。\nおかげでユリ姉に叩き起こされて顔がボコボコだぜ。」		
（ユリ姉には絶対遅刻出来ないから\n叩き起こしてくれって言ったら\nガチでぶん殴って起こしてきたのである。）		
（大事な<ruby=おおしょうぶ>大勝負</ruby>の前に\n<ruby=てっけん>鉄拳</ruby>で<ruby=かつ>活</ruby>を入れられたと思って\nありがたくもらっておくぜ。）		
「さて、時間だな。\n準備はいいか？」		
（影山は腕時計で時間を確認する。）		
「ああ。とっくに準備も覚悟も完了している。」		
「さあ、始めようぜ。\n――――――――<ruby=しんけんしょうぶ>真剣勝負</ruby>を。」		
「了解した。では、始めよう。\n―――――――我々の<ruby=しんけんしょうぶ>真剣勝負</ruby>を。」		
<Off>怪訝		
「……我々？」		
「<ruby=ノヴァ>NOVA</ruby>シリーズ<ruby=ぜんきしゅつげき>全機出撃</ruby>。」		
（影山が指を鳴らすと上空に\n大量の<ruby=みかくにんひこうぶったい>未確認飛行物体</ruby>が\n集まり編隊を形成した。）		
NOVA27号		
<Character=NOVA>真顔3		
「<ruby=ノヴァ>NOVA</ruby>-0027出撃。\n戦闘準備完了。」		
NOVA29号		
「<ruby=ノヴァ>NOVA</ruby>-0029出撃。\n戦闘準備完了。」		
NOVA31号		
「<ruby=ノヴァ>NOVA</ruby>-0031出撃。\n戦闘準備完了。」		
「<ruby=ノヴァ>NOVA</ruby>-0034出撃。\n戦闘準備完了。」		
NOVAシリーズ		
「<ruby=ノヴァ>NOVA</ruby>シリーズ出撃。\n戦闘準備完了。」		
「<ruby=ノヴァ>NOVA</ruby>シリーズ全機出撃を確認。\n戦闘準備完了しました。」		
（上空に列をなして<ruby=たたず>佇</ruby>む未確認飛行物体……いや、\n<ruby=ノヴァ>NOVA</ruby>シリーズ達。その数なんと２０機。）		
（そして、中央で<ruby=ノヴァ>NOVA</ruby>シリーズ達の<ruby=とうせい>統制</ruby>を\n取っているのはノヴァだった。）		
「さて、こちらの準備も完了だ。\nいつでも来たまえ。」		
「おいちょっと待てッ！\nこれはノヴァとの<ruby=しんけんしょうぶ>真剣勝負</ruby>だッ！\nなんで<ruby=ノヴァ>NOVA</ruby>シリーズ全機出撃してんだよ！？」		
「おや？知らなかったのかね？\n１３号と<ruby=しんけんしょうぶ>真剣勝負</ruby>をするという事は\n<ruby=ノヴァ>NOVA</ruby>シリーズ全機を相手にすると<ruby=どうぎ>同義</ruby>だ。」		
「<ruby=ノヴァ>NOVA</ruby>シリーズは１３号を司令塔として\n各個体が<ruby=ノヴァ>NOVA</ruby>ネットワークで繋がり\n動作する集合体だ。」		
「<ruby=ノヴァ>NOVA</ruby>シリーズは１３号が居る限り不滅。\n逆に言えば<ruby=ノヴァ>NOVA</ruby>シリーズを全機破壊しなければ\n１３号を破壊出来ない。」		
「つまり、君の真剣勝負の勝利条件は\n<ruby=ノヴァ>NOVA</ruby>シリーズ全機を破壊する事だ。」		
「ふざけやがってッ！影山テメェッ！\n最初っからまともに\n<ruby=しんけんしょうぶ>真剣勝負</ruby>をする気が無かったな！？」		
「君が<ruby=しんけんしょうぶ>真剣勝負</ruby>に何を求めてるかなどどうでもいい事だ。\n私は<ruby=ノヴァ>NOVA</ruby>シリーズの最大火力を持って君を<ruby=せんめつ>殲滅</ruby>する。\nただそれだけの事。」		
「許せねえッ！\n<ruby=せいせいどうどう>正々堂々</ruby>、<ruby=じんじょう>尋常</ruby>に挑む\n魂の<ruby=しんけんしょうぶ>真剣勝負</ruby>を<ruby=ぶじょく>侮辱</ruby>したなッ！」		
「全ての<ruby=じしょう>事象</ruby>は結果が全てだ。\n勝者こそが正義。\n敗北者に語る資格など無い。」		
「<ruby=もんどう>問答</ruby>は無用。\n<ruby=ノヴァ>NOVA</ruby>シリーズ全機、攻撃開始。」		
「了解。目標補足。\n<ruby=ノヴァ>NOVA</ruby>シリーズ全機、攻撃開始。」		
「<ruby=ノヴァ>NOVA</ruby>-0027。\n攻撃開始。」		
「<ruby=ノヴァ>NOVA</ruby>-0029。\n攻撃開始。」		
「<ruby=ノヴァ>NOVA</ruby>-0031\n攻撃開始。」		
「<ruby=ノヴァ>NOVA</ruby>-0034。\n攻撃開始。」		
（上空に浮かぶ<ruby=ノヴァ>NOVA</ruby>シリーズが\n続々とアサルトライフルを構え――――）		
「おいおい……！\n嘘だろ……？」		
（―――――標的の俺に向けて一斉射撃を開始する。）		
（これぞまさに<ruby=しゅうちゅうほうか>集中砲火</ruby>。\n上空から弾丸の雨が俺に向かって降り注ぐ！）		
「うおおおおおおーーーーッ！！！」		
（俺が死を覚悟した時、\n<ruby=おおだて>大盾</ruby>を持った警官が俺を庇うように\n立ちはだかり銃弾の雨を防ぐッ！）		
（警官の恰好をしているが、\n俺は知っている…！\nこの馬鹿デカいツインテールは…！）		
「盾守……ッ！？」		
「ほう。あれを防ぐか。」		
「何やってんのよ川島ユートッ！\n私達、<ruby=いかるがけいさつ>斑鳩警察</ruby>が到着するまで\n待てなかったの！？」		
「<ruby=たてがみ>盾守</ruby>お前…！斑鳩警察だったのか！？」		
（盾守は<ruby=ふところ>懐</ruby>から黒い手帳を取り出し、\n俺に付きつけて宣言をする。）		
「ほら警察手帳！\n<ruby=いかるがけいさつこうあんぶ>斑鳩警察公安部</ruby>・<ruby=とくむたいたいちょう>特務隊隊長</ruby>、\n<ruby=たてがみ>盾守</ruby>アメリアよ！」		
「マジかよ！真田が言っていた\n斑鳩警察の援軍って盾守の事だったのか！？」		
「私だけじゃないわ！\n<ruby=こうあんぶ>公安部</ruby>・<ruby=とくむたい>特務隊</ruby>が援軍よ！」		
（続々とパトカーが停車し警官数十人が\n次々と駆け出してくる。）		
警官A		
「盾守隊長！\n公安部特務隊ただいま到着しました！」		
「遅い！何やってんの！？」		
「いえいえ！これでも急いだんですよ！」		
警官B		
「そうですよ！帝国重工から急遽、\n戦闘用オートマタを借りて\nここまで輸送するのは骨なんですから！」		
「ええい！言い訳なんて聞きたくないわ！\nこっちもオートマタ部隊全機出撃よ！」		
「はっ！オートマタ部隊全機出撃！\n特殊車両コンテナ開きます！」		
（大型特殊車両のコンテナが開き、\n中からオートマタ軍団が次々と現れる。）		
SOLDIER-701号		
「ソルジャー隊。\n全機出撃完了。」		
SOLDIER-702号		
「全機出撃完了。」		
「あれは…！\n獅堂が使っていたオートマタか！」		
「<ruby=ていこくじゅうこうせい>帝国重工製</ruby>・<ruby=だいにせだいがたりくせんほへいよう>第二世代型陸戦歩兵用</ruby>オートマタ\n<ruby=ソルジャー>SOLDIER</ruby>シリーズ。」		
「それだけじゃないわ。\n今日は特別でね。\nとっておきがあるのよ。」		
（盾守が指を鳴らすと特殊車両のコンテナから\n大型のオートマタが飛び出してくる。）		
「あいつは…！\n獅堂と盾守が二人で操っていたデカブツか！」		
「これを持ち出すのに相当苦労したんだから。\n感謝してよね。」		
「ソルジャーにバリスタか。\n予想外の援軍だが、\nなかなか興味深い戦闘データが取れそうだ。」		
「盾守隊長！\nオートマタ部隊の戦闘準備完了しました！」		
「よし。こちらも準備が整ったようね。」		
「川島ユート。他の<ruby=ノヴァ>NOVA</ruby>シリーズは\n私達斑鳩警察が食い止めるわ。\nあんたはノヴァを何とかしなさい。」		
「司令塔のノヴァさえ無力化すれば\n<ruby=ノヴァ>NOVA</ruby>シリーズは機能停止するはずよ。」		
「あ……あぁ！わかった！」		
「全部隊攻撃開始ッ！\n目にもの見せてやんなさいッ！」		
「了解。<ruby=エーディーエス>ADS</ruby>モード起動。\nターゲットロック。」		
（盾守の号令と共に\n斑鳩警察オートマタ部隊の\n一斉掃射が開始される！）		
「こちらも反撃開始だ。」		
「了解。\nNOVAシリーズ全機一斉射撃。」		
「了解。一斉射撃開始。」		
（<ruby=ノヴァ>NOVA</ruby>シリーズも同時に一斉射撃を開始し\n戦場に弾丸が飛び交い、）		
（<ruby=いかるがけいさつ>斑鳩警察</ruby> VS <ruby=ノヴァ>NOVA</ruby>シリーズの戦いの\n<ruby=ひぶた>火蓋</ruby>が切って落とされる）		
（斑鳩警察が<ruby=ノヴァ>NOVA</ruby>シリーズを\n引きつけてくれる間に\n俺はノヴァを何とかしねーと…！）		
（しかし、ノヴァは上空で<ruby=ノヴァ>NOVA</ruby>シリーズを\n指揮していて動きそうもないし地上は弾丸が\n飛び交う戦場で<ruby=うかつ>迂闊</ruby>に動けないしどうしたものか…。）		
（俺はふと目の前の影山に注目する。\nそういえばノヴァは影山の命令に従っているんだよな。\nつまり、ノヴァにとって影山はマスターって事だ。）		
（―――――――<ruby=ひめ>閃</ruby>いた。）		
（俺はオートマタだった頃の<ruby=サイファー>CIPHER</ruby>-09の武装、\n<ruby=こうしゅうは>高周波</ruby>ブレードを取り出し、）		
「死ねぇえええええーーーーーッ！！！\n影山ぁあああああーーーーーーッ！！！」		
（<ruby=いっちょくせん>一直線</ruby>に駆け出し影山に斬りかかるッ！）		
（その時、ノヴァが割って入ると共に\n<ruby=こうしゅうは>高周波</ruby>ブレードで切り返し俺の斬撃を止めたッ！）		
「ドクターへの攻撃を確認。\n最優先行動に設定。\n緊急迎撃措置を行います。」		
「やはり来やがったな！\n俺とタイマンしやがれ！ノヴァ！」		
「なるほど。わざと私に攻撃を仕掛け、\n１３号をおびき寄せたというわけか。」		
「他の<ruby=ノヴァ>NOVA</ruby>シリーズの状況は………、」		
「<ruby=だんまくうす>弾幕薄</ruby>いッ！なにやってんの！？」		
「了解。射撃継続します。」		
「敵戦力の弾幕拡大。\n応戦します。」		
「<ruby=ノヴァ>NOVA</ruby>シリーズが足止めを受けて動けんか。\n斑鳩警察め。１３号を<ruby=こりつ>孤立</ruby>させる為、\nこの状況を作り出したか。」		
「言ったはずだ！\n俺はノヴァと真剣勝負するってな！\n悪いが付き合ってもらうぜぇッ！」		
（俺は<ruby=つばぜ>鍔迫</ruby>り合いの状態を切り払いで解除し\n上段から刀を振り下ろす。）		
（さらに降り下ろした刀を切り上げ、\n連撃を繰り出すッ！）		
「うおおおおおーーーーーッ！！」		
（連打、連打、連打！\n１<ruby=ごう>合</ruby>、２<ruby=ごう>合</ruby>、３<ruby=ごう>合</ruby>と反撃の余地を与えず\n次々と連撃を繰り出すッ！）		
（だがノヴァも大した反応速度だ。\n俺の連撃を高周波ブレードで<ruby=さば>捌</ruby>き受け続ける。）		
「……１３号が押されている？\n妙だな。<ruby=こんぱくせつぞく>魂魄接続</ruby>も無しに川島の\n反応速度が想定以上の数値を示している。」		
「まさか……オートマタのボディで\n戦闘を繰り返した事で<ruby=こんぱく>魂魄</ruby>に戦闘経験が\nフィードバックされているというのか。」		
（俺は刀を<ruby=よこいっせん>横一線</ruby>で薙ぎ払い、\nノヴァの高周波ブレードを弾き飛ばす。）		
「もらったぁああああーーーーッ！！」		
（刀を上段に構え、ノヴァの肩目掛けて\n<ruby=けさぎ>袈裟斬</ruby>りを叩き込むッ！）		
「緊急上昇。離脱します。」		
（ノヴァが飛行ユニットの\nスラスターの出力を上げ上空に上昇し、\n俺の斬撃を回避するッ！）		
「なッ！汚ねぇぞッ！\n降りて来やがれッ！」		
「目標の戦闘能力を再計算。\n近接戦闘は危険と判断。」		
「射撃による遠距離攻撃に切り替えます。」		
（ノヴァはアサルトライフルを取り出し、）		
「ちょ…っ！こっちは空飛べねーのに\nそれは反則だろ…っ！」		
「目標補足。射撃開始。」		
（アサルトライフルの銃口から弾丸を乱射するッ！）		
「うわああああーーーーッ！！」		
（俺は全速力で射線上から逃れようと走り出すッ！）		
「目標の移動を確認。\n射撃方向修正。」		
（しかし、当然ながら上空からの射撃は圧倒的有利。\nどんなに地上で逃げ回ったところで空からは\n敵の姿など丸見えなのである。）		
（まずい…ッ！このままでは蜂の巣だッ！\nなんとか<ruby=しゃへいぶつ>遮蔽物</ruby>に隠れなければ…ッ！）		
（………あれは！盾守か！）		
「おおおおおーーーーッ！！\n盾守ィィィィイイイイー！\n助けてくれぇえええーーーーーッ！！」		
「川島ユートッ！\n何でこっち来んのよッ！？」		
「上から撃たれてるッ！\n撃たれてるから何とかしてくれッ！」		
「はあッ！？」		
（俺はスライディングで地面を滑りながら\nスタイリッシュに盾守の後ろに隠れる！）		
「チィッ！」		
（盾守は<ruby=おおだて>大盾</ruby>を構え、\n上空から乱射され続ける銃弾を防ぎきる！）		
「エーテライト・ライフル。残弾ゼロ。\nリロードします。」		
「ふー。助かったぜ！盾守！」		
「助かったぜじゃないわよ！\nか弱い女の子を盾にするなんて最低よッ！」		
「リロード完了。目標再設定。\n射撃開始。」		
「まずいッ！また撃ってくるぞ！」		
「このォ…ッ！」		
「川島ユート！\n何か飛び道具とか無いわけ！？\nこのままじゃジリ貧よ！」		
「こちとら武器は刀一本だぞ！？\n飛び道具なんてあるわけ………、」		
（いや………ある。\n俺に残されたらたった一つの飛び道具が…！）		
「盾守！そのまま持ち<ruby=こた>堪</ruby>えててくれよ！」		
「な、何をするつもり！？」		
（俺の握りしめる光り輝く刀から炎が燃え盛り、\n巨大な炎の刃が一筋の矢の如く\n上空に向かって射出されるッ！）		
<Off><Character=NOVA>驚き		
（地上から発射された炎の刃は上空に浮遊するノヴァに直撃ッ！\n炎の刃は手に持っていたアサルトライフルは破壊し、\n飛行ユニットの左翼を貫ぬいたッ！！）		
「敵機対空砲撃の直撃。\n損傷状況確認。\nエーテライト・ライフル破壊、使用不能。」		
「飛行型ユニット、左翼被弾。\n飛行制御不能。緊急オートバランサー作動。\n浮遊モードで再起動します。」		
「よし！銃を破壊して<ruby=かたよく>片翼</ruby>をへし折ってやったぜ！\nこれでもう自由に飛び回って\nドンパチ出来なくなった！」		
「あんな隠し玉を持っていたなんてね！\nやるじゃない川島ユート！」		
「あれは……ユリヒメの操るカグツチ戦で見せた技か。\n<ruby=サイファー>CIPHER</ruby>-09の機体に内蔵された武装かと思っていたが\n川島自身の<ruby=こんぱく>魂魄</ruby>による能力だったのか。」		
「<ruby=ほのお>炎</ruby>の<ruby=やいば>刃</ruby>……か。\nブレイズチルドレン計画の強化人間は\nそんな芸当も可能という事か。」		
「ノヴァ！お前の負けだ！\nさっさと降りて<ruby=こうさん>降参</ruby>しろッ！」		
「<ruby=ひてい>否定</ruby>。私はまだ負けていません。」		
「負け惜しみ言ってんじゃねー！\n武器を失い翼をもがれたお前に一体何が出来るってんだ！」		
「………さっきまで泣きながら\n私の影に隠れてたくせに相手が弱った途端\n急に強気に出たわね。」		
「ドクター。\nエーテライト・バスターキャノンの使用許可を。」		
「いいだろう。\n開発中の試作武装だが\n射撃実験としては丁度いい。」		
「エーテライト・バスターキャノン射出。」		
（影山が指を鳴らすと\n地上の武器庫から四角いコンテナが１機、\n上空に向けて勢いよく射出された。）		
<Off><Character=NOVA>思案		
「エーテライト・バスターキャノン射出確認。\n<ruby=えんかくゆうどうかいし>遠隔誘導開始</ruby>。ドッキングします。」		
（射出されたコンテナから大型ライフルが現れ、\n吸い込まれるような軌道を描き、\nノヴァにドッキングする。）		
「ドッキング完了。\nバスターキャノンモードに移行します。」		
「エネルギーライン、<ruby=ぜんだんちょっけつ>全弾直結</ruby>。\nランディングギア、アイゼン、ロック。」		
「チャンバー内、<ruby=せいじょうかあつちゅう>正常加圧中</ruby>。\nライフリング回転開始。」		
「ちょ…ちょっと待て…！\nあんな馬鹿デカい大砲をこっちに向けて\nぶっ放すつもりじゃねーだろうな！？」		
「あれって<ruby=たいせんしゃようこうしゅつりょく>対戦車用高出力</ruby>レールガンじゃないの！？\nあんなの撃たれたら私の盾じゃ防ぎきれないわよ！？」		
「目標補足。照準固定。」		
「エーテライト・バスターキャノン発射。」		
「ふ、伏せろぉおおおーーーーーッ！！」		
「いやああああーーーーーーッ！！」		
（バスターキャノンの砲身から\n巨大なエネルギー波が発射され―――――）		
（―――――――地上を焼き尽くした。）		
「う……うう……っ。\n生きてるか……？」		
「な、なんとかね……。」		
「ふむ。自動照準機能に不具合があるな。\nいささか射線がズレたか。」		
「だが、威力は申し分ない。」		
「嘘……でしょ……？\n何よ……これ………。」		
「どうしたってんだよ。盾守。\n一体何が………。」		
（盾守の視線の先、バスターキャノンの射線上は\n<ruby=ちひょう>地表</ruby>が焼き払われ<ruby=しょうど>焦土</ruby>と化していた。）		
「た、盾守隊長…！\n今の砲撃でオートマタ部隊の\n半数以上が<ruby=かいめつ>壊滅</ruby>…ッ！」		
「戦線を維持できません……ッ！」		
<Off>激怒・警官服		
「なんですって…！？\nバ、バリスタは…！？」		
「損傷率１００……機能……停止。」		
「そ、そんな…ッ！バリスタが一撃で…ッ！\nレンタル料高かったのに…！」		
「そんな事言ってる場合か…！\nもう一発撃たれたら全滅だぞ…ッ！」		
「１３号。照準をマニュアルに切り替え、\n誤差を修正。今度は外すなよ。」		
「了解。自動照準補正をマニュアルモードに変更。\n第二射、発射シークエンス再始動。」		
「バスターキャノン高速冷却作動。\nエーテライトリチャージ開始。\nチャージ完了まで残り６０秒。」		
「うげえッ！？また撃つつもりだッ！」		
「盾守隊長！\nこ、これはヤバいですよ！\n全部隊に撤退命令を…ッ！」		
「はー！？何<ruby=おじけ>怖気</ruby>づいてるのよッ！\n撤退なんかするわけないでしょ！？」		
「これは勝利への退却！\nて、撤退するでありますッ！」		
「撤退！撤退ーーー！」		
警官C		
「う、うわああああーーーーッ！！」		
「こらあああーーッ！\n公安部・特務隊が<ruby=てきぜんとうぼう>敵前逃亡</ruby>してんじゃないわよッ！」		
警官D		
「命大事にでありますーーーーッ！！」		
（バスターキャノンで<ruby=かいめつてきひがい>壊滅的被害</ruby>を受けた斑鳩警察は\n盾守の制止を無視して<ruby=だっと>脱兎</ruby>の如く退却を始めるッ！）		
「チャージ完了まで……５０……４９……４８……。」		
「川島ユートッ！\nさっきの炎の刃飛ばすやつ\nもう一度やってあれを止めなさいよッ！」		
「よしっ！もう一発当ててやるッ！」		
（しかし、俺の熱い叫びと裏腹に\n刀から炎が出る事は無く、\n何も起こらなかった。）		
「は？こんな時に何ふざけてんのよ。」		
「あ……あれ………。何も出ない……。\nエネルギー切れ……かも……？」		
「はあああああーーーーッ！！\n何よそれ！？どうすんのよ！？」		
「そ、そんな事言ったって\n俺が知るかぁあああああーーーーーッ！！」		
「チャージ完了まで……４０……３９……３８……。」		
「ああああああーーーーッ！！\nもう時間が無いぃいいいーーーーッ！！」		
「どうするどうするどうするーーーーっ！！」		
（俺と盾守は絶体絶命の状況にパニックになり\n頭を抱えて慌て始める。）		
（その時、<ruby=しっこく>漆黒</ruby>のオートマタ野郎に抱きかかえられた\nポニーテール<ruby=むすめ>娘</ruby>が<ruby=さっそう>颯爽</ruby>と舞い降りた。）		
「お困りのようだね。ユートくん。」		
「サ、サツキ！？……とアイゼン！？」		
「五月雨！？\nどうしてあんたがここに！？」		
「そんな事より今はノヴァを止めなきゃ\n皆、死んじゃう。そうだよね？」		
「そんな事言ったって、\n既にあいつはバスターキャノンの\n発射態勢に入っちまってる…！」		
「一体、どうしろって言うんだ…！」		
「――――――――<ruby=こんぱくせつぞく>魂魄接続</ruby>だ。」		
「<ruby=こんぱくせつぞく>魂魄接続</ruby>……？」		
「この状況を何とかするにはノヴァに直接、\n<ruby=こんぱくせつぞく>魂魄接続</ruby>して<ruby=こんぱく>魂魄</ruby>の内部から\n強制停止させるしかない。」		
「一度、ノヴァと<ruby=こんぱくせつぞく>魂魄接続</ruby>している君なら\nチャンネルは解放されている。\n再接続が出来るはずだよ。」		
「た……確かに！\nノヴァとの<ruby=こんぱくせつぞく>魂魄接続</ruby>は可能だ…！」		
「ちょ、ちょっと待ってよ！\n<ruby=こんぱくせつぞく>魂魄接続</ruby>って言ったってノヴァは空の上に居るのよ！\nどう考えても<ruby=こんぱくせつぞく>魂魄接続</ruby>の有効射程外よ！」		
「それならユートくんも\n空を飛んじゃえばいいんだよ。」		
「は…？空を飛ぶ……？」		
「安心しろ。俺が飛ばしてやる。」		
「アイゼン！？」		
「チャージ完了まで……１８……１７……１６……。」		
「さあ、もう時間が無いよ。」		
「だあああああーーーーッ！！\nもうやるしかねえッ！」		
（観念した俺はアイゼンの腕に掴まる。）		
「サツキ。行ってくる。」		
「うん。ノヴァの事、お願い。」		
（アイゼンは<ruby=たいけん>大剣</ruby>を大きく振りかぶり、\n地面に思い切り叩きつけると―――――――）		
（地面の<ruby=がんばん>岩盤</ruby>が破壊され、\nその衝撃でアイゼンの身体は打ち上げロケットのように\n勢いよく急上昇する。）		
「うおおおおおおおーーーーーーーッ！！」		
「何だあれは……！」		
「す、すごい…！と、飛んでる…ッ！」		
「たーまやーっ。」		
（地上３０メートルの高度に達しようとするところで\nアイゼンが俺の腕を掴み――――）		
「俺のガイドはここまでだ。」		
「あとはテメェで行って来いッ！」		
（――――――――空中でノヴァに向かって\n俺をぶん投げたッ！！）		
「あああああああーーーーッ！！」		
「ッ！\n<ruby=みかくにんひこうぶったい>未確認飛行物体</ruby>の射出確認。」		
「に、二段式ロケットッ！？」		
「馬鹿な！？あんな<ruby=とっぴょうし>突拍子</ruby>も無い方法で\n１３号への直接攻撃を仕掛けるというのか…ッ！」		
（アイゼンにぶん投げられた俺は、\nノヴァに向かってミサイルの如く一直線に突っ込むッ！）		
「ノヴァアアアアアアアアーーーーッ！！」		
<Character=NOVA>片目2		
「理解不能。行動予測不能。\n<ruby=たんしんとっこうじれいけんさく>単身特攻事例検索</ruby>……データ無し。」		
（そして、懐に入った俺は右手を伸ばし\nノヴァの胸に触れるッ！）		
「――――――――<ruby=こんぱくせつぞく>魂魄接続</ruby>ッ！！」		
（詠唱を終えると同時に視界は<ruby=まばゆ>眩</ruby>い光に包まれ\nノヴァの存在のようなものを感覚的に\n感じられるようになった。）		
「ノヴァ！どこだ！\nどこに居る！？」		
（<ruby=こんぱくせつぞく>魂魄接続</ruby>の中でノヴァに呼びかける。\n確かに存在は感じる。\nこの中のどこかに居るはずだ。）		
「あれは……。」		
（<ruby=こんぱくりょういき>魂魄領域</ruby>の中で<ruby=ひとすじ>一筋</ruby>の光が差し込んでいる。\n俺はその光に向かって手を伸ばす。）		
（すると、突然風景が変わり\n森のような場所に飛ばされた。）		
「どこだ……ここは……？」		
（雨が降り注ぐ森の中。そこにたった一人で\n地面にしゃがみ込み何かを必死に探す人影があった。）		
<Character=NOVA>悲しみ10		
「……見つからない。\n見つからないんです。」		
<Character=NOVA>悲しみ11		
「……ずっと探しているのに。\n見つからない。」		
「何を……探しているんだ？」		
「……マスターの大切なもの。\n私が……失くしてしまった。」		
「……あれが無いと、あれが見つからないと、\nマスターは悲しむ。」		
<Character=NOVA>悲しみ9		
「……マスターが悲しむのは嫌なんです。」		
「―――――――――ッ。」		
（これは………俺とノヴァの記憶……か。）		
（<ruby=こんぱく>魂魄</ruby>の奥底に刻み込まれた記憶。）		
（この光景が俺とノヴァの過去の記憶だとすれば\nこの記憶を辿れば忘れていた俺の\n記憶を思い出せるかもしれない。）		
（そうすればここに居るのノヴァの\n探し物を見つけてやれる。）		
（いや……ノヴァ自身を見つける事が出来る。）		
（今ここに居るノヴァは自分自身を見失っているんだ。\nだから俺がノヴァを見つけてやらなくちゃいけない。）		
（俺は知る必要がある。\nノヴァを通じて過去に何があったのかを。）		
「ノヴァ。教えてくれないか？\n俺達の出会いを。そして俺達の思い出を。」		
<Character=NOVA>悲しみ		
（ノヴァは震えた指で森の奥底を指し示す。）		
「……あっちだな。」		
「ちょっと行ってくる。\nここで待ってろよ。」		
<Character=NOVA>悲しみ6		
（俺が森の奥に足を踏み入れると\nまた場面が変わり、今度は湖がある場所になった。）		
（目の前には壊れて動かなくなった\n一体のオートマタが横たわっていた。）		
（いや……これはノヴァだ。間違いない。）		
（確かノヴァが以前言っていた。\n任務の途中でスラスターが故障して墜落した…と。）		
（そうか……。\nこれは俺とノヴァが初めて会った場所。\n俺はここでノヴァを見つけたんだ。）		
「電源再接続。エーテライトコア直結。\n機体診断正常。システムオールグリーン。\n<ruby=ノヴァ>NOVA</ruby>-0013、起動します。」		
「起動……起動……起動。\n起動シークエンス正常。\n起動完了しました。」		
「初めまして。こんにちは。\nこの度は当社、<ruby=ていこくじゅうこう>帝国重工</ruby>の製品を\nお買い上げ頂きありがとうございます。」		
「私は<ruby=ていこくじゅうこうせい>帝国重工製</ruby>・<ruby=だいさんせだいがたちょうほうていさつよう>第三世代型諜報偵察用</ruby>オートマタ、\n製造番号<ruby=ノヴァ>NOVA</ruby>-0013です。」		
「私達<ruby=ノヴァ>NOVA</ruby>シリーズは<ruby=プロジェクトノヴァ>Project-NOVA</ruby>によって\n生み出された新時代の<ruby=だいさんせだいがた>第三世代型</ruby>オートマタです。」		
「単独での任務遂行に特化しており、\n<ruby=ちょうほうていさつ>諜報偵察</ruby>、<ruby=たんきせんにゅう>単機潜入</ruby>、<ruby=おんみつあんさつ>隠密暗殺</ruby>、<ruby=きょうしゅうとつにゅう>強襲突入</ruby>を\n行うよう設計されています。」		
「また、専用のオプションパーツを換装する事で\n<ruby=こうきどう>高機動</ruby>、<ruby=こうしゅつりょく>高出力</ruby>、<ruby=ちょうきょりほうげき>長距離砲撃</ruby>など状況に合わせた\n戦闘行動が可能です。」		
「より汎用的でより実践的な\n新時代のオートマタ、<ruby=ノヴァ>NOVA</ruby>シリーズは\nあなたのご期待にお応えする事を約束します。」		
「<ruby=ノヴァ>NOVA</ruby>シリーズのチュートリアルは以上です。\nそれではマスター登録の手続きに移ります。」		
「マスター。\nあなたの名前を教えてください。」		
（これは……そうか。\n<ruby=ついらく>墜落</ruby>して倒れていたノヴァを家に連れて帰って\n再起動させた時……みたいだな。）		
（任務行動中だったノヴァは墜落した衝撃で\n記憶領域がイカれて工場出荷状態で再起動した。）		
（だから、ノヴァは目の前に居る俺を\n<ruby=ノヴァ>NOVA</ruby>シリーズの購入者だと勘違いして\nマスター登録したんだ。）		
「あなたの名前はユート、ですね。\nマスター登録完了しました。」		
「よろしくお願いします。\n私のマスター。」		
「私の事は<ruby=ノヴァ>NOVA</ruby>-0013、\nもしくは１３号とお呼びください。」		
（そうだ。俺はここで\n長ったらしい名前だったからこう言ったんだ。）		
「………ノヴァ、ですか？\nシリーズ名を個体に付けるのは\n当社製品の中では<ruby=まれ>稀</ruby>な事例です。」		
<Character=NOVA>笑み		
「ですが、マスターから付けて頂いた名前。\n私は気に入りました。」		
「報告。<ruby=きょくど>極度</ruby>の<ruby=くうふく>空腹</ruby>を検知。\nエーテライト<ruby=いちじる>著</ruby>しく低下中。」		
「警告。<ruby=ただ>直</ruby>ちに食物を摂取しなければ\nエーテライトが<ruby=こかつ>枯渇</ruby>し活動不能に<ruby=おちい>陥</ruby>ります。」		
「要求。食物の用意を希望します。」		
（ノヴァと暮らし始めて数日経った時に\nいきなり『腹が減った何か食わせろ』とか\n言い出したんだ。）		
<Character=NOVA>驚き-M		
「質問。この食べ物は何ですか？」		
（だから、家にある余った食材を使って\n料理を作ってやった。）		
<Character=NOVA>片目-M		
「理解。ミートスパゲティ、\nという食べ物なのですね。」		
<Character=NOVA>真顔2-M		
「<ruby=がっしょう>合掌</ruby>。いただきます。」		
「評価。独特な味がします。」		
（もちろん料理なんて\n今までまともに作った事が無かったから\n失敗しちまったんだけど。）		
<Character=NOVA>笑み-M		
「ですが、マスターが作ったこの料理。\nとても美味しいです。」		
（正直不味くて食えたもんじゃない出来だったけど\nそれでも、ノヴァは文句も言わずに\n美味そうに食べていた。）		
「疑問。マスターが\nいつも見ているその映像は何ですか？」		
「ザクロちゃん…というのですね。\nそれは面白いのですか？」		
<Character=NOVA>笑み5		
「<ruby=かんめい>感銘</ruby>。マスターの５時間にも及ぶ\nザクロちゃんの作品解説により\nこの作品の素晴らしさを理解出来ました。」		
「質問。しかしマスターがザクロちゃんを視聴している時、\nとても悲しそうな顔をしています。\nそれは何故ですか？」		
<Character=NOVA>悲しみ3		
「困惑。悲しみを癒す為、ですか？\nマスターは何故悲しいのですか？」		
（そうだ。俺はこの時、\nどうしようもない悲しみに耐えられず\nザクロちゃんに癒しを求めていたんだ。）		
（……ユリ姉が死んだ悲しみと怒りで\n今にも押し潰されそうだったから。）		
「……マスターの姉、\nユリヒメの死が悲しいのですね。」		
<Character=NOVA>悲しみ7		
「だからマスターはユリヒメの<ruby=かたき>仇</ruby>である\n<ruby=けんまりゅう>剣魔竜</ruby>を倒そうと必死に<ruby=あが>足掻</ruby>いている。」		
「私はマスターの力になります。\n私はマスターの夢と希望を実現する。\nその為の<ruby=ノヴァ>NOVA</ruby>シリーズです。」		
「心配。マスター。\n身体が震えているようですが\n身体的異常ですか？」		
「納得。なるほど。\n<ruby=がいき>外気</ruby>が低い事による体温低下ですか。\nそれが人間が感じる『寒さ』なのですね。」		
「だから、マスターはそんなに衣類を着込んで\n<ruby=ぼうかんたいさく>防寒対策</ruby>をしているのですね。\nそれは適切な対応です。」		
「『そんな恰好で寒くは無いのか？』…ですか。」		
「否定。<ruby=だいさんせだいがた>第三世代型</ruby>オートマタは<ruby=すがたかたち>姿形</ruby>は\n人間に<ruby=もほう>模倣</ruby>していますが<ruby=たいおんちょうせいきこう>体温調整機構</ruby>を\n内蔵している為、寒さも熱さも感じません。」		
「提案。マスターもオートマタになれば\n気温の変化に悩まされる事も無いでしょう。」		
「質問。マスター。\nいつも大事そうに持っている\nそのペンダントは何ですか？」		
<Character=NOVA>思案-M		
「ロケットペンダント……\nこれは中に写真を入れられるのですか。」		
<Character=NOVA>思案4-M		
「興味。この写真の女性が\nユリヒメ……なのですね。\nどことなくマスターに似ている気がします。」		
<Character=NOVA>悲しみ10-M		
「<ruby=せんぼう>羨望</ruby>。……ユリヒメが羨ましいです。\nマスターからこんなに愛されていて。」		
「否定。……いえ、何でもありません。」		
「<ruby=ためいき>溜息</ruby>。……マスターは\nいつもユリヒメの話ばかりしますね。」		
「<ruby=こどく>孤独</ruby>。……私はマスターのオートマタです。\nもっと構って欲しいと思うのは\n私のはわがままでしょうか？」		
「<ruby=きしょう>起床</ruby>。おはようございます。\nマスター。今日はお出かけですか？」		
<Character=NOVA>笑み5-M		
「<ruby=りょうしょう>了承</ruby>。\nはい。お留守番はお任せください。\nしっかりやり遂げてみせます。」		
「<ruby=そうべつ>送別</ruby>。それでは行ってらっしゃいませ。\nマスター。」		
「発見。これは……\nマスターが大切にしているペンダント。\n忘れて行ってしまったのですね。」		
<Character=NOVA>怒り		
「決意。きっとマスターは困っている。\nお届けしなければ。」		
「確認。マスターはこの山道を越えた村に\n行っているはずです。」		
「きっとマスターはこのペンダントを忘れた事に\n気付いて困っているはず。\n早くお届けしなくては。」		
「反論。………………ですが、」		
「解答。マスターがこのペンダントを\n大事にしているのは\nこの写真に写るユリヒメが大切な人だから。」		
<Character=NOVA>悲しみ4		
「真理。……マスターが\nユリヒメに抱いているのは深い愛情。\nその想いの強さがマスターを苦しめている。」		
「<ruby=ひあい>悲哀</ruby>。……それは決して私には向けられない感情。\n私だってマスターが大切です。\n私にはマスターしか居ないから。」		
「……………そう、か。」		
「私はマスターに\n……愛されたかったのですね。」		
「<ruby=しっと>嫉妬</ruby>。ユリヒメ……私はあなたが<ruby=ねた>妬</ruby>ましい。\nマスターに愛されるあなたに<ruby=しっと>嫉妬</ruby>してしまう」		
「仮説。もし、あなたが居なければ\n私はマスターに愛されるのでしょうか……。」		
<Character=NOVA>驚き2		
<Character=NOVA>怒り2		
「危険…！<ruby=がんばん>岩盤</ruby>の崩壊を検知…！\n<ruby=どしゃくず>土砂崩</ruby>れの発生…！\n直ちに回避を……っ！」		
「被害状況確認。\n<ruby=さんがくちたい>山岳地帯</ruby>の崖から<ruby=しんりんちたい>森林地帯</ruby>への転落。\n損傷軽微。任務継続に支障無し。		
<Character=NOVA>思案2		
「<ruby=しあん>思案</ruby>。正規ルートから随分外れてしまいました。\n急ぎ順路に復帰しマスターの元へ急がなければ。」		
<Character=NOVA>驚き3		
「<ruby=きょうがく>驚愕</ruby>。ペンダントが………無い？」		
<Character=NOVA>困惑		
「<ruby=しょうそう>焦燥</ruby>。そんな……っ。\nマスターの大切なペンダントを\n失くしてまうなんて……っ。」		
「<ruby=じせき>自責</ruby>。私のせいだ……っ。\n私が嫉妬してユリヒメが居なければと\n思ってしまったから……っ。」		
<Character=NOVA>困惑2		
「使命。探さなければ…っ。\n絶対に…っ。見つけなければ…っ。\n必ず……っ。」		
「そうでなくてはマスターの\n信頼を裏切ってしまう……っ。」		
<Character=NOVA>悲しみ8		
「マスターに嫌われてしまう……っ。\nそんなのは絶対に……嫌だ……っ。」		
「……見つからない。\n見つからない。」		
「……ノヴァ。探したぞ。\nこんなところに居たのか。」		
<Character=NOVA>悲しみ3-M		
「……すみません。マスター。\n私は……あなたの大切な\nペンダントを無くしてしまった……。」		
<Character=NOVA>悲しみ6-M		
「私の……<ruby=しっとしん>嫉妬心</ruby>が……\n私の……わがままが……\nこのような事態を招いてしまった……っ。」		
<Character=NOVA>悲しみ9-M		
「ごめん……なさい……っ。\nお願いです……嫌いにならないで……っ。」		
<Character=NOVA>悲しみ8-M		
「私を……一人にしないで……っ。」		
「……もういい。\nもういいんだよ。ノヴァ。」		
「あれはお前のせいじゃない。\nそんなに自分を責めるな。」		
「ですが……あのペンダントは……\nユリヒメの<ruby=かたみ>形見</ruby>なのでしょう……？」		
「ああ。確かにペンダントが\n無くなっちまったのは残念だけど、」		
「ユリ姉はいつでも俺の心の中に居る。\nずっと一緒なんだ。だから気にするな。」		
「そんな事より、お前が無事でよかった。」		
<Character=NOVA>困惑-M		
「マス……ター……っ。」		
「ここは寒い。さっさと帰ろうぜ。」		
（俺は手に持っていた\nマフラーをノヴァに掛けてやる。）		
「あの……これは？」		
「お前いつも寒そうだから、\n<ruby=となりむら>隣村</ruby>の服屋に手編みのマフラーを頼んでたんだ。」		
「では……マスターが今日出掛けてたのは\nこのマフラーを取りに行ってたから……なのですか？」		
「ああ。まさかその間に\nお前が崖から落ちてるとは\n思わなかったけどな。」		
「……私の為……だったのですね。」		
「あ、そういやお前ってオートマタだから\n<ruby=ぼうかんぎ>防寒着</ruby>とかいらなかったんだっけ？」		
「いえ……このマフラー、\nとても……温かいです。」		
「そうか。じゃあ、帰るか。」		
「………はい。」		
（俺はノヴァの手を取り歩き出す。\n俺達の帰るべき場所へ。）		
「よう。ノヴァ。\nようやく戻って来たな。」		
「まったく、随分探したぜ。」		
「ごめん……なさい……っ。\n私……マスターにたくさん酷い事を\nしてしまいました……。」		
「……まぁ、長距離エネルギー砲で\n砲撃されるとかなかなか無い経験ではあるな。」		
<Character=NOVA>悲しみ2		
「記憶を失っていたとはいえ……\n私はマスターに取り返しのつかない事を……。\nなんて謝ったらいいか……っ。」		
「だからお前のせいじゃないって言ってるだろ。\nこうして俺は無事だし、お前の記憶も戻った。\nそれでいいじゃねーか。」		
<Character=NOVA>苦笑		
「……そう、ですか。\nありがとうございます。マスター。」		
「おーい！ユートくーん！ノヴァー！\n大丈夫かーい？」		
「ああ！大丈夫だー！」		
「ほら、サツキが呼んでる。\nいつまでもこんな場所に居ないで\nあいつらの所に帰ろうぜ。」		
<Character=NOVA>笑み2		
「……はい！マスター。」		
「命令。<ruby=ノヴァ>NOVA</ruby>シリーズ全機戦闘行動停止。」		
「了解。<ruby=ノヴァ>NOVA</ruby>-0029戦闘行動を停止します。」		
「了解。<ruby=ノヴァ>NOVA</ruby>-0031戦闘行動を停止します。」		
「了解。<ruby=ノヴァ>NOVA</ruby>-0034戦闘行動を停止します。」		
「<ruby=ノヴァ>NOVA</ruby>シリーズ全機。\n戦闘行動を停止しました。」		
（ノヴァが戦闘停止を命令を掛けると\n<ruby=ノヴァ>NOVA</ruby>シリーズは即座に行動を停止し\n地上に降り立った。）		
「と、止まった……？」		
「た、助かったのか……？」		
「マスター。<ruby=ノヴァ>NOVA</ruby>シリーズの\n戦闘行動を停止させました。\nこれで戦闘は終了です。」		
「ふー……。\n一時はどうなる事かと思ったぜ……。」		
「サツキ。\n一旦の危機は脱したようだ。」		
「うん。お疲れ様。\nアイゼン。」		
「それと―――――――、」		
「お帰り。ノヴァ。」		
「謝罪。<ruby=さみだれ>五月雨</ruby>さん。心配おかけしました。\nマスターを送り届けてくれて\nありがとうございます。」		
「気にしないでよ。\n私達、友達でしょ？」		
「感謝。そう……ですね。\n五月雨さんは私の友達です。」		
「あんた本当にノヴァ……なの？\n何かキャラ違くない？」		
「挨拶。こんばんは。<ruby=たてがみせんぱい>盾守先輩</ruby>。」		
「<ruby=こうてい>肯定</ruby>。言語モードがデフォルトなので\n少し<ruby=ていねい>丁寧</ruby>に感じるかもしれませんが\n私は<ruby=きこういん>機巧院</ruby>ノヴァ本人で間違いありません。」		
「そ、そうなんだ……。\nなんて言うか口調どころか\n性格まで変わってそうなんだけど……。」		
「ノヴァの<ruby=こんぱく>魂魄</ruby>はあの頃から何も変わってない。\nノヴァはノヴァだよ。」		
「う、うん……。\nそう言われるとそんな気がしてきたわ…。」		
「これで任務完了か。」		
「………いや、\nまだあいつが残ってる。」		
「影山。ノヴァの記憶は戻り、\n<ruby=ノヴァ>NOVA</ruby>シリーズは停止した。\nお前の負けだ。」		
「……信じられん。\n記憶領域が初期化された状態で\n記憶が戻るなど。」		
「<ruby=ぎじこんぱく>疑似魂魄</ruby>からの記憶の復元。\nこの結果から導き出される結論は\n<ruby=こんぱく>魂魄</ruby>こそが個体識別の絶対証明。」		
「<ruby=こんぱく>魂魄</ruby>さえ存在し続ける事が\n可能ならば<ruby=うつわ>器</ruby>に制限は無い。」		
「これが<ruby=げっこうけいかく>月光計画</ruby>が指し示す答えだというのか。」		
「おい。何一人で意味わからねー事を\nブツブツ言ってやがる。」		
「いい加減教えろ。\n<ruby=げっこうけいかく>月光計画</ruby>ってのは何なんだ。\nお前は一体何を<ruby=たくら>企</ruby>んでやがる。」		
「いいだろう。\n今の君には<ruby=げっこうけいかく>月光計画</ruby>を知る資格がある。」		
「君は１３号と<ruby=こんぱくせつぞく>魂魄接続</ruby>し外側の世界を観測した。\nいや、正確には思い出したというべきか。」		
「君は感じたはずだ。\n不自然な記憶の<ruby=けつらく>欠落</ruby>。\nこの世界とは違う記憶。」		
「ああ。この世界では\nユリ姉は俺と一緒に暮らしていて\n元気に聖皇学園の教師やってる。」		
「でも、ノヴァと初めて出会った世界では\nユリ姉は死んでいて俺は仇である<ruby=けんまりゅう>剣魔竜</ruby>を殺す為、\n復讐に燃えていた。」		
（<ruby=よだん>余談</ruby>だが、<ruby=のちのちし>後々死</ruby>んだと思っていたユリ姉が\n実は<ruby=まぞく>魔族</ruby>として蘇っていたという\n驚きの事実が発覚するが頭が爆発しそうなので<ruby=かつあい>割愛</ruby>する。）		
「夢や記憶違いと言うには\n余りにも<ruby=なまなま>生々</ruby>しくリアルな光景。\n間違いなくあれは俺が実際に体験した記憶だ。」		
「だが、そうなると\n二つの世界の記憶には<ruby=むじゅん>矛盾</ruby>が<ruby=しょう>生</ruby>じる。\n一体どちらの世界が正しいのかと。」		
「影山。どうせお前は全部知ってんだろ。」		
「そうだ。では順を追って説明しよう。」		
「まず、この世界は現実の世界ではない。」		
「ここはもう一つの世界。\nこの恋愛シミュレーションゲームを\n題材とした<ruby=かそうせかい>仮想世界</ruby>だ。」		
「………薄々別世界なんじゃないかと思ってたが\nよりによって何でギャルゲーをモチーフにしてんだよ。」		
「それについてはこの<ruby=かそうせかい>仮想世界</ruby>を\n作る事になった発端を説明する必要がある。」		
「何か難しい話をしているね。」		
「……ちょっと何言ってるのかわからないわね。」		
「現実世界で突如現れた<ruby=さいやく>災厄</ruby>、\n世界を<ruby=しゅうえん>終焉</ruby>に<ruby=いざな>誘</ruby>う破滅の力を有する\n人類の敵、<ruby=けんまりゅう>剣魔竜</ruby>クサナギ。」		
「<ruby=けんまりゅう>剣魔竜</ruby>は<ruby=ぜったいぼうぎょしょうへき>絶対防御障壁</ruby>を有しており\n通常兵器では一切傷つける事は出来ない。\n唯一の例外、<ruby=まけん>魔剣</ruby>ソードブレイカーを除いて。」		
「君はソートブレイカーの<ruby=して>使手</ruby>である\n<ruby=さみだれ>五月雨</ruby>、<ruby=しどう>獅堂</ruby>、<ruby=たてがみ>盾守</ruby>、ユリヒメ、１３号の\n５人の学園アイドル達と共に立ち向かった。」		
「……過去の俺が\nサツキ達と仲間だったって言ってたけど\n現実世界での話だったのか。」		
「だが、君達はソードブレイカーを\n持っていたにもかかわらず\n<ruby=けんまりゅう>剣魔竜</ruby>の前にあえなく敗れ去った。」		
「え…？ちょ……、\n俺達、<ruby=けんまりゅう>剣魔竜</ruby>に負けたの……？\n敗因は……？」		
「<ruby=けんまりゅう>剣魔竜</ruby>クサナギは<ruby=せいしんかんしょうのうりょく>精神干渉能力</ruby>を持っていた。\n対象に強制的に<ruby=こんぱくせつぞく>魂魄接続</ruby>を行い、\n<ruby=ちょくせつこんぱく>直接魂魄</ruby>にダメージを与える恐ろしい能力だ。」		
「君達は<ruby=けんまりゅう>剣魔竜</ruby>クサナギの精神干渉攻撃により\n<ruby=こんぱく>魂魄</ruby>に<ruby=ちめいてき>致命的</ruby>なダメージを負い\n<ruby=さいきふのう>再起不能</ruby>となったのだ。」		
「<ruby=けんまりゅう>剣魔竜</ruby>クサナギを放置すれば\n世界は終焉に向かい人類は滅びるだろう。」		
「だが、<ruby=けんまりゅう>剣魔竜</ruby>を殺す事が出来るのは\n<ruby=ぜったいぼうぎょしょうへき>絶対防御障壁</ruby>を破れるソードブレイカーを持つ\n君達だけだ。」		
「私は<ruby=けんまりゅう>剣魔竜</ruby>に敗北した君達を回収し、\n人類の生存を賭けた、とある計画を立案した。」		
「それこそが<ruby=げっこうけいかく>月光計画</ruby>。\n君達を再び戦線に復帰させ<ruby=けんまりゅう>剣魔竜</ruby>クサナギを倒し\n世界を破滅から救う<ruby=いちだい>一大</ruby>プロジェクトだ。」		
「<ruby=げっこうけいかく>月光計画</ruby>って……ようするに\n現実世界を救う為に\n俺達に<ruby=けんまりゅう>剣魔竜</ruby>を倒させるって事なのかよ。」		
「その通り。」		
「それが何をどうしたら\nギャルゲー世界でラブコメする展開に\nなるんだよ。」		
「それが私が導き出した<ruby=さいてきかい>最適解</ruby>だったのだ。」		
「……お前の計算\n間違ってるんじゃねぇか？」		
「では<ruby=げっこうけいかく>月光計画</ruby>の手段、\n何故この仮想世界を作り上げたかを説明しよう。」		
「仮想世界の役割は主に二つ。\n一つ目は君達の<ruby=こんぱく>魂魄</ruby>の修復、\nそして二つ目が<ruby=けんまりゅう>剣魔竜</ruby>クサナギの精神干渉攻撃への対抗。」		
「<ruby=けんまりゅう>剣魔竜</ruby>クサナギの精神干渉攻撃によって\n<ruby=こんぱく>魂魄</ruby>に致命的なダメージを負った君達を治療するには\n通常の医療方法では手の<ruby=ほどこ>施</ruby>しようが無かった。」		
「<ruby=こんぱく>魂魄</ruby>のダメージとは自我の欠落。\n自身を構成する要素が破損した状態だ。」		
「そこで<ruby=こんぱく>魂魄</ruby>のみを仮想世界に接続させ\n現実世界で経験した自身の過去を再現し\n<ruby=ついたいけん>追体験</ruby>する事で自我を取り戻す修復方法だ。」		
「だが、<ruby=こんぱく>魂魄</ruby>を修復するだけでは\n<ruby=けんまりゅう>剣魔竜</ruby>クサナギには勝てない。」		
「<ruby=けんまりゅう>剣魔竜</ruby>の精神干渉攻撃を攻略しなければ\n再び敗北する事は明白。」		
「そこで私は<ruby=こんぱく>魂魄</ruby>を強化し、\n外部からの精神干渉攻撃を無効化する手段を\n思い立った。」		
「計算の結果、\n<ruby=こんぱく>魂魄</ruby>を強化するには感情の<ruby=たか>昂</ruby>ぶり、\n恋愛感情が最も効果的であると導き出された。」		
「ゆえに私はこの恋愛シミュレーションゲームを題材として\n仮想世界を作り出し君達が恋愛をするように仕向けたのだ。」		
「それこそが<ruby=がくえん>学園</ruby>アイドル<ruby=こうりゃくさくせん>攻略作戦</ruby>。」		
「……おいおい、そこに繋がってくるのかよ。\nまさか<ruby=けんまりゅう>剣魔竜</ruby>を倒す為の学園ラブコメだったとは。」		
「そしてこの<ruby=げっこうけいかく>月光計画</ruby>の鍵となるのが<ruby=むげんつくよみ>夢幻月読</ruby>だ。」		
「そうだ。結局、<ruby=むげんつくよみ>夢幻月読</ruby>って何なんだよ。」		
「<ruby=むげんつくよみ>夢幻月読</ruby>は対象の<ruby=こんぱく>魂魄</ruby>に接続し\n認識を捻じ曲げ<ruby=さっかく>錯覚</ruby>を与える能力だ。」		
「<ruby=むげんつくよみ>夢幻月読</ruby>の錯覚効果によって\nこの仮想世界が現実世界と区別が付かない程の\nリアリティが演出されているのだ。」		
「た、確かに……。正直、\nここが仮想世界だって言われても\n未だに信じられないぐらい違いがわからねぇぜ……。」		
「さらに<ruby=むげんつくよみ>夢幻月読</ruby>の錯覚は\n記憶操作も可能になっている。」		
「この記憶操作によって、対象の記憶をリセットし\n学園アイドル攻略を<ruby=いち>一</ruby>からリトライする事出来るのだ。」		
「つまり、川島。\n君はこの仮想世界に来てから\n学園アイドル攻略を何度もループしている。」		
「な……何……？\nじゃあ、俺はノヴァ以外の学園アイドルも\n攻略していたのか……？」		
「ああ。ループした世界の中には\nそういったルートも存在する。」		
「当然、成功もあれば失敗もある。\n<ruby=こいなか>恋仲</ruby>になれず破局したバッドエンドも\n数多く繰り返している。」		
「うう……っ。い、嫌だぁ……っ。\nノヴァに振られるルートなんか\n想像したくない……っ。」		
「大丈夫です。マスター。\n私はマスターを絶対振ったりなんかしません。」		
「何か急に落ち込み始めたんだけど。\n何なのかしら？」		
「ユートくんはノヴァに\n捨てられるのが怖いんだねー。」		
「そして、<ruby=げっこうけいかく>月光計画</ruby>の最終到達点。\n君達が<ruby=こんぱく>魂魄</ruby>を強化し自力で<ruby=むげんつくよみ>夢幻月読</ruby>を打ち破った時、\n<ruby=けんまりゅう>剣魔竜</ruby>クサナギを倒す準備が整っているというわけだ。」		
「『学園アイドルを攻略し<ruby=むげんつくよみ>夢幻月読</ruby>を<ruby=だは>打破</ruby>しろ』って\n言ってたのはそういう意味だったのか。」		
「そういうわけだ。我々の作戦は\nすべて<ruby=げっこうけいかく>月光計画</ruby>に通じているのだ。」		
「さて、これが<ruby=げっこうけいかく>月光計画</ruby>の真相だ。\n理解出来たかね？」		
「正直、<ruby=とっぴょうし>突拍子</ruby>も無さすぎて理解が\n追い付いてないが、少なくとも<ruby=けんまりゅう>剣魔竜</ruby>を\nぶっ倒さないと現実世界がヤバイ事はわかった。」		
「まぁ、今の君の理解度はそんなものだろう。」		
「馬鹿にしてんのか。」		
「――――では、問おう。」		
「なぜ私がここまでひた隠しにしていた\n<ruby=げっこうけいかく>月光計画</ruby>の真相について\n今になって君に話したと思う？」		
「は？降参して負けを認めたからか？」		
「不正解。」		
「正解は、今ここで君を抹殺し、\nこのルートを初めからやり直す為だ。」		
「…………なっ！？」		
「ドクター…っ！？」		
「君は知り過ぎた。１３号と<ruby=こんぱくせつぞく>魂魄接続</ruby>をして\n外の世界の存在を知ってしまった。」		
「このまま放置すれば、\n<ruby=げっこうけいかく>月光計画</ruby>に大きな狂いが生じる。」		
「だから、私は今ここで君を抹殺し\n君が知り得た情報を無かった事に\nしようというのだ。」		
「ふざけんなテメェ…ッ！\nこの期に及んで俺を殺すだと！？\n冗談じゃねぇッ！」		
「心配するな。このルートの君は死ぬが\n記憶をリセットしてやり直せる。\nここは仮想世界。真に君が死ぬことは無い。」		
「そういう問題じゃねぇッ！！」		
「わからないな。何故<ruby=こば>拒</ruby>む？\nこれは<ruby=げっこうけいかく>月光計画</ruby>に必要な事なのだ。」		
「私と君は<ruby=りがいかんけい>利害関係</ruby>が一致しているはずだ。\n<ruby=けんまりゅう>剣魔竜</ruby>を倒すという利害がな。」		
「ああ、そうだよ！\n<ruby=けんまりゅう>剣魔竜</ruby>は現実世界のユリ姉の仇だ！\n一匹残らずぶっ殺すッ！」		
「だが、ここで俺が死ぬのは話が別だ！」		
「ここで俺が死ねばこのルートは無かった事になるッ！\nつまり、ここに居るノヴァとの\n思い出が全部無くなっちまうんだよ！」		
「それは！それだけは死んでもさせねえッ！\n俺はここに居るノヴァとハッピーエンドを迎えてやるんだ！\n絶対になッ！」		
「……マスター。」		
「ひゅー。言うねー。ユートくん。」		
「な……何よ……っ。\nなかなか熱い事、言うじゃないの……っ。\n川島ユート……。」		
「そうか。交渉決裂だな。」		
「私は今から君を始末する。\n死にたくなければ\n全力で抵抗してみせるのだな。」		
「川島。今から君を始末する。」		
「影山…！」		
<Character=NOVA>怒り3		
「マスター…！\n<ruby=すけだち>助太刀</ruby>します…！」		
（ノヴァが傷ついた身体をおして\n助けに入ろうとする。）		
「無駄な事は止めておけ。１３号。\n<ruby=ノヴァ>NOVA</ruby>シリーズの管理者である私に\n<ruby=きがい>危害</ruby>を加える事は出来ない。」		
<Character=NOVA>怒り7		
「く……っ。」		
「下がっていろ。ノヴァ。\n影山の相手は俺一人でやる。」		
<Character=NOVA>悲しみ2-M		
「マスター…！」		
「影山。俺と<ruby=しんけんしょうぶ>真剣勝負</ruby>だ。\n俺が勝ったらお前は\n大人しく斑鳩警察に捕まれ。」		
「いいだろう。\nだが私の勝利条件は君の抹殺だ。」		
「上等だ！やれるもんならやってみろ！」		
「唐突に<ruby=しんけんしょうぶ>真剣勝負</ruby>ですって…！\n一体、何が始まるっていうのよ…！」		
「がんばれー。ユートくーん。」		
「川島。ブレイズチルドレン計画の\n強化人間とやらの力、見せてもらおうか。」		
「行くぜ！影山！」		
（俺は刀を構え、影山と<ruby=たいじ>対峙</ruby>する。）		
「<ruby=じげんてんい>次元転移</ruby>デバイス・\n<ruby=オートマティックブック>機巧魔導書</ruby>転送。」		
（影山が指を鳴らすとどこからともなく\n大型の本が出現し手に取った。）		
「何だその本は？\nこれから俺と戦おうってのに読書とは\n舐めてんのか？」		
「あいにくこれは私の武器だ。\n君を始末するには十分すぎる程のな。」		
「面白ぇ…！そんなチャチな本なんざ\nこの刀でぶった斬ってやるッ！」		
「かかって来たまえ。」		
「――――――<ruby=しんけんしょうぶ>真剣勝負</ruby>ッ！」		
（<ruby=せんてひっしょう>先手必勝</ruby>ッ！\n俺は駆け出し影山に一直線に<ruby=とっしん>突進</ruby>するッ！）		
「<ruby=オートマティックブック>機巧魔導書</ruby>、\n32ページ<ruby=だい>第</ruby>１<ruby=しょう>章</ruby>２<ruby=せつ>節</ruby>。\n<ruby=グラヴィティ・フィールド>重力歪曲場</ruby>展開。」		
<Off>激怒5		
「――――――あがッ！」		
（影山の何らかの詠唱の直後、\n身体が急激に重くなり俺は\n地面に叩きつけられるッ！）		
「何コケてんのよ！川島ユート！\nさっさと立ち上がりなさいよ！」		
<Off>激怒6		
「なんだ……これ…！\n身体が動かねぇ……ッ！」		
（巨大なプレス機にでも押し潰されているかのように\n地面に張り付けにされ、立ち上がる事すら出来ない…！）		
「解説。<ruby=グラヴィティ・フィールド>重力歪曲場</ruby>。」		
「<ruby=こうしゅつりょく>高出力</ruby>コイルにより<ruby=きょくしょてき>局所的</ruby>な<ruby=じば>磁場</ruby>を<ruby=せいせい>生成</ruby>。\nその場の<ruby=じゅうりょく>重力</ruby>ベクトルを<ruby=はんてん>反転</ruby>・<ruby=へんちょう>変調</ruby>し、対象の運動を<ruby=そがい>阻害</ruby>する\n<ruby=じゅうりょくせいぎょそうち>重力制御装置</ruby>。<ruby=せんじょう>戦場</ruby>を<ruby=ゆが>歪</ruby>める科学の結晶です。」		
「あれに捕まったが最後、\n高重力の<ruby=えじき>餌食</ruby>となり<ruby=いっさいみうご>一切身動</ruby>きが\n取れなくなります。」		
「な…っ！あれが<ruby=じゅうりょくそうさ>重力操作</ruby>ですって！？\nそんな非現実的なもの\nSF映画でしか見た事ないわよ！」		
「ドクターの科学力であれば\nお<ruby=とぎばなし>伽噺</ruby>を現実に出来るのです。」		
「影山先生って頭いいんだねー。」		
「お、お前ら…！\n何で急に敵側を持ち上げて始めてんだ…っ！\nどっちの味方だよ……っ！」		
「<ruby=オートマティックブック>機巧魔導書</ruby>、\n38ページ<ruby=だい>第</ruby>１<ruby=しょう>章</ruby>３<ruby=せつ>節</ruby>。\n<ruby=グラヴィティ・フィールド>重力歪曲場</ruby>反転。」		
（影山の詠唱直後、地面に押し潰されていた身体が\n勢いよく跳ね上がりゴムボールのように上昇した！）		
「う、うおおおおおおお\nーーーーーーッ！！！」		
「今度は飛んでる！\n川島ユートが天高く飛んでいるわ！」		
「すごーい。高ーい。」		
<Off><Character=NOVA>真顔		
「解説。<ruby=じゅうりょく>重力</ruby>ベクトルを<ruby=はんてん>反転</ruby>させることで、\n対象を瞬間的に上空へ<ruby=しゃしゅつかのう>射出可能</ruby>。」		
「これにより敵の行動を強制的に中断させ、\n位置エネルギーを奪う<ruby=せんじゅつ>戦術</ruby>に<ruby=てんよう>転用</ruby>できる。」		
「ちょ……待って。\nもしかしてこのまま落下する感じ？」		
（打ち上げられた俺の身体は上空で\n<ruby=すいしんりょく>推進力</ruby>を失い重力による<ruby=しぜんらっか>自然落下</ruby>を開始する。）		
（上空から落下した俺は地面に叩きつけられる。）		
「う……ぐぐ……っ！\nこの野郎…！人を押し潰したり飛ばしたり\nやりたい放題しやがって…！」		
（俺は刀を地面に突き立て何とか立ち上がる。）		
「ほう。あの高さから落ちて立ち上がるか。\nブレイズチルドレン計画の<ruby=きょうかにんげん>強化人間</ruby>は\n並みの人間よりは<ruby=がんじょう>頑丈</ruby>のようだ。」		
「は…っ！こちとら<ruby=たいけんまよう>対剣魔用</ruby>に鍛えられてんだ！\n身体のデキがちげーんだよ！」		
「では、これはどうかな。」		
「<ruby=オートマティックブック>機巧魔導書</ruby>、\n98ページ<ruby=だい>第</ruby>２<ruby=しょう>章</ruby>４<ruby=せつ>節</ruby>。\n<ruby=ダイヤモンド・スピアー>結晶破槍</ruby>。」		
（影山の周囲に<ruby=ふゆう>浮遊</ruby>する<ruby=こおり>氷</ruby>の<ruby=やり>槍</ruby>が<ruby=つぎつぎ>次々</ruby>と<ruby=こうちく>構築</ruby>されていく。）		
「―――――――<ruby=ぜんだんはっしゃ>全弾発射</ruby>。」		
（複数の氷の槍が一斉に発射されるッ！）		
「解説。<ruby=ダイヤモンド・スピアー>結晶破槍</ruby>。」		
「<ruby=ちょうていおん>超低温</ruby>に<ruby=あっしゅく>圧縮</ruby>した<ruby=すいぶんし>水分子</ruby>を<ruby=しゃしゅつ>射出</ruby>し、\n<ruby=しゅんかんてき>瞬間的</ruby>に<ruby=ひょうそう>氷槍</ruby>を<ruby=けいせい>形成</ruby>。<ruby=くうき>空気</ruby>との<ruby=まさつ>摩擦</ruby>で<ruby=ひょうめん>表面</ruby>が<ruby=こうか>硬化</ruby>し、\n<ruby=はがね>鋼</ruby>をも<ruby=かんつう>貫通</ruby>する<ruby=きょうど>強度</ruby>を得る。」		
「しゃらくせえッ！」		
（俺は飛んでくる氷の槍を片っ端から切り払い\n叩き落とすッ！）		
「す、すごい！\n氷の槍をすべて切り払った！」		
「うんうん。なかなかやるね。」		
「私と<ruby=こんぱくせつぞく>魂魄接続</ruby>を繰り返した事により\nマスターの<ruby=はんのうそくど>反応速度</ruby>も向上しているのです。」		
「影山ぁあああーーッ！！」		
（氷の槍を放った一瞬の攻撃の隙、\n俺は地を蹴り駆け出し、距離を詰めるッ！）		
「<ruby=オートマティックブック>機巧魔導書</ruby>、\n144ページ<ruby=だい>第</ruby>３<ruby=しょう>章</ruby>３<ruby=せつ>節</ruby>。\n<ruby=ファイアウォール>火炎障壁</ruby>。」		
（突如、俺の目の前に炎の壁が出現し\n行く手を<ruby=はば>阻</ruby>むッ！）		
「解説。<ruby=ファイアウォール>火炎障壁</ruby>。」		
「<ruby=こうおんねんしょうはんのう>高温燃焼反応</ruby>を制御し、前方に<ruby=たてほうこう>縦方向</ruby>の<ruby=えんへき>炎壁</ruby>を<ruby=けいせい>形成</ruby>。\n<ruby=しかい>視界</ruby>と<ruby=しんこうけいろ>進行経路</ruby>を同時に<ruby=しゃだん>遮断</ruby>し、敵の<ruby=こうどう>行動</ruby>を<ruby=せいげん>制限</ruby>する。\n<ruby=ねつほうしゃ>熱放射</ruby>により<ruby=せっきん>接近</ruby>そのものがリスクとなる<ruby=せんじゅつてきぼうぎょそうち>戦術的防御装置</ruby>。」		
「邪魔だァッ！」		
（俺は刀で炎の壁を斬り裂き、\nそのまま直進するッ！）		
「嘘！？炎を刀で斬り裂いたッ！？」		
「ユートくん。熱いの得意なのかなー？」		
「ブレイズチルドレンはその名の通り、\n炎に耐性があるようだな。」		
「くたばれッ！影山ッ！」		
（炎の壁を走り抜け、<ruby=しゃていけんない>射程圏内</ruby>に辿り着いた俺は\n刀を上段に構え影山の首筋に\n向かって刃を降り下ろすッ！）		
「<ruby=オートマティックブック>機巧魔導書</ruby>、\n272ページ<ruby=だい>第</ruby>４<ruby=しょう>章</ruby>５<ruby=せつ>節</ruby>。\n<ruby=ニュートラルバリアー>零相障壁</ruby>。」		
（突如、影山の前に<ruby=はんとうめい>半透明</ruby>の<ruby=かべ>壁</ruby>が<ruby=せいせい>生成</ruby>され\n<ruby=てっぺき>鉄壁</ruby>のバリアの<ruby=ごと>如</ruby>く斬撃を弾くッ！）		
「何ィ！？俺の斬撃を弾いただと！？」		
「<ruby=ニュートラルバリアー>零相障壁</ruby>は\n<ruby=けんまりゅう>剣魔竜</ruby>の<ruby=ぜったいぼうぎょしょうへき>絶対防御障壁</ruby>の完全防御程では無いが\nあらゆる攻撃を無効化する防壁。」		
「君の斬撃程度であれば傷一つ付ける事は出来ない。」		
「さて、今度はこちらから行くぞ。」		
「<ruby=オートマティックブック>機巧魔導書</ruby>、\n303ページ<ruby=だい>第</ruby>５<ruby=しょう>章</ruby>１<ruby=せつ>節</ruby>。\n<ruby=アースストレイン>地殻崩裂</ruby>。」		
（足元から<ruby=りゅうき>隆起</ruby>した岩が出現し\n俺の<ruby=ふくぶ>腹部</ruby>に<ruby=ちょくげき>直撃</ruby>し大きく吹っ飛ばされるッ！！）		
「解説。<ruby=アースストレイン>地殻崩裂</ruby>。」		
「<ruby=ちかくしんどう>地殻振動</ruby>を<ruby=ゆうはつ>誘発</ruby>し、<ruby=きょくしょてき>局所的</ruby>に<ruby=あっしゅくがんばん>圧縮岩盤</ruby>を<ruby=りゅうき>隆起</ruby>させる。\n発生した<ruby=がんかい>岩塊</ruby>は<ruby=しょうげきは>衝撃波</ruby>と共に対象に<ruby=ちょくげき>直撃</ruby>し強力な<ruby=だげき>打撃</ruby>を与える。\n<ruby=ちあつせいぎょぎじゅつ>地圧制御技術</ruby>を<ruby=おうよう>応用</ruby>した、<ruby=こうげきけんせいあつがた>攻撃兼制圧型</ruby>の<ruby=ちけいそうさへいそう>地形操作兵装</ruby>。」		
「これでフィニッシュだ。」		
「<ruby=オートマティックブック>機巧魔導書</ruby>、\n666ページ<ruby=さいしゅうしょう>最終章</ruby>４<ruby=せつ>節</ruby>。\n<ruby=スパークブラスター>雷撃散弾砲</ruby>。」		
（影山の目の前に<ruby=いくうかん>異空間</ruby>が出現し\n<ruby=でんげき>電撃</ruby>を<ruby=まと>纏</ruby>うレーザーが放射され\n<ruby=がんばん>岩盤</ruby>を破壊しながら俺に直撃するッ！）		
「うわあああーーーーッ！！」		
「解説。<ruby=スパークブラスター>雷撃散弾砲</ruby>。」		
「<ruby=こうしゅつりょく>高出力</ruby>レーザーに<ruby=でんじ>電磁</ruby>パルスを<ruby=ちょうじょう>重畳</ruby>させ、<ruby=でんげき>電撃</ruby>の<ruby=こうそく>光束</ruby>を<ruby=しゃしゅつ>射出</ruby>。\n<ruby=めいちゅうじ>命中時</ruby>、<ruby=かんつうねつ>貫通熱</ruby>と<ruby=でんりゅう>電流</ruby>ショックの<ruby=にじゅう>二重</ruby>ダメージを発生させる。\n<ruby=こうがくへいき>光学兵器</ruby>と<ruby=でんじへいき>電磁兵器</ruby>を<ruby=ゆうごう>融合</ruby>した<ruby=ふくごうがた>複合型</ruby>エネルギーブラスター。」		
「………がは…ッ！」		
「あー。ユートくん。\n倒れちゃった。」		
「あぁ…！解説している間に\nマスターが戦闘不能に…ッ！」		
「<ruby=がんばんちょくげき>岩盤直撃</ruby>からの\n電撃レーザーの殺人コンボ…ッ！\nこれはさすがに決まったわね…！」		
「重力、炎、氷、土、雷……\nここまで複数の属性を同時に操るとは。\n影山め。とんだ<ruby=てじなし>手品師</ruby>だな。」		
「ドクターは超一流の科学者でありながら\n<ruby=エレメンタルマスター>万象支配者</ruby>の<ruby=しょくい>職位</ruby>を<ruby=かん>冠</ruby>する\n<ruby=こうい>高位</ruby>な<ruby=まどうし>魔導士</ruby>でもあるのです。」		
「この<ruby=かそうせかい>仮想世界</ruby>では魔力が存在しない為、\n魔法を直接使う事が出来ない。」		
「ゆえに、この<ruby=じげんてんい>次元転移</ruby>デバイス・\n<ruby=オートマティックブック>機巧魔導書</ruby>を<ruby=もち>用</ruby>いる事で<ruby=かがくへいき>科学兵器</ruby>として\n<ruby=ぎじてき>疑似的</ruby>に魔法を使用しているのだ。」		
「気を失ったか。\nこれでトドメを刺してやろう。」		
（氷結の槍が空中に生成され、\n発射態勢に移行する。）		
「ドクター…！？」		
「ちょ、ちょっと待ちなさいよ！\nもう勝負はついてるッ！\n命まで奪う必要は無いじゃない！」		
「言ったはずだ。\n私の<ruby=しんけんしょうぶ>真剣勝負</ruby>の勝利条件は川島の抹殺だと。」		
「なん……ですって！？」		
「これで川島も終わりか。」		
「立てー！立つんだユートくん！」		
「立ってください！マスター！」		
「無駄だ。<ruby=スパークブラスター>雷撃散弾砲</ruby>の電撃は\n人体に<ruby=でんき>電気</ruby>ショックを与え行動を<ruby=まひ>麻痺</ruby>させる。\n直撃受けた川島はもはや指一本動かす事は出来ない。		
「―――――――さらばだ。川島。」		
（氷の槍を射出させようとした瞬間、\n影山の顔面に<ruby=こうてつ>鋼鉄</ruby>の<ruby=こぶし>拳</ruby>が直撃したッ！！）		
（思いきりぶん殴られた影山は\n数十メートル吹っ飛び\n倉庫の壁に激突するッ！！）		
「な……何が起きたの…！？\nいきなり影山先生が吹っ飛んだ……！？」		
「何かに殴られたように見えたけど。」		
「あれはオートマタのロケットパンチ。\nこんな事が出来るオートマタは………。」		
「ふー。危ねー。\n何とか<ruby=きしゅうせいこう>奇襲成功</ruby>したぜー。」		
「え……何このオートマタ？\nどっから出て来たのよ？」		
「あ、この<ruby=こんぱく>魂魄</ruby>の<ruby=かんかく>感覚</ruby>。\nユートくんだ。」		
「マスター！」		
「<ruby=サイファー>CIPHER</ruby>シリーズのボディ……？\nまさか川島がこれを動かしているのか…！」		
「ああ。こんな事もあろうかと天道に頼んで\n警察車両に<ruby=サイファー>CIPHER</ruby>を積んでもらってたんだ。\nいざという時にこいつに乗り移って戦えるようにな。」		
「なるほど。さすがはマスター。\n<ruby=サイファー>CIPHER</ruby>の<ruby=ぎじこんぱく>疑似魂魄</ruby>に\n<ruby=こんぱくせつぞく>魂魄接続</ruby>して遠隔操作しているのですね。」		
「な、何よ！それ！\nじゃあ、今このオートマタの中身は\n川島ユートってわけ！？」		
「ああ。ぶっつけ本番だが何とか成功したみたいだ。\n油断した影山に裏をかいた一発をぶち込む事が出来たぜ。」		
「馬鹿……な……っ。\nエーテルコンバータを介した<ruby=こんぱくいこうじっけん>魂魄移行実験</ruby>も無しに\n直接、オートマタに<ruby=こんぱく>魂魄</ruby>を<ruby=ひょうい>憑依</ruby>させるとは……っ。」		
「これが……\nブレイズチルドレン計画が生み出した\n<ruby=とくいてん>特異点</ruby>の能力だというのか……っ。」		
「お前の負けだ。影山。\n大人しく降参しろ。」		
（俺は左腕サブマシンガンの銃口を\n影山の額に付きつける。）		
「ドクター。この状況での\nドクターの勝率は0.0001%以下です。\n<ruby=けんめい>賢明</ruby>な判断を願います。」		
「…………ここまでか。」		
「降参する。私の負けを認めよう。」		
<Character=NOVA>笑顔2		
「<ruby=しんけんしょうぶ>真剣勝負</ruby>！\n勝者、マスター！」		
「ユートくんが勝った！\nやったね！」		
「ま、まさかオートマタに\n<ruby=ひょうい>憑依</ruby>する<ruby=せんぽう>戦法</ruby>を取るなんて…！\nこんな勝ち方アリなの…！？」		
「なるほど。川島の強さの<ruby=ひけつ>秘訣</ruby>は単純に\nブレイズチルドレン計画の<ruby=きょうかにんげん>強化人間</ruby>だけではない。\n<ruby=じゅうなん>柔軟</ruby>で<ruby=きばつ>奇抜</ruby>な発想力が勝利への鍵だったか。」		
「影山先生。フェイリクス事件の<ruby=しゅぼう>首謀</ruby>及び\n<ruby=せいおうがくえんしゅうげき>聖皇学園襲撃</ruby>、<ruby=いかるがけいさつ>斑鳩警察</ruby>の<ruby=ぎょうむしっこうぼうがい>業務執行妨害</ruby>の容疑で\n逮捕します。」		
「まさか教え子に逮捕される事になるとはな。\nこれも<ruby=さだめ>運命</ruby>か。」		
「私だって仕事じゃなければ\nこんな事したくなかったですよ。」		
「ドクター……。」		
「１３号。どうやら今回のルートは\n君のマスターの勝ちのようだ。」		
「このルートのリセットが無くなった以上、\n君は晴れて自由の身だ。引き続き学園アイドル攻略作戦の\nヒロインとして任務を継続したまえ。」		
「任務了解しました。ドクター。」		
「川島。私が逮捕されてしまった以上、\n本作戦は私の<ruby=かんかつ>管轄</ruby>から離れる。」		
「もはや、このルートの結末は誰にも予測不能。\n君自身が未来を切り開き作り上げていく他無い。」		
「任せろ。お前亡き後、\n俺が必ずノヴァを\nハッピーエンドにしてみせるぜ。」		
<Character=NOVA>呆れ		
「訂正。マスター。\nありがたい宣言ではありますが\nドクターはまだ死んでいません。」		
「君は私の予測を越えた。つまり、\n<ruby=げっこうけいかく>月光計画</ruby>を狂わせる危険なファクター、\n<ruby=いぶんし>異分子</ruby>としてシステムが認定した事を意味する。」		
「これが吉と出るか凶と出るか。\n君は<ruby=げっこうけいかく>月光計画</ruby>の<ruby=せいひ>成否</ruby>の鍵を握っている。\nその意味をよく考えておくのだな。」		
「ようするに外の世界に居る<ruby=けんまりゅう>剣魔竜</ruby>さえ\nぶっ殺せばいいんだろ？\n任せておけ。シンプルな話だぜ。」		
「やれやれ。相変わらず<ruby=たんらくてき>短絡的</ruby>だな。\n君は。」		
「しかし、<ruby=げっこうけいかく>月光計画</ruby>は<ruby=いちまいいわ>一枚岩</ruby>ではない。\nこの計画を自分の利益の為に利用しようとする者達が居るのだ。\nその事をゆめゆめ忘れるな。」		
「何だと……？<ruby=けんまりゅう>剣魔竜</ruby>がヤバイって時に\n勝手な奴等が居るもんだ……。」		
「さあ、話は終わりよ。\nこの男を連れて行きなさい。」		
「はっ！」		
「さあ、来い。\nパトカーに乗るんだ。」		
「警官とは<ruby=やばん>野蛮</ruby>だな。\nもっと<ruby=ていちょう>丁重</ruby>に扱ってもらいたいものだがね。」		
「さらばだ。川島、１３号。\n君達に<ruby=さち>幸</ruby>あれ。」		
（影山は付き添いの警官と共にパトカーに乗り込み\n護送されていく。）		
「さて、無事事件も解決した事だし\nあんた達もさっさと帰んなさいよ。\n今日も学校なんだから。」		
「やべ。今日も学校あるのすっかり忘れてた。」		
「指摘。マスター。学校をサボると\nユリヒメに怒られてしまいますよ。」		
「くっ。ユリ姉に怒られたくない。\nユリ姉には笑顔で居て欲しいんだ。」		
「<ruby=とろ>吐露</ruby>。……マスターがユリヒメを大事にしているのは\nわかりますがその反応をされると\n私としては複雑な気持ちになりますね。」		
「サツキ。深夜外出は<ruby=さみだれけ>五月雨家</ruby>では厳禁だ。\nカグヤに見つからずにこっそり戻るぞ。」		
「うーん。無断で出て来ちゃったから\nお母さんに見つかったら怒られちゃうよね。」		
「盾守先輩、今何時ですか？」		
「え？５時１５分だけど……。」		
（盾守は腕時計を確認して現在時刻を伝える。）		
「わー。どうしよう。\nお母さん早起きだから\n５時半にもう起きちゃうよ。」		
「把握。なるほど。状況はわかりました。\nカグヤが起きる前に五月雨さんを\n家に送り届ければいいのですね。」		
「要求。盾守先輩、緊急事態です。\n我々全員を警察車両で家まで\n送り届けてください。」		
「警察車両を勝手にタクシー代わりに\nすんじゃないわよ！ノヴァ！」		
「っていうか、五月雨だけじゃなくて\n『我々全員』ってどういう事よ！？」		
「マスターも私も戦闘で<ruby=ひへい>疲弊</ruby>している状態。\nここから歩いて帰るなど現実的ではありません。\nゆえに足が必要なのです。警察の足が。」		
「こいつ…！口調は丁寧な癖に\n相変わらず<ruby=ずうずう>図々</ruby>しいわね…！」		
「悪いな。盾守。\nそういうわけだから頼むわ。」		
「お願いしまーす。」		
「……しょ、しょうがないわね！\nそこまで言うのなら送ってあげてもいいけど…！」		
「やったー。」		
「盾守先輩って\n何だか言って頼られるのが\n嬉しいんですよね。」		
「う、うるさい！\nいいからさっさとパトカーに乗んなさいよ！」		
<Character=NOVA>笑み2-M		
「マスター。行きましょう。」		
「へいへい。よろしく頼むぜ。」		
「今回の事件の<ruby=てんまつ>顛末</ruby>として<ruby=たてがみ>盾守</ruby>さん率いる\n<ruby=いかるがけいさつ>斑鳩警察</ruby>・<ruby=こうあんぶとくむたい>公安部特務隊</ruby>が<ruby=ノヴァ>NOVA</ruby>シリーズと交戦、\nこれを撃退し<ruby=しゅぼうしゃ>首謀者</ruby>の影山さんを逮捕し無事解決。」		
「<ruby=いかるがけいさつ>斑鳩警察</ruby>の<ruby=こうしきちょうしょ>公式調書</ruby>としては\nこんなところでしょうか。」		
「実際は<ruby=いかるがけいさつ>斑鳩警察</ruby>・<ruby=ちょうほうぶ>諜報部</ruby>のノヴァさんが\n敵側に<ruby=ねがえ>寝返</ruby>ったり川島さんや五月雨さんの\n戦闘介入があったりやたらカオスなんですが、」		
「この辺を調書に書いてると上層部からのツッコミが\n止まらないですからねー。ひとまず盾守さんの\n<ruby=こうあんぶとくむたい>公安部特務隊</ruby>の<ruby=てがら>手柄</ruby>って事で無難にまとめておきました。」		
「確認した。問題無い。\n上層部のお<ruby=えらがた>偉方</ruby>には<ruby=かんけつ>簡潔</ruby>な内容の方が\n喜ばれるからな。」		
「特に<ruby=たてがみふくそうかん>盾守副総監</ruby>には\n<ruby=こうあんぶとくむたい>公安部特務隊</ruby>の活躍とした方が\n受けがいいだろう。」		
「<ruby=ふくそうかん>副総監</ruby>、<ruby=げんかく>厳格</ruby>な方ですが\n意外にも<ruby=むすめ>娘</ruby>さんを<ruby=てきあい>溺愛</ruby>してますからねえ。\n何せ娘さんの為に<ruby=とくむたい>特務隊</ruby>まで新設する程ですし。」		
「今回の特務隊の事件解決は\nさぞかし嬉しいでしょうね。」		
「ノヴァさんの件はどうします？\n一応、川島さんの<ruby=こんぱくせつぞく>魂魄接続</ruby>のおかげで\n記憶が戻ったみたいですけど。」		
「本人の意志次第だが、\nこちらとしては<ruby=ちょうほうぶ>諜報部</ruby>に戻れるように\n準備をしておくとしよう。」		
「<ruby=きこういん>機巧院</ruby>はオートマタである前に\n我々斑鳩警察の警察官だからな。」		
「おやおや。お優しい事で。\nただ、上層部は良い顔しないと思いますよ？\nあちらさんは<ruby=ていこくじゅうこう>帝国重工</ruby>の介入に<ruby=かいぎてき>懐疑的</ruby>ですから。」		
「上の連中には私から話を通しておく。\nこの件に関しては文句は言わせん。」		
「頼もしい事で。\n真田警部ってそんなに\n部下思いでしたっけ？」		
「川島は覚悟を決め、信念を貫き、\n正義の名の<ruby=もと>下</ruby>に機巧院を救い出した。\nそれは斑鳩警察の<ruby=かか>掲</ruby>げる理想の在り方。」		
「であるなら、上に立つ私は\n奴等が証明した正義に応えるだけだ。」		
「どうやら今回の川島さんの行動は\n真田警部のお気に召したようですねえ。」		
「さて、私は事件の報告をする為、\n本庁に向かう。留守を頼んだぞ。天道。」		
「はいはい。行ってらっしゃいませ。\n真田警部。」		
「……さん……。」		
「起きてくださいッス。川島さん。」		
「……う…ん？……ノヴァ？」		
「おはようッス。川島さん。」		
「あ……あぁ……今、何時？」		
「１１時ッス。」		
「１１時か……………。」		
「１１時ッ！？学校ッ！\nやべえ！遅刻だッ！」		
「まだ慌てるような時間じゃないッス。」		
「いや、慌てるような時間だろッ！\n遅刻だよ！？」		
「うああああーーーーッ！！\nユリ姉に怒られるッ！！」		
「大丈夫大丈夫。\nユリせんせーにはちゃんと連絡して\n午後から出席するように話をしておいたッスから。」		
「そッスそッス。\n何せ早朝にドンパチやってたんスから\n今日ばかりはしゃーないッス。」		
「それに午前中はゆっくり寝てていいって\nユリせんせーも了承済みッス。」		
「そ、そうか。\nユリ姉がそう言うならのんびりするか。」		
「つーか、ノヴァ。いつの間にやら\n口調や恰好がいつもの感じに戻ってない？」		
「川島さんが寝てる間にデフォルト設定なっていた\n言語モードや容姿バリエーションを\n再設定して元に戻したんスよ。」		
「じゃじゃーん。<ruby=こあくまけいがくえん>小悪魔系学園</ruby>アイドル・\n<ruby=きこういん>機巧院</ruby>ノヴァちゃん復活ッスよー。」		
（ノヴァがキメ顔でキメポーズをキメていた。）		
「さっきまで<ruby=まじめけいゆうとうせい>真面目系優等生</ruby>みたいなキャラだったのに\n急に高校デビューして<ruby=あかぬ>垢抜</ruby>けた感じになっちゃうの\nなんでなんだろうな。」		
「何言ってるんスんかー。\nこっちの方がいいっしょー？」		
「なんたって川島さんの好みに\n合わせた設定なんスから。」		
「え……。そういえば……その口調と外見、\nどことなくザクロちゃんに似てるような。」		
（ザクロちゃんは魔法少女に変身するとピンクの\nツインテールヘアーになるんだが、変身前はちょうど\n今のノヴァのようなウルフカット風の外見をしているのだ。）		
「その通り！ようやく気付いたんスかー。」		
「川島さんがザクロちゃんばっかり観てるから\nちょっとでも気が<ruby=ひ>惹</ruby>けるように\nザクロちゃん風に設定を寄せてみたんスよ。」		
「それって俺の為だったのか……。」		
（ノヴァと過ごした記憶を思い出した今ならわかる。\nノヴァはとんでもなく<ruby=いちず>一途</ruby>で尽くすタイプであると。）		
（現実世界で初めてノヴァに会った時から\n一貫してマスターである俺に尽くし続けている。\nそれはこの世界でも一切変わらない。）		
（これだけ尽くされて喜ばない男は居ない。\nこうして感じるノヴァのありがたみ。\n俺は改めてノヴァの愛の重さを知るのだった。）		
「そうッスよ。\n今の今までその事にまったく気づいてないとは\n<ruby=どんかん>鈍感</ruby>にも程があるッスけど。」		
「まぁ、今となってはこっちの方が\n自分にとってはしっくり来るッスけどねー。」		
「デフォノヴァの<ruby=せいそ>清楚</ruby>っぽい感じも好きだけど\nノヴァと言えばノリが良い感じだよな。」		
「ふむふむ。川島さんはデフォルトも好き、と。」		
（ノヴァは手帳に取り出しメモを取っていた。）		
「なにそれ？」		
「これは川島さんメモッスよ。\n川島さんに関する事をメモって分析するんス。」		
「……お前もしかして\nしょっちゅうメモ取ってたの？」		
「そッス。こう見えてドクターと同じく\n戦闘スタイルはデータ分析型ッスから。\n川島さんの攻略情報は要チェックッス。」		
「……戦闘スタイルって。\nまた俺と戦おうってんじゃねーだろうな？」		
「まぁ、<ruby=こんぱくせつぞく>魂魄接続</ruby>で正気に戻らなかったら\nあのまま自分が勝ってたッスねー。」		
「お前が正気に戻らなかったら\n勝つとか以前にバスターキャノンで\n灰になってたわ。」		
「はっはっはー。\nまぁ、こうしてピンピンしてるんだから\n終わりは良ければすべて良しってねー。」		
（ノヴァは俺の背中を\nバシバシ叩きながら高笑いする。）		
「さて、お昼にはちょっと早いっスけど\n食事を用意したッス。\n川島さん、お腹空いてるっしょ？」		
「え？ノヴァが作ってくれたの？\n食べる食べる。超腹減ってる。」		
「ノヴァちゃん特製ミートスパゲティ。\nたーんと召し上がれ。」		
「うん。知ってた。」		
（この家にある食材では\n何故かミートスパゲティしか作れない。\nまさかの縛りプレイになっているのである。）		
「いただきまーッス。」		
「もぐもぐ……うーん、デリシャス！」		
（ノヴァは自分で作った料理を\n美味そうに食っていた。）		
（もう腹ペコだ。\n俺もフォークを手に取り早速、\n食う事にする。）		
「もぐもぐ……う、美味いッ！」		
「な、なんだこのミートスパゲティは！\nこんなに美味かったのかミートスパゲティ…！」		
「でしょでしょ？特に川島さんは\n久々にミートスパゲティ食べるから\n相当美味いと感じるじゃないッスか？」		
「た、確かに…！俺がオートマタになってる時、\nいっさいミートスパゲティなんて\n食べてなかったからなぁ。」		
「目の前でノヴァはバグバク食ってたけど。」		
「まさに<ruby=だんじき>断食</ruby>ッス。\n日常的に食事制限という我慢を重ね、\nそれが解放された瞬間至上の美味しさとなるッス。」		
「つまり川島さんはこの瞬間の為に、\nミートスパゲティの\nお預けを食らっていたんスよ。」		
「俺がオートマタになっていたのは\n断食の為だったのか。」		
「ごちそうさまーッス。」		
「ふー。食った食った。」		
「さーて、\nご飯も食べてお腹も<ruby=ふく>膨</ruby>れた事ですし\n学校に行きますかー。」		
「そうだな。んじゃ支度するか。」		
「自分も色々準備しなくては。\n女の子は<ruby=みじたく>身支度</ruby>に時間が掛かるんスよ。」		
「ほいじゃまたあとでー。」		
（ノヴァは支度をする為、\nパタパタと自分の部屋に引っ込んで行った。）		
「よっし。準備出来たー。\n川島さんはどッスか？」		
「おー。俺はいつでも行けるぜー。」		
「それじゃ学校へレッツゴー。」		
「行ってきまーッス。」		
「いやー。こうして川島さんと\n一緒に通学なんて初じゃないッスかー？」		
「言われてみるとそうかもな。\n俺がオートマタになってる時は\n敵地である学園に潜入はしたが。」		
「まぁ、あの時は学園の生徒は\nフェイリクスに洗脳されていて\n楽しく通学って感じでも無かったですからなー。」		
「んじゃ、これからは\nちょくちょく一緒に通学するか。」		
「お。いッスねー。\nその時はマイルームまで迎えに来て欲しいッス。\nついでに朝食も作って欲しいッス。」		
「君、要求多くない？\n一応マスターだよね？俺。」		
「<ruby=しゅじゅうかんけい>主従関係</ruby>の前に自分は学園アイドルでかつ\n攻略対象のヒロインなんスから\n普通に彼女として扱うべきッスよ。」		
「そうか……うん、そうかも。」		
「ところで、\nその恰好何か違う感じしたんだけど。\nお前いつも着けてるマフラーどうしたの？」		
「忘れたんスか？\n<ruby=ていこくじゅうこうはいきしょりじょう>帝国重工廃棄処理場</ruby>でフェイリクスと自爆した時に\n身に着けてたマフラーも消し飛んだんスよ。」		
「そういやあの時の爆発で\nボディごとバラバラになったんだっけか。」		
（同時に記憶領域まで吹っ飛んで\nまさかの初期化状態のノヴァと\nバトルする事になったわけだが。）		
「<ruby=ぎじこんぱく>疑似魂魄</ruby>が内包されているエーテライトコアさえ無事なら\nボディはいくらでも復元出来るんスけど\nあのマフラーは<ruby=いっちょうら>一張羅</ruby>で替えが効かないんスよねー。」		
「何せあれは、\n川島さんにもらった大事なマフラーだったんスから。」		
「もしかしてあの時、お前にあげたマフラー\n……ずっと大切に身に着けていたのか？」		
「そりゃあ、川島さんから貰った\n初めてのプレゼントッスからね。\n自分にとっては思い出深い大切な一品ッスよ。」		
「そうだったのか。\n何かいつもマフラー着けてて\n冷え性なのかな？って思ってたわ。」		
「……記憶が無かったとはいえ、\n自分の想いが何一つ伝わってないじゃないスか。\nこのニブチンがー。」		
（さすがのノヴァもこれにはむくれて\n不満気な様子を見せる。）		
「わ、悪かったよ。」		
「俺からしてみりゃノヴァがいつも薄着で\n寒そうにしてたから、せめて防寒になればいいと\n思ってあげたんだ。」		
「だから、まさかそんなに\n大事にしてるとは思わなくてさ。」		
「川島さんって自分に冷たいッスからなー。\n川島さんから貰ったプレゼントって\nあのマフラーしか無いんスよ。」		
「いやいや、別にノヴァに冷たいわけじゃねーよ。」		
「どっちかっていうと気の置けない仲というか\n気を使わなくていいから\n素で接する<ruby=あいだがら>間柄</ruby>だから何か気楽でいいんだよ。」		
「なるほど。自分に対しては\n川島さんはあれが自然体であると。」		
「そうそう。大体お前だって\n人に飯作るように要求したり\n好き勝手やってんじゃねーか。」		
「川島さんが自分を雑に扱うから\nお返しッスよ。」		
「俺のせいかよ。」		
「まぁ、キャピキャピした恋人関係より\n我々はこのぐらいの距離感の方が\n<ruby=しょう>性</ruby>に合ってるのかもしれませんなあ。」		
「確かに。ノヴァとあんまり\n<ruby=あまあま>甘々</ruby>でラブラブな感じなる\nイメージが湧かないわ。」		
「……それはそれで傷つくんスけど。」		
「あ。」		
「はろはろー。」		
（通学路の交差点。それぞれの道から\nバッタリと合流する見知った面々。）		
「よう。さっきぶり？」		
「なによ。あんた達も結局寝坊？」		
「さすがに早朝だったからねー。\nひと眠りしたらこんな時間になっちゃった。」		
「俺も普通に爆睡してたわ。\nっていうか、\n盾守だって寝坊してんじゃねーか。」		
「私はあの後、本部長への報告したりとか\n色々と仕事があったのよ。\n……まぁ、ちょっと寝過ごしたけど。」		
「寝坊してんじゃん。」		
「うっさい。」		
「五月雨さんはあの後、\nカグヤさんに怒られなかったッスか？\n無断外出だったじゃないスか。」		
「それがさー。こっそり部屋に戻ろうとしたら\n玄関の前にお母さんが立ってて、\n私が帰るのを待ってたんだよね。」		
「え。それ大丈夫なの？」		
「うわー。怒られるかなーって思ったんだけど\n『説教は後でするから早く寝なさい』って\nそれだけ言ってお咎め無しだったよ。」		
「カグヤさん。\n五月雨さんが心配だったんスねー。\n無事に帰って来て安心したんじゃないスかね。」		
「無断で夜遊びして朝帰りして来る<ruby=ふりょうむすめ>不良娘</ruby>の\n帰りを待ってるなんて良いお母さんじゃない。」		
「うん。私、お母さん大好きー。」		
（母親であるカグヤに<ruby=かたな>刀</ruby>を向けて脅していた気もするが\nあれは気のせいだよな。うん。\nそんなバイオレンスな反抗期あるわけないよね。）		
「学校に到着ッスー。」		
「登校して来たか。お前達。」		
「あ、ユリ先生！」		
「おはようございまーす。」		
「遅ようございます？」		
「ユリ姉？どうしてここに？\n今、授業中じゃ？」		
「ちょうど今の時間、\n私の担当授業が無いんだ。」		
「ゆえにこうして\n<ruby=ひとしごとお>一仕事終</ruby>えたお前達を出迎える為、\nここで待っていたのだ。」		
「事件解決の報告は受けている。\nよくやったな。お前達。」		
「ユリ先生…！\n私…すっごく頑張ったんです…！」		
「いえーい。大勝利ー。」		
「<ruby=ノヴァ>NOVA</ruby>シリーズを全員相手にした時は\nマジで死ぬかと思ったが\n何とかなったぜ。皆のおかげだ。」		
「いやー。ユリせんせーをはじめ、\n皆さんにはご迷惑おかけしました。」		
（ノヴァはペコリと頭を下げる。）		
「今回のノヴァはいつも以上に大暴れしてたわよね。\n教室は破壊するわ、バスターキャノンをぶっ放して\nオートマタ部隊を壊滅させるわ。」		
「そうだねー。\n本気モードのノヴァと\n真剣勝負したかったなー。」		
（あれ、サツキさん？\nまたサイコパス出てません？\nいや、どっちかって言うと戦闘狂？）		
「事情は把握している。\nもはや何も言うまい。」		
「こうして無事機巧院が戻って来たのだ。\n良しとしようじゃないか。」		
「ははー。<ruby=かんだい>寛大</ruby>なお言葉。\n<ruby=いた>痛</ruby>み<ruby=い>入</ruby>るでござりまする。」		
「ユート。\n……お前が無事で良かった。」		
（ノヴァとの<ruby=こんぱくせつぞく>魂魄接続</ruby>で<ruby=かいま>垣間</ruby>見た\n現実世界のユリ姉の記憶。）		
（現実世界のユリ姉は<ruby=けんまりゅう>剣魔竜</ruby>との戦いで\n命を落とし俺は仇を討つ為、\n復讐に燃えていた。）		
（だからこそわかる。今、こうして\nユリ姉が笑顔で出迎えくれる。\nそれがどれだけ幸せな事なのか。）		
「……ユリ姉が生きていてくれて良かった。\n俺はそれだけで涙が出るほど\n嬉しくて幸せなんだ。」		
「うう……っ。ユリ姉……っ。\nもう俺を一人にして\nどこへも行かないでくれ……っ。」		
「ちょ……っ！\n川島ユート何急に泣いてるのよ！？」		
「ユートくんはいつもユリ先生の前で\n泣いてるねー。」		
「……おい。何故お前が泣く。\n立場が逆だろう。」		
「ユリ姉。今度は絶対俺が守ってみせる。\nだからもう一人で無茶すんなよ。」		
「……あ、ああ。\n何故私が説教されてるのだ。」		
「川島さんにとってユリせんせーは\n家族以上に大切な人だから仕方ないんスけど、」		
「メインヒロインである自分を差し置いて\n『絶対守る』宣言は\nちょっと嫉妬しちゃうッスねー。」		
「ふーん。\nノヴァがヤキモチ焼くなんて珍しいねー。」		
「可愛いとこあるじゃん。うりうりー。」		
「普段は表には出さないッスけど、\n自分は結構<ruby=どくせんよく>独占欲</ruby>ある方ッスからねー。」		
「好きな人が他の女の人と\nイチャイチャしてたら\nイラッと来るじゃないッスか。」		
「それはそうだねー。\nユートくんってデリカシー無いもんね。」		
「え……。何今の会話……？\nノヴァって川島ユートに<ruby=ほ>惚</ruby>の字なワケ？」		
「盾守パイセン。\n<ruby=ほ>惚</ruby>の字って表現古くないスか？\n自分は川島さん好きッスよ。」		
「そ……そうなんだ。\nし、知らなかった……。ふ、ふーん。」		
「盾守先輩。顔真っ赤ですよ。」		
「こ、校内での<ruby=ふじゅんいせいこうゆう>不純異性交遊</ruby>は禁止だから！\n<ruby=はれんち>破廉恥</ruby>よ！<ruby=はれんち>破廉恥</ruby>！」		
「相変わらず、\n盾守パイセンに浮いた話が無いからって\nお堅いですなー。」		
「な、なによ！学校は勉強する場所なのよ！\nチャラチャラと恋愛なんかしてるヒマないの！」		
「うわー。５０年ぐらい前の価値観してる。」		
「よー。川島―。\n<ruby=じゅうやくしゅっきん>重役出勤</ruby>ご苦労様。」		
「よう。岡崎。\n昼に学校に来るのは最高だな。\n毎日昼からにしてくんねーかな。」		
「まぁそれはあるな。\n登校時間が早すぎんだよな。\nもうちっと寝かせて欲しいぜ。」		
「っていうか、なんか窓無くね？」		
（妙に風通しが良いと思ったら\nベランダ側にある窓がすべて無くなっていた。）		
「忘れたのか？\n昨日、<ruby=きこういん>機巧院</ruby>が教室を襲撃して\n窓ガラス全部割って行ったじゃねーか。」		
「あ、そういやそうだったわ。」		
「あれだけの事があったのに\nよく忘れられるな。<ruby=ずぶと>図太</ruby>いヤツ。」		
「昨日から今日の朝方に掛けて色々あったんだよな。」		
「天気予報みてーな表現だな。」		
「事件はそれだけじゃないぜ。\n今日のニュース見たか？」		
「ニュース？」		
「<ruby=ていこくじゅうこう>帝国重工</ruby>・<ruby=はいきじっけんじょう>廃棄実験場</ruby>がある<ruby=ふとう>埠頭</ruby>で\n大規模爆発が起きて地上が<ruby=しょうど>焦土</ruby>と化したらしい。」		
「しかもその犯人は何とこの学園の科学教師の影山。\n影山は爆発事件の犯人として\n<ruby=けさみめい>今朝未明</ruby>に<ruby=いかるがけいさつ>斑鳩警察</ruby>によって逮捕されたそうだ。」		
「なるほど。物騒な話だな。\n他に何か変わった事はあったか？」		
「いや、今言った話以外は何も。\n影山は<ruby=ひそ>密</ruby>かに女子生徒から人気だったらしくてな。\n逮捕報道で<ruby=らくたん>落胆</ruby>の声が挙がってるぜ。」		
「……随分<ruby=のんき>呑気</ruby>な話だな。」		
（……なるほど。斑鳩警察は\n<ruby=ノヴァ>NOVA</ruby>シリーズの事を伏せて爆発事件として\n発表したのか。）		
（……それにしても数時間前の事件が\nもうニュースとして報道されているのは\nさすがに早過ぎる気がするが。）		
「ああ、そういや。\n機巧院は今日登校してるんだよな？」		
「おい、何で知ってんだよ。\nお前ずっとこの教室に居たんじゃねーのか。」		
「聖皇学園のSNSで\n学園アイドルの情報は常に出回ってるから。\n大体の最新情報は追えるのさ。」		
「聖皇学園のSNSだと…！\nそんなもんまであるのかよ…！」		
「こいつはやべえ…！ユリ姉のプライバシーが\n他の男子達に流出してしまう…！\n即刻そのSNSを潰さねーと…！」		
「そこはユリ先生じゃなくて、\nお前の彼女の<ruby=きこういん>機巧院</ruby>じゃねーのか？」		
「何でノヴァが俺の彼女って事になってんだよ。」		
「お前らいつも一緒に居るし、何なら今日は\n<ruby=きこういん>機巧院</ruby>の家から一緒に登校して来たそうじゃねーか。\nそれなら彼氏彼女の事情だと思われても仕方ねえさ。」		
「……そんな事までSNSで流出されてんのかよ。\nマジで潰さねーとその聖皇学園SNS。」		
「実は今日はその学園アイドル絡みで\nもう一つ面白い話があるんだ。」		
「ユリ姉が<ruby=ちじょく>恥辱</ruby>にまみれる話だったら\n俺はSNSのアカウントを持っている男子を\n一人一人始末しなきゃならねえ。」		
「おいやめろ。\n俺もターゲットに入ってるじゃねえか。」		
「まぁ、安心しろよ。\nユリ先生の事じゃない。\n今回は盾守と獅堂の件らしい。」		
「盾守に獅堂～？ユリ姉じゃなきゃ許す。」		
「何やら今日の放課後、\n獅堂が盾守を呼び出してるらしいんだ。\nもしかしたら面白いものが見れるかもな。」		
「獅堂が……盾守を？\n珍しいな。いつも盾守の方から\n獅堂に突っかかってるイメージだが。」		
「だろ？気になるよな。\nまぁ、放課後になってからのお楽しみって事で。」		
「では、ホームルームを終わりにする。\n獅堂。　締めてくれ。」		
「わかりました。」		
「ユリ先生、さようならー。」		
「うむ。　気を付けて帰るのだぞ。」		
（放課後になり、\nホームルームを終えた生徒達は次々に教室を後にする。）		
「それで獅堂ミナト。\n話って何よ？」		
「ここじゃ何だから\n場所を変えましょうか。」		
「な、何よ…っ。\n改まっちゃって…っ。\nここでは言えない話なワケ？」		
「わざわざ<ruby=ひとめ>人目</ruby>のある場所で\n話すメリットが無いだけよ。\nいいからついて来なさい。」		
（獅堂は<ruby=うろた>狼狽</ruby>える盾守に目もくれず\nスタスタと教室を出て行く。）		
「あ！ちょっと待ちなさいよ！\n獅堂ミナト！」		
（置いて行かれた盾守は\n慌てて獅堂の後を追う。）		
「始まったな。」		
「おいおい。\nマジで獅堂が盾守を呼び出してるよ。\nこの後、一体どうなっちまうんだ？」		
「こいつは大スクープの予感がするッスよ。」		
「うおっ！ノヴァ！\nいつの間に！」		
「火のないところに煙は立たず。\n諜報部の勘がスクープの場所へと\n自分を<ruby=いざな>誘</ruby>うッス。」		
「<ruby=しんしゅつきぼつ>神出鬼没</ruby>だな。」		
「川島さん！二人を追うッス！\nこいつは面白くなってきたぜ！」		
「あ、おい！ノヴァ！」		
（ノヴァはパタパタと教室を出て行く。）		
「川島。ガールフレンドが\n先に行っちまったぞ。\n追わなくていいのか？」		
「しょうがねーなー。\nじゃ、行ってくるぜ。岡崎。」		
「おう。行ってこい。」		
「で？こんなところまで呼び出して。\n話って何よ。」		
「これ、あなたに返すわ。」		
（獅堂は一つの<ruby=かみぶくろ>紙袋</ruby>を盾守に差し出す。）		
「ん？何よこれ？」		
（盾守は紙袋から一着の洋服を取り出す。）		
「<ruby=はながら>花柄</ruby>のワンピース……これって……。」		
「要領を得ない話だけど。\nどうやらそのワンピース、\nあなたから貰ったらしいのよ。」		
「その服を見る度に<ruby=かす>微</ruby>かに思い出すのよ。\nあなたに洋服屋でそれを<ruby=みつくろ>見繕</ruby>ってもらった\n存在しない記憶が。」		
「最初は夢か何かだと思ったけれど、\n実際そのワンピースは私の手元にあった。\nそれが何よりの証拠。」		
「だから、私はあの記憶を事実として受け入れ。\nこれをあなたに返す事にしたの。」		
「うん……。私も覚えてる……。\nこれ、私があんたに選んで、\n買ってあげたワンピースだ。」		
「あの時、私がこれをプレゼントしたら\nすごく嬉しそうにしてた。\nそうだ……間違いない。」		
「まさか私達が休日に仲良くショッピングだなんてね。\n何があったか知らないけれど本当にどうかしていたわ。」		
「そんな事ない！」		
「盾なんとかさん？」		
「私はあんたと一緒にお出掛けして\n遊んでショッピングして！\nすっごく楽しかった！」		
「あんたと一緒に過ごした時間は\n私にとってかけがえのないものだった！\n私達はあの時だけは本物の親友だった！」		
「私達が親友……？」		
「そうよ！私達の相性は\nバッチリだったじゃない！\nきっとまた仲良くなれる！親友になれるわ！」		
「そうでしょう！？ミーちゃん！\nだからもう一度私と………、」		
「私をミーちゃんと呼ぶなッ！」		
「え…………？」		
「私をミーちゃんと呼んでいいのは\nママだけだッ！\n断じてお前のような<ruby=やから>輩</ruby>ではないッ！」		
「どうして……？どうしてそんな事を言うのよ！\nミーちゃん！私達、親友だったじゃない！\nまたやり直せるよきっと！」		
「お前と私が親友……だと？\n<ruby=むしず>虫唾</ruby>が走る…！二度と口にするな…！」		
「な、何でよ！何でそんな冷たい事を言うのよ！\nまた私の事、アーちゃんって呼んでよ…！\n私に優しく<ruby=ほほえ>微笑</ruby>んでよミーちゃん…！」		
「だからミーちゃんと呼ぶな…！<ruby=けが>汚</ruby>らわしい…！」		
「ほ、ほら！この花柄ワンピース…！\nあなたにプレゼントするから…！\nきっと似合うから…！ね？」		
「くどい…！それはお前との関係性を無かった事に\nする為に返したのだ…！もう私達は親友でも何でもない！\n赤の他人だ…！」		
「―――――――ッ！？」		
「ひ、酷い……酷いよ……っ。\nミーちゃあああん……！」		
「……チッ。まったく<ruby=らち>埒</ruby>が明かない。\nこれだから厄介なのよ。この女は。」		
「いいわね？これで借りは返した。\nすべてを水に流し、明日からはただの\nクラスメイトとして接しなさい。これは命令よ。」		
「やだぁ…っ！やだよぉ…！\nまた仲良くしようよぉ…！\nミーちゃああん……！」		
「……チッ。泣いて叫べば\nどうにかなるとでも思ってるのかしら？\nだから私はこの女が嫌いなのよ。」		
「話は終わりよ。\nさようなら。盾なんとかさん。\n二度と馴れ馴れしくするんじゃないわよ。」		
（獅堂はえぐい捨て<ruby=ぜりふ>台詞</ruby>を残し立ち去って行った。）		
「うわああああーーーーん！\n待ってぇえええーーー！\nミーちゃああああーーーーん！」		
（親友だと思っていた獅堂に裏切られ\nその場で泣き崩れる盾守。）		
「な……なんだこれは……？\n俺は何を見せられているんだ……？」		
「<ruby=しゅらば>修羅場</ruby>ってやつっスね……。」		
「本来ではあり得なかった\n盾守パイセンと獅堂かいちょーが\n親友だったという世界線。」		
「そんな甘い世界を見せられたら最後。\nチョロ過ぎる盾守パイセンはあの<ruby=しこう>至高</ruby>の光景が\n忘れられず今も獅堂かいちょーを求めてしまう。」		
「洗脳から解けた今でも盾守パイセンは\nずっと夢の中に<ruby=とら>囚</ruby>われているのかもしれないッス。」		
「そんなのって……悲しすぎんだろ……。」		
「フェイリクスはとんでもない罪を\n残していったようッスね。」		
「どうして……！\nどうしてこうなっちゃうのよ…！\nやっと見つけた私の親友だったのに……！」		
「またアーちゃんって呼んでよ…！\n私に優しく語り掛けてよ…っ！」		
「ミーちゃん……！\nミーちゃあああーーーーん……！」		
「盾守！無事か……！」		
「ユリせんせえええーーーーッ！\n私……！私……！\nミーちゃんに嫌われちゃったよぉおおおーーー！」		
「ミ……ミーちゃん……？」		
「な、何だこれは…！？\n一体、何をどうしたらこんな状態に\nなるというのだ……！？」		
（この後、ユリ姉は精神が崩壊した盾守を\n日が暮れるまで生徒指導室で\n<ruby=かいほう>介抱</ruby>してやるのだった。）		
「それではラスト１機\nやらしてもらってよかですか？」		
「はいー。リスナーから\n<ruby=しょうだく>承諾</ruby>頂きましたんで\nラスイチ行きまーす！」		
「これで本当にラストの泣きの一回！\nこれでクリア出来なかったら\n次回はクリア失敗の謝罪配信します！」		
「それじゃスタート！」		
「まずはここできな粉を取り\nまるおをパワーアップ！\nそしてジャンプで溶岩を越える！」		
「火の玉をしゃがんで避け、\n連続ジャンプで落とし穴を飛び越える！」		
「あとは流れでダッシュで\n魔の弾幕地帯を通過するッ！」		
「そして立ちはだかるラスボスッ！\n相手のジャンプに合わせて潜り抜ける！」		
「今だ！うおおおおーーーッ！」		
「行けるか！？行けるか！？」		
「行ったーーーーーーッ！\nゴォオオオオオーーーールッ！！」		
「ついに……ッ！\n念願のまるお完全クリアーッ！」		
「感動の……ッ！エンディング……ッ！」		
「というわけで、\nレトロゲーム挑戦シリーズ<ruby=パート ファイナル>Part Final</ruby>\n『すーぱーまるおブラザーズ』でしたー。」		
「ノヴァちゃんのラスイチからの奇跡の神プレイッ！\nどうッスかこのドラマを生み出すエンターテインメントは！\nやっぱ持ってるッスねー！自分！」		
「おー！！ギフトチャットあざまーッス！」		
「おおおおー！コメ欄が真っ赤になっておる！\nかつてない程、\n大盤振る舞いで回っておりますよー！」		
「ついに『すーぱーまるおブラザーズ』完結という事で\n今回のパートでまるおの冒険は終わっちゃいますが\n次は別の企画やろうと思ってるんで是非期待しててくださいッス。」		
「ふー。今日の配信も無事終了っと。」		
「配信終わったか？\n飯出来てるからこっち来て食えよ。」		
「おお。ナイス。\n食べる食べるー。」		
「もぐもぐ……。」		
「んー！デリシャス。」		
（ノヴァはいつものように\n俺が作ったミートスパゲティを\n美味そうに頬張る。）		
「いやー。こうして川島さんが\n何かと世話焼きに来てくれるのは\nありがたいッスねー。」		
「配信業をやってると自分の事が\nおろそかになりがちですからなー。」		
「やはり、配信者にはスケジュール管理と\n食事を作ってくれる\nマネージャーが必要なんスよ。」		
「お前の本業って<ruby=いかるがけいさつ>斑鳩警察</ruby>じゃなかったっけ？\nいや、学生？あれどっちだ？」		
「聖皇学園の学生は世を忍ぶ仮の姿。\n時には斑鳩警察、時には配信者、\n果たしてその実体は……。」		
「<ruby=デビルズラブリーデュエリスト>小悪魔系愛決闘者</ruby>！\n<ruby=きこういん>機巧院</ruby>ノヴァ！月に代わってデュエルしろよ！」		
「え……<ruby=デュエリスト>決闘者</ruby>が本体だったんだ。」		
「ごちそうさまー。」		
（ノヴァが食事を終えると共に食卓からジャンプし、\nソファにダイブする。）		
（そして、テーブルに置いてある携帯ゲーム機を取り出し\nゲームをプレイし始めた。この間、わずか２秒である。）		
「……おい、行儀悪いぞ。\nつーか、食器ぐらい片付けろよ。」		
「川島さん、ここの家主は自分ッス。\nマイホームにはマイルールというものがあり、\nつまり自分は自由を手にしているという事ッス。」		
「ここって斑鳩警察所有の寮だから\nお前のモノじゃないんだよなぁ。」		
（俺はノヴァが食べた食器を\n流し台に持って行き、洗い始める。）		
「っていうか、ノヴァ。\nお前、斑鳩警察に復帰出来たのか？」		
「ええ。真田警部がイイ感じに\n取り計らってくれたんで、」		
「<ruby=ノヴァ>NOVA</ruby>シリーズ事件の事は<ruby=ふもん>不問</ruby>になったおかげで\n晴れて斑鳩警察・諜報部に復帰出来たんス。」		
「だからこの部屋は変わらず自分のモノなんスよー。」		
「ちょっとノヴァさん。\nノヴァさんの職場復帰の為に色々揉み消したの\n私だって事、忘れないでくださいよ。」		
「天道。」		
「うわぁー！何勝手に入って来てんスか！\n不法侵入ッスよ！\n警察ー！誰か警察を呼んでくれー！」		
「ここは斑鳩警察の寮で\n私もノヴァさんも警察です。\nはい、論破。」		
「<ruby=へりくつ>屁理屈</ruby>ばかり並べやがって、\nこれだから諜報部ってのは<ruby=こざか>小賢</ruby>しいんだ。」		
「お前も諜報部だからな。」		
「なんなら私はノヴァさんの上司で\nノヴァさんは私の部下ですからね。」		
「それで天道、何か用か？」		
「ええ。ノヴァさんの職場復帰祝いに\nちょっと顔を出しに来たんですよ。」		
「ああ。\nこれ、諜報部復帰の正式な辞令です。」		
（天道は書類を取り出しノヴァに手渡す。）		
「おー。ちゃんと<ruby=ほんちょう>本庁</ruby>の<ruby=はん>判</ruby>が押されているッス。\nもしかして、これで正式に諜報部の\nメンバーとして認められたんスか？」		
「ええ。真田警部が本庁まで\n行って掛け合ってくれたんです。\n『<ruby=きこういん>機巧院</ruby>は我々斑鳩警察の警官だ。』ってね。」		
「うひょー。\n真田警部。熱い男ッスねー。\nそこに痺れる憧れるゥー。」		
「逆に今までノヴァは\n正式な警官じゃなかったのか？」		
「はい。今までノヴァさんはこれまで前例が無い\nオートマタの諜報員という事で\n試験運用中だったんですよ。」		
「それで今回のフェイリクス事件の解決の功績だったり\n<ruby=ノヴァ>NOVA</ruby>シリーズが人間の<ruby=もほう>模倣</ruby>であると証明された事で\n正式に諜報部の警官として認められたわけですね。」		
「なるほど。あの事件が\n結果的にノヴァの人間性を証明する\n良い結果になったのか。」		
「ええ。未だに人間の<ruby=こんぱく>魂魄</ruby>を移植した\n<ruby=だいさんせだいがた>第三世代型</ruby>オートマタは人間と機械の\n境界線が<ruby=あいまい>曖昧</ruby>なままです。」		
「残念ながら現代の法では\nその存在の取り扱いに<ruby=くりょ>苦慮</ruby>し、\n手をこまねいているのが実情です。」		
「だからこそ、今回のノヴァさんの件が\n<ruby=だいさんせだいがた>第三世代型</ruby>オートマタの未来にとって\n良い<ruby=きざ>兆</ruby>しとなるといいですよね。」		
「あれ？お二人共、\n急に黙ってどうかしましたか？」		
「いや、急に天道がまともな\n事言い出すもんだから。」		
「気でも触れたのかと思って。」		
「酷いですねえ。\nたまに真面目な話をするとこれですよ。」		
「まぁ、とにかく。」		
「ノヴァさん、\n職場復帰おめでとうございます。\n今後ともよろしくお願いしますよ。」		
「うむ。苦しゅうない。」		
「なんて図々しい態度なんだこいつは。」		
「ああ。真田警部からの計らいで\n特別休暇が出るらしいですよ。」		
「え？マジ？」		
「ええ。諜報部としてはフェイリクス事件及び、\n<ruby=ノヴァ>NOVA</ruby>シリーズ事件が解決した功績という名目で。」		
「実際は色々お疲れであるノヴァさんと川島さんを\n休ませてあげたいっていうのが真田警部の本音ですね。」		
「真田のヤツ、\n粋な事をするじゃねーか。」		
「真田警部はツンデレですなー。」		
「それは真田警部に言ってあげてください。\n多分怒ると思いますけどね。」		
「さて、それじゃ喋りたい事は\n喋りましたし私はそろそろ失礼しますよ。」		
「ノヴァさん達の\nお邪魔になっちゃいますからね。」		
「わかってんじゃねーか。\nとっとと帰れ、帰れー。」		
「あ、そうだ。川島さん。」		
「ん？何だよ？」		
「ノヴァさんとの記憶、\n思い出せて良かったですね。」		
「どうです？ノヴァさん意外と\n<ruby=いちず>一途</ruby>なところあるでしょう？」		
「そうだな。\nいつもこんなテンションだから\n愛の重さにまるで気付かなかったが。」		
「あれってただの照れ隠しなんですよ。\nノヴァさんって<ruby=きっすい>生粋</ruby>の<ruby=じゅんじょうおとめ>純情乙女</ruby>なので。」		
「オォーイ！何コソコソしてんだ！\n余計な事喋ってないでとっとと帰れよー！」		
「おっと。これは<ruby=しっけい>失敬</ruby>。\nそれじゃこれでお<ruby=いとま>暇</ruby>します。」		
「それではごゆっくり。」		
「やれやれ、\nやっと帰ったか。」		
「天道さんと何を話してたんスか？\n余計な事、\n吹き込まれてないでしょうね？」		
（天道に弱みを握られてるノヴァは\n自分の評判が<ruby=おとし>貶</ruby>められてないかどうか\n気になるようだ。）		
（別に何を言われても俺がノヴァを\n嫌いになる事は無いんだがそういうの気にするの、\n可愛いとこあるよな。）		
「いや、別に？何も？」		
「ほんとにー？\nまぁ、別にいいッスけど。」		
「あぁ、そうだ。\n天道がさっき言ってたけど\nお前、今休暇中なんだろ？」		
「これからどっか遊びに行こうぜ。」		
「おー。デートッスね。\n行きましょ行きましょ。」		
「ほんじゃ、着替えてくるッス。\nでわ。」		
（一瞬で機嫌が直ったノヴァは\n<ruby=みじたく>身支度</ruby>を整えにパタパタと自室に入って行った。）		
<Off>煽り・私服		
「やっべ。遅刻遅刻～。」		
「ごめん。待った？」		
「おっそーい。\nいつまで待たせるのよ～。」		
「女の子を待たせるなんて\n失礼しちゃうわね。ぷんぷん。」		
「ごめんごめん。\n喫茶店でアイスストロベリーパフェ奢るから\n機嫌直してよ？」		
「しょうがないにゃ～。いいよっ。」		
「でも、トッピングはダブルで勘弁してあげる。」		
<Off>笑顔3・私服		
「ははは。こいつは一本取られたぜ。」		
「あはは。こいつぅー。」		
「……で、今回のパターンは\nどういう狙いがあるんだ？」		
「これまでとは<ruby=しこう>志向</ruby>を変えて\n彼氏が遅れて彼女のゴキゲン取りを\nするパターンッス。」		
「先に待ち合わせ場所で待っていたにも関わらず\n遅刻した彼氏を許してしまう彼女。」		
「その<ruby=いっしんふらん>一心不乱</ruby>な<ruby=けなげ>健気</ruby>さと\n<ruby=おおうなばら>大海原</ruby>のような心の広さを持ち合わせた\nパーフェクトな彼女に彼はもうメロメロでしょう。」		
「心広いやつがダブル要求するかね？」		
「逆ッス。」		
「逆？」		
「これは川島さんの心を広げる為なんス。\n彼女がダブル要求しても『はい。よろこんで。』と\nすぐに返せる心の広さを養う訓練ッス。」		
「お前はイエスマンを量産し\n自分の<ruby=げぼく>下僕</ruby>としようしているのか？」		
「否定無き肯定のみがある世界。\n人々が<ruby=そんちょう>尊重</ruby>し合える争いが生まれない真の平等。\nそれってとっても平和で素晴らしい世界だよねっ。」		
「人はそれをディストピアと言うんじゃないのか？」		
「川島さんは<ruby=リアリスト>現実主義者</ruby>ッスねー。\nまぁ、だからこそ一緒に居て\n退屈はしないッスけど。」		
<Off>笑み2・私服		
「さて、<ruby=こうれい>恒例</ruby>の茶番は終わった事だし\nデートを始めるとすっか。」		
「茶番では無く儀式ッス。\n<ruby=よていちょうわ>予定調和</ruby>ッス。」		
「それにデートなら\nもう始まってるんスよ。」		
独伯		
（ノヴァは俺の手を取り、歩き出す。）		
「さあ、行きましょう。\n我々のデートスポットへ。」		
「え？ナニコレ？」		
「今日は特別でしてね。当店ナンバーワンメイドの\nノヴァちゃんが川島さんの専属メイドとして\nおもてなしをさせて頂くんスよ。」		
「この前、ノヴァがカードハンターを追い払って\nウチの店を救ってくれたからね。\nそのお礼も兼ねてのサービスよ。」		
「良かったわね。ユートくん。\n超人気メイドのノヴァに特別接待してもらえるなんて。\nノヴァのファンが知ったら抹殺ものよ。」		
<Off>煽り2・私服		
「へぇー。そうなんだ。\nこいつはありがたい話だ。この場に\nノヴァのファンが居ない事を祈るよ。はは。」		
「ご主人様。今日はあなただけのメイドです。\nあなたの望みを叶え、\nあなたに<ruby=しふく>至福</ruby>の<ruby=ひととき>一時</ruby>を与えましょう。」		
「それでは一名様、ご案内～。」		
「お待ちどうさまー。ご注文の\n『ふわとろにゃんこオムライス』でーッス。」		
「え？頼んでないけど？」		
「今日のまかないは\n『ふわとろにゃんこオムライス』でーッス。\nだからタダなんです、ご主人様ー。」		
「……わざわざ金が掛からないメニューを\nご主人様に出すのはメイドとしてどうなんだ？」		
「ご主人様のお財布にも気を使える会計番長。\nそれがメイドのたしなみなのです。」		
「す、すげえ…！メイドの鑑だ…！\nなんて優良店…！コンカフェは客から\n<ruby=さくしゅ>搾取</ruby>するだけじゃなかったんだな…！」		
「当店が頂くのはご主人様のお気持ち。\nお気持ちはご主人様の我々にお見せ頂く\n誠意の具現化。<ruby=すなわ>即</ruby>ち対価でございます。」		
<Off>怒り7・私服		
「……遠回しに金銭要求してんじゃねー。」		
「さて、それでは美味しくなる\n魔法を掛けましょう。」		
「さ、これで魔法が掛かりました。」		
「おお。じゃあ、早速いただきまーす。」		
（俺がオムライスを食べようとした瞬間、\nノヴァにスプーンをかっさわれた。）		
<Off>悲しみ4・私服		
「あの……食べられないんですけど？」		
「自分が食べさせてあげるッス。」		
「はい。あ～ん。」		
（ノヴァはスプーンでオムライスを一口すくい、\n俺の口元まで持ってくる。）		
「あ、あーん。」		
「もぐもぐ………。」		
「おいしい？」		
「お、おいしい。」		
「美味しい頂きましたァッ！」		
「おめでとうございます！」		
「おめでとう！」		
（突如、店内から\n巻き起こる『おめでとう』コールと拍手。\nまるで状況が理解出来ない俺は唖然とする。）		
（なんなんだこれは。）		
「……こういう時、\nどういう顔をすればいいのかわからない。」		
「笑えばいいと思うよ。」		
「は……はは。」		
「はい。\n『アイスストロベリーパフェ・ダブル』。\nお待ちどうさま。」		
「おー。ありがとーッス。」		
「じゃ、ごゆっくり～。」		
「うほー。美味そうー。\nいただきまーッス。」		
「もぐもぐ……ウマー。」		
（おもてなしの儀式が終わったノヴァは\n俺の隣に座り普通に客として\nパフェを食い始める。）		
「メイド服来て客席に座ってると\n何か普通に休憩中みたいだな。」		
「実際今日はバイトじゃなくて\nお客として来てますからなぁ。」		
「オフの日にも制服貸してくれて\nメイドさんごっこさせてもらえるのは\nこのお店の懐の広いところですな。」		
「まぁ、お前がバイト先で\n楽しそうにやってるのが見れて良かったよ。」		
「あーあれッスよね。働く姿という\n普段とはまた違った一面を見れて\nそのギャップに胸キュンするやつッスね。」		
「そして、可愛い彼女が仕事とはいえ\n他人のご主人様にご奉仕するのを見て\nNTR展開で脳が破壊されるまでがセット。」		
「……まぁ、確かにノヴァが俺以外のヤツに\nご奉仕してるのは見ていて正直あまり面白くはない。」		
「おんやー。川島さん。\nもしかしてノヴァちゃんにヤキモチですかー？」		
<Off>思案4・私服		
「<ruby=ちゃか>茶化</ruby>すな。俺は推しのノヴァちゃんが\n誰かと仲良くしてるのが嫌なんだい。」		
「<ruby=す>拗</ruby>ねるな<ruby=す>拗</ruby>ねるな。\nまったくういやつよのう。」		
「というわけで特別企画！\nノヴァちゃんへの質問コーナーの時間です。」		
「ノヴァちゃんに\n何か聞きたい事はあるかなー？\n今なら何でも答えちゃうゾー。」		
「何の<ruby=みゃくりゃく>脈絡</ruby>も無しに\n唐突に謎コーナーが始まったな。」		
「質問募集中。」		
<Off>思案3・私服		
「………質問ねえ。」		
「そういやさ。\n<ruby=ノヴァ>NOVA</ruby>シリーズって\n結局どうなったんだ？」		
（あの<ruby=ふとう>埠頭</ruby>で<ruby=ノヴァ>NOVA</ruby>シリーズが<ruby=いかるがけいさつ>斑鳩警察</ruby>と交戦し、\n結果的にはノヴァが戦いを\n停止させたんだよな。）		
「元々<ruby=ノヴァ>NOVA</ruby>シリーズは<ruby=ていこくじゅうこうせいたいこうがくけんきゅうじょない>帝国重工生体工学研究所内</ruby>に\n<ruby=へいせつ>併設</ruby>されている<ruby=プロジェクトノヴァ>Project-NOVA</ruby>実験施設で\n<ruby=とうけつ>凍結</ruby>されていたんス。」		
「今回、ドクターが川島さんを抹殺対象に定めた事で\n<ruby=ノヴァ>NOVA</ruby>シリーズをスクランブルで<ruby=とうけつ>凍結</ruby>を解除し\n戦線に出撃させたという経緯があったわけッス。」		
「そして、<ruby=ふとう>埠頭</ruby>での<ruby=いかるがけいさつ>斑鳩警察</ruby>と戦闘後、\nドクターが逮捕されたのを機にスクランブルは解除。」		
「<ruby=ノヴァ>NOVA</ruby>シリーズは元の実験施設へと戻り\n再凍結となっているんス。」		
「なので、<ruby=ノヴァ>NOVA</ruby>シリーズは\n皆で<ruby=おとな>大人</ruby>しく睡眠中ッスね。」		
<Off>片目・私服		
「なるほど。\n急に<ruby=ノヴァ>NOVA</ruby>シリーズが現れ始めたのは\nそういう理由だったのか。」		
「ん？<ruby=ノヴァ>NOVA</ruby>シリーズってのは\n元々実験施設で凍結されてたんだよな？\n何でお前は凍結されてないの？」		
「自分は<ruby=ノヴァ>NOVA</ruby>シリーズの\n<ruby=ちゅうすうしれいとう>中枢司令塔</ruby>であり本体。\nつまり、リーダー的存在だからッス。」		
「はあ。」		
「<ruby=ノヴァ>NOVA</ruby>シリーズは、各機体が常時\n<ruby=ノヴァ>NOVA</ruby>ネットワークに接続され、取得した情報や\n記憶をリアルタイムで全ユニットに伝達可能ッス。」		
「そのため遠隔任務や集団行動においても、\n<ruby=しきけいとう>指揮系統</ruby>の<ruby=ちえん>遅延</ruby>が存在せず\n単一の意思で動いているかのように機能するッス。」		
「重要なのは、<ruby=ノヴァ>NOVA</ruby>シリーズが\n“個体”ではなく“集合体”として\n設計されている点ッスね。」		
「ゆえに一機を破壊しても意味はなく、\n<ruby=ちゅうすうしれいとう>中枢司令塔</ruby>である自分が存在する限り\n<ruby=ノヴァ>NOVA</ruby>シリーズは永久に不滅なんスよ。」		
「これぞまさにワンフォーオール、\nオールフォーワンのシステムッス。」		
<Off>真顔・私服		
「つまり、<ruby=ちゅうすうしれいとう>中枢司令塔</ruby>であるお前さえ\n稼働していれば<ruby=ノヴァ>NOVA</ruby>シリーズを\n動かす事も止める事も出来るって事か。」		
「そうッス。<ruby=ノヴァ>NOVA</ruby>シリーズは\n凍結状態ではあるスけど自分が号令をかければ\nいつでも呼び出す事はも可能ッスね。」		
「なるほど。だから急に影山が\n<ruby=ノヴァ>NOVA</ruby>シリーズ全機投入する事が出来たわけか。」		
「まぁ、凍結状態と言っても常に<ruby=ノヴァ>NOVA</ruby>ネットワークで\n全機体に情報は共有されているからいつでも出撃可能な\nスタンバイ状態ではあるんスよね。」		
「………あの戦力を\nいつでも動かせるって考えたらヤバイな。」		
「実際、<ruby=ノヴァ>NOVA</ruby>シリーズの登場で\nオートマタの軍事利用が更に\n注目されるようになったのは事実ッスね。」		
「即時情報共有による統制、分散侵入と同時制圧。\n<ruby=ノヴァ>NOVA</ruby>シリーズの特性を最大限に活用することで、\n従来の強襲作戦とは一線を<ruby=かく>画</ruby>す成果が期待できるッスから。」		
「戦況を一気に変えるようなものを\n開発してしまったせいで、」		
「<ruby=ていこくじゅうこう>帝国重工</ruby>は軍関係のスポンサーから\nファンレターが絶えないのだとか。」		
「でもよ。<ruby=ノヴァ>NOVA</ruby>シリーズを\nずっと眠らせておくって事は<ruby=ていこくじゅうこう>帝国重工</ruby>は\n軍事利用は考えてないって事か？」		
「そうみたいッスね。元々、<ruby=ノヴァ>NOVA</ruby>シリーズは\n人工的にソードブレイカーを扱い<ruby=けんま>剣魔</ruby>を<ruby=くちく>駆逐</ruby>するという\n目的で設計されているッス。」		
「なので、そのコンセプトを\n変えるつもりは無いみたいッス。」		
<Off>思案2・私服		
「<ruby=けんま>剣魔</ruby>を<ruby=くちく>駆逐</ruby>……か。」		
<Off>真剣・私服		
「<ruby=けんま>剣魔</ruby>を<ruby=くちく>駆逐</ruby>し平和に暮らせる世界を願った。\nその為にノエルは\n<ruby=プロジェクトノヴァ>Project-NOVA</ruby>の実験に参加したんだよな。」		
「ええ。<ruby=りんしょうじっけん>臨床実験</ruby>の結果としてノエルさんの\n命と引き換えに<ruby=だいさんせだいがた>第三世代型</ruby>オートマタ、\n<ruby=ノヴァ>NOVA</ruby>13号機の自分が誕生したんス。」		
「ノエルは死んだ。もう居ない。\nだけどノエルの<ruby=こんぱく>魂魄</ruby>はお前の<ruby=ぎじこんぱく>疑似魂魄</ruby>の中で\n今も生き続けている。そうだろ？」		
「そッス。<ruby=ノヴァ>NOVA</ruby>シリーズの原点。\nオリジナルの<ruby=こんぱく>魂魄</ruby>を受け継いだ自分は\nノヴァであり、ノエルさんでもあるッス。」		
「だからこそ、自分は<ruby=ちゅうすうしれいとう>中枢司令塔</ruby>として\n<ruby=ノヴァ>NOVA</ruby>シリーズの<ruby=しきけいとう>指揮系統</ruby>を<ruby=にな>担</ruby>っているという\n経緯があるんスよ。」		
<Off>笑み5・私服		
「そっか。お前の中に\nノエルが居るってわかって\n俺も救われた気がするよ。」		
<Off>苦笑・私服		
「あの時の俺はノエルを\n助けてやる事は出来なかったから。」		
「ノエルさんは既に川島さんに\n救われていたんだと思うッス。」		
「だから、ノエルさんは自分の意志で、\n<ruby=けんま>剣魔</ruby>が居ない世界を望んで<ruby=プロジェクトノヴァ>Project-NOVA</ruby>の\n臨床実験を受ける事を決意した。」		
「ノエルさんが最後まで\nノエルさんであり続けられたのは\n川島さんの支えがあったから。」		
「自分はそう思うッス。」		
「……ノヴァ。」		
「さてさて、<ruby=ノヴァ>NOVA</ruby>シリーズの理解も深まった事ですし\nノヴァちゃんへの質問コーナーを終了としますか。」		
「良かったッスね。川島さん。\nこれでまたノヴァちゃんを\n知ることが出来たッスよ。」		
「お前の理解度が上がるとどうなるんだ？」		
「ちっちっち。<ruby=やぼ>野暮</ruby>な質問ッスね。\n好きな子の事をもっと知りたいと思うのは\n<ruby=しごくとうぜん>至極当然</ruby>な事なんスよ。」		
「ノヴァちゃんを知るという事は！\nもっとノヴァちゃんが好きになると言う事さ！」		
「ノヴァちゃんを好きにな～る。\nノヴァちゃんを好きにな～る。」		
（ノヴァは人差し指をぐるぐる回しながら\n謎の呪文を詠唱し始めた。）		
「どう？好きになった？」		
<Off>ウインク・私服		
「おいおい。何言ってんだ。\n元々俺はノヴァにゾッコンLOVEだぜ。」		
「ひゅー。\nストレートに言ってくれるぜ。」		
「今のはノヴァちゃん的に\nポイント高いッスよ。」		
「どう？メイドさんごっこ楽しめたかしら？」		
「それはもちろん。\nご<ruby=まんえつ>満悦</ruby>ッスよね？川島さん。」		
「まぁ、メイド服姿の\nノヴァに奉仕されるのは\n悪くない体験だったな。」		
「なに人前だからって<ruby=しゃ>斜</ruby>に構えてるんスか。\n『ノヴァちゃん最高！』ぐらい言ってもいいんスよ。」		
「ノヴァちゃん最高！」		
「あら、大満足みたいね。」		
「ええ。というわけで我々は\nこれで失礼するッス。」		
「はーい。今度は普通に\nシフト入ってくれてもいいんだからね。\nノヴァ。」		
「まぁ考えておくッス。\nでわまたー。」		
「あ、<ruby=たてがみ>盾守</ruby>パイセンだ。」		
「あんなところで何してんだアイツ？」		
「ミーちゃん……。\nどこ……？どこに居るの……？」		
<Off>不満2・私服		
「あ………っ。」		
「休日に<ruby=しどう>獅堂</ruby>と仲良く出掛けていた事が\n忘れられずかつて二人で行った<ruby=きせき>軌跡</ruby>を\nトレースしているのか……。」		
「ミーちゃん……。\n会いたい……。\nあなたに会いたい……。」		
「盾守パイセンは<ruby=いま>未</ruby>だに\nミーちゃんの<ruby=げんえい>幻影</ruby>に\n<ruby=とら>囚</ruby>われているんスね。」		
「こんなに悲しい事ってあるのか。」		
「あらあら。\n川島さんと<ruby=きこういん>機巧院</ruby>さん。\nこんにちは。」		
「よう。<ruby=きぐう>奇遇</ruby>だな。」		
「はろはろーッス。」		
「ほらほら。ミナトお嬢様。\nお友達にご挨拶しないと。」		
「……チッ。」		
「……こんにちは。」		
「……何で舌打ちしてんだよ。」		
「こんなところで\n出くわすなんて奇遇ですね。\nお二人はもしかしてデートですか？」		
「ええ。見ての通り、\n我々はアツアツカップルなので。」		
「……聖皇学園の生徒たる者が休日に\nイチャイチャとデートですって？\n<ruby=ふじゅんいせいこうゆう>不純異性交遊</ruby>も<ruby=はなは>甚</ruby>だしいわね。」		
「俺達は学生らしい健全なお付き合いをしているんだ。\nカップルを目の<ruby=かたき>敵</ruby>にするような\n<ruby=へんけん>偏見</ruby>はやめてもらおうか。」		
「何ですかその絶対的優位な立場からの物言いは。\nデートがそんなに偉いんですか？ええ？\n殺すぞ。」		
「……え？何この人。\n急にキレ出して怖いんですけど。」		
「いけません。お嬢様。\n<ruby=せいしゅんま>青春真</ruby>っ<ruby=さか>盛</ruby>りのカップルを\n<ruby=ひが>僻</ruby>むような事をなさっては。」		
「ここは<ruby=しゅくじょ>淑女</ruby>として\nお二人の幸せを願い祝福するとしましょう。」		
「……チッ。\n別に<ruby=ひが>僻</ruby>んでないし。」		
「……何でこの人、\nさっきから舌打ちしてるんだろう。」		
「川島さん、機巧院さん。\n先日のフェイリクス事件の解決、\nありがとうございました。」		
「おかげでお嬢様の洗脳は解け、\n御覧のようにいつも通りの\nお嬢様に戻ってくれました。」		
「え？これでいつも通りなの？\nまだどこか洗脳されてるとかないよね？」		
「まぁでも常に周囲を敵視する\nキレたナイフみたいな存在が\n獅堂かいちょーって感じッスよね。」		
「フェイリクスにデレデレしている\n浮ついた獅堂かいちょーは\nやはり偽物だったという事ッス。」		
「なるほど。だから俺達みたいな\n休日にデートするような浮ついた連中を見ると\n気に入らなくて仕方が無いのか。」		
「さっきから何やら失礼な事ばかり言って\nもしかして私を<ruby=ぐろん>愚弄</ruby>しているのですか？」		
「ううん。全然そんな事ないよ。」		
「ステラ。こいつらと\n話していても時間の無駄よ。\nさっさと行きましょう。」		
「はいはい。わかりました。\nお嬢様。」		
「それじゃ私達はお買い物の途中なので\nこれで失礼しますね。」		
「おう。じゃあな。」		
「ばいばいッスー。」		
「では、参りましょうか。\nお嬢様。」		
「あ……っ！あれは…！\nミーちゃん……！？		
「待って…！私を置いて行かないで…！\nミーちゃあああーーーーん！」		
「……なんだろう。せっかく獅堂に会えても\n<ruby=じゃけん>邪険</ruby>に扱われるであろう盾守を想像すると\n<ruby=ふびん>不憫</ruby>でならない。」		
「フェイリクスは盾守パイセンに\n一生消えない傷を残してしまったんスね。」		
「フェイリクスも単純に\nあの二人を仲直りさせようとしただけだってのに\nむしろ悪化してるのは予想外の結果ではあるよな。」		
「さて、次はどこ行くッスか？」		
「実は顔出しておきたい場所が\nあるんだよな。」		
「ほうほう。」		
「いらっしゃいませ。\n『<ruby=バー スメラギ>BAR SUMERAGI</ruby>』へようこそ。」		
「わお。ユリせんせーのバーテン姿、\nかっこいー。」		
「よお。ユリ姉。来たぜ。」		
「って、何だ。お前達か。」		
「おいおい。\n最愛の弟がせっかく来たって言うのに\n何だはないぜ。」		
「せっかくの\n機巧院とのデートだというのに\n何故お前は姉離れが出来んのだ。」		
「まったくですな。\nこのシスコン野郎に\nもっと言ってやって欲しいでござるよ。」		
「俺は家族愛に満ち溢れてるだけなんだ。\n何もおかしくはない。」		
「やれやれ。また始まったか。」		
「ところでユリせんせーは\nここでバイトしてたんスねー。」		
「うむ。友人がこのバーのマスターをしていてな。\n少しでも力になれればと思って志願したのだ。」		
「うんうん。\nユリヒメが働いてくれて大助かりよ。\nなんたってウチの<ruby=かんばんむすめ>看板娘</ruby>なんだから。」		
「おや。リサさん。\nこんにちはッス。」		
「いらっしゃい。ノヴァ。」		
「<ruby=かんばんむすめ>看板娘</ruby>ってお前なぁ。\n私は客引きピエロではないぞ。」		
「えー。<ruby=けんそん>謙遜</ruby>しちゃって。\nユリヒメ目当てで来るお客さん多いのに。」		
<Off>激怒3・私服		
「な…！ユリ姉目当ての客だと…！？\nそいつはまずい…！一刻も早く排除しなくては…！」		
「はいはい。落ち着きましょうねー。\n川島さん。」		
「じゃあ、そんな大人気看板娘の\n<ruby=い>淹</ruby>れるドリンクでもいかがかな？」		
「うむ。せっかく店に来たのだ。\nお前達、何か注文していくがいい。」		
（ユリ姉は店のメニューを差し出す。）		
「おっと。君達は未成年だから\nソフトドリンクで我慢してね。」		
「ここってリサさんのお店だったんスね。」		
「うん。私この『<ruby=バー スメラギ>BAR SUMERAGI</ruby>』で\nマスターやってるんだ。」		
「オートマタがバーのお店を\n開いてるなんて意外でしょ？」		
「そッスね。リサさんみたいに自分の意志で\nお店を開こうなんていう酔狂な\nオートマタは珍しいッスね。」		
「メイドカフェでバイトしたり配信者したり\n<ruby=デュエリスト>決闘者</ruby>やってるオートマタも\n随分珍しいと思うが。」		
「リサは昔から自分の店を持つのが夢だったな。\nリサが語る夢の話をよく傍らで聞いていたものだ。」		
「ええ。お店を持つ為に色んなところで\n働いてコツコツお金を貯めて。\nそりゃあもう下積み時代が長かったんだから。」		
「それでやっとこのお店を持てるって\n決まった時はほんとに嬉しかったなぁ。」		
「うむ。仲間達を集めて盛大に\n開店パーティーをしたものだ。」		
「うんうん。\nあの時は楽しかったねー。」		
「ユリヒメお酒弱いのに\n無理してお酒飲むから\n酔い潰れちゃって大変だったんだからー。」		
「へー。ユリせんせー。\nお酒弱いんスねー。」		
「ユリ姉、ビール１杯でも\nフラフラになってなかったか？」		
「むむむ。せっかくのバーの開店祝いなのだ。\n酒ぐらい飲みたくなるのは<ruby=しんじょう>心情</ruby>というものだ。」		
「ふふっ。わかってるよ。\nユリヒメのそういう義理堅いところ私好きだから。」		
「こうして開店当初から\n今もウチのお店を手伝ってくれてるしね。」		
「ふ。私も友の夢に感化され、\n一緒に同じ夢を見たくなったのさ。」		
「おかげで私は良い夢が見れている。\n感謝している。リサ。」		
「どういたしてまして。\nこれからもよろしくね。ユリヒメ。」		
「ああ。こちらこそだな。」		
「リサさんとユリせんせーって\n随分と仲良いっスけど\n昔からの付き合いなんスか？」		
「ああ。実はリサとは\n前の職場で一緒になったんだ。」		
「ユリせんせーの前の職場って言うと……\nえ、<ruby=いかるがけいさつ>斑鳩警察</ruby>ッスか？」		
「そうそう。私とユリヒメは\nなんと<ruby=いかるがけいさつ>斑鳩警察</ruby>の警官だったのだー。」		
「うほー。なんという偶然。\nという事はお二人は自分の先輩ッスねー。」		
「ここにまさかの斑鳩警察関係者が\n三人も居るとはな……。」		
「リサとは同じ部署で働く仲間でな。」		
「ユリヒメは現場でバリバリ仕事するタイプで\n私はユリヒメのサポートをする\nオペレーターって感じね。」		
「持ちつ持たれつ。\nリサは互いに助け合える同僚であり友人なのだ。」		
「なるほど。確かにお二人は\n相性良さそうッスねー。」		
「今ではユリヒメが\n私のお店のサポートしてくれてるもんね。」		
「私はもう斑鳩警察では無くなったが\nリサの友人というのは変わらない。\n友人の為に何か出来る事がしたいのさ。」		
「うーん。嬉しい事言ってくれるわねー。\nやっぱユリヒメはこうでなくっちゃ。」		
「おいおい。私はいつもと変わらないだろ？」		
「ユート、ノヴァ。\nユリヒメをフェイリクスの洗脳から\n解き放ってくれてありがとうね。」		
「見ての通りユリヒメ、\n元通りになったみたい。」		
「礼には及ばないさ。\n俺は元々、ユリ姉を正気に戻す為に\nフェイリクスとか戦ってたんだからな。」		
「いや、まったく。苦労したッスよ。\nユリせんせーを寝取られて落ち込む川島さんの\n介護をしながら任務を遂行するのは。」		
「おい。俺が足引っ張ってるみたいな言い方をするな。」		
「実際、めちゃくちゃ足引っ張ってたッスけど。」		
「？　お前達は何の話をしているのだ？」		
「ユリヒメは知らなくていいのよー。\nそのままのあなたで居てね。」		
「む。私は<ruby=の>除</ruby>け者か？」		
「<ruby=す>拗</ruby>ねない<ruby=す>拗</ruby>ねない。」		
「さて、ユリ姉の淹れてくれたドリンクも\n<ruby=たんのう>堪能</ruby>した事だしそろそろ行くとするか。」		
「はちみつミックスジュース美味しかったッス。\nはちみー。はちみー。」		
「店に来ればいつでも<ruby=ふるま>振舞</ruby>ってやろう。」		
「またいらっしゃい。」		
「ああ、また来るぜ。」		
「僕は金にものを言わせ自分のデッキを\n最大限まで強化した。\n絶対に負けない最強の力を手に入れる為に。」		
（花咲はカードハンターの頭を足で踏みつける。）		
「さーて。とんだ邪魔が入ったッスけど\n<ruby=とうしょ>当初</ruby>の予定であったメインイベント会場へ\n行きましょう。」		
「花咲が邪魔呼ばわりされてるんだが。」		
「ささ、こちらッス。」		
（ノヴァに<ruby=みちび>導</ruby>かれて<ruby=ろじ>路地</ruby>に入ると\nホテル街にやって来た。）		
「えーと、どこだったかな？」		
「お、あのホテルッスね。」		
（ノヴァはホテルの建物を指差す。\nえ？これラブなホテルなやつじゃないの？）		
「さて、入りましょうか。」		
（ノヴァを俺の手を引いて建物に入っていく。）		
「え？ちょ、マジ？」		
受付		
「ご予約の２名様ですね。\nこちらルームキーとなります。」		
「ありがとーッス。」		
（ノヴァは鍵を受け取り\nエレベーターに乗り込む。）		
「あ、この部屋ッスね。」		
「では、レッツゴー。」		
「おー。なかなかいい部屋ッス。」		
「あの、ノヴァさん？\nこの部屋で何をなさるのですか？」		
「ふっふっふ。\nホテルの部屋に男女が二人。\nする事は一つしか無いでしょう。」		
「それじゃ自分は着替えてくるッス。」		
（あ……ありのまま今起こった事を話すぜ。\n今日は健全なデートだと思っていたら\nいつのまにかラブなホテルの一室に来ていた。）		
（洗脳だとか妄想だとか\nそんなチャチなもんじゃあ断じてねえ……。\nもっと恐ろしいものの<ruby=へんりん>片鱗</ruby>を味わったぜ…。）		
（う……嘘だろ……？\nまさかこんな唐突なタイミングで\n大人の階段を上っちまうっていうのかよ。）		
（く…っ！なんてサプライズだ…！\n積極的過ぎるぜ…！\nノヴァちゃんよ…！）		
「魔法アイドル・ザクロちゃん！\n参上！」		
「君のハートをずっきゅんと\n撃ち抜いちゃうぞ。\nお兄ちゃん。」		
「こ……これは……！\n『魔法アイドル・ザクロちゃん、\n第１シーズン変身バージョン』！」		
「ザクロちゃんの変身衣装はどれも神だが、\n原点にして頂点、まさに至高の究極、\n初代バージョンを持ってくるなんて…！」		
<Off>激怒4・私服		
「わかっている…！\nこれはわかっているな…！」		
「ザクロちゃんファンの心を\n確実に見通している…ッ！」		
「どうッスか？テンチョーから\n仕入れたこのコスプレ衣装。\nまさにザクロちゃんそのものでしょう？」		
「す、凄すぎる…！なんて完成度の高さ…！\nまさにザクロちゃんが\n現世に降臨したと言っても過言ではない！」		
「そして、容姿も口調も\nキャラクター性もザクロちゃんそのもの…！」		
「まさかこの時の為に\nザクロちゃんを\n<ruby=もほう>模倣</ruby>していたというのか…！」		
「ふっふっふ。すべてはこの瞬間の為に。\nハートのときめきがメモリアルッスね？\nお兄ちゃん。」		
<Off>叫び3・私服		
「ああ！俺は今、モーレツに！\nときめきがトゥナイトしているぜ！」		
「お兄ちゃんはザクロちゃんに\n会いたい会いたいと言ってやかましいから、」		
「いっその事、\n自分がザクロちゃんに\nなる事にしたんスよ。」		
（俺は頬から<ruby=ひとすじ>一筋</ruby>の涙が流れ落ちた。）		
<Off>困惑・私服		
「ありがとう…。ありがとうザクロちゃん…。\n俺は君に会えて感動の余りに\n涙が止まらないんだ…。」		
「さあ、涙拭いて顔上げて？\nせっかくザクロちゃんに会えたんだから\n泣いてたら勿体無いッスよ。」		
「何かザクロちゃんに\nして欲しい事は無いんスか？\nお兄ちゃん。」		
「ん？今何でもって言った…？」		
「いや別に何でもとは一言も言ってないッスけど\n可能な範囲で要望には応えましょう。」		
「いいよー。いいよー。\nそのポーズいいよー。」		
「はいよー。」		
「カメラ目線もらえるー？\nそうそうー。そんな感じー。」		
「オッケー。ナイスショットー。」		
「よーし。今度は<ruby=うわめづか>上目遣</ruby>いでキスを\n求めるような恥じらいの気持ちを出しつつ\n『お兄ちゃん』と言ってみよう。」		
「……何その要求。キモ。」		
「ザクロちゃんはそんな事言わない。」		
「ザクロちゃんはそんな事言わないよ？\nお兄ちゃんの事は全肯定するからね。」		
（ノヴァはやれやれと言いながら\n指示通りに若干の恥じらいを持たせつつ\n<ruby=うわめづか>上目遣</ruby>いを送り、一言。）		
「………お兄ちゃん。」		
「………素晴らしい。」		
「よーし。最後に\nキメポーズ＆キメ台詞行ってみよう。」		
「お任せを。」		
「正義のきらめき、ここに降臨！\n『魔法アイドル・ザクロちゃん』！」		
「きらめきハートでズッキュンおしおき！\n「ラブリー☆パワーで<ruby=あく>悪</ruby>・<ruby=そく>即</ruby>・<ruby=ざん>斬</ruby>！」		
「イエース！YES！YES！YES！」		
「ザクロちゃん！ザクロちゃん！\nFOOOOOOOOーーーーッ！！」		
「ご利用ありがとうございました。\nまたお越しください。」		
「ではまたー。」		
「いやー。良かったよ。\nザクロちゃん。すげー再現度で\nめちゃくちゃ<ruby=たんのう>堪能</ruby>出来た。」		
「ははは。それは良きかな。\nこの日の為にテンチョーに\nザクロちゃんの衣装を頼んでたんスよ。」		
「衣装の出来も良いし、\nそれを着こなすノヴァも最高だった！」		
「そんなに気に入って頂けたのなら\n次の衣装もテンチョー経由で\n手配してもいいかもしれないッスね。」		
「マ、マジか！\nそれなら『シーズン２の覚醒バージョン』や\n『劇場版の<ruby=こくよく>黒翼</ruby>の<ruby=しと>使徒</ruby>バージョン』も見たい…！」		
「おやおや。川島さんは<ruby=ごうよく>強欲</ruby>ですなー。」		
「まぁ、川島さんの態度次第では\nそのうち着てあげてもいいッスよ。」		
「わ、わかったよ！絶対だからな！\nザクロちゃん！」		
「……完全にザクロちゃん呼びになってるし。\nもはや川島さんにとって\n自分はザクロちゃんに見えてるんスね。」		
「く…っ。ここまでしてくれた\nザクロちゃんに何かお返しがしたい…。」		
<Off>挑発2・私服		
「俺もザクロちゃんに\nプレゼントを買いたいから\nショッピングモールに行こう。」		
「いいッスけど、\n自分ノヴァッスよ。ノヴァ。」		
「よし。そうと決まれば出発だー。\nザクロちゃんに何を買ってあげようかな。」		
「よーし。ここでザクロちゃんの\nプレゼント買っちゃうぞー。」		
「ザクロちゃんは今、\n何が欲しいのかな？」		
「ノヴァ。」		
「……ノヴァ。君の欲しいものは？」		
「そッスねー。\n配信用に使う機材とか欲しいッスかね。」		
「という事は家電コーナーか。」		
「ここがマイクコーナーか。\n何か似たようなやつが\nめっちゃあるんだけど。」		
「何が違うのコレ？」		
「配信に使うマイク選びで重要なのは\n声をより品質良くリスナーに届けるのに\n適した性能ッス。」		
「その為には、音質が良く、\nノイズが除去が出来てよりクリアな音が\n提供できるスペックが必要ッス。」		
「大抵のマイクだとそういった基本的な機能は\n搭載されてるんスけどもちろん値段が高いほど\n高性能で品質が良いんスよ。」		
「では、自分が今、欲しいマイクは\nこのNEWMAN ELT 301 ッスね。」		
「世界中のプロに愛用されている\nマイクブランドNEWMANの中で比較的安価な\n価格帯で提供されている高音質なマイクッス。」		
「へー。性能の割には安めのマイクなのかー。\nどれどれお値段は……、」		
「……え？12万？」		
「ね？安いでしょう？」		
「ノヴァ。\n何か欲しいものはあるかな？\nマイク以外で。」		
「世界トップクラスの家電企業SOMY社から\n発売された高品質ワイヤレスヘッドホン。\nWW-2000MMX7。」		
「世界最高クラスのノイズキャンセリングを\n搭載した高音質クリアサウンドを提供し\n何とお値段7万円のお手頃価格！」		
「な、7万？」		
「ノヴァ。次行こうか。」		
「今度はカードショップ？」		
「ゲーム版『ソード＆ブレイカーズⅣ\n～<ruby=はやかぜ>疾風</ruby>カケル・バージョン～』に\n初回限定ランダム封入された超激レアカード！」		
「『<ruby=でんじんちょうじん>電人超人</ruby>スパークリング・イェーガーΩ』！\nプレミア価格3万5千円！」		
「ノヴァ。\n一旦、落ち着こうか。」		
「どれも高くね？\n高校生の資金力じゃ買えなくね？」		
「なんだよー。\nプレゼント買ってくれるっていうから\n色々紹介してたのにー。」		
「この<ruby=かいしょう>甲斐性</ruby>無しー。\nノヴァちゃんを<ruby=やしな>養</ruby>うならこれぐらい\nポンって買えなくちゃいけないんだぞー。」		
「……え、彼女ってこんなに金掛かるの？\n俺の幻想が今ぶち殺されたんだが。」		
（俺がノヴァへのプレゼント決めきれずに\nおろおろしているとどこかで\n見た事ある奴と目があった。）		
（……あれ？あいつ<ruby=ノヴァ>NOVA</ruby>シリーズだよな。\nっていうか、何か手招きしてるんだけど\n俺を呼んでる？）		
「ノヴァ。一旦タイム。\nちょっと作戦会議して来るから待ってて。」		
「あーなるほど。大きい方ね。\nじゃあ、適当に時間潰してるッス。」		
（何かを察したノヴァは席を外す。\n……明らかに何か勘違いしている。）		
「挨拶。こんにちは。13号のマスター。\n私は<ruby=ノヴァ>NOVA</ruby>シリーズ34号機です。」		
「34号って……前も俺に警告して来たヤツか？」		
「再会。はい。お久しぶりです。\n13号のマスター。」		
「何でお前がここに居るんだよ。\nっていうか、<ruby=ノヴァ>NOVA</ruby>シリーズって\n凍結中じゃなかったのか？」		
「肯定。<ruby=ノヴァ>NOVA</ruby>シリーズの大半は凍結中です。」		
「しかし、凍結中も<ruby=ノヴァ>NOVA</ruby>ネットワークによって\n13号の情報は常に<ruby=ノヴァ>NOVA</ruby>シリーズ全機に\n共有されています。」		
「救援。13号の危機的状況を検知した為、\nこうしてスクランブル発進して\n現場に急行しました。」		
「……つまり、ノヴァのピンチを\n察知して助けに来たって事か？」		
「肯定。13号のマスターはプレゼントを\n決めかねている。このまま放置すれば13号は\nプレゼントを買ってもらえない。まさに危機的状況です。」		
「ノヴァの要求するものが<ruby=のきな>軒並</ruby>み高すぎて\n俺の財布が危機的状況なんだが。」		
「説明。13号は<ruby=ないこうてき>内向的</ruby>な為、\n本心を相手に伝える事が苦手です。」		
「あいつが<ruby=ないこうてき>内向的</ruby>……？初耳だぞ。」		
「助言。本質的にはあなたから贈られた\nプレゼントであれば13号は\nどんなものであれ嬉しいのです。」		
「証明。あなたが過去に贈ったものを\nずっと大切にしていたのが何よりの証拠。\n金額は関係ありません。」		
「な……なるほど。確かに。」		
「伝達。助言は伝えました。\nあとはあなたが自分で考えてください。」		
「あ……あぁ。考えてみる。\nありがとうな。」		
「それでは失礼します。\nさようなら。13号のマスター。」		
「えーと。ノヴァは……っと。」		
（ゲームセンターのアーケード筐体コーナー。\nその１席に座り格ゲーを\nプレイするノヴァが居た。）		
<Off>笑み・私服		
「ノヴァ。待たせたな。」		
「おー。スッキリしたッスか？\n急に<ruby=もよお>催</ruby>すと大変ッスからねー。」		
「……いや、別に腹痛で\nトイレ<ruby=こも>籠</ruby>ってたわけじゃないんだけど。」		
「さて。ちょうどいいし\n『ソード＆ファイターズ』の対戦しましょう。」		
「よーし。いっちょやってやるか。\n今度は負けないからな。」		
「意気込みは良し。\n軽く捻ってやるッス。」		
（俺はノヴァの向かい側の筐体に座り。\nコインを投入する。）		
「行くぞ！ブリュンヒルデ！\nいつぞやの借りを返してやるッ！」		
「<ruby=しょうこ>性懲</ruby>りも無くブリュンヒルデッスか。\nいいでしょう。また『くっころ』にしてやりますよ。\n『くっころ』に。」		
「この<ruby=ティアー>Tier</ruby>最上位キャラのエクセルハートでね。」		
<Off>激怒・私服		
「キャラの性能の違いが戦力の\n決定的さでないということを\n教えてやる！」		
（この後、俺はノヴァに連敗に連敗を重ね。\n再びブリュンヒルデの『くっころ』祭りが\n開催されたのである。）		
（ゲーセンで汗を流した俺達は\nショッピングモールの近場にある\n公園に来ていた。）		
<Off>怒り5・私服		
「くそー。また負けたー。」		
「ははは。<ruby=ゆかいゆかい>愉快愉快</ruby>。\n今日もガッツリ勝たせてもらったッスよ。」		
「そんなに勝ちたいなら弱キャラの\n『ブリュンヒルデ』じゃなくて\n強キャラ使えばいいんじゃないッスか？」		
「うるせー。弱かろうが\n俺は『ブリュンヒルデ』で勝ちたいんだよ。」		
「川島さん。残念系ポンコツキャラ\n結構好きッスもんねー。」		
「っていうか、\nもう日が落ちて夜になっちまってるな。」		
「何かんだ１日中遊んでましたからなぁ。」		
「ああ。ノヴァと居るのが\n楽しくてあっという間に\n時間が過ぎちまったぜ。」		
「ええ。自分も川島さんとのデート、\nとても楽しませてもらったッス。」		
「そいつは<ruby=ちょうじょう>重畳</ruby>。\n俺達、相性バッチリだな。」		
「それはもちろん。なにせ\n川島さんは正式にマスター登録された\n自分のマスターなんスから。」		
「あの時、お前が偶然にも<ruby=ついらく>墜落</ruby>して\n記憶喪失になってなかったらこうやって\n二人でデートする事も無かったんだよな。」		
「いえ、これは偶然ではなく<ruby=ひつぜん>必然</ruby>。\nまさに運命の出会いってヤツッスよ。」		
「だって、<ruby=ていこくじゅうこう>帝国重工</ruby>の最新型、<ruby=だいさんせだいがた>第三世代型</ruby>オートマタが\n任務中に動作不良を起こし工場出荷状態で\n川島さんと出会うだなんて<ruby=てんもんがくてき>天文学的</ruby>な確率ッスよ。」		
「だからこれは<ruby=いんがりつ>因果律</ruby>がもたらした運命。\n自分と川島さんは結ばれる運命に\nあったというわけッス。」		
「おいおい。今日のノヴァは随分<ruby=してき>詩的</ruby>で\nロマンチストじゃねーの？」		
「知らなかったんスか？\n自分は結構<ruby=おとめ>乙女</ruby>なんスよ？」		
（ノヴァはおもむろに俺に近づき\nそっと胸に手を置き身体を寄せた。）		
「ノヴァ……？」		
「川島さんの心臓の鼓動が\n……聞こえるッス。」		
「とても温かい……。\nオートマタには無い人間の温かみ。\nこれが人間の生きてる証……なんスね。」		
（ノヴァは俺の胸に耳をあて、\n心臓の鼓動を<ruby=いつく>慈</ruby>しむように聞いている。）		
「力強くて、でも優しい。そんな音。\nこの音聞いていると\nなんだかとても落ち着くッス。」		
「きっとそれは川島さんに寄り添い\n肌を重ねてるからなのかもしれないッス。」		
「そうか。\nだったらもっと聞かせてやる。」		
（俺はノヴァの背中に腕を回し抱きしめる。）		
「………あっ。」		
（少しでも力を入れると壊れてしまいそうに\nなるぐらいノヴァの小さくて<ruby=きゃしゃ>華奢</ruby>な身体。\n俺は優しく丁寧に抱きしめる。）		
「……意外と<ruby=だいたん>大胆</ruby>ッスね。\n川島さん。」		
<Off>挑発・私服		
「お前から誘って来たんだろ。\n<ruby=す>据</ruby>え<ruby=ぜん>膳</ruby>食わぬは男の恥だ。\n責任取れ。」		
「……変なところでメンタル弱くなる癖に\nこういう時は自信満々なんスよね。」		
「でも、そういう男らしさ。\n自分は好きッス。」		
「女の子が勇気を振り絞って\nアタック掛けて来てんだ。\nそれに応えないでどうするよ。」		
「……意外と鋭いんスよね。\n川島さんって。」		
（俺に抱き着いて来たノヴァは\n少しだけ身体が震えていた。）		
（もし、『拒絶されたらどうしよう？』\nきっとそんな事を考えながら\n俺に抱き着いて来たのだろう。）		
（いつもの<ruby=ひょうひょう>飄々</ruby>とした姿とは裏腹に\nちっぽけな勇気を振り絞りながら。）		
「……悪い。気づいてやれなくて。\nもっと早くこうしてやれば良かったな。」		
「……本当に鈍感なんスから。\n川島さんは。」		
「でも、良かった。」		
「………ずっとあなたとこうしたかった。」		
「自分と川島さんはマスターと\nオートマタの主従関係で\n結ばれているッス。」		
「本当はもっと川島さんに近づきたかった。\nずっと側に居たかった。\n誰にも渡したくはなかった。」		
「けれど、あなたはマスターで自分はオートマタ。\nオートマタはマスターの命令に従い\n要求を満たす支援をするもの。」		
「<ruby=しゅじゅうかんけい>主従関係</ruby>がある以上、\nどうしても踏み込めなかった。\n一線を越えられなかった。」		
「もし、拒絶されたらって思ったら……\n怖くて、足がすくんで、主従以上の\n近しい関係になれなかった……。」		
「だって……\n自分には川島さんしか居ないから。」		
「マスターに……川島さんに拒絶されたら\n自分は一人ぼっちになってしまう……。」		
「自分は一人は嫌なんス……。\nあなたと一緒に……\nあなたのお側に居たい……。」		
<Off>悲しみ・私服		
「ごめんな。ノヴァ。\n俺の不甲斐なさがお前を苦しめてしまった。」		
「けどいいんだ。お前はもっと自由でいいんだ。\n主従関係に<ruby=こだわ>拘</ruby>る必要なんて何一つ無い。\nそれは<ruby=ていこくじゅうこう>帝国重工</ruby>が決めたルールにすぎねぇ。」		
「俺はマスターだとか、お前がオートマタだとか、\n<ruby=プロジェクトノヴァ>Project-NOVA</ruby>の実験体だとか\nそんなものどうだっていい。」		
<Off>笑み・照れ・私服		
「俺はお前が、<ruby=きこういん>機巧院</ruby>ノヴァが好きだ。」		
<Off>笑み2・照れ・私服		
「ノヴァ。俺のメインヒロインになってくれ。」		
「…………嬉しい。」		
「はい。もちろんッス。\n最初から自分は川島さんの\nメインヒロインッス。」		
「自分もあなたが……川島さんが大好きッス。」		
「でも……言葉だけじゃ不安ッス。\nあなたのメインヒロイン足りえる<ruby=あかし>証</ruby>が\n欲しいッス。」		
「やれやれ。\n俺の言葉が信用出来ないってのか？」		
「……川島さんは\nいつも口だけは<ruby=たっしゃ>達者</ruby>ッスから。」		
（……うぐっ。\n完全に否定出来ないのが痛いところだ。）		
「……川島さん。お願いします。」		
（ノヴァは目を閉じ、\n俺を受け入れようとしてくれている。）		
「……わかった。俺も男だ。\n覚悟を決める。」		
（俺はノヴァの肩を掴み、\n顔を近づけ、そっとその唇に口づけをする。）		
「……………んっ。」		
「………ちゅ………んんっ……。」		
（ノヴァの小さく柔らかい唇。\n唇を重ね、<ruby=とろ>蕩</ruby>けるような甘さに酔いしれる。）		
「……んっ……んちゅっ。」		
（ひとりしきり唇を味わった俺は\nノヴァから身体を離す。）		
「……ぷは……っ。」		
<Off>ウインク・照れ・私服		
「どうだ？これで証明出来たか？」		
「……はい。\n川島さんのヒロインの証、\n頂きましたッス。」		
「――――――でも、」		
「――――もっとくださいッス。」		
（ノヴァは背伸びをしながら\n俺にキスをする。）		
「…………んっ……。」		
「………好き……です……っ。」		
「………あなたが……大好き……っ。」		
「………ん……ちゅ……っ。」		
（ノヴァはこれまでの<ruby=うっぷん>鬱憤</ruby>を晴らすかのように\n熱く、激しく、求めるようにキスを重ねる。）		
（ヒロイン認定された事に<ruby=あんど>安堵</ruby>したのか\nもはやなりふり構わず、甘えてくる。\nそんなノヴァが愛おしくてたまらなかった。）		
（俺はノヴァを優しく抱きしめながらキスをする。\nガラス細工のような<ruby=せんさい>繊細</ruby>な身体を壊してしまわないように。\nそっと、優しく。）		
「……えへへっ。\nデートの最後にキスだなんて\nまるで恋人同士ッスね。」		
「バーカ。とっくに俺達は恋人だろ？」		
「……はい。うん。\nそうッスね。」		
「……自分は川島さんの彼女ッス。\nなんたってキスまでしちゃったんスから。」		
<Off>煽り・照れ・私服		
「……面と向かって\n言われるとなんだか恥ずかしいな。」		
「ふふっ。照れてる川島さん。\n可愛いッス。」		
「あー……えーと。\nメインヒロイン公認記念という事で\n彼女のノヴァにプレゼントがあるんだが。」		
「そんな言い訳みたいな口実作らなくても\n普通に渡せばいいのに。」		
「男ってのは\n何をするにも<ruby=たいぎめいぶん>大義名分</ruby>が必要なんだよ。\n理由も無しに大それた事ができるか。」		
「彼女にプレゼント渡すのって大それた事なんスか。」		
「いーから。受け取ってくれ。\nほらよ。」		
（俺は紙袋から出したプレゼントを\nノヴァの首に巻いてやった。）		
「あ………これ……。」		
「お前に渡すプレゼントを色々が考えてみたんだが\nやっぱり予算的都合というか、高校生の俺には\nどうにも買えないものばかりでな。」		
「なんとか俺の小遣いでも買えそうなのが\nそのマフラーだったわけだ。」		
「ほら。前にあげたマフラー無くしちまったろ？\nだから、代わりと言っちゃあなんだが\n新しいマフラーをプレゼントさせてもらうよ。」		
「………嬉しい。\nすごく、嬉しいッス。」		
「………マフラーをプレゼントしてくれて\nありがとう。川島さん。」		
「………このマフラー、\n大切にするッス。」		
「お、おお。そんなに喜んでくれるとは\nプレゼントした<ruby=かい>甲斐</ruby>があったぜ。」		
「………川島さん。」		
「…………大好きッス。」		
エンドロール開始		
「喜び、怒り、悲しみ、楽しさ、\n<ruby=きどあいらく>喜怒哀楽</ruby>の<ruby=かんじょうひょうげん>感情表現</ruby>さえも\n人間と<ruby=そんしょく>遜色</ruby>ないほど<ruby=もほう>模倣</ruby>している。」		
「………あれが<ruby=からくりにんぎょう>機巧人形</ruby>の姿だというの？」		
「どうみても人間にしか見えないですよね。\nノヴァさんは。\nあれ、<ruby=だいさんせだいがた>第三世代型</ruby>オートマタなんですよ？」		
「見たことも聞いたことが無いわ。\n人に恋する<ruby=からくりにんぎょう>機巧人形</ruby>だなんて。」		
「そうですね。確かに<ruby=ノヴァ>NOVA</ruby>シリーズは\n人間の<ruby=もほう>模倣</ruby>を目的としていた。」		
「それは人間が<ruby=なまみ>生身</ruby>の身体を捨てて\n<ruby=ぎたい>義体</ruby>として永遠の<ruby=せい>生</ruby>を手に入れる為。」		
「そう、あれはただの器。\n器に感情なんていらないのよ。」		
「けれど、想定し得ないエラーが生じ\nプログラムされてない恋の感情が\n<ruby=めば>芽生</ruby>えてしまった。」		
「それはただの偶然か、プログラムのバグか、\nそれとも川島さんという<ruby=とくいてん>特異点</ruby>の影響か、\nそれは<ruby=さだ>定</ruby>かではありません。」		
「ただ、芽生えてしまった恋の感情は\nオートマタの主従関係を越えて\nマスターと恋人同士になるという奇跡を生み出した。」		
「それってとっても\n素敵な事だと思いませんか？\nカグヤさん。」		
「……今日はいつに無く<ruby=ろまん>浪漫</ruby>を語るわね。\nイルシオ。」		
「何故そこまであの機巧人形に\n肩入れするのかしら？\nあれが<ruby=ナンバーズ>番号付き</ruby>だから？」		
「確かにノヴァさんは我々と同じく\n<ruby=めいしゅさま>盟主様</ruby>に選ばれた<ruby=ナンバーズ>番号付き</ruby>です。」		
「けれど、私には\nそんな事どうだっていいんです。」		
「だって、ノヴァさんって可愛いですよね。\nもうそれだけで私のお気に入りの\nコレクションの一つです。」		
「……あなたの趣味はまったくわからないわ。」		
「カグヤさんこそ。オートマタを\n嫌いだと言いながらも今回は随分オートマタに\n興味を示していたじゃないですか。」		
「わざわざ<ruby=むげんつくよみ>夢幻月読</ruby>まで使って\nフェイリクスを川島さんに\nたきつけるなんて。」		
「……ただの気まぐれよ。\n<ruby=からくりにんぎょう>機巧人形</ruby>が持つ<ruby=ぎじこんぱく>疑似魂魄</ruby>とやらが\nどんなものか少し見てみたくなっただけ。」		
「それで、実際見てみた感想は？」		
「期待外れ……だったわ。途中まではね。」		
「フェイリクスの計画が失敗し、\n<ruby=きこういん>機巧院</ruby>さんの記憶が失われた時点で\n大方予想通りの結果だった。」		
「だから、\n私はつまらない<ruby=えんもく>演目</ruby>の<ruby=まくひ>幕引</ruby>きの為\n<ruby=さい>賽</ruby>の目を振りなおそうとした。」		
「影山さんも同じ結論だったみたいですねえ。」		
「けれど、サツキが……私を止めた。」		
「サツキはあろうことか母である\nこの私に刀を向け、この演目の続行を要求した。」		
「一体……何故……？\nこれまでのどの世界線でもサツキが\n私に逆らう事は一度たりとも無かった。」		
「何かがおかしい……。\nこの<ruby=げっこうけいかく>月光計画</ruby>そのものに狂いが生じている……っ。」		
「さてそれはどうでしょうね。」		
「……どういうことかしら？」		
「<ruby=むげんつくよみ>夢幻月読</ruby>によって<ruby=さみだれ>五月雨</ruby>さん達は\n決められたシナリオ、決められた配役で\n物語を進行してきました。」		
「しかし、<ruby=むげんつくよみ>夢幻月読</ruby>が<ruby=し>敷</ruby>いたレールに\n<ruby=ほころ>綻</ruby>びが生まれてきている。」		
「それは何故か？」		
「彼女達が自我を持ち始め、\nこの<ruby=むげんつくよみ>夢幻月読</ruby>に反逆しようとしている。」		
「………なん、ですって？」		
「……あり得ないわ。\nサツキ達は<ruby=けんまりゅう>剣魔竜</ruby>クサナギの<ruby=せいしんしょうげき>精神衝撃</ruby>で\n<ruby=こんぱく>魂魄</ruby>が致命的な損傷を受けている。」		
「その状態で<ruby=むげんつくよみ>夢幻月読</ruby>の<ruby=にんしきそがい>認識阻害</ruby>に\n<ruby=あらが>抗</ruby>えるはずがない。」		
「<ruby=むげんつくよみ>夢幻月読</ruby>がある限り、\nサツキ達はこの世界で\n平和で争いの無い夢を見続ける。」		
「それがあの子を守り、\nあの子が生き続けられる\n唯一の方法なのだから。」		
「外の世界は<ruby=けんまりゅう>剣魔竜</ruby>クサナギという<ruby=さいやく>災厄</ruby>が\n世界を<ruby=はめつ>破滅</ruby>に<ruby=みちび>導</ruby>こうとしている。」		
「確かにカグヤさんの言う通り\nこの世界に閉じ籠っていれば\n安全なのは間違いないですね。」		
「…………ですが、」		
「それならどうして今回、\nオートマタの可能性を\n試すような真似をしたんです？」		
「カグヤさん。\nきっとあなたも<ruby=うすうす>薄々</ruby>わかっているはずだ。\nこの世界が決して安全ではない事が。」		
「だから、<ruby=げっこうけいかく>月光計画</ruby>の最終目標に向けて\nオートマタに可能性を\n<ruby=みいだ>見出</ruby>そうとしているんじゃないですか？」		
「………言ったはずよ。\n私は<ruby=からくりにんぎょう>機巧人形</ruby>が嫌いだと。」		
「そうは言っても五月雨さんの命を救える\n唯一の方法がオートマタなのも事実。」		
「………………ッ。」		
「もはや我々には\n時間も選択肢も残されてない。」		
「人類の命運を賭けるしかない。\n<ruby=げっこうけいかく>月光計画</ruby>の<ruby=ひけんたい>被検体</ruby>である彼女達に。」		
「それでも………。」		
「それでも私は運命に<ruby=あらが>抗</ruby>ってみせる。\nあの子を……サツキを守る為に。」		
「もう二度とあの子を手離したりはしない。\n絶対に。」		
（帰路の途中、公園を通り掛かると\n突如として自動販売機が猛スピードで<ruby=ひらい>飛来</ruby>し、\n俺のこめかみを<ruby=かす>掠</ruby>め、地面に激突した。）		
「な、な、な、何だぁああああああーーーーーッ！！？？」		
（凄まじい破裂音と悲鳴が聞こえた方向を見やると、\n全身鋼鉄に包まれた機械人形が\n今まさに公園の自動販売機を俺目掛けて放り投げようとしていた。）		
「目標補足…ッ！\n<ruby=だいにしゃ>第二射</ruby>、<ruby=とうてきかいし>投擲開始</ruby>…ッ!」		
「ちょ……ッ！？　待っ……！？」		
（オートマタから<ruby=とうてき>投擲</ruby>される次なる自動販売機ッ！\n猛スピードで迫り来る鉄の塊を\n俺は<ruby=とっさ>咄嗟</ruby>に横っ飛びで回避するッ！）		
「あ、危ねぇええええーーーーッ！！！\n殺す気かテメェ…ッ！」		
「なんだあのオートマタ…！\n見境無しに片っ端から公園にあるものを\nぶん投げてやがる…！」		
「またオートマタの暴走か…！\nこれで今月何度目だよ…！」		
「川島……ユート……ッ！\n貴様ダケハ許サナイ…ッ！」		
「こいつ……ッ！？\n俺を知っている……のかッ！？」		
「ノエルの仇……ッ！\nコノ手で殺ス……ッ！」		
「ノエル……？\nこいつ、一体何を言ってやがる……？」		
「あの兄ちゃんが<ruby=おとり>囮</ruby>になってくれてる間に逃げるんだッ！」		
「すまねぇ…ッ！見知らぬ兄ちゃん…ッ！\n皆を逃がす為に犠牲になったアンタの事は忘れないぜ…ッ！」		
「あ、テメェら俺を<ruby=おとり>囮</ruby>にして勝手に逃げるんじゃねーッ！\nこの<ruby=はくじょうものども>薄情者共</ruby>がぁああああーーーーッ！！」		
<Character=フェイリクスAT>		
「オノレ……ッ！\n逃ガサン、貴様ダケハ……ッ！」		
「川島ユート…ッ！\n貴様ノセイデ、ノエルは死ンダッ！」		
「貴様が逃げ出セバ！\n代わりにコノ子供が犠牲ニナルノダッ！！」		
（理由はわからないが俺を目の敵している謎のオートマタ。\n奴は卑劣にも子供を人質に取り危害を加えようとしていた。）		
「死ねェ…ッ！川島ユートォ…ッ！！」		
「―――――大丈夫。\n君は私が守るから。」		
（―――――お前は………誰だ？）		
「ノエ……ル……。\nドウ………シテ………ッ。」		
「<ruby=ていこくじゅうこうせい>帝国重工製</ruby>・<ruby=だいにせだいがたせいしんかんしょうよう>第二世代型精神干渉用</ruby>オートマタ\n<ruby=サイファー>CIPHER</ruby>-09 ッスね。」		
「一般には市販されてない研究機関所属の\n実験用オートマタッスけど、何故か公共の場に現れ、\n川島さんを標的にしていたっぽいッスね。」		
「は？何で実験用オートマタが\n何の<ruby=へんてつ>変哲</ruby>もない普通の高校生である\n俺なんかを狙うんだよ？」		
「それは……………、」		
チュートリアル		
ポニーテール女子		
「やっほー。\n『<ruby=げっこう>月光</ruby>のソードブレイカー ノヴァ編』を\nダウンロードしてくれてありがとー。」		
「私はこのゲームのヒロインの一人。\n『<ruby=さみだれ>五月雨</ruby>サツキ』だよ。」		
「ここではこのゲームの簡単な説明をしちゃうよ。」		
「さてさて『<ruby=げっこう>月光</ruby>のソードブレイカー』とは～？」		
「現代社会に剣と機械とポニーテールが登場する舞台で、\n5人のヒロイン達とのドキドキわくわくの\n恋愛模様を描いた学園ラブコメビジュアルノベル、だよ。」		
「本作は<ruby=げっこう>月光</ruby>シリーズの第四弾で\n<ruby=てんしんらんまんこあくまけい>天真爛漫小悪魔系</ruby>ロボ<ruby=むすめ>娘</ruby>「<ruby=きこういん>機巧院</ruby>ノヴァ」の\nお話が楽しめちゃうんだ。」		
「ではでは、本作のメインヒロインである\nノヴァを呼んじゃうよー。」		
「ノヴァ―。\n出番だよー。」		
「はろはろー。　このゲームのメインヒロインにして\n<ruby=デビルズラブリーデュエリスト>小悪魔系愛決闘者</ruby>の\n『<ruby=きこういん>機巧院</ruby>ノヴァ』ッス。」		
「でびるずらぶりー……？\nなにそれ？」		
「そう！それは最大のミステリー！\n<ruby=デビルズラブリーデュエリスト>小悪魔系愛決闘者</ruby>が一体何なのか！\n君達の目で確かめてくれ！」		
「ふむふむ。何やら\n本編を進めると驚くべき事実が明らかになるようだよ。」		
「そしてそして！\nノヴァちゃんに隠されたもう一つの秘密があるんスよ！\nそれはなんと……ッ！」		
「ノヴァはロボット<ruby=むすめ>娘</ruby>なんだよねー。」		
「ズコー！ちょっと<ruby=さみだれ>五月雨</ruby>さん！\nさらっとネタバレしないでくださいッスー！」		
「ああ、ごめんごめん。\n既に冒頭の紹介で喋っちゃってたからさ。」		
「もー！衝撃の事実は自分の口から言いたかったのにー！」		
「あはは。それは悪かったよ。\nでも、ロボ<ruby=むすめ>娘</ruby>だなんてすごいよね。」		
「正確には『オートマタ』と呼ばれる<ruby=じどうきかいにんぎょう>自動機械人形</ruby>ッスね。」		
「おーとまた？ロボットとは違うの？」		
「機械製品最大手企業『<ruby=ていこくじゅうこう>帝国重工</ruby>』が\n製造した自動機械人形『オートマタ』。」		
「『オートマタ』は世界ナンバーワンのシェアを誇り、\nもはや世界は『オートマタ』が支配していると\n<ruby=かごん>過言</ruby>では無いッス！」		
「そして自分は『<ruby=ていこくじゅうこう>帝国重工</ruby>』の\n技術を結集した最新型モデルッ！\n<ruby=ていこくじゅうこうせい>帝国重工製</ruby>・<ruby=だいさんせだいがたちょうほうていさつよう>第三世代型諜報偵察用</ruby>――――、」		
「おっと、そろそろ時間みたいだね。\nあとは本編で説明してもらうとして、\n一旦お開きにしようか。」		
「それでは、本編でまた会おう。\nばいばい、またねー。」		
「こらー！勝手に締めるな―！\nノヴァちゃんの魅力はまだ伝えきれてないぞー！」		
「ほら、ノヴァも挨拶挨拶。」		
「おっと、これは失敬。」		
「それでは皆さん、またお会いしましょー。\n『<ruby=げっこう>月光</ruby>のソードブレイカー ノヴァ<ruby=へん>編</ruby>』！\nお楽しみに！」		
,)]}、〕〉》」』】〙〗〟’”｠»ゝゞーァィゥェォッャュョヮヵヶぁぃぅぇぉっゃゅょゎゕゖㇰㇱㇲㇳㇴㇵㇶㇷㇸㇹㇷ゚ㇺㇻㇼㇽㇾㇿ々〻‐゠–〜～?!‼⁇⁈⁉・:;/。.，）］｝＝？！：；／		
カテゴリ名		
セーブファイル\nテキスト		
