source	translation	status
インポート	
はリンク先が存在しないシナリオラベルです	
二重に定義されたシナリオラベルです	
はジャンプ先が存在しないシナリオラベルです	
用のシートではありません	
不明なタグです	
サウンド	
のタイプは	
ですが、	
として使用しようしました	
用の	
が設定されていません。	
セーブデータの読み込みに失敗しました。レイヤー	
が設定されていません	
がないまま	
が始まっています	
不正な記述です	
はシナリオラベルではありません	
という名前の	
が見つからなかったため	
処理が出来ませんでした。	
シーン	
が終わっていなのに、新しいシーン	
に移っているいます。別のシナリオに移る前に	
を使ってください。	
シーン回想に登録されていないのに、シーン回想終了がされています。	
文字数	
はい	
いいえ	
キャンセル	
もどる	
クリア	
リトライ	
履歴	
セーブ	
ロード	
オン	
オフ	
スキップ	
なし	
レビュー	
リストア	
ダウンロード	
ゲームを終了しますか？	
デバッグ情報	
デバッグログ	
デバッグメニュー	
セーブ消去	
終了	
削除	
言語	
「宴」のセーブデータを消去	
「宴」のセーブデータを全て消去しますか？	
「宴」のキャッシュファイルを消去	
「宴」のキャッシュファイルを全て消去しますか？	
「宴」の出力ファイルを消去	
「宴」の出力ファイル	
セーブデータとキャッシュファイル	
を全て消去しますか？	
ダウンロード中です	
ダウンロード完了！	
ネットワークにつながっていません	
サイズの大きいデータがダウンロードされます。	
接続ではないですがよろしいですか。	
現在のシナリオプロジェクトファイルを変更します	
宴のシーンをバージョンアップする必要があります。よろしいですか	
宴のシナリオを再インポートしてバージョンアップする必要があります。よろしいですか	
アプリをバージョンアップする必要があります。ストアからアプリを最新に更新して下さい。	
ネットワーク接続エラーが発生しました。	
初期化エラー。ゲームの起動失敗しました。	
が見つかりません	
は不明なタイプです	
は不明なバージョンです	
カラー	
は書式が間違っています	
ミップマップのあるテクスチャをスプライトに設定しようとしています	
フォントに未設定の文字です。	
は存在しないかデータが空です。	
列目は存在しないかデータが空です。	
列目のデータ	
を値に変換できません。正しい書式で入力してください	
ヘッダーに指定した行が存在しません	
指定の名前の列は見つかりません	
はまだ再生準備が終わってません	
セーブすべきでない	
情報をセーブしようとしました	
ファイル書き込みエラー	
ファイル読み込みエラー	
メモリリーク	
ファイルを参照しているオブジェクトが	
です	
ファイルの使用準備が終わっていません。「	
」を使ってください	
ロード済みのファイルのロードフラグは変えられません	
ロード済みのファイルのバージョンは変えられません	
シングルトンなオブジェクトを二個以上作ろうとしました	
キャッシュ書き込みしないファイルです	
不明なパラメーターです。	
式の結果が	
型ではありません	
不正な式の記述です	
ピボット	
テキストに不正な書式があります。	
文字列を数式に変換するコールバックが登録されていません	
演算に失敗しました	
を代入できません	
演算子	
を適用できません	
はじめから	
コンフィグ	
戻る	
タイトル	
に戻す	
メッセージ速度	
自動メッセージ速度	
ウインドウの透明度	
未読でもスキップする	
選択肢でスキップ解除	
マウスホイールで	
文字送り	
フルスクリーン表示	
音量	
全体	
環境音	
ボイス	
次の音声まで再生を続ける	
クリックで停止	
回想	
シーン回想	
サウンドルーム	
ギャラリー	
妦嫫	
槧槧槧	
稨稨稨	
妦妦妦	
䧧䥥䧧䥥䧧䥥䧧	
㤤㥥㤤	
姧榦	
䥥䥥䥥	
㛛㥥㛛	
㧧㦦㧧	
騨髫騨	
穩穩穩	
㡡㤤㡡	
槧橩槧	
詩詩詩	
覦詩覦	
㨨㩩㨨	
魭髫魭	
桡欬	
鲲鯯鲲	
樨樨樨	
槧樨槧	
㣣㤤㣣	
橩禦穩禦	
婩娨婩	
㨨㱱	
䡡䥥䡡	
訨穩	
梢槧梢	
壣婩壣	
䜜䬬䜜	
嫫媪嫫	
独白	
バリスタ	
損傷	
射撃	
オートマタ	
ガラハド	
空白	
カグツチ	
カードハンター	
花咲	
カンタダ	
ソルジャー	
フェイリクス	
ワープアニメ	
桜アニメ	
ワープアニメ倍速	
ミナト	
真顔	
感心	
笑み	
驚き	
悲しみ	
不満	
苦笑	
怒り	
挑発	
思案	
呆れ	
にやつき	
嘲笑	
怪訝	
目閉じ	
笑顔	
激怒	
片目	
ウインク	
真顔・照れ	
・照れ	
感心・照れ	
笑み・照れ	
驚き・照れ	
悲しみ・照れ	
不満・照れ	
苦笑・照れ	
怒り・照れ	
挑発・照れ	
思案・照れ	
呆れ・照れ	
にやつき・照れ	
嘲笑・照れ	
怪訝・照れ	
目閉じ・照れ	
笑顔・照れ	
激怒・照れ	
片目・照れ	
ウインク・照れ	
サツキ	
冷笑	
叫び	
冷笑・照れ	
叫び・照れ	
ノヴァ	
煽り	
煽り・照れ	
アメリア	
真剣	
困惑	
真剣・照れ	
困惑・照れ	
ユリヒメ	
絶望	
切迫	
絶望・照れ	
切迫・照れ	
ユート	
明石	
風真	
イスズ	
盾守副総監	
フーゲツ	
影山	
カグヤ	
ステラ	
真顔・私服	
・私服	
感心・私服	
笑み・私服	
驚き・私服	
悲しみ・私服	
不満・私服	
苦笑・私服	
怒り・私服	
挑発・私服	
思案・私服	
呆れ・私服	
にやつき・私服	
嘲笑・私服	
怪訝・私服	
目閉じ・私服	
笑顔・私服	
激怒・私服	
片目・私服	
ウインク・私服	
真顔・照れ・私服	
・照れ・私服	
感心・照れ・私服	
笑み・照れ・私服	
驚き・照れ・私服	
悲しみ・照れ・私服	
不満・照れ・私服	
苦笑・照れ・私服	
怒り・照れ・私服	
挑発・照れ・私服	
思案・照れ・私服	
呆れ・照れ・私服	
にやつき・照れ・私服	
嘲笑・照れ・私服	
怪訝・照れ・私服	
目閉じ・照れ・私服	
笑顔・照れ・私服	
激怒・照れ・私服	
片目・照れ・私服	
ウインク・照れ・私服	
冷笑・私服	
叫び・私服	
冷笑・照れ・私服	
叫び・照れ・私服	
煽り・私服	
真剣・私服	
困惑・私服	
煽り・照れ・私服	
真剣・照れ・私服	
困惑・照れ・私服	
真顔・警官服	
・警官服	
驚き・警官服	
笑み・警官服	
悲しみ・警官服	
苦笑・警官服	
煽り・警官服	
嘲笑・警官服	
真剣・警官服	
挑発・警官服	
怒り・警官服	
激怒・警官服	
呆れ・警官服	
困惑・警官服	
笑顔・警官服	
思案・警官服	
ウインク・警官服	
片目・警官服	
真顔・照れ・警官服	
・照れ・警官服	
驚き・照れ・警官服	
笑み・照れ・警官服	
悲しみ・照れ・警官服	
苦笑・照れ・警官服	
煽り・照れ・警官服	
嘲笑・照れ・警官服	
真剣・照れ・警官服	
挑発・照れ・警官服	
怒り・照れ・警官服	
激怒・照れ・警官服	
呆れ・照れ・警官服	
困惑・照れ・警官服	
笑顔・照れ・警官服	
思案・照れ・警官服	
ウインク・照れ・警官服	
片目・照れ・警官服	
真顔・特攻服	
・特攻服	
驚き・特攻服	
笑み・特攻服	
悲しみ・特攻服	
苦笑・特攻服	
煽り・特攻服	
嘲笑・特攻服	
真剣・特攻服	
挑発・特攻服	
怒り・特攻服	
激怒・特攻服	
呆れ・特攻服	
困惑・特攻服	
笑顔・特攻服	
思案・特攻服	
ウインク・特攻服	
片目・特攻服	
真顔・照れ・特攻服	
・照れ・特攻服	
驚き・照れ・特攻服	
笑み・照れ・特攻服	
悲しみ・照れ・特攻服	
苦笑・照れ・特攻服	
煽り・照れ・特攻服	
嘲笑・照れ・特攻服	
真剣・照れ・特攻服	
挑発・照れ・特攻服	
怒り・照れ・特攻服	
激怒・照れ・特攻服	
呆れ・照れ・特攻服	
困惑・照れ・特攻服	
笑顔・照れ・特攻服	
思案・照れ・特攻服	
ウインク・照れ・特攻服	
片目・照れ・特攻服	
真顔・スーツ	
・スーツ	
驚き・スーツ	
笑み・スーツ	
悲しみ・スーツ	
苦笑・スーツ	
煽り・スーツ	
真剣・スーツ	
挑発・スーツ	
怒り・スーツ	
呆れ・スーツ	
激怒・スーツ	
困惑・スーツ	
笑顔・スーツ	
片目・スーツ	
ウインク・スーツ	
思案・スーツ	
真顔・照れ・スーツ	
・照れ・スーツ	
驚き・照れ・スーツ	
笑み・照れ・スーツ	
悲しみ・照れ・スーツ	
苦笑・照れ・スーツ	
煽り・照れ・スーツ	
真剣・照れ・スーツ	
挑発・照れ・スーツ	
怒り・照れ・スーツ	
呆れ・照れ・スーツ	
激怒・照れ・スーツ	
困惑・照れ・スーツ	
笑顔・照れ・スーツ	
片目・照れ・スーツ	
ウインク・照れ・スーツ	
思案・照れ・スーツ	
矢車	
真顔・サングラス	
驚き・サングラス	
・サングラス	
笑み・サングラス	
悲しみ・サングラス	
苦笑・サングラス	
煽り・サングラス	
挑発・サングラス	
怒り・サングラス	
天道	
ジュリ	
リサ	
ジト目	
ウォーロック	
カーディナル	
真顔・制服	
・制服	
驚き・制服	
笑み・制服	
悲しみ・制服	
絶望・制服	
叫び・制服	
苦笑・制服	
怒り・制服	
激怒・制服	
切迫・制服	
嘲笑・制服	
挑発・制服	
呆れ・制服	
怪訝・制服	
笑顔・制服	
片目・制服	
ウインク・制服	
思案・制服	
真顔・照れ・制服	
・照れ・制服	
驚き・照れ・制服	
笑み・照れ・制服	
悲しみ・照れ・制服	
絶望・照れ・制服	
叫び・照れ・制服	
苦笑・照れ・制服	
怒り・照れ・制服	
激怒・照れ・制服	
切迫・照れ・制服	
嘲笑・照れ・制服	
挑発・照れ・制服	
呆れ・照れ・制服	
怪訝・照れ・制服	
笑顔・照れ・制服	
片目・照れ・制服	
ウインク・照れ・制服	
思案・照れ・制服	
絶望・警官服	
叫び・警官服	
切迫・警官服	
怪訝・警官服	
絶望・照れ・警官服	
叫び・照れ・警官服	
切迫・照れ・警官服	
怪訝・照れ・警官服	
真顔・	
シャツ	
驚き・	
笑み・	
悲しみ・	
絶望・	
叫び・	
苦笑・	
怒り・	
激怒・	
切迫・	
嘲笑・	
挑発・	
呆れ・	
怪訝・	
笑顔・	
片目・	
ウインク・	
思案・	
真顔・照れ・	
・照れ・	
驚き・照れ・	
笑み・照れ・	
悲しみ・照れ・	
絶望・照れ・	
叫び・照れ・	
苦笑・照れ・	
怒り・照れ・	
激怒・照れ・	
切迫・照れ・	
嘲笑・照れ・	
挑発・照れ・	
呆れ・照れ・	
怪訝・照れ・	
笑顔・照れ・	
片目・照れ・	
ウインク・照れ・	
思案・照れ・	
絶望・私服	
切迫・私服	
絶望・照れ・私服	
切迫・照れ・私服	
真顔・スーツ赤	
・スーツ赤	
驚き・スーツ赤	
笑み・スーツ赤	
悲しみ・スーツ赤	
絶望・スーツ赤	
叫び・スーツ赤	
苦笑・スーツ赤	
怒り・スーツ赤	
激怒・スーツ赤	
切迫・スーツ赤	
嘲笑・スーツ赤	
挑発・スーツ赤	
呆れ・スーツ赤	
怪訝・スーツ赤	
笑顔・スーツ赤	
片目・スーツ赤	
ウインク・スーツ赤	
思案・スーツ赤	
真顔・照れ・スーツ赤	
・照れ・スーツ赤	
驚き・照れ・スーツ赤	
笑み・照れ・スーツ赤	
悲しみ・照れ・スーツ赤	
絶望・照れ・スーツ赤	
叫び・照れ・スーツ赤	
苦笑・照れ・スーツ赤	
怒り・照れ・スーツ赤	
激怒・照れ・スーツ赤	
切迫・照れ・スーツ赤	
嘲笑・照れ・スーツ赤	
挑発・照れ・スーツ赤	
呆れ・照れ・スーツ赤	
怪訝・照れ・スーツ赤	
笑顔・照れ・スーツ赤	
片目・照れ・スーツ赤	
ウインク・照れ・スーツ赤	
思案・照れ・スーツ赤	
真顔・シスター	
・シスター	
驚き・シスター	
笑み・シスター	
悲しみ・シスター	
苦笑・シスター	
怒り・シスター	
挑発・シスター	
煽り・シスター	
呆れ・シスター	
不満・シスター	
思案・シスター	
笑顔・シスター	
片目・シスター	
ウインク・シスター	
感心・シスター	
カナデ	
真顔・バスタオル	
・バスタオル	
驚き・バスタオル	
笑み・バスタオル	
悲しみ・バスタオル	
苦笑・バスタオル	
煽り・バスタオル	
挑発・バスタオル	
怒り・バスタオル	
呆れ・バスタオル	
笑顔・バスタオル	
片目・バスタオル	
ウインク・バスタオル	
思案・バスタオル	
真顔・浴衣	
・浴衣	
驚き・浴衣	
笑み・浴衣	
悲しみ・浴衣	
苦笑・浴衣	
煽り・浴衣	
挑発・浴衣	
怒り・浴衣	
呆れ・浴衣	
笑顔・浴衣	
片目・浴衣	
ウインク・浴衣	
思案・浴衣	
真顔・水着	
・水着	
驚き・水着	
笑み・水着	
悲しみ・水着	
不満・水着	
苦笑・水着	
煽り・水着	
真剣・水着	
挑発・水着	
怒り・水着	
怪訝・水着	
呆れ・水着	
思案・水着	
激怒・水着	
困惑・水着	
叫び・水着	
笑顔・水着	
片目・水着	
ウインク・水着	
真顔・照れ・水着	
・照れ・水着	
驚き・照れ・水着	
笑み・照れ・水着	
悲しみ・照れ・水着	
不満・照れ・水着	
苦笑・照れ・水着	
煽り・照れ・水着	
真剣・照れ・水着	
挑発・照れ・水着	
怒り・照れ・水着	
怪訝・照れ・水着	
呆れ・照れ・水着	
思案・照れ・水着	
激怒・照れ・水着	
困惑・照れ・水着	
叫び・照れ・水着	
笑顔・照れ・水着	
片目・照れ・水着	
ウインク・照れ・水着	
不満・浴衣	
真剣・浴衣	
怪訝・浴衣	
激怒・浴衣	
困惑・浴衣	
叫び・浴衣	
真顔・照れ・浴衣	
・照れ・浴衣	
驚き・照れ・浴衣	
笑み・照れ・浴衣	
悲しみ・照れ・浴衣	
不満・照れ・浴衣	
苦笑・照れ・浴衣	
煽り・照れ・浴衣	
真剣・照れ・浴衣	
挑発・照れ・浴衣	
怒り・照れ・浴衣	
怪訝・照れ・浴衣	
呆れ・照れ・浴衣	
思案・照れ・浴衣	
激怒・照れ・浴衣	
困惑・照れ・浴衣	
叫び・照れ・浴衣	
笑顔・照れ・浴衣	
片目・照れ・浴衣	
ウインク・照れ・浴衣	
感心・水着	
にやつき・水着	
嘲笑・水着	
目閉じ・水着	
感心・照れ・水着	
にやつき・照れ・水着	
嘲笑・照れ・水着	
目閉じ・照れ・水着	
感心・バスタオル	
不満・バスタオル	
にやつき・バスタオル	
嘲笑・バスタオル	
怪訝・バスタオル	
目閉じ・バスタオル	
激怒・バスタオル	
真顔・照れ・バスタオル	
・照れ・バスタオル	
感心・照れ・バスタオル	
笑み・照れ・バスタオル	
驚き・照れ・バスタオル	
悲しみ・照れ・バスタオル	
不満・照れ・バスタオル	
苦笑・照れ・バスタオル	
怒り・照れ・バスタオル	
挑発・照れ・バスタオル	
思案・照れ・バスタオル	
呆れ・照れ・バスタオル	
にやつき・照れ・バスタオル	
嘲笑・照れ・バスタオル	
怪訝・照れ・バスタオル	
目閉じ・照れ・バスタオル	
笑顔・照れ・バスタオル	
激怒・照れ・バスタオル	
片目・照れ・バスタオル	
ウインク・照れ・バスタオル	
感心・浴衣	
にやつき・浴衣	
嘲笑・浴衣	
目閉じ・浴衣	
感心・照れ・浴衣	
にやつき・照れ・浴衣	
嘲笑・照れ・浴衣	
目閉じ・照れ・浴衣	
冷笑・水着	
冷笑・照れ・水着	
冷笑・バスタオル	
叫び・バスタオル	
冷笑・照れ・バスタオル	
叫び・照れ・バスタオル	
冷笑・浴衣	
冷笑・照れ・浴衣	
不満・警官服	
感心・警官服	
真顔・部屋着	
・部屋着	
驚き・部屋着	
笑み・部屋着	
悲しみ・部屋着	
苦笑・部屋着	
怒り・部屋着	
挑発・部屋着	
煽り・部屋着	
呆れ・部屋着	
不満・部屋着	
思案・部屋着	
笑顔・部屋着	
片目・部屋着	
ウインク・部屋着	
感心・部屋着	
真顔・メイド服	
・メイド服	
驚き・メイド服	
笑み・メイド服	
悲しみ・メイド服	
苦笑・メイド服	
怒り・メイド服	
挑発・メイド服	
煽り・メイド服	
呆れ・メイド服	
不満・メイド服	
思案・メイド服	
笑顔・メイド服	
片目・メイド服	
ウインク・メイド服	
感心・メイド服	
真顔・魔法少女	
・魔法少女	
驚き・魔法少女	
笑み・魔法少女	
悲しみ・魔法少女	
苦笑・魔法少女	
怒り・魔法少女	
挑発・魔法少女	
煽り・魔法少女	
呆れ・魔法少女	
不満・魔法少女	
思案・魔法少女	
笑顔・魔法少女	
片目・魔法少女	
ウインク・魔法少女	
感心・魔法少女	
煽り・制服	
不満・制服	
感心・制服	
ノエル	
メカユート	
アイゼン	
真顔・マスク	
・マスク	
驚き・マスク	
笑み・マスク	
悲しみ・マスク	
不満・マスク	
苦笑・マスク	
煽り・マスク	
真剣・マスク	
挑発・マスク	
怒り・マスク	
怪訝・マスク	
呆れ・マスク	
思案・マスク	
激怒・マスク	
困惑・マスク	
叫び・マスク	
笑顔・マスク	
片目・マスク	
ウインク・マスク	
真田	
背景その	
背景	
夜空・月	
自室	
通学路・住宅街	
通学路・住宅街・夕	
通学路・住宅街・夜	
通学路・歩道	
通学路・歩道・夕	
通学路・神社前	
通学路・神社前・夕	
校門前	
校門前・夕	
昇降口	
昇降口・夕	
教室	
教室・夕	
キャラ紹介空間	
廊下	
廊下・夕	
科学室	
校舎裏	
校舎裏・夕	
体育館	
校庭	
校庭・夕	
図書室	
屋上	
屋上・夕	
屋上・夜	
保健室	
保健室・夜	
購買	
購買・夕	
生徒会室	
生徒会室・夕	
生徒会室・夜	
リビング	
リビング・夕	
リビング・夜	
川島家前	
川島家前・夕	
川島家前・夜	
川島家前道路	
中庭	
中庭・夕	
学食	
マンション前	
マンション前・夕	
マンション前・夜	
エントランス	
エントランス・夕	
エントランス・夜	
獅堂家	
獅堂家・夕	
獅堂家・夜	
繁華街	
繁華街・夕	
繁華街・夜	
路地裏	
路地裏・夕	
路地裏・夜	
ゲームセンター	
駅前	
駅前・夕	
駅前・夜	
ショッピングモール	
ショッピングモール・破壊・夕	
刀剣ショップ	
公園	
公園・夕	
公園・夜	
埠頭	
埠頭・夜	
埠頭・天命・夜	
倉庫	
倉庫・夜	
倉庫・炎上・夜	
職員室	
自習室	
自習室・夕	
工場入り口	
廃棄処理場	
体育倉庫	
映画館	
シアター内	
シアター内・ザクロ	
カフェ	
ホテル街・夕	
獅堂家台所	
トイレ	
トイレ個室	
屋上空	
屋上空・夕	
屋上空・夜	
水族館前	
水族館チケット売り場	
海底トンネル	
水族館	
水族館レストラン	
ホテルの部屋	
五月雨家	
五月雨家・夕	
五月雨家室内	
五月雨家室内・夕	
ビル屋上・夜	
ビル屋上破壊・夜	
仏壇	
汎用	
病室・夕	
夕空	
夜空	
オフィス・天井	
風紀委員本部	
風紀委員本部・夕	
明石組事務所	
カフェテラス	
プール	
警察署前	
警察署前・夜	
警察署廊下	
特務隊本部	
特務隊本部・夜	
道路・夜	
執務室・夜	
帝国重工本社・廊下	
帝国重工本社・上層階・夜	
帝国重工本社前・夜	
帝国重工本社・エントランス・夜	
帝国重工本社裏道路・夕	
帝国重工本社裏道路・夜	
病院前・夕	
海岸・昼	
繁華街路上	
繁華街路上・夕	
ラーメン屋	
バー	
公園前・夕	
公園湖・夕	
公園湖・夜	
公園噴水前・夕	
手術室	
サーバールーム	
埠頭・壁・夜	
屋内プール	
都市道路	
サマーランド前	
更衣室	
旅館部屋	
旅館部屋・夜	
旅館風呂前	
露天風呂	
サマーランド中庭・夜	
サマーランド中庭・近・夜	
生徒会室・天井	
科学室・居間	
瓦礫・部屋	
カードショップ	
メイド喫茶	
アングラショップ	
警部室	
警部室・夜	
ノヴァの部屋	
ノヴァ自室	
生体工学研究所外観・夜	
生体工学研究所・廊下	
生体工学研究所・	
生体工学研究所・実験室	
ノエルの部屋	
生体工学研究所・庭園	
夜空・満月	
廃棄処理場・	
区画	
廃棄処理場・廊下	
廃棄処理場・中央制御室	
洗脳装置カプセル	
廃墟・夜	
森・夜	
森の湖・夜	
過去のユートの部屋	
渓谷道	
ホテル・ロビー	
ホテル・室内・夜	
ホテル・廊下	
イベント	
ノヴァ登場	
トラック	
魂魄接続空間	
ノヴァ、剣構え	
すべて	
ミナト、殴り	
ミナト、登場	
ミナト、バット	
ミナト、背を向ける	
ミナト、バッティング構え	
ミナト、バッティング	
サツキ、ピッチング構え	
サツキ、ピッチング	
ミナト、蹴り	
ミナト、体操服	
ミナト、教室、拘束	
ミナト、笑顔	
ミナト、教室、学食、告白	
ミナト、スロット打つ	
ミナト、やる気	
ミナト、刀構え	
ミナト、居眠り	
ミナト、子供	
ステラ別れ	
ミナト、魔力解放	
ミナト、パイタッチ	
ミナト、膝枕	
ミナト、手を差し出す	
ミナト、体育座り	
ミナト、サツキ壁ドン	
ミナト、サツキ膝枕	
サツキ、手差し出す	
サツキ、プレゼント	
ミナト、ベッド添い寝	
ミナト、抱きしめ	
サツキ、憎悪	
サツキ、刀構え	
サツキ、居合構え	
ユート、剣構え	
ミナト、魂魄接続	
サツキ、魂魄接続	
ノヴァ、魂魄接続	
ユート、魂魄接続	
サツキ、ユート突き刺し	
ミナト、鎖拘束	
サツキ、抱きつき	
サツキ、キス	
ミナト、キス	
ミナト、手差し出し	
オートマタ、襲撃	
ガラハド、射撃	
ガラハド、ブレード	
ドローン	
ガラハド、ナックル	
ギャルゲパッケージ	
村雨	
スマホ	
むらさめ丸	
むらさめ丸帰還	
カグヤ、刀構え	
カグヤ、嘲笑	
ミナト、水着登場	
サツキ、水着登場	
サツキ、水着オイル	
ミナト、水着オイル	
ミナト、水着浮き輪	
ミナト、水着ナンパ	
ミナト、サツキ水かけ	
ミナト、サツキ水着はしゃぎ	
カナデ、入浴	
カナデ、登場	
サツキ、入浴	
カナデ、浴衣	
アメリア、明石対峙	
警察手帳	
アメリア、登場	
アメリア、盾構え	
アメリア、シールドバッシュ	
アメリア、イージス	
アメリア、照れ	
アメリア、手繋ぎ	
明石、バイク	
ミナト、ぬいぐるみ	
アメリア、ぬいぐるみ	
アメリア、悲しみ	
ユリヒメ、捕まる	
アメリア、サツキ誘惑	
アメリア、指示だし	
アメリア、訴え	
アメリア、ピッチング構え	
アメリア、ピッチング	
アメリア、絶望	
明石、勧誘	
アメリア、ヤンキー	
アメリア、壁ドン	
アメリア、イチャイチャ	
ノヴァ、殴り	
風真、刺す	
風真、正体	
アメリア、捕まる	
明石、落下	
ノヴァ、飛行	
アメリア、天命の聖域	
明石、決着	
アメリア、抱きしめ	
アメリア、聖皇騎士やられ	
風真、別れ	
アメリア、音ゲー	
ユリヒメ、バーテン	
アメリア、キス	
アメリア、笑顔	
アメリア、ミナト対峙	
カグヤ、決意	
ユリヒメ、剣構え	
アメリア、魂魄接続	
イスズ、銃構え	
ユート、殴り	
ユート、蹴り	
明石、殴る	
明石、蹴り	
明石、刀構え	
風真、刀構え	
風真、刀振る	
明石、鍔迫り合い	
風真、訴え	
イージス展開	
ソルジャー、射撃	
ソルジャー、射撃・反転	
バリスタ、射撃	
バリスタ、射撃・反転	
バリスタ、ミサイル	
バリスタ、チャージ	
バリスタ、ビーム発射	
バリスタ、ミサイル飛来	
バリスタ、ミサイル飛来・反転	
バリスタ、突き刺し	
野球、ストレート	
野球、カーブ	
野球、カミソリカーブ	
明石、サーチ	
かまいたち	
バリスタ、ミサイル突き刺し	
エミリア、微笑み	
ユリヒメ、手差し出し	
アメリア、わくわく	
アメリア、微笑み	
ミナト、拳構え	
かまいたち・反転	
顔掴む	
ユリヒメ登場	
ユリヒメ、天道胸倉掴む	
天道、胸倉掴まれる	
科学者、手術室	
ユリヒメ、幼少	
ユリヒメ、絶望	
ユリヒメ、おんぶ	
ユリヒメ、取り乱す	
ユリヒメ、バッティング構え	
ユリヒメ、バッティング	
ユリヒメ、セーラー服着用	
ユリヒメ、バイク	
ユリヒメ、心折れる	
ノヴァ、影山観戦	
ノヴァ、シスター	
ジュリ、剣構え	
ジュリ、倒れる	
ユリヒメ、絶叫	
ユリヒメ、こめかみ抑える	
ユリヒメ、抱きしめ	
ユリヒメ、キス	
ユリヒメ、朝起こす	
ユリヒメ、涙目	
ユリヒメ、セーラー服、萌えきゅん	
ユリヒメ、体育座り	
ユリヒメ、矢車接近	
ユリヒメ、拒絶	
ユリヒメ、添い寝	
ミナト、負傷	
ミナト、サツキ庇い	
ユリヒメ、串刺し	
ユリヒメ、拘束	
ユリヒメ、天道対峙	
ユリヒメ、寝たふり	
ユリヒメ、泣きながら抱き着く	
ユリヒメ、微笑み	
天道、笑み	
天道、振り向き笑い	
天道、嘲笑	
カグヤ、刀向ける	
ユリヒメ、刀駆け出し	
ユリヒメ、刀構え	
・反転	
ユリヒメ、切り払い	
ユリヒメ、居合の構え	
ユリヒメ、紅焔解放	
ユリヒメ、魂魄接続	
ミナト、ポール振り回し	
ユート、刀構え	
ユート、刀突き立て	
矢車、居合構え	
矢車、刀駆け出し	
矢車、刀構え	
矢車、刀突き立て	
天道、刀構え	
ユリヒメ、ユート胸掴み	
カグヤ、抜刀	
刀射出	
刀乱射	
剣射出	
剣乱射	
ヒートウィング	
ヒートウィング・反転	
ヒートウィング乱射	
火炎爆発	
火柱	
ユリヒメ、絶句	
ヒートエクスプロード	
ユリヒメ、嘲笑	
ユリヒメ、手繋ぎ	
ユリヒメ、教卓	
ユリヒメ、手を振る	
ユリヒメ、抱き着き	
ジュリ、エール	
メカユート、サブマシンガン	
メカユート、サブマシンガン・反転	
メカユート、リボルバー	
メカユート、リボルバー・反転	
メカユート、殴り	
メカユート、構え	
メカユート、ダッシュ	
メカユート、ピンチ	
メカユート、刀構え	
メカユート、ブレイズソードバースト	
ノヴァ、指差し	
ノヴァ、攻撃宣言	
ノヴァ、カード見せ	
ノヴァ、融合	
ノヴァ、ドロー	
ノヴァ、運命構図	
ノヴァ、見下す	
メカユート、驚愕	
メカユート、落ち込み	
メカユート、ジャンプ	
ノヴァ、登場	
ノヴァ、実験台	
ノヴァ、探し物	
ノヴァ、マフラー	
ノヴァ、起こす	
ノヴァ、ゲーム	
ノヴァ、記憶消去	
ノヴァ、自爆	
ノエル、悲しみ	
ノヴァ、クローバー	
ノヴァ、魔法少女	
ノヴァ、格ゲー	
ノヴァ、メイド	
ノヴァ、配信	
ノヴァ、投球構え	
ノヴァ、投球	
ユート、バッティング構え	
ユート、バッティング	
ノヴァ、手を取る	
ノヴァ、単独飛行	
メカユート、飛行	
アイゼン、サツキ抱っこ	
メカユート、テレビ見る	
ザクロちゃん、登場	
影山、脅迫	
影山、ブック	
フェイリクス、ユリヒメ手を取る	
フェイリクス、ハーレム	
フェイリクス、ユリヒメよしよし	
フェイリクス、顔面破損	
メカユート、怒り	
ノヴァ、抱きつき	
ノヴァ、キス	
ノヴァ、笑顔	
ノヴァ、砲撃	
ノヴァ、ソード	
シリーズ、射撃	
ノヴァ、ショット	
シリーズ、出撃	
アイゼン、剣構え	
アイゼン、剣を振る	
アイゼン、突撃	
カグツチ、剣構え	
アルバトロス、飛行	
アルバトロス、射撃	
ユート、ブレイズソードバースト	
影山、魔法発動	
メカユート、ロケットパンチ	
メカユート、頭飛ぶ	
花咲、倒れる	
ガラハド、ブーステッドナックル	
ガラハド、ブーステッドナックル・反転	
ノヴァ、敬礼	
ノヴァ、スパゲティ	
ノヴァ、突撃	
ノヴァ、飛行形態	
ノヴァ、抱き合う	
バリスタ、アオリ	
ノヴァ、警察手帳	
瀕死	
クサナギ登場	
ノエル、回想	
コンテナ	
ノヴァ、回想	
ノヴァ、浮遊	
ノヴァ、砲撃発射	
カグヤ、焦燥	
フェイリクス、暴走	
ダイヤモンドスピア	
アースストレイン	
スパークブラスター	
ノヴァ、プレゼント	
ザクロちゃん、パケ絵	
ノヴァ、墜落	
カンタダ、殴り	
カンタダ、殴り・反転	
剣魔登場	
村雨・サツキ登場	
村雨・ユリヒメ倒れる	
スプライト	
カード	
キャラ中央	
キャラ左	
キャラ右	
キャラ右優先	
優先	
パーティクル	
エフェクト	
エフェクト奥	
キャラ右画面外	
スプライト左	
スプライト右	
スプライト中央	
キャラ左上	
キャラ左優先	
なりきり	
疾走感のあるラブソング	
七つ夜空の願いごと	
エッジの効いたお洒落なファンクロック	
プレッシャー	
緊迫・緊張感・迷い・不信感	
スーパーピンチ	
金管メインの暴力的な曲	
夕焼け空に思いを馳せて	
夕焼けのような、じんわりと切ない曲	
切なさ炸裂	
回想シーンや儚さを表すピアノソロ楽曲	
放課後のんびりクラブ	
楽しげなギターサウンド	
バトルオブ勝負	
ギター	
つ打ちのループ曲です。	
ウィンドウショッピング	
軽快なリズムが特徴の日常的なポップス	
イマジネーション	
バトル系の緊張感のあるデジタル・ロック	
君と歩く通学路	
汎用性のある日常系	
ジャッジメントアイズ	
冷酷ホラー	
オペレーションルーム	
無機質でアングラな雰囲気の	
コンフリクト	
賑やかでスピード感のある曲	
物悲しい・美しい	
ゲーム系	
学園アイドル	
アイドルソング風キラキラポップ	
つ打ち	
スターライト・ラブ	
星空の下で恋人とのキスシーンに生ギター	
気が付けば夕暮れ	
切なく悲しい日本テイストなアコギバラード	
ファンキーモンキーベイベー	
明るく軽快なギターファンキーダンスポップ	
ザ・ティーチャー	
お洒落・ミステリアス・落ち着きある	
感傷のロマネコンティ	
悲しい	
切ない	
儚い	
感動的	
エレガントカフェテリア	
ドリームポップで晴れやかカフェジャズ	
ファンタジスタ	
ポップでアバンギャルドなファンク	
シティボーイ	
風を感じる爽やかなアコースティックギター	
一騎打ち	
サムライの一騎打ちをイメージした和風曲	
ノヴァのテーマ	
サツキのテーマ	
琴の音色が日本風なポップス	
アメリアのテーマ	
キラキラサウンドの可愛い	
ミナトのテーマ	
生演奏バイオリン！爽やかなポップロック	
ドタバタラブコメディ	
バラエティに！アップテンポで愉快なスカ	
真剣勝負	
戦へ赴くサムライを表現した和風バトル曲	
爽やかなバンド楽曲	
雅な雰囲気の日本的な曲	
インポスター	
潜入捜査、侵入、ドラマ、映画などの	
蜃気楼	
シンセパッドと鐘の音の静かな不気味ホラー	
フィアードライブ	
不安や恐怖心が膨らむようなホラー	
ユリヒメのテーマ	
洗練されたお洒落な大人ジャズピアノ	
ドアノブを激しくガチャガチャ	
開かない	
吹っ飛ばすような打撃音『ビシィッ！』	
『倒れる音	
ドシャアッ！』キャラクター	
金属系インパクト音です。ファンタジー系	
放電	
ビリビリビリ	
バシューンバリ	
キュイーン	
バシューンゴロゴ	
携帯用バイブ音源大きい音	
シャキーン	
剣を抜くときの音	
チーン	
アニメにありそうなミサイルの発射音	
掴む	
チャイム	
学校	
金属	
衝撃音	
ジャンプの着地	
スタッ	
マシンガン	
ドドドド	
携帯電話のバイブレーション	
普通乗用車通過	
ほうきで掃く	
サッサッ	
掃除用具ロッカーを開ける	
カードを扇状に広げる	
ドアをドンドン叩く	
衣擦れ	
カードを配る	
黒板にチョークで字を書く	
場面	
車のドア	
ボーナス、当たり、リーチ的ジングル	
飛行機のシートベルトサイン音	
いわゆるパンチ音	
デシ系	
デュクシ系	
ピンポーン	
チャイム、インターホン	
雷魔法・落雷	
ピシャォオン	
爆発	
落雷から電気が迸るイメージの音	
ガサッ	
紙袋、探す、短め	
衝撃、爆発音、粉砕	
ドアを開ける音	
エフェクト無し	
カードをめくる、裏返す音。	
きゅっきゅっ	
お皿をこする	
カキーン！刀	
抜刀	
斬撃	
剣戟に最適	
剣や刀の剣戟	
斬撃に最適な効果音！	
弁当箱を開ける	
教室の戸を開ける	
シャキーン！剣や刀の抜刀	
惨殺	
ヘリコプター飛行中	
機外	
剣の戦い	
剣戟	
ギリギリと首を絞める効果音	
めくる	
過去を思い出す、フラッシュバックシーンに	
停止音	
スロット	
タタタタ	
走る音、逃走音	
眼鏡を上げる。かける、外す、触る	
鎖鎌の鎖がジャリッ	
ピューンと放り投げる	
遠くまで飛ぶ	
木のドアを閉める	
普通に閉める	
パリーンというガラスの破壊音	
プニッと指先でつつく	
拍手	
ステレオ	
ライブ	
コンサート	
カキーン！	
刀や剣のインパクト等	
指パッチン	
フィンガースナップ	
生音	
バシッ	
殴ったようなツッコミ・打撃音	
剣『ガキーン！』	
ガチャッ残響音	
金属音	
ドアノブ	
ドサッ	
落下や倒れる衝撃音	
ガシャン	
自販機の商品が出る	
地震！	
「ガタガタ」、建築、物音	
ボタンを	
回押して解錠する電子キーの音	
柔らかいもの	
揺れ触る等	
ポヨン	
コッキング音	
爆発『ズドーン！！』	
布団をめくる	
つんつん・ぱちくり	
動作音	
録音	
キーボード入力音	
布団	
布団の中でゴソゴソする	
ソファ・布団に倒れ込む	
生録音	
ゴクゴク飲み込む音	
大剣	
ズシャン	
カジノ小当たりシンボル揃いの払い出し音	
岩が真っ二つに割れる	
電話	
受話器から聞こえる呼び出音	
バーン	
重い鉄扉が閉まる音	
カードをシャッフルする	
布団から飛び起きる音	
戦闘	
布ノイズ	
ガラスに突っ込む音	
デレン	
ゲーム機コイン投入	
放電・スパーク・パルス	
噴出する水蒸気	
パチンコ、パチスロ、動作音、起動音	
ドドドドドドドドパキーン	
紐を結ぶ	
服を脱ぐなど	
ヒュッ	
銃撃音	
ハンドガン	
剣・刀が当たる音	
キラキラ	
体力を回復させるヒール魔法	
パシッ	
将棋さす	
的な通知音・着信音	
厚手の紙袋をくしゃくしゃする音	
ピンポンパンポンピン	
お知らせ	
上昇	
ロボットキャラの会話音	
マシンガンのボルトリリース	
刀を鞘にしまう	
パチン	
狙撃銃をチャッと構える	
パンチで壁を破壊	
ハリセンで叩く	
革椅子に座る音・軋む音	
キャッチ	
捕まえる	
ぴょこっ	
軽めの斬撃	
カードを配る音、フォーリー	
バットを振る音	
ぱん！ぱん！ぱん！布団叩き	
連発	
カチッ	
スイッチ	
こじんまり	
足首がグキッ	
プシュ！プルタブ缶飲料を開ける音	
戦争	
爆撃	
バーンッ！！	
倒れる	
アラート	
ロボット	
故障	
分析	
受話器を置く	
受話器を取る	
自転車	
急ブレーキ	
スリップ	
金網フェンスを叩く	
当たり	
ロボ起動シマス	
キュルルン	
乗用車のエンジンをかける音	
武器や防具を装備する音	
メカ	
シャットダウン	
ダンボールを置く持つ、触るなど	
紅茶	
コーヒー	
をテーブルに置く音	
ブンッ	
布を振る音	
長いパトカーのサイレン「ウーウー」	
ロープを引っ張る	
握りしめる音	
足音	
ウィーン	
ガシャッ	
ドコォ！アニメ風のインパクト音	
通信エラー	
ノイズ	
中世	
クロスボウヒットジェネリック	
ガンコッキング	
時計、カチカチ電気時計カチカチ	
石弓セットクリック	
ハッチバック	
車のボンネットとトラ	
木製キッチンチェア	
スライドオンタ	
薄い金属を叩いたような音	
ロボットの足音、モーター、ウイーンガシャ	
大きな金属	
鉄骨	
崩れる	
ぶつかる	
事故	
ロボットを強く殴る	
重い一撃	
カキーン、ホームランを打った時	
警告音	
サイレン	
足音・スポーツシューズ	
足音・スポーツシューズで走る	
足音・家の廊下	
足音・革靴	
足音・革靴で走る	
ストップウォッチスタートクリック	
ピアノの幻想的なジングル・場面転換	
グラスで乾杯	
コイン	
ドロップコイン	
弾く	
落とす	
ショート	
バイクが通り過ぎる	
バイクの空ぶかし	
歓声・群衆・拍手・ピューピュー系の効果音	
水面に大きな物を落とす	
トントントン	
ドアノック	
展開オフィスチェア	
ドドドドドン	
ミサイル発射	
ミサイルまたはロケット	
ロケットランチャーと	
による	
マホウコウゲキビーム	
ビーム砲	
レーザー砲	
金属のパイプ落とす音	
浜辺	
海岸	
カモメの環境音	
ホイッスル	
ピッピー！	
ガラッ	
駄菓子屋にある古い引き戸の開閉	
開く	
焚き火の音	
平常時のロボットボイス	
ロボアニメ風ミサイル発射音	
敵やターゲットを分析、解析する効果音	
シャッター音	
クリーチャー	
中型	
炎を纏った刀の強攻撃音	
攻撃	
炎属性	
ボンメラメラ	
ドガーン	
大爆発・衝撃音	
オフィスの電話が鳴る音。	
着信音	
水しぶき脚キック	
クイズ出題の音	
ジャジャンッ	
クイズ	
正解音	
レジの音	
会計・お金・チャリーン	
絶対ラブコメ至上主義！	
オープニングムービー	
殺意の怨念	
奪われたラブコメ主人公	
あなたが私のマスターか？	
反逆の決意	
突入！敵本拠地！	
魔法アイドル・ザクロちゃん	
魔法少女に大切なこと	
ブーステッドナックル	
砕かれたダイヤモンドハート	
、デートかよ	
ソード	
ブレイカー	
決闘者	
デュエリスト	
お帰りなさいませ。ご主人様。	
心に響く、贈りもの。	
ロストオブハーレムラブコメ	
斑鳩警察・諜報部	
逮捕しちゃうゾ	
斑鳩警察本部長・真田	
開幕！	
保護者会	
抜き打ち！ユリヒメ検定！	
突撃！緊急保護者参観！	
バッドコミュニケーション	
勝利への退却	
反省会、ポストモーテム	
新居、引っ越し、新生活	
バーチャルアイドル	
開幕！ドキドキ同棲生活	
君の知らない物語	
配信者は遊びじゃない	
ノヴァちゃんはメインヒロイン	
帝国重工生体工学研究所	
昼下がりのエンカウンター	
再戦のリベンジデュエル	
潜入！生体工学研究所	
理性と記憶の残滓	
四葉のクローバー	
鉄拳！ロケットパンチ！	
飛翔する翼	
夜空を駆ける空中戦	
二律背反のヒロイン達	
傷つけられたプライド	
交渉決裂	
マネーオブパワー	
作戦参謀・影山	
伝説の	
メイド	
ミーちゃん	
アーちゃん	
ソードファイターズ	
洗脳装置破壊作戦	
以心伝心！ツインエンジェル！	
黒鉄のオートマタ	
反旗の逆鱗	
サヨナラノツバサ	
機巧人形	
失意の果てに	
取り戻した日常、失ったモノ	
強襲	
魂魄接続！超次元野球！	
反抗期	
斑鳩警察	
シリーズ	
ダイレクトアタック	
私のマスター	
月光計画	
任務完了	
機巧院ノヴァ	
帰って来た学園ラブコメ	
存在しない記憶	
職場復帰	
ノヴァとノエル	
バーテンダー	
光と闇のヒーロー対決！	
君だけの魔法アイドル	
想いを届ける贈りもの。	
ずっとあなたの傍で	
剣魔竜クサナギ	
ふぇーどいん	
テスト開始	
げっか	
月下	
に鳴り響く	
けんげき	
の音色。	
そこには、剣を構え	
たいじ	
対峙	
する二つの影があった。	
学ランの男	
「観念するんだな。	
お前の	
たくら	
みもここまでだ。」	
「この一刀で諸悪の根源を断ち切り	
俺はあいつらと共に未来を掴む。」	
和装の女	
いさ	
ましいことね。」	
「けれどその	
せりふ	
台詞	
、いい加減聞き飽きたわ。」	
「あなたはいつもそうやって意気込むけれど	
結局は、この私と	
げっこう	
月光	
の前に敗れ去る	
さだめ	
運命	
。」	
「過去も未来も確定している。	
それは	
くつがえ	
すことの叶わない絶対的な法則。	
よていちょうわ	
予定調和	
と言ってもいい。」	
だって、そういう風になっているのだから。」	
ごたく	
御託	
はいらねぇ。	
これで	
しま	
いだ。」	
男は剣を構えなおし	
地を蹴るッ！	
一直線に目標に向かって突進し、	
下段に構えた刃を女の首筋目掛けて振り抜いた。	
がっ	
！」	
だが、斬られていたのは男の方だった。	
りないわね。あなた。	
いえ、学習能力が無いと言った方がいいのかしら。」	
「退屈な	
しあい	
仕合	
だったけれど大目に見てあげるわ。	
今の私は気分が良いの。」	
こよい	
今宵	
まんげつ	
満月	
ごらん	
御覧	
なさい。	
月が、綺麗でしょう？」	
「あら。残念。	
もう聞こえてないのね。」	
「さて、くだらない	
ちゃばん	
茶番	
は終わりにして	
さい	
を振り直すとしましょうか。」	
むげんつくよみ	
夢幻月詠	
、発動。」	
？？？	
ート。」	
声がする。	
眠い。	
ユート。」	
まだ寝かせてくれ。	
「いい加減起きんかッ！	
この馬鹿者がッ！」	
「うわあああああああッ！！」	
スーツ姿の女	
「ようやくお目覚めか。	
手を掛けさせるな。」	
「あー。	
びっくりした。」	
「せっかくの爽やかな朝なんだから、	
もうちょっと優しく起こしてくれてもいんじゃねーの？	
ユリ	
ねぇ	
この灰色の髪のスーツの姉ちゃんは	
かわしま	
川島	
ユリヒメ。	
俺の	
いとこ	
従姉	
だ。	
ちなみに俺の通う	
せいおうがくえん	
聖皇学園	
の教師でクラス担任でもある。	
「最初は出来るだけ優しくしてやったぞ。	
一向に起きないから、布団をはがしてやったまでだ。」	
「どうりで肌寒いわけだ。	
俺、ベッドで寝てたはずなのに、	
フローリングに	
ちんざ	
鎮座	
してんじゃん。」	
「そんなことより、早く学園に行く支度をしろ。	
お前は出席日数が危ないんだ。	
今日こそはきちんと登校してもらうぞ。」	
「登校	
「ユリ姉。	
俺、やらなきゃならない用事があるんだ。	
だから学校には行けない。」	
「なに？	
それは学園を休んででも、	
お前がやらなければならない。	
お前にしか出来ないことなのか？」	
「ああ。	
そうだ。	
子供達との約束を果たす。」	
「ユート、お前	
自分の出席日数と引き換えに	
子供達の夢を叶えようと	
だから俺は	
これから近所の公園に行って、	
超カッコイイ砂のお城を建設してくるぜ。」	
「過酷な任務だが止めないでくれ。	
ユリ姉。」	
「ふざけるな。	
そんなもの休日にやれ。	
近所のガキ共の約束より、	
まずは姉であるこの私の約束を果たせ。」	
「ひ、酷い	
俺に休日労働をしろというのか！？」	
「子供と遊ぶのを	
仕事にしたければ保育士にでもなるがいい。」	
「俺に働けっていうのか	
絶対嫌だね	
「ならば大人しく学園に行くがいい。	
学生の本分は学業だ。」	
「へいへい。	
わかりましたよ。	
ユリ先生。」	
「さて、私は先に学園へ出勤する。	
お前も支度を済ませて登校しろ。	
いいな？」	
「へーい。	
じゃ、顔洗って来ますかねー。」	
まったく。	
せっかく退院出来たというのにあの大怪我以来、	
すっかりやる気を失くしてしまったようだ。」	
一体、何があったというのだ。」	
日差しが眩しいぜ。」	
ポニーテールの女子	
「久しぶり。	
ユートくん、だよね？」	
「あ、えーと	
だれこ	
誰子	
ちゃん	
だっけ	
？」	
ポニーテールが特徴的な女の子。	
見た感じ年下	
っぽいけど。	
こんな可愛い子知り合いにいたかな？	
やっぱり忘れてるー。	
まぁ会うのは	
ヵ月ぶりだし、仕方ないかぁ。」	
「あ、もしかして俺が入院する前に会った子か？	
悪い。	
俺、大怪我した時、	
頭打ったみたいで前後の記憶曖昧なんだよな。」	
「そうだったんだ。	
なんだか大変だったみたいだね。」	
「ああ、でもそんな気にしなくてもいいぜ。	
記憶の方はまだ戻ってないところあるけど、	
怪我は完治して、この通りピンピンしてる。」	
「それは良かった。	
じゃあ、改めて自己紹介だね。」	
「私は聖皇学園	
さみだれ	
五月雨	
サツキ。	
よろしくね。」	
「俺は	
組、	
ユート。	
よろしくな。	
「私のことはサツキでいいよ。」	
「あ、あぁ。	
じゃあサツキ。」	
「うん。」	
「そういえば、サツキって後輩なのに	
結構砕けた話し方だよな？	
そんなに俺と仲良かったのか？」	
「うーん。	
一回だけ会ってお話ししたぐらいかな？」	
「ほぼ他人じゃねぇか。	
思いのほかフレンドリーだから、	
割と付き合いあったのかと思ったぞ。」	
「でも、ユートくんの方から	
タメ口でいいって言ってたよ。」	
「そうなのか。	
ちなみにその時、俺とどんな話を？」	
「えーと。	
私とユートくんは同じチームに所属していて、	
騎士団とか魔王軍とか悪い人達と戦っていたとかなんとか。	
それで、ラスボスを倒すのに協力して欲しいって言われた。」	
それなんのゲームの話？	
流行ってんの？」	
「さあ？」	
新手のナンパじゃねーだろうな。	
過去の俺よ。」	
「最初は何のことかさっぱりだったんだけど、	
嘘を言ってるようには思えなくて、	
何だか一生懸命な感じがしたんだよ。」	
「どうしてもラスボスを、	
倒したかったんじゃないかな？」	
「ふーん。」	
「とうちゃーく。」	
そんなこんなで	
サツキと他愛も無い話をしながら、	
学園に辿り着いた。	
ここが俺達が学園だ。	
女子生徒	
「サツキ。	
おはよー。」	
「あ、吉川さんおはよー。」	
「それじゃね。	
ユートくん。」	
「おう。	
じゃあここでな。」	
サツキは友達と挨拶をかわしながら、	
昇降口へと向かっていった。	
髪の長い女子	
「五月雨さんと話していたわね。」	
「おわっ！	
びっくりしたぁ！」	
人の顔見て叫び声を上げるなんて無礼な男ね。」	
「気配消して近づくとかタダ者じゃねぇな。	
戦闘力でもコントロール出来んかよ。」	
「は？	
に見かけたと思えば、	
また	
ざれごと	
戯言	
を抜かすのね。	
あの時みたいに。」	
「あー	
もしかして、	
俺の知り合いか？	
悪い。実は記憶が	
「知ってるわ。	
頭の打ちどころが悪かったのよね。	
ご愁傷様。」	
一応確認しておくが、	
いた	
わりの言葉という認識でいいんだよな？」	
「私は	
しどう	
獅堂	
ミナト。	
この学園を	
ぎゅうじ	
牛耳	
る生徒会長よ。	
今度は忘れないようにその頭に刻みつけておきなさい。」	
「俺の質問は無視かよ。	
え？なに？	
生徒会長って学園を牛耳るだけの権力あんの？」	
「そんなことより、	
五月雨さんとどういう関係？」	
「五月雨	
、あぁサツキか。	
いや、まだ少し話したぐらいの仲だけど。」	
「ふーん。	
その割にはやけに親しそうじゃない。」	
「そう言われましても。」	
「まぁいいわ。	
今日のところは見逃してあげる。」	
「何を見逃されたんだ俺は	
金髪ツインテールの女子	
「か、川島ユートっ！」	
「今度は誰だ	
「あ、あんた！	
私にあんなことをしておいて、	
一か月も音沙汰無いってどういうことよ！？」	
「え？	
俺また何かしちゃいましたか？」	
「と、とぼけんじゃないわよ	
っ！	
し、したじゃない！	
か、壁ドン	
「壁ドン	
「わ、私、男の人に壁ドンされたの初めてで	
それでそれで	
っ！」	
「すまん。	
何のことか覚えてない。」	
「はあ！？」	
男子生徒	
「委員長。	
川島は先日大怪我をした際に	
頭を打っており、記憶の混濁がみられるとのことです。	
委員長のことも忘れている可能性があります。」	
「なんですって！？	
あ、あんた！	
じゃああの時、	
この私に言ったこと忘れたの！？」	
「あ、ああ。	
そうみたいだ。」	
ざけんな。」	
「え？」	
「ふざけんな！	
バーカバーカ！	
こっちだってあんたのことなんか、	
忘れてやるわよ！	
バーカ！」	
「えぇ	
「彼女は我が学園の風紀委員長、	
たてがみ	
盾守	
アメリアだ。」	
、ねぇ。」	
「川島ユート。	
君は複数の女性を次から次へと	
口説いた軟派男だと聞いている。」	
「まじかよ。」	
「私はあまり噂を	
うの	
鵜呑	
みにするような人間ではないが、	
の委員長に手を出す事は絶対に許さん。	
肝に銘じておけ。」	
なんだったんだ。」	
「よー。	
川島ー！	
退院おめでとー！	
調子はどうだ？」	
「よう。	
まぁ、まだ病み上がりってのもあるが、	
この通り、怪我は完治したぜ。」	
「頭打ってキオクソーシツなんだって？	
まさか、俺の事は忘れたりしてねーよな？」	
「覚えてるに決まってんだろう。	
「まるで覚えてねーじゃねーか。	
つーか、何でいきなり	
どこいった？」	
「はは、覚えてるよ。	
おかざき	
岡崎	
「ま、そんなボケ返せれば、大丈夫か。	
それよか、あの噂聞いたか？」	
「噂？」	
「お前が大怪我した事件の事さ。」	
「あれなら、俺が他校の奴らと殴り合いの	
大喧嘩したって事で決着ついただろ。	
正直覚えてねーけど。」	
「実はあれな。	
お前が学園のアイドルにちょっかい出したのが原因で	
粛清されたって事になってる。」	
「まじかよ。	
さっきの風紀委員の奴も言ってたが、	
俺が女の子を口説きまわってたのは本当なのか？」	
実際にその現場を見たって奴も何人も居る。	
なんなら口説かれた女の子本人も覚えがあるんじゃないか？」	
ああ。	
そういや向こうも、	
ガッツリ覚えてる風だったな。」	
「学園のアイドルに覚えてもらえるなんて、	
光栄な事じゃねーか。」	
「けど、正直その時の事覚えてねーし、	
むしろ俺にとっては初対面なんだよなぁ。	
変な話だけど。」	
「なら、	
お前が先月口説いてた学園のアイドル	
人を	
ちょっくら紹介してやるぜ。」	
人も居んのかよ	
「まずはエントリー	
サツキ！」	
「あ、エントリー方式なんだ。」	
「ポニーテールが特徴の	
優しくて元気いっぱい幼馴染系後輩キャラだ！」	
「意外とドジで天然なところもポイントが高く、	
同級生のみならず、上級生からも人気の優良株！」	
「エントリー	
ミナト！」	
「ご存じ我が学園の生徒会長にして、	
学園一の才女とも言われ、	
誰もその笑顔見たことが無いと名高い冷酷無比系美少女！」	
「その凍り付くような冷淡さが人気の秘訣で、	
ののし	
られたい系男子だけでなく、そのクールさに	
女子からの人気も高い圧倒的支持率！」	
られたい系男子って、	
それ何ジャンルなの？」	
アメリア！」	
きんぱつへきがん	
金髪碧眼	
ツインテールという、	
人気鉄板の容姿を兼ね備えた美少女にして、	
学園の風紀を取り締まる風紀委員長！」	
「常にプンスカ怒ってるが、	
時折見せるデレっぷりが男心を虜にする、	
テンプレのようなツンデレが大人気だ！」	
「何で常に怒ってんだよ	
何がそんなに気に入らないのか。」	
きこういん	
機巧院	
ノヴァ！」	
「ちっこくて可愛い幼児体型ボディーの	
小悪魔系ロリっ子美少女に	
学園のロリコン共はもうメロメロ！」	
「一体何人の男が彼女の	
てご	
手籠	
めにされ、	
金銭を巻き上げられたから数知れず。	
恐ろしい魅力と人気を兼ね備えた実力派！」	
「あれ。こいつは知らないな。」	
「そして最後を飾るのは！	
エントリー	
組クラス担任	
ユリヒメ！」	
「俺、ユリ	
も口説いてたの！？」	
「我がクラスの担任は知っての通り、	
そこの軟派野郎川島ユートの実の従姉！」	
「軟派野郎は余計だ。」	
「学園の教師の中でも	
の人気を誇り、	
厳しくも優しい熱血指導っぷりに、	
数多の不良が自ら懇願しながら更生したという伝説を残す！」	
「さすがユリ姉	
「更にその親しみやすさから、	
ユリ先生と呼ばれ生徒たちのハートを鷲掴み！	
男子は勿論、女子からも絶大な人気を誇るユリヒメ女史！」	
「ユリ姉凄い	
「まさに学園一のアイドルは、	
ユリ先生で決まりかーーーーー！？」	
「うおおおおーーーーっ！	
ユリ姉ーーーーーーっ！！	
好きだぁああーーーーーーーーーーっ！！」	
「痛いっ！」	
「お前ら。	
何を馬鹿話をしている。」	
「げ。ユリ先生。」	
「馬鹿話なんかじゃねぇっ！	
俺達はユリ姉の素晴らしさについて、	
語り合っていただけだ！」	
「だからそれを馬鹿話というんだ。	
くだらない事を言ってないで早く席に着け。	
ホームルームを始めるぞ。」	
「やれやれ。	
ユリ先生は相変わらずガードが固いね。」	
「へっ。	
ユリ姉を誰にも落とせないぜ。	
俺以外はな。」	
「言うじゃねぇか。」	
何のやり取りだこれは。」	
「そこの馬鹿二人！	
ユリ先生の手を煩わせてんじゃないわよっ！	
さっさと席に着きなさいよ！」	
「川島先生。	
ホームルームを始めても？」	
そうだな。	
号令を頼む。	
獅堂。」	
「起立、礼。」	
「では、ホームルームはこれで終わりだ。	
各自解散。」	
女性生徒	
「ユリ先生さようならー。」	
気を付けて帰るのだぞ。」	
「さてと、やることも無いし。	
俺も帰るとするかね。」	
「まったく、	
そんな暇を持て余しているのなら、	
お前も何か部活にでも入ったらどうだ？」	
「別に暇だからって	
特にやりたい部活があるわけでも無いし、	
帰って惰眠でも貪っていた方が余程有意義だ。」	
「く	
っ。	
何という駄目人間の発想か。	
一体どこで育て方を間違えたというのだ	
「ユリ先生。	
心中お察しします。」	
「それじゃ駄目人間はお先に失礼しますよ。」	
「ユート。	
トイレ用洗剤が切れていたから、	
帰りに買っておいてくれ。」	
「え。	
パシり？」	
「何が不服なのよ？	
ユリ先生の温情で駄目人間のあんたに	
仕事を授けて下さっているんじゃない。」	
「うん。	
その扱いが不服なんだけどね。	
っていうか、朝からお前、俺に対して棘あるよね？」	
あれは	
獅堂、だったか？	
「あなた、	
しそう	
死相	
が出ているわ。」	
それはどういう	
、」	
「って無視かよ	
何だったんだ？」	
「ユリ姉に頼まれてたのも買ったし、	
帰るとするか。」	
市民	
「うわぁあああーーーーッ！	
オートマタの暴走だーーーっ！」	
「オートマタ	
！？」	
凄まじい破裂音と悲鳴が聞こえた方向を見やると、	
全身鋼鉄に包まれた機械人形が	
公園の自販機を軽	
と放り投げていた。	
「廃棄、廃棄。	
公園、キレイニスル	
廃棄、廃棄。」	
「あの清掃用オートマタ	
見境無しに片っ端から公園にあるものを	
ぶっ壊してやがる	
「またオートマタの暴走か	
これで今月何度目だよ	
！」」	
「ニンゲン、確認。	
公園、キレイニスル。	
「うわぁ	
あいつ、俺達人間をゴミ扱いしてやがる	
オートマタは	
おもむろに近くに植え付けられていた街灯の柱を	
力任せに引き抜き、己の武器とした。	
「武装強化。	
ニンゲン、廃棄、廃棄。」	
「冗談じゃねぇ	
あんなのにぶっ叩かれたら	
タダじゃ済まねぇぞ	
「皆、逃げろぉおーーーーーッ！！」	
公園に居た市民達は	
暴走するオートマタから、	
悲鳴を上げながら一目散に逃げ出した。	
街灯の柱を抱えたオートマタの	
移動速度は大して早くない。	
走れば逃げ切れるだろう。	
「クソッ！何だってこんなことに	
ここに居たら俺もヤバイ！	
とっととズラかるぜ！」	
俺も巻き込まれるのはごめんだとばかりに	
速やかに公園から退避しようとした。	
だが。	
女性の声	
「誰かその子を助けてーーーーーっ！！」	
「なんだ？」	
突如、女性の悲鳴が聞こえ、	
声が指し示す方向には、	
逃げ遅れた子供に向けて、	
オートマタが街灯の柱を振り落とそうとしていた。	
「な	
んだとッ！？」	
俺は考える先に駆け出していた。	
驚くほど自然に、何の	
まよ	
躊躇	
いも無く、	
子供を助ける為に行動を起こしていた。	
まるで	
何度もそうしてきたかのように	
「俺の目の前でッ！	
もう誰もッ！	
死なせねぇッ！」	
もう誰も	
過去に誰かを失った事があるような言い方だった。	
いや、そんな違和感は今はどうでもいい。	
今は目の前のこの子供を助ける。	
俺は子供を抱きかかえて、	
迫りくるオートマタの攻撃から	
身を守るように庇う。	
駄目だッ！	
避けられねぇッ！	
ッ！！」	
まじかよ。	
あいつの予言	
結構当たんじゃねぇか。	
死を覚悟した	
その瞬間。	
俺達目掛けて攻撃しようとしていたオートマタが、	
真っ二つに両断された。	
マフラーを巻いた女子	
「相変わらず無茶するッスね。	
川島さん。」	
「お前	
「自分は	
ノヴァ。	
ていこくじゅうこうせい	
帝国重工製	
だいさんせだいがたちょうほうていさつよう	
第三世代型諜報偵察用	
オートマタで	
その暴走オートマタと同じ機械人形ってやつッス。」	
「は	
お前もオートマタ	
子供	
「ママー！」	
子供の母親	
「たかし！	
大丈夫！？	
怪我してない！？」	
「うん。大丈夫！	
この	
おとこ	
とこのお姉ちゃんが助けてくれた！」	
「おい、たかし。	
何で俺だけ	
呼びなんだよ。	
そこはお兄ちゃん呼びじゃねーのかよ。」	
「お二人共、本当にありがとうございます！	
あなた達はこの子の命恩人です！	
さあ、たかしもお礼を言いなさい。」	
「ありがとうお姉ちゃん！」	
「それでは私達はこれで失礼しますね。」	
「じゃあねー！」	
「あれ。	
俺、たかしにお礼言われてないんだけど。」	
「まぁ、川島さんだし、	
仕方ないかと。」	
「何でだよ。	
それよりもこの暴走した	
オートマタは何だったんだ？」	
だいいちせだいがたせいそうさぎょうよう	
第一世代型清掃作業用	
オートマタ。	
カンダタ	
ベータ	
ッスね。」	
「普段は公園の清掃している大人しいオートマタッスけど、	
行動プログラムが	
清掃	
廃棄	
と誤認するように	
書き替えられているッスね。」	
「なるほど。そのプログラムの書き替えが、	
結果として暴走に繋がったってことか。」	
「ちょっと待て。その書き換えって一体	
「おっと、警察のご登場ッスか。	
流石に警察沙汰は勘弁ッスね。」	
「川島さん。	
自分は動けないので、	
自分を背負ってこの場から直ちに離れてくださいッス。」	
お前を担いで離れろだと？	
しかも、何で警察を避ける必要が	
「いいからさっさとするッス！	
命の恩人の頼みが聞けないんスか！」	
「だー！	
わかったよ！	
やりゃあいいんだろ！	
やりゃあ！」	
「快適快適。	
これは良い乗り物ッスねー。」	
「お前を担いでる俺はしんどいけどな。	
つーか、その馬鹿デカい剣なんだよ。	
それのせいですげー重いんだが。」	
「これはオートマタ専用の	
エーテライト	
くどうがたきんせつようこうしゅうは	
駆動型近接用高周波	
ブレード	
アルファ	
通称ダブルセイバーッス。」	
「あの暴走オートマタを真っ二つにしたのがその剣ってわけか。」	
「そッス。	
ただこの高周波ブレードは燃費が悪いのが難点で、	
先ほどの使用で自分のエネルギー残量がゼロになり、	
身動きが取れなくなってしまったんス。」	
「エネルギー残量って	
お前マジでアンドロイドなのか？」	
「だからそう言ってるッス。	
あ、その道を右ッス。」	
「にわかには信じられないが、	
さっきのオートマタ両断の大道芸を見せられたら、	
まるっきり嘘とも言えない	
か。」	
「へー。	
川島さん随分物分かりが良くなったんスねー。	
人って成長するものなんスね。	
偉い偉い。」	
なでなで。	
もしかして今馬鹿にされてんのか？」	
「つーか、お前俺のこと知ってるみたいだけど、	
どういう関係なんだ？」	
「お前じゃなくてノヴァ、ッス。」	
えーと、ノヴァ。」	
「ほい。」	
「俺とノヴァはどういうご関係で？」	
「あ、その突きあたりを右折で。」	
「聞けよ。」	
聖皇学園に戻って来ちまった。」	
「それじゃ、	
そのまま	
階までゴー。」	
「ここって科学室	
か？	
入ったことねーけど。」	
「それは運が良いッスね。	
ささ、入った入った。」	
「お前ん家かここは。」	
眼鏡の男	
「戻ったか。	
号。」	
「ただいま帰還したッス。	
ドクター。	
ちゃんとお荷物をお届けしたッス。」	
「ご苦労。	
確かに川島ユートで間違いない。」	
もしかして荷物って俺のことか？	
どちらかというと	
俺が担いでいるノヴァが荷物の状態なんだが。」	
おんぶはもういいので、降ろしていいッスよ。	
あ、降ろすときはゆっくりッスよ。	
ゆっくり。」	
ぺちぺち	
「へいへい。」	
「おー。	
地に足がついた気分ッス。」	
「実際ついてるけどな。」	
かげやま	
この聖皇学園の科学教員だ。」	
「科学教師が俺に何の用だ？	
っていうか、このノヴァとかいう	
オートマタはお前の発明品か？」	
「時間が無い。	
質問は後にしたまえ。」	
「君にはやってもらいたい使命がある。	
そしてその使命は君自身から託されたものだ。」	
俺が俺に何か頼んだって事か？」	
「君は先日の大怪我の影響で記憶が一部失われている。	
そうだったな？」	
「ああ	
。確かに記憶は曖昧だ。	
俺が学園のアイドルを口説いてたらしいが	
まったく身に覚えがないくらいにな。」	
「自分も川島さんに口説かれたッス。」	
「さて、見知らぬ私から説明を受けたところで	
君は信じないだろう。	
そこで、君宛ての君自身が書いた手紙を預かっている。」	
「俺が書いた手紙	
だと？」	
「読んでみたまえ。	
そうすれば私の話を信じる気になるはずだ。」	
勿論、私は中身を見ていない。	
安心したまえ。」	
「えーと	
なになに	
『川島ユート。	
この手紙を読んでいるということは、	
今のお前は過去の記憶を失っていることだろう。』	
「俺の字だ	
だが、本当に俺が書いたものか？	
筆跡なんてどうにでも細工出来るだろうし	
『お前がこの手紙を疑う気持ちはわかっている。	
なにせ俺だからな。』	
『ならば、俺が俺であることを証明してみせよう。	
お前の内なる秘密を暴き出してな。』	
「なに	
俺の秘密	
だと？	
一体何をする気だ？」	
「川島さんが何やら手紙と会話をしてるんスが。」	
「随分と感情移入しやすい性格のようだな。	
いや、思い込みが激しいと言えるか。	
実に興味深い光景だ。」	
お前がひた隠しにしている	
願望を言い当ててみせよう。』	
「でたらめを言うな	
俺にそんな願望なんて無い	
俺には	
『今、その願望を思い浮かべたな？	
ユリ姉のセーラー服姿が見たい	
という願望を。』	
「おい	
冗談だろ	
そんな	
馬鹿な	
「この手紙を書いたのは	
俺だ	
間違いねぇ	
「なんかショックのあまり、	
膝から崩れ落ちたようッスけど。	
余程、衝撃的な事が書かれていたようッスね。」	
「経緯は不明だが、	
これで信じて貰えたようだな。」	
『理解したか？	
お前は俺、俺はお前だ。』	
『俺はこの後、	
奴に敗北し記憶を失ってしまうことだろう。	
だから、俺であるお前にすべてを託したい。』	
『頼む川島ユート。	
俺の仲間を解放し、	
を打ち破ってくれ。』	
仲間？	
『非常に難易度の高い任務だが安心しろ。	
そこに居る影山が協力してくれる。	
まずは奴に頼るといい。』	
『俺達の命運。	
お前に託す。』	
なんか一方的に面倒くせーこと託されちまったなぁ。	
これやんなきゃ駄目かなぁ	
『追伸	
ユリ姉は推しに弱い。	
健闘を祈る。』	
「まじでっ！」	
「それで川島さん。	
手紙にはなんて書いてあったんスか？」	
この文献には、	
ユリ姉は推しに弱いという重大な情報が記されていた。」	
いや、	
もっと大事なこと書いてあったでしょ。	
なんか頼まれたんじゃないッスか？」	
「ああ、えーと	
俺の仲間を解放して、	
を打ち破ってくれとかなんとか	
「ふむ。」	
「影山。	
お前に協力を仰げと書いてあったが、	
何か知ってるんだろ？」	
「ああそうだ。	
その手紙の指示通り、	
私は君に協力する為、ここで待っていたのだ。」	
「私達に課せられたミッションは二つ、	
仲間の解放、	
の破壊、だ。」	
「俺の仲間って誰なんだ？」	
「今、学園の噂になってる	
川島さんが口説いた	
人の学園アイドルの事ッス。」	
「まじか！	
あれが俺の仲間	
なのか。	
仲間だった時の記憶がすっぽり抜け落ちてるから	
なんだか実感沸かねーな	
「待てよ。	
確かノヴァも学園アイドルだったな。	
お前も俺の仲間なの？」	
しっかりするッスよ相棒。」	
本当に仲間、なのか。」	
「仲間達は	
の影響で	
君同様、過去の記憶が	
かいざん	
改竄	
され、	
本来の力が封印されている。」	
「まずは仲間達が本来の力を引き出せるようにしてもらう。」	
「そして、力を取り戻した仲間達の力を結集し、	
を破壊する。	
これが私の勝利の方程式だ。」	
「本来の力って	
まさかノヴァみたいな	
オートマタだったり、	
大剣振り回したりする物騒な力のことか？」	
「そんな感じッスねー。	
ちなみに中には	
自分よりヤバイ能力を持っている人も居るので	
気を付けた方がいいッスよ。」	
「気を付けるって何！？	
仲間に襲われる危険性があるってこと！？」	
「強い力には危険はつきものッス。」	
大丈夫かよそいつら。」	
「で、その仲間を解放するにはどうすりゃいいんだ？」	
「安心したまえ。	
既に策は用意してある。」	
「私はこの一か月、	
の影響下の人間を解放する術の	
研究を重ね、ついにその答えを導き出した。」	
「その答えとは	
これだ。」	
影山は懐からゲームソフトの	
パッケージらしき箱をこちらに差し出した。	
ナニコレ？」	
「これが答えだ。」	
とりあえず、影山から渡された	
ゲームソフトのタイトル名を読み上げてみる。	
「『ラブぱら！	
学園ラブコメパラダイス	
というタイトルの	
恋愛シミュレーションゲームのようですが？」	
「これこそが、	
の影響下の人間を解放する術、	
その答えだ。」	
「どういうこと！？	
説明！	
説明をしてくれ！」	
こんぱくせつぞく	
魂魄接続	
を介し、	
対象者の精神に干渉する効果があると推測している。」	
「であれば、対象者の精神力を引き上げれば	
事実上、	
の精神干渉を無効化する事が出来る。」	
「だが、並みの精神力では	
の精神干渉を防ぐには至らない。	
そう、並みの精神力では駄目なのだ。」	
「しかし、ある状態に陥った人間は	
の精神干渉に耐えうる、	
きょうじん	
強靭	
な精神力を得ることが出来る。」	
「それは、人が恋に落ちた時。	
つまり、恋愛をしている時に他ならない。」	
「え。まさか。」	
「そう。	
その答えこそ、	
君がその手に持っている	
恋愛シミュレーションゲームそのものだ。」	
「いいか。	
君がやることは既に決まっている。	
の精神干渉を受けた仲間達を解放する為	
人を攻略するのだ。」	
「えーーーーッ！！	
あの連中を惚れさせろってかぁあああーーー！？」	
「このミッションが失敗すれば、	
の破壊が叶わず、	
の命運が尽き果てる。」	
「心して当たるように。」	
「まじかよ！」	
ファイト。」	
「いや、お前も攻略対象に含まれてるから！	
当事者意識低すぎでしょ！」	
こうして俺は勝手に命運を託され、	
を打ち破る為、	
学園アイドルを攻略することとなった。	
「っていうか、	
って何！？」	
「はろはろー。	
テンチョー。」	
テンチョー	
「よお。ノヴァ。	
と、もう一人は	
しんがお	
新顔	
「あん？おいおいじーさん。	
俺の事を忘れてるとは、	
もうボケたのか？」	
「舐めた口を聞くじゃねぇか。	
わかぞう	
若造	
が。	
あいにく	
生憎	
、客の顔を忘れるほどボケてねぇ。」	
「おっと。テンチョーは	
なまみ	
生身	
の川島さんとは初対面ッスね。」	
「テンチョー。	
サイファー	
中身の川島さんッス。例の事件が	
片付いてようやく人間の姿に戻れたんスよ。」	
「なにぃ？こいつがあのオートマタの中身か。	
思ってた	
つらがま	
面構	
えとは違うが、	
この生意気な態度は川島に違いねぇ。」	
「相変わらず口の減らねーじじいだぜ。」	
「そういや。話は聞いたぜ。お前ら	
ていこくじゅうこう	
帝国重工	
はいきじっけんじょう	
廃棄実験場	
ふとう	
どえらいドンパチをやったってな。」	
「あの実験場を	
やけのはら	
焼野原	
にしちまうなんて	
一体何をやらかしたんだ？」	
「確かにノヴァとドンパチやったな。	
文字通り敵対したという意味で。」	
「試作型のエーテライト・バスターキャノンが	
想定以上の火力だったもんで施設ごと	
消し飛んじゃったんスよねえ。」	
「いやー。参った参った。」	
「天道から依頼が来てな。	
ノヴァも事件に絡んでやがるって事で	
じたいしゅうしゅう	
事態収拾	
に俺も駆り出されたんだぜ。」	
「天道が事件の	
あとしょり	
後処理	
を？」	
「お前らは知らねぇかもしれんが、	
ノヴァのケツ拭きは大体、	
天道がやってんだぜ。」	
「裏で意外と仕事してんだな。アイツも。」	
「ったく。随分派手にやらかしやがって	
後始末が大変だったぜ。」	
「これはこれは。ご苦労様です。	
テンチョーのおかげで自分も	
てんとさま	
天道様	
の下を堂	
と歩けるってもんッス。」	
「ちゃあんと働いた分は	
いかるがけいさつ	
に請求しておくからな。」	
「どうぞどうぞ。	
天道さん宛てに請求お願いします。」	
「右から左に天道に流されていくな。」	
「ところでノヴァ。	
ウチの店にはブツを取りに来たんだろ？」	
「おー。そうでした。	
例のブツは？」	
「もちろん。仕入れてあるぜ。	
ほら、こいつだ。」	
テンチョーは紙袋を	
取り出しノヴァに手渡した。	
ノヴァは紙袋を覗き込み	
中身を確認する。	
「これは注文通りの一品。	
よく手に入れられましたなぁ。」	
「オーダーメイド専門でやってる奴が居てな。	
そいつの手作りさ。大したモンだろ？」	
「ええ。一目でわかる素晴らしい出来ですぞ。	
大変満足しておりまする。」	
「そいつは良かった。	
じゃ、確かに渡したぜ。」	
「しかしなんで	
またそんなモンが必要だったんだ？」	
「これを使うと大変お喜びになる人が居るんスよ。」	
「ほー。大した趣味の奴が居るもんだ。」	
「いやー。テンチョーにも挨拶出来たし	
例のブツも回収出来たし満足満足。」	
「そのブツとやら何なの？」	
「ふっふっふ。	
これはこの後のメインイベントで	
使うやつなんスよ。」	
「メインイベント？」	
「いえす。ほいじゃ早速、	
メインイベントの場所へ行きましょー。」	
ノヴァが目的地に向かって	
テクテクと歩き出した時	
街人	
「キャー！カードハンターよー！」	
「うわああー！カードハンターだ！	
カードハンターが出たぞー！」	
「早く逃げろー！デッキを奪われるぞー！」	
「何だ？カードハンター？」	
「やれやれ。今日はデート	
びより	
日和	
だってのに	
とんだ災難ッスね。」	
デュエル	
決闘	
モード	
！ヒロイックチェンジ！」	
ノヴァは謎の	
こうじょう	
口上	
を叫ぶと、	
目にも止まらぬ速さで服を着替えた。	
「お、おい！まさかカードハンターと	
デュエルする気か！？」	
ちあん	
治安	
を乱す悪者を見て見ぬフリは出来ないッス。	
何故なら自分は真の	
だから！」	
「そこはせめて	
正義の斑鳩警察官だからって	
言って欲しかったわ。」	
「事件は会議室で起きてるんじゃない！	
現場で起きてるんだ！」	
「あ、おいッ！ノヴァ！」	
ノヴァはカードハンターが現れたと	
思しき場所へと急行する。	
「そこまでだ！カードハンター！」	
デビルズラブリーデュエリスト	
小悪魔系愛決闘者	
ノヴァちゃんが相手だ！」	
しかし、そこにはボロ	
ぞうきん	
雑巾	
のように	
地面に倒れるカードハンターの姿があった。	
っ！？	
カードハンターが既に倒されている	
！？	
一体、誰がこんなことを	
「おやおや。ようやくお出ましかい？	
さん。」	
なにやつ	
何奴	
ッスか。」	
「僕だよ。僕。	
はなさき	
だよ。	
「花咲	
？メガネで	
カードハンターにボコられて	
デッキを奪われていたあの花咲だと	
「随分と	
ふうてい	
風体	
が変わったッスね。	
花咲さん。」	
「どうだい？これが生まれ変わった僕。	
悪党を打ち倒すヒーローの姿。」	
「そう。このカードハンターという	
世に	
はびこ	
蔓延	
る悪を滅するのさッ！」	
う、うぐっ！」	
花咲は地面に倒れるカードハンターの	
腹を蹴り飛ばす。	
「やめろ。そいつはもう戦闘不能だ。	
追い打ちをするなんて	
ヒーローのする事じゃねぇ。」	
「悪党に同情？	
おいおい、やめてくれよ。」	
「こいつはヒーローに負けた悪党で	
敗北者だ。そもそもこいつら悪党に	
なさ	
けも	
ようしゃ	
容赦	
も必要無いのさ。」	
ぐふっ！」	
「花咲さん。まさかあんたが	
ちまた	
を騒がせている	
カードハンター狩りッスか？」	
「そうさ。僕がカードハンターを狩るヒーロー。	
カードハンターハンターさ。	
正義のヒーローが悪に	
てっつい	
鉄槌	
を下すんだ。」	
「機巧院さん。君はヒーローのように現れ	
さっそう	
颯爽	
と僕を助けてくれたじゃないか。」	
「僕は君に	
ヒーローに憧れていたんだ。	
絶対に負けない強者。	
悪を打ち倒すヒーローにね。」	
「僕は金にものを言わせ自分のデッキを	
最大限まで強化した。	
絶体に負けない最強の力を手に入れる為に。」	
「そして、金の力で最強のデッキを手に入れた	
僕は最強のヒーローとなった。	
カードハンターを狩りつくす最強のヒーローにね。」	
「毎日毎日、ヒーローは忙しくてね。	
大変なんだ。」	
「狩り続けても、狩り続けても、	
こうしてカードハンターのような	
悪党が湧き続ける。」	
ぐっ！」	
「僕はこいつら悪党が消えて滅びるまで	
戦い続けるんだ。正義のヒーローとしてね。」	
ぐはっ！」	
花咲はカードハンターの頭に足で踏みつける。	
「ククク	
ッ。どうだい？機巧院さん。	
あの僕をボコっていたカードハンターが	
この僕に手も足も出ないんだ。」	
「あの頃の弱虫で強者にこびへつらっていた	
弱い僕とは違う。僕は強くなった。	
ヒーローとして生まれ変わったんだ。」	
「花咲さん。	
あんたはヒーローなんかじゃない。	
それは間違った強さッス。」	
「なんだって	
「真の	
は戦った相手への	
リスペクトを忘れない。	
それが例えカードハンターのような悪党でも。」	
「金で手に入れた見せかけの力は	
本当の強さじゃない。」	
の本当の強さは	
愛しさとせつなさと心強さを持った	
その心の在り方だから。」	
「あんたが今しているのは	
ヒーローがする事じゃない。	
ただの弱い者いじめッス。」	
「やれやれ	
。悲しいなぁ	
機巧院さん	
「君はヒーローというものを	
なんにも理解していないんだね	
「ヒーローは悪党を殲滅する非情さが必要なんだ。	
そんなぬるま湯のような甘い理想論だけでは	
正義は守れないのさ。」	
「仕方が無い。わからず屋の君に	
ヒーローの強さってものを	
教えてやらなくちゃあならないようだ。」	
「花咲さん。このデュエルで	
あんたを否定してやるッス。」	
デュエルッ！」	
「先行は自分がもらうッス！」	
「自分は手札から	
マジック	
魔法	
カード『	
ゆうごう	
融合	
』を発動！」	
「手札の『	
ウインドマン	
疾風の羽男	
』と『	
フレイムガール	
烈火の炎女	
』の	
体を融合し	
バーストウイングマン	
烈風の火炎男	
』を	
ゆうごうしょうかん	
融合召喚	
「自分はカードを	
枚伏せターンエンドッス！」	
「さすが機巧院さん。	
ターン目から	
攻撃力	
の上級モンスターを出してくるとはね。」	
「自分のヒーローデッキは『融合』による	
速攻召喚でビートダウンを狙うデッキ。	
スピードこそパワーッス。」	
「面白い。どちらが真のヒーローに	
ふさわしいか見せてあげるよ。」	
「僕のターン！ドロー！」	
「僕は手札から	
ダーク・ファントム	
闇の幻影	
』と	
ダーク・フレイム	
闇の炎	
ダーク・インフェルノ	
闇の業火	
「攻撃力	
の融合モンスター！？	
まさか花咲さんもヒーローデッキ	
ッ！？」	
「僕は一度闇に落ちヴィランとなった。	
そして、どん底からヒーローに	
い上がった	
ダークヒーローデッキだ。」	
「ダーク	
ヒーロー	
「行け！『	
』！	
ダークヒーローこそが	
真のヒーローだと証明するんだ！」	
「『	
』に攻撃ッ！	
ダークネス・フレアッ！」	
っ！『	
』が破壊された！？」	
「まだだ！『	
』の効果発動ッ！	
戦闘破壊したモンスターの攻撃力分のダメージを	
相手プレイヤーに与えるッ！」	
「戦闘破壊の貫通ダメージと合わせて	
のダメージを受けろッ！」	
「ぐわあああーーーーッ！」	
「どうだい？闇の炎に焼かれた気分は？	
これが悪を滅する浄化の炎さ。」	
「まだまだ	
っ！この程度の炎、	
まだ温すぎるぜ	
「その強がりがどこまで持つかな？	
僕はカードを	
枚伏せてターンエンドだ。」	
「自分のターンッ！ドロー！」	
「手札から『	
サンダーマン	
閃光の電撃男	
』を召喚ッ！」	
「更に手札から	
いじげんゆうごう	
異次元融合	
「フィールドの『	
」と	
墓地の『	
ライトニングサンダーマン	
雷神の電磁男	
ッ！」	
「フィールドと墓地のモンスターで融合し	
の上級モンスターを融合召喚。	
ここで君の切り札を出して来たか。」	
』を攻撃ッ！」	
「リバースカードオープン！	
罠カード『ダーク・バニッシュ』発動ッ！	
「相手が攻撃宣言をした時に	
バトルフェイズを強制的に終了するッ！」	
「な、何ィッ！？	
こちらの攻撃そのものを	
無力化しただとッ！？」	
「これで君はこのターン	
何も出来なくなったというわけさ。」	
っ！場にカードを	
枚伏せターンエンドッス	
ッ。ダークヒーローの前では	
何をしようと無力なのさ。」	
「さあ！これでフィナーレと行こうッ！」	
相手フィールド上のモンスター	
体を破壊し	
攻撃力分のダメージをプレイヤーに与えるッ！」	
』を効果で破壊ッ！	
そしてその攻撃力	
「な、何ィィィーーーーッ！	
モンスターを破壊した上に	
直接ライフにダメージだとォッ！？」	
「そして！『	
』で	
プレイヤーにダイレクトアタックッ！	
これで終わりだッ！」	
「くっ！リバースカードオープン！	
罠カード『ヒーロー・ソウル』発動ッ！」	
「プレイヤーのライフが	
になる	
ダメージを受ける時！	
ポイントだけライフを残すッ！」	
「ギリギリのところでカードの効果で	
生き残ったか。往生際が悪いよ。」	
「ま、まずい	
残りライフは	
ポイント	
次のターンで決めなければ確実に負ける	
「残念だけど君に次のターンは来ないよ。」	
「何	
罠カード『ダーク・リベンジアタック』発動！」	
「このカードは攻撃が終了した	
自分モンスター	
体を	
もう一度攻撃させる事が出来る！」	
「な、何ィ！？	
度のバトルフェイズ中に	
回攻撃するだとォ！？」	
』ッ！	
奴のライフをゼロにしろォッ！」	
「くっ！手札から『	
レインボーフレアマン	
虹色の太陽男	
』の効果発動！」	
「このカードは相手の攻撃宣言時、	
自分フィールドにモンスターが居なければ	
特殊召喚出来る！」	
「はっ！悪あがきだな！	
攻撃力たった	
のゴミが	
出てきたところで何になるッ！」	
「そのまま捻り潰せ！	
』ッ！」	
「攻撃力が低くても、圧倒的な力の差があっても、	
それでも勇敢に立ち向かう。	
それが真のヒーローッス。」	
「何を	
こんぱくゆうごう	
魂魄融合	
』発動ッ！」	
フィールドの『	
「なにィ	
ッ！？	
僕の『	
融合素材にしただとぉおお	
「現れろッ！『	
カオスライトダークマン	
混沌の光闇男	
』が特殊召喚された時、	
融合素材になった元	
の攻撃力分の	
倍のダメージを与えるッ！」	
攻撃力の合計は	
「ま、待て	
！合計攻撃力は	
倍のダメージを与えるという事は	
「そうだッ！	
「『カオスバーストストリーム』ッ！！」	
「うわあああああーーーーーッ！！」	
「どう	
して	
勝てない	
最強のヒーローになったのに	
っ。」	
「それは金で手に入れた	
いつわ	
りの強さ。	
あんたのような心の弱い人間は	
本物のヒーローじゃない。」	
「嘘だ	
。僕は	
君の強さに	
君に憧れて	
君に近づきたくて	
ヒーローになったのに	
「どうして	
どうして	
届かないんだ	
「花咲さん。背伸びなんかせず、	
とうしんだい	
等身大	
でデュエルを楽しみましょう。」	
「デュエルを	
楽しむ	
だって？」	
「デュエルは本来楽しいもの。	
怒りや憎しみの感情でデュエルしていても	
真の	
にあらず。」	
「デュエルは心で、	
たましい	
でするものッスよ。」	
「あんたが純粋に	
デュエルをしたいと言うなら	
いつでも相手になるッス。」	
「さようなら。花咲さん。」	
ノヴァは	
の心意気を語ると	
クールに去っていた。	
ノヴァは金にものを	
言わせて得た力は間違っていると	
花咲を	
きゅうだん	
糾弾	
していたが	
実際、ノヴァも金にものを言わせて	
デッキを強化し続けているのでお前が言うな案件では	
あるが空気を読んで俺は黙っておく事にした。	
システム音	
機体損傷率	
エーテライトコア大破。	
ダメージ限界突破。」	
「再起動不能。活動限界。	
機能停止。機能停止。」	
ふざ	
けるな。	
こんなところで	
終わってたまるか。	
約束	
したんだ	
必ず助けるって	
僕の	
憎い	
僕からノエルを奪って行ったあの男が	
憎い！憎い！憎い！憎いっ！	
川島ユートが憎いっ！	
ノエルの隣に居ていいのはお前なんかじゃない	
この僕だ	
このままでは終われない	
川島ユートからノエルを取り戻すまで	
復讐してやるぞ	
ッ！！	
川島ユート	
ッッ！	
どんな手段を使っても	
へえ。	
既に機能停止だというのに	
疑似魂魄	
は動き続けているのね。」	
からくりにんぎょう	
の中にも珍しいのが居るものね。」	
誰だ？	
「あいにくだけど、	
にんぎょうふぜい	
人形風情	
に名乗る名前は持ち合わせてないわ。」	
「私はあなた達、	
オートマタと呼ばれる	
が嫌いなのよ。」	
「それはさておき、あなた。」	
川島ユートに復讐したいのではなくて？」	
「その望み、私が叶えましょう。	
あなたにその覚悟があるのなら。」	
当然だッ！	
川島ユートに復讐しッ！	
ノエルを取り戻せるのならッ！	
なんだってやってやる	
ッ！	
「ふっ。	
いせい	
威勢	
がいいこと。」	
「いいでしょう。	
あなたに月の光の力を授けましょう。」	
さて、	
が本当にあの子の	
うつわ	
になり得るのか。」	
みさだ	
見定	
めさせてもらうわ。」	
聞きなれた声がする。	
この優しくも強い意志のある	
りん	
とした声の主は	
「いつまで寝てるんだ。	
早く起きないと学校に遅刻してしまうぞ。」	
「ちょ	
ええ！？	
ユ、ユリ姉	
朝っぱらから	
なんて	
かっこう	
恰好	
してんだい！？」	
「まったく何を寝ぼけている。	
お前がセーラー服を着て欲しいというから	
わざわざ着てやってるんじゃないか。」	
「な、何ィィイイイイ	
お、俺の願いがこんなにも	
いとも簡単に叶えられてしまっていたのか	
「ば、馬鹿な	
ノヴァと影山の学園アイドル攻略作戦によって	
達成されるはずのミッションが既に完了していただと	
「何をわけのわからない事を言っている。	
私達は固い家族の絆で結ばれた	
きょうだい	
姉弟	
だ。」	
「弟の頼みとあらば姉がセーラー服を着るなど	
しごくとうぜん	
至極当然	
の事ではないか。」	
「そ	
そうか	
そうだよな！俺達は	
だ！」	
「こんなことならもっと早くユリ姉に	
セーラー服着用のお願いしておけばよかったぜ！」	
「さあ満足したのなら、早く学校に行くのだ。	
また教室で落ち合うとしよう。」	
まさかユリ姉。	
セーラー服で学校に？教師なのに？」	
「当然だ。お前の頼みだからな。	
教師であろうとセーラー服こそ、	
フォーマルスーツ	
正装	
という事だ。」	
「うおおおおッ！！	
ついにセーラー服ユリ姉と学園ライフの夢が叶うってのかッ！！」	
「ありがとうユリ姉ッ！	
俺は今最高に幸せを感じているッ！」	
「大げさなやつだ。	
さあ、さっさと学校に行くんだ。	
「ああ！わかったぜユリ姉！」	
ユリ姉っ！」	
って、夢？」	
ていうか、ここどこだ？」	
辺りを見渡すとどうみても自分の部屋ではなく、	
学園近くの公園だった。	
まったく記憶は無いのだが、	
公園の	
しばふ	
芝生	
で居眠りをしてしまったらしい。	
「まぁ	
昨日は色	
あったからな。	
寝ぼけて公園で眠ったとしても仕方ないか。」	
突然、暴走オートマタに襲われたり	
だいさんせだいがた	
第三世代型	
オートマタに助けられたり、	
科学室のマッドサイエンティストから	
謎のミッションを命じられたり、	
情報量多すぎて頭がパンクする出来事だった。	
「そうだ	
っ！そんな事より、	
セーラー服ユリ姉が学校に行けって言ってたな	
俺は先ほどまで	
言葉を交わしていたセーラー服ユリ姉を思い出し、	
公園の時計で時刻を確認する	
分！？	
や、やべえ	
ホームルーム	
開始まであと	
分しかねえ	
「早く行かねーと遅刻だッ！」	
俺はセーラー服ユリ姉の教えを守る為、	
全速力で学校に向かった！	
女子学生	
「おはようございます。	
「おはよう。」	
「おはよー。ユリちゃん。」	
「馬鹿者。	
教師に向かってちゃん付けとは何事だ。」	
「ユリちゃん。まじめー。」	
「お前はもっと真面目にやれ。	
すぐに	
が始まるぞ。急げよ。」	
「はーい。」	
学校に到着すると	
ユリ姉は校門の前で挨拶運動を行っていた。	
よし。なんとかギリ間に合ったようだ。	
俺はセーラー服ユリ姉との約束を果たす為、	
目の前のユリ姉に駆け寄った。	
「ユリ姉ー！俺、ちゃんと学校に来たよー！	
早くセーラー服に着替えてくれ！」	
「ッ！」	
「皆、下がれッ！」	
生徒達	
え？」	
ユリ姉は周りの生徒達を下がらせると	
腰の刀を	
ばっとう	
し、	
俺を斬りつけた。	
「ユ、ユリ姉	
っ、何を	
っ！？」	
いきなり刀で斬りつけられた俺は、	
わけもわからずユリ姉に問いかける。	
「貴様が昨日、公園で暴れたという	
暴走オートマタか。」	
「今度は我が学園を襲うとは。	
一体誰の	
がね	
だ？」	
ユリ姉は俺に刀を向けながら睨みつける。	
「何故だ	
何故、最愛の弟であるこの俺に刀を向けるんだ！？	
俺を忘れちまったのか！？ユリ姉！？」	
「黙れ。私の弟はユートただ一人。	
貴様がユートを	
かた	
るなどおこがましいにも程がある。」	
「だから、俺がユートなんだってば	
何故、わからないんだよっ！ユリ姉！」	
「貴様	
ッ！まだ言うか	
「まぁまぁ。ユリヒメ。	
その辺にしておいてあげてよ。」	
俺のユリ姉を馴れ馴れしく呼び捨てにしながら	
一人の男が現れた。	
お、お前はッ！？」	
突如現れたその男は俺と	
うりふた	
瓜二	
つの顔をしていた。	
「ユート。下がれと言っただろう。	
ここは危険だ。」	
ユートに似た男	
「大丈夫さ。そいつは	
ひせんとうがた	
非戦闘型	
のオートマタ。	
何もできやしないさ。」	
「それよりユリヒメ。怪我は無いかい？」	
俺の偽物野郎は、	
あろう事かユリ姉の手を取り傷が付いてないか	
確認し始めた。	
「だ	
大丈夫だっ。	
け、怪我などしていない	
「そうか。それは良かったよ。」	
「ま、まったく	
いきなり手を握るだなんて	
ハレンチ	
破廉恥	
だぞ	
「それは失礼したよ。	
ついユリヒメが心配だったものでね。」	
「む	
むぅ。」	
ユリ姉は何故か頬を赤らめながら俯いた。	
その光景を目の当たりにした俺は、	
ブチ切れて偽物野郎に飛び掛かった！	
「ユリ姉に触んじゃねぇッ！	
偽物野郎がああああッ！！！」	
「ぐはああああッ！！！」	
私のユートを襲おうとするとは	
この場で切り捨ててくれる	
にを	
「何を言ってるんだよユリ姉ッ！	
俺がユートだッ！そいつは偽物だよッ！」	
「この期に及んでどの口が言うかッ！	
ユートの姉である	
この私が弟の姿を見間違うはずがなかろうッ！」	
「ふっ。仕方ないよユリヒメ。	
そいつはわかってないのさ。	
自分の身の程ってやつが。」	
「ユート。」	
「テメェ	
ッ！さっきから何、	
ユリ姉に馴れ馴れしく話しかけてんだ	
この偽物野郎が	
「果たして偽物はどっちかな？」	
「なんだと	
「君に教えてあげるよ。	
自分の立場ってものをね。」	
「僕の女の子達。	
しんじつ	
真実	
うつ	
かがみ	
を持ってきてくれ。」	
女子生徒達の声	
偽物野郎が指を鳴らすと	
女子生徒が三人がかりで	
メートルはあろうかという	
巨大な鏡を運んで来た。	
「えっほえっほ。」	
「ちょっと	
ミナト！	
あんたちゃんと持ちなさいよ！」	
「ちゃんと持ってるわよ。	
人聞きの悪い事言わないでくれるかしら？」	
「嘘つくな！あんた片手添えてるだけじゃない！	
っていうかパワーバランス的に	
ほぼ私一人で運んでるじゃないのよ！」	
ただいまご依頼の物をお持ちしました。」	
「あー！獅堂ミナト！	
美味しいとこだけ持って行くなぁ！」	
「ユート！ちゃあんと持ってきたからね！	
私が！」	
「ありがとう。僕の女の子達。」	
「さあ、	
あわ	
れな彼に真実の光を与えてやってくれ。」	
「さあ！観念しなさい！」	
「これがあなたの真の姿よ。」	
は俺に巨大な鏡を向ける。	
そこに映し出されていたのは	
オートマタの姿をした俺だった。	
「お、俺がオートマタに	
なってるぅううううううーーーーーーッッ！！？？？」	
「なんじゃこりゃああああああーーーーーーーッ！！！！」	
「うわー。すっごい驚いてるねー。」	
「自分の	
みにく	
さに耐えきれず	
はっきょう	
発狂	
しているのよ。	
れね。」	
オートマタって普段鏡見ないのかしら。」	
「どうだ！これでも貴様はユートを	
るというのか！」	
「どこからどう見ても貴様はオートマタ！	
私の弟、ユートではない！」	
「う	
嘘だ	
「嘘だ嘘だ嘘だ嘘だぁあああーーーッ！！！	
こんなの嘘だぁあああーーーーッ！！」	
「どうだい？自分の立場を理解したかい？」	
「君は昨日、公園で暴れた暴走オートマタ。	
そして僕こそが本物の川島ユートなんだ。」	
「そして、僕はこの学園の支配者でもある。」	
「支配者	
だと	
「僕の女の子達。危ないから	
僕の側に居るんだよ。」	
サツキ達	
「私は川島くんの隣もらいー。」	
「ずるいっ！私がユートの隣よ！」	
「あなた風紀委員長でしょう？	
川島さんの隣は五月雨さんに譲りなさい。」	
「風紀委員長は関係ないでしょ！？	
っていうか、あんたこそちゃっかり	
ユートの隣に陣取ってんじゃないわよ！」	
「ユート。あまりオートマタを刺激するな。	
何をしでかすかわからん。」	
「大丈夫さ。それに、僕が危なくなったら	
ユリヒメが守ってくれるだろ？」	
「当然だ！私はお前の姉なのだからな！」	
「ば	
学園アイドル達を	
はべ	
らせ	
ハーレムを	
きず	
いているだと	
「わかったかい？これが支配だよ。	
川島ユート君？」	
「お前は	
何者だ	
「僕はフェイリクス。	
かつて君にノエルを奪われたオートマタさ。」	
「そうさ。元	
僕はオートマタ。	
今君が使っている機体の持ち主さ。」	
「君達に破壊され機能停止寸前だった僕に	
運の良い事に天の	
めぐ	
みがあってね。」	
「君の人間の身体と、	
僕のオートマタのボディを交換させてもらったのさ。」	
俺の身体を入れ替えやがったってのか！？	
一体何が目的だッ！」	
「すべては川島ユート。	
君への復讐を果たす為。」	
「君が僕からすべてを奪った。	
僕の大切なもの。ノエルを奪っていったんだ。」	
「だから君にも僕が受けた苦しみを味わってもらうよ。」	
「この学園の人間達は	
マインドコントロール	
精神干渉	
によって支配している。	
この女の子達も僕の思い通りに動く	
こま	
さ。」	
テメェ	
ユリ姉に何をしやがった	
「彼女達は僕に	
ぜったいてきちゅうせい	
絶対的忠誠	
を誓うようにしてある。	
つまり僕への好感度は	
ってことさ。」	
僕の事をどう思っているかな？」	
「川島くん。優しくて好きー。」	
「勿論。川島さんを愛しています。」	
「わ、私がユートの事を一番好きなんだからねっ！」	
「ユート。私はお前を	
いと	
しく思う。	
お前の事は私が守る。」	
「あ	
ああ	
っ。ああ	
う、嘘	
だろ	
お、俺のユリ姉が	
ねと	
寝取	
られた	
っ！！」	
「どうだい？ユート。	
これが大切なものを奪われるって事さ。」	
「だけど、僕の気はまだまだこんなものじゃ収まらない。」	
「君を徹底的に叩き潰して	
二度と立ち上がれないように再起不能にしてあげるよ。」	
「そして復讐を	
げた時、	
僕はようやくノエルを取り戻す事が出来るんだ。」	
「ノエル	
一体、何の事だ	
およ	
んでまだシラを切る気か。	
僕は君のそういうところが憎くてたまらないのさ。」	
「ふっふーん。こんな事もあろうかと	
を呼んでおいたわ！」	
「さあ！暴走オートマタ！	
観念してお縄に付きなさい！」	
「電話一本掛けただけで偉そうね。」	
「あんですって！？獅堂ミナト！」	
警察官	
「そこのオートマタ止まりなさい！」	
パトカーから二人の警官が現れ、	
俺を取り押さえようとする。	
お、俺は	
「さあ。	
ねんぐ	
年貢	
おさ	
どき	
だな！	
大人しくお縄に付け！暴走オートマタめ！」	
「違う	
こんなのユリ姉じゃない	
「なに？」	
「俺のユリ姉は	
こんな事言わないんだああああああーーーーーッ！！！」	
「うわあああああああーーーーーーーっ！！！！」	
俺はユリ姉を偽物野郎に寝取られたショックで	
脳が破壊され、	
居ても立っても居られずこの場から逃げ出した。	
「敵に背を向けて逃げるか！	
卑怯者め！」	
「わあ。結構足速いねー。」	
とはいえ	
だいにせだいがた	
第二世代型	
のオートマタだ。	
基本スペックは	
じょうじん	
常人	
を上回る。」	
「さすがユート！	
オートマタに詳しいわね！」	
「あなたが	
むち	
無知	
なだけよ。	
盾なんとかさん。」	
「誰が盾なんとかだ！	
私は	
アメリアって名前があんのよ！」	
「ふふっ。無様に逃げ	
まど	
うがいい川島ユート。」	
「どこへ逃げようと必ず見つけ出し	
じわじわとなぶり殺しにしてあげるよ。」	
「さあ。年貢の納め時だな！	
「あ、あああ	
「ど、どうして	
どうして俺以外のやつに	
られちまうんだよ	
「こんなところで何やってんスか。川島さん。」	
誰だ？」	
聞き覚えた声がしたので顔を上げると	
そこには見覚えのあるやつが立っていた。	
そうだ。確かこいつは	
ノヴァ。」	
「自分の身体が奪われてオートマタにされたっていうのに	
ユリせんせーの事ばかり気にしてるなんて	
川島さんらしいッスね。」	
お前、俺が川島ユートだってわかるのか？」	
「そりゃあ、川島さんの事は	
こんぱく	
魂魄	
でわかるッスから。	
どんな姿をしていても川島さんは川島さんッスよ。」	
お前もどうせフェイリクスに洗脳されてんだろ。	
俺を捕まえに来たのか？」	
「さすがにあんな事があったから	
ぎしんあんき	
疑心暗鬼	
になるのは	
わかるッスけど、もっと自分を信用して欲しいものッスね。」	
「忘れたんスか？自分は	
のオートマタッス。	
フェイリクスの洗脳は人間にしか効果が無いッス。」	
「つまり、自分は川島さんの味方って事ッスよ。」	
「ノヴァ	
俺はどうすればいい。	
どうすれば	
られたユリ姉を	
り返す事が出来るんだ。」	
何で普通に奪い返すって言えないんスかね。	
寝取り返す必要は無いでしょうよ。」	
「それに	
かいちょーや	
パイセンも	
洗脳されてるッスけどそっちについては一切言及無いのが	
ラブコメ主人公として心配になるムーブッスね。」	
自分達と交わした誓いを忘れてしまったんスか？」	
誓い？」	
夢幻月読	
だは	
打破	
する為に	
学園アイドルを攻略するって誓ったじゃないスか。」	
そんなものはもう無理だ。」	
「学園アイドルは皆、	
フェイリクスに洗脳されちまって	
好感度	
のハーレム状態だ。」	
「もう全員フェイリクスに攻略されちまってんだよ。	
ユリ姉含めてな。」	
「こんな機械の身体にされちまった俺じゃ	
もうどうしようもねえ。」	
「だからあの誓いは忘れて	
「ヘタレクソ	
やろうせいさい	
野郎制裁	
ぱーんちッ！」	
「いってえええええーーーッ！！」	
「いきなり何しやがんだッ！	
ノヴァッ！」	
「いや待て	
機械の身体なのに何故痛みを感じるんだ	
「今のパンチはただのパンチではないッス。」	
を乗せたソウルパンチ。	
それは川島さんの	
直接攻撃	
をキメる。」	
「だから、オートマタのボディは痛みが無くても	
が、魂が痛みを感じているッス。」	
なるほど、わからん。」	
「いいですか川島さん。	
やる前から無理とか無駄とか、言い訳付けて	
諦めるのはよくないッス。」	
「何故やる前から諦めるんスか？」	
「いやだって、この状況じゃ	
「だってもヘチマも無いッス！」	
「このままユリせんせーを	
自分のお姉ちゃんが	
フェイリクスの彼女にされてメロメロしているのを	
指をくわえて見ているってんですか？」	
「そ、それは	
俺がノヴァに言い返そうとした時、	
どこからともな	
どうろひょうしき	
道路標識	
のポールが壁に突き刺さった。	
「な、なんじゃこりゃあッ！？」	
「見つけたわよッ！暴走オートマタッ！」	
「あ、盾守パイセンだ。」	
なんであんたがここに居るのよノヴァ！」	
「忘れてたんスか盾守パイセン。	
自分は	
しんしゅつきぼつ	
神出鬼没	
。どこにでも現れるという事が。」	
「ま、まぁ確かに	
あんたはどこにでも	
いて出るわよね。」	
「なんかゴキブリみたいだな。」	
「うわ。失礼な言い方ッスねー。	
ノヴァちゃんの好感度が	
ポイント下がったッスよ。」	
「好感度の増減を	
自分から報告するヒロインとか珍しいな。」	
「まぁいいわ！」	
「ユートが直	
に私に暴走オートマタを始末するように	
命令してくれてね。」	
「あんたを倒す為に	
このオートマタを貸してくれたってわけよ！」	
「目標確認。	
かたばん	
型番	
しょうごう	
照合	
ターゲットを	
と確認。」	
「戦闘モードに移行します。」	
「なんだあのオンボロオートマタは	
「オンボロオートマタって言うなぁっ！	
ユートが私の為に貸してくれたオートマタなんだから！」	
「川島さん。確かにオンボロッスけど	
油断しない方がいいッス。」	
「知っているのか？ノヴァ。」	
「基本ボディは	
ッスけど戦闘用にカスタムされてるッスね。」	
「ふっふっふ。その通り。	
見た目はオンボロでもパワーは	
ぐんじよう	
軍事用	
オートマタにも	
ひってき	
匹敵	
する程のものよ。」	
「この超パワーであんたをスクラップにしてあげるわ！」	
っ！じょ、冗談じゃねえ	
こんなところで死んでたまるか！	
俺は逃げるぜ	
「ちょ、川島さん。	
どさくさに	
まぎ	
れて	
死亡フラグ立てないでくださいッス。」	
「うるせー！じゃあどうしろってんだよ！」	
「もちろん、戦って勝つんスよ。	
せいせいどうどう	
と正面から。」	
「な、なるほど	
確かにお前は	
のオートマタ	
あのオンボロより新型だ！勝ち目はあるって事か！」	
っ！ノヴァ	
まさかこの私と戦おうというの	
「いや、戦うのは自分では無いッス。」	
「は？」	
「戦うのはこのオートマタッス！」	
ノヴァは俺を指差し	
たんか	
啖呵	
を切る。	
「お、俺が戦うのかよおおおおおおーーーーッ！！？？」	
「いや、相手がオートマタなんだから	
こちらもオートマタをぶつけるのが	
正式ロボトルじゃないッスか。」	
「いや、ロボトルとか言うな！色	
危ないワードだ！	
っていうかお前もオートマタじゃねぇかッ！」	
「いいわ。面白い。	
その勝負乗った！」	
「いや、お前も乗るなよ！」	
「どちらがオートマタの	
そうじゅう	
操縦	
が上手いか	
しろくろ	
白黒	
つけるわよ！ノヴァ！」	
「いいですとも！」	
「何でお前らで勝手に盛り上がってんだよ！」	
「いざ	
じんじょう	
尋常	
きこうしょうぶ	
機巧勝負	
盾守とノヴァは息を合わせて戦いの	
のろし	
狼煙	
を上げる。	
「え？何今の掛け声？」	
「さあ行くわよ！カンタダ！	
あの暴走オートマタに	
あんたのパンチをお	
みま	
見舞	
いしてやんなさい！」	
「了解。戦闘を開始します。」	
カンタダは駆け出し、	
こちらに	
とっしん	
突進	
してくる	
「く、来るぞ！	
ど、どうするんだノヴァ！？」	
「当然迎え撃つ！」	
「行けえっ！メタビー！	
はんのうだん	
反応弾	
「誰がメタビーだっ！	
っていうか	
ってどうやって使う	
ノヴァの謎の指示にあたふたしていると	
カンタダの右ストレートが	
がんめん	
顔面	
にヒットした。	
「ぐえええええーーーーッ！！！」	
「よし！クリーンヒット！」	
「あ、今調べたらこの機体。	
何も武器付いてないッスね。」	
「おいノヴァぁあああッ！！	
適当な事言ってんじゃねー！」	
「武器もねーのにどうやって戦うんだよッ！！」	
「武器ならある！」	
「どこに！？」	
おのれ	
こぶし	
ッス！」	
「ふざけんな！」	
「ふんっ。チームワークがまるでなってないわね。	
そんなんじゃ私達には勝てないわよ！」	
「行けカンタダ！トドメよ！	
あいつの頭部を潰しなさい！」	
「川島さん。ヤツは頭を狙ってくるッスよ。」	
「いや知ってるよ！？	
盾守が馬鹿デカい声で指示してたからね！？」	
「目標補足、	
しょうじゅんてっきとうぶ	
照準敵機頭部	
左腕アイアンフィスト	
しゃしゅつ	
射出	
予想通り、カンタダは俺の頭部目掛けて	
左ストレートを繰り出してくる。	
俺はすかさずしゃがんで拳を回避し	
カウンターのアッパーカットを	
カンタダの顔面に叩きこんだ。	
頭部	
損傷率	
機能	
停止	
わ、私のカンタダを倒した	
作戦通り。」	
ノヴァはキメ顔で	
サインを出しているが、	
もちろんこいつは何もしていない。	
「私が	
で負けた	
「そんな	
せっかくユートからもらったカスタム機を	
こんな	
しんざんもの	
新参者	
の奴等に	
の勝敗は	
機体の性能で決まるものでは無いッス。」	
「機体の性能じゃなかったらなんだっていうのよっ！」	
「勝敗は決めるのは、	
マイスター	
操縦者	
とオートマタの熱い魂ッ！	
互いの	
が性能を	
りょうが	
凌駕	
するッ！」	
「馬鹿な	
オートマタに魂なんてあるわけないじゃない	
あいつらはただの機械なのよ	
「もしそう思ってるのなら、	
盾守パイセンは我	
に一生勝てない。」	
「ふざけんな	
「覚えてなさいよ！あんた達！	
この借りは必ず返してやるからねっ！」	
「バーカバーカ！」	
盾守は小学生みたいな捨て	
セリフ	
くと	
いちもくさん	
一目散	
に逃げだしていった。	
「ははは。	
おととい	
一昨日	
きやがれー。」	
そして、逃げていく盾守に向かって	
小学生のように	
あお	
り返すノヴァであった。	
「いやー。まさに我	
ちえ	
知恵	
ゆうき	
勇気	
掴み取った大勝利でしたなー。」	
「だからお前は何もして	
まったく戦闘の役に立ってないノヴァに	
文句の一つでも言ってやろうとしたその時、	
俺の意識は遠のき、そのまま地面に倒れ込んだ。	
「機体損傷率	
オーバー。稼働限界です。	
直ちに緊急停止状態に移行します。」	
うっ。」	
「こ、ここは	
「目が覚めたようだな。川島。」	
だったか。」	
「ああ。そしてここは	
の科学室。	
私の研究所でもある。」	
「君は	
との	
の後、	
機体の	
ちくせき	
蓄積	
されたダメージが稼働限界を越え	
機能停止に至ったのだ。」	
「ユリヒメの斬撃に加え、	
カンタダのアイアンフィストをまともに受けたのだ。」	
「非戦闘型の	
では機体が持たないだろう。」	
「ゆえに	
号に君をここへ運ばせ、	
私が修理をしたというわけだ。」	
「えっへん。感謝してもらおう。」	
何故かノヴァは得意げに胸を張っていた。	
そうだ。俺は確か。	
今君が使っていてる機体の持ち主さ。」	
運の良い事に天の恵みがあってね。」	
うう	
っ。どう	
俺以外のヤツに	
寝取られちまったんだよぉおおおーーーッ！！！	
うわあああーーーーーーんッ！！！」	
「いかん。川島の	
かんじょうせいぎょきこう	
感情制御機構	
に異常を検知。	
一体、何に動揺しているというのだ。」	
「あーあ。ユリせんせー取られたの	
思い出しちゃったッスねー。」	
「なるほど。	
攻略対象のヒロインをライバルに奪われる事で	
しっと	
嫉妬	
しょうしん	
傷心	
をするというやつか。」	
「確かに我	
のバイブルである恋愛シミュレーションゲームでも	
バッドエンド	
へのルートだとそういった展開も起こり得る。」	
「川島にとって今のこの状況が	
へと向かう	
絶望的な状況という事か。」	
「しかし、攻略対象は学園アイドルの	
人のはず。	
なぜ獅堂や盾守には反応せずユリヒメにだけ	
精神的ダメージが発生するのだ？」	
「そりゃ、川島さんが重度のシスコンだからッスよ。	
もの心付いた時からお姉ちゃんお姉ちゃんってベタベタしてりゃ	
こういう面倒臭い事になるんスよ。」	
「そうか。これは川島の心の	
やまい	
という事か。」	
「ええ。もはや手遅れで治療は不可能ッスけどね。」	
お前ら。人がこんなにも	
傷つき落ち込んでるというのに	
われかん	
我関	
せず言いたい放題言いやがって。」	
「少しは優しい言葉の一つでも	
掛けてくれてもいいんじゃねーの？」	
「川島さん。そうやって弱音を吐いて泣き叫んで	
誰かに	
なぐさ	
めてもらおうとしてるの	
カッコ悪いと思わないんスか？」	
「何故自分自身で立ち上がり、	
あのフェイリクスからユリせんせーを取り戻そうとしないんスか？	
それでも男ッスか？」	
おいおい説教かよ。	
やめてくれよ。俺は被害者だぜ？」	
「あの偽物野郎に身体を乗っ取られて、	
こんな機械の身体にされちまってよ。」	
あげく	
挙句	
の果てには俺の身体を使って	
ユリ姉を寝取り、イチャイチャパラダイスを	
見せつけてきやがるんだ。」	
「こんなにも不幸な事があるか？	
一体、俺が何したっていうんだよ。	
泣きっ	
つら	
はち	
とはまさにこの事だ。」	
「俺のライフポイントは既にゼロ。	
心も身体も脳も破壊された。」	
「そんな死に	
たい	
の俺に対して根性無しと	
るのか？	
血も涙もねーな。お前は。	
死体蹴りもいいところだぜ。」	
「あーあ。なんで今俺の側に居るのが	
よりによってノヴァなんだよ。	
ユリ姉だったらどんなによかった	
どうしようも無い	
いきどお	
りをぶつけていると	
とつじょ	
突如	
ノヴァの	
てっけん	
鉄拳	
が顔面に直撃した。	
ぜんしんこうてつ	
全身鋼鉄	
の俺の身体は	
ゴムボールのように弾け飛び	
科学室の壁に勢いよく突っ込む。	
「頭部損傷率	
えんざんのうりょくていか	
演算能力低下	
しかくしょうがいはっせい	
視覚障害発生	
「テ、テメェ、ノヴァッ！！	
いきなり何しやがるッ！！」	
「俺の身体がオートマタじゃなかったら	
今頃、頭がポップコーンみてーに	
はれつ	
破裂	
してたぞッ！？」	
今あんたは一番言っちゃいけない事を言ったッス。」	
「今のは	
しつげん	
失言	
だな。川島。	
あれをヒロイン相手に言えば確実に	
なかたが	
仲違	
いが発生し、	
最悪	
直行だ。」	
「しかし、好感度が高い状態であれば	
関係悪化はむしろ	
こうき	
好機	
。関係修復した際に	
より大きく仲を深める重要イベントでもある。」	
「だが、こんな序盤で、	
しかも正統派ヒロインとは程遠い	
号相手に	
失言するのは	
あくしゅ	
悪手	
としか言いようがないぞ。」	
何で俺はこの	
じょうきょうか	
状況下	
ギャルゲーの	
しなん	
指南	
を受けてるんだ。」	
「他のヒロインであれば、今の一言で怒ったり泣いたり	
それはもう川島さんに	
ばりぞうごん	
罵詈雑言	
を浴びせて	
はだし	
裸足	
で逃げ出す事でしょう。」	
「いや、いきなりぶん殴ってきたんだから	
相当怒ってるよね？」	
「ですが、自分は	
かんだい	
寛大	
な心を持つ大人な女性ッス。	
今の一発でチャラって事にしておいてやるよ。」	
なんで急に上から	
目線で許されたんですかね。俺。」	
「いいッスか。川島さん。」	
「確かに今の川島さんの	
きょうぐう	
境遇	
はフルボッコで	
打ちのめされ、オーバーキル状態。	
誰かに同情されたくなる気持ちもわかるッス。」	
「それでも、だからこそ	
そんな辛い現実から目を	
そむ	
けず	
自分の足で立ち上がらなければならないんス。」	
「なぜなら、	
フェイリクスは川島さんを明確に敵視しているから。」	
「川島さんの身体を乗っ取り、	
川島さんの大切な人達を奪った。」	
「それは川島さんに対して	
今この状況において考えうる最大のダメージを与え	
しんしんとも	
心身共	
に破壊する為。」	
「ヤツの狙いは川島さんなんス。	
だからこそ川島さん自身がフェイリクスと立ち向かい	
奴を倒さなければ一生ユリせんせー達は元に戻らない。」	
こく	
な事を言ってるって事はわかってるッス。	
それでも立ち上がって欲しい。	
そしてフェイリクスと戦ってくださいッス。」	
いつもヘラヘラして雲の掴みどころがないノヴァだが	
今日のノヴァは一味違う。	
この絶望的な状況を冷静に分析した上で	
自分の中での答えを	
みちび	
き出し	
真剣な	
まなざ	
眼差	
しで俺に問いかける。	
弱音も	
ごまか	
誤魔化	
しも効かないノヴァの	
たたず	
まいを目の当たりにし	
俺はいつになく冷静になる事ができた。	
自分が今何をすべきか考えられるほどに。	
そして、	
けつだん	
決断	
する。	
なるほどな。」	
「つまり、フェイリクスをぶっ飛ばさない限り	
俺の身体もユリ姉も帰って来ないって事だろ？」	
さよう	
左様	
「だったら、答えは一つだ。」	
フェイリクスをぶちのめす。」	
俺とユリ姉の青春を取り戻す為に。」	
言えたじゃねぇか。」	
「それでこそ川島さんッス。」	
「一応補足しておくが、	
学園アイドルはユリヒメだけではない。	
獅堂や盾守の奪還も忘れないでおいてもらおう。」	
「フェイリクスは今、生徒会室に居るようだ。」	
「奴は生徒会長の	
を洗脳し	
じっしつてきさいこうけんりょくしゃ	
実質的最高権力者	
くんりん	
君臨	
している。」	
「いまやこの学園は	
フェイリクスに支配されてるって事ッスね。」	
「支配されてると言いつつ、	
この科学室はモロ聖皇学園の	
しきちない	
敷地内	
にあるんだけど。」	
「大体、影山だって人間の癖になんで	
フェイリクスに洗脳されてねーんだよ。」	
「この科学室は	
ちがいほうけん	
治外法権	
そして、三流オートマタであるフェイリクス	
ごと	
きの	
ではこの私を洗脳出来はしない。」	
なんかよくわかんねーが	
お前には洗脳が効かないって事か。」	
「よーし。川島さん。	
早速、フェイリクスの居る生徒会室に	
カチコミに行くとしようぞ。」	
「え？いきなりラスボスに最終決戦仕掛ける感じ？」	
「ほら、よく言われるじゃないッスか。	
の序盤で魔王が勇者を倒せば	
速攻物語が終わってしまうってアレ。」	
「ゲーム開始時のレベルの低い勇者なら	
すぐに倒せてしまうのに何故魔王は攻めに来ないのか。	
最大の謎だな。」	
「そいつを逆手にとって	
フェイリクスに奇襲を掛けるんスよ。」	
「なるほど。今のレベルの低いフェイリクスなら	
最大の好機というわけか。」	
「いや、ちょっと待て。	
お前らフェイリクスが勇者の前提で喋ってるけど	
本当は俺らが勇者側なのでは？」	
「甘いッスね。川島さん。」	
最後に勝ったものこそが勇者ッス。」	
しんり	
真理	
だな。」	
「じゃあ、結局俺らが勇者になっちゃうじゃねーか。」	
の言ってないで早く行くッスよ。	
これがラストバトルッス。」	
「川島。これまでお前が	
つちか	
ってきたもの	
すべてを奴にぶつける時が来た。	
この戦いに勝利しこの学園に平和を	
もたら	
すのだ。」	
「こんな序盤でそんな	
クライマックス	
最終局面	
みたい台詞聞かされても	
全然入って来ないんだけど。」	
「エンディングまで、泣くんじゃない。」	
「おいやめろ。そのキャッチコピーはあぶない。」	
「フェイリクスは	
この扉の向こうの生徒会室に居るッス。」	
「準備はいいッスか？川島さん。」	
「おう。ここまで来たからには	
とことんやってやるぜ。」	
「ふっ。ついに吹っ切れたッスね。	
その意気ッス。」	
「では、突入ッ！」	
「オラァッ！！	
め時だぜッ！フェイリクスッ！！」	
俺が勢いよく扉を	
けやぶ	
蹴破	
り突入するとそこには	
「はい。川島くん。あーん。」	
「あーん。もぐもぐ。」	
「どう？家庭科の授業で作ったプリンなんだけど。	
美味しい？」	
「とても美味しいよ。	
料理が上手なんだね。サツキ。」	
「あぁっ。ずるいっ。	
川島さんっ。私も作ったから食べて食べて。」	
「はあ！？	
あんた料理ドヘタクソなんだから	
そんな危険物ユートに食べさせないでよね！	
獅堂ミナトッ！」	
「チッ。川島さんから特注のオートマタを借りておいて	
無様に負けて帰って来た負け犬が何か言ってるわね。」	
「ああ！？誰が負け犬だって！？	
あ、あの時はちょっと油断しただけよッ！	
次は必ず勝つわッ！」	
「どうして負け犬って	
こんなにもよく吠えるのかしら。」	
「あんですってぇえええ	
獅堂ミナトぉおおおーーーーッ！！」	
「おい、やめんか二人とも。	
ユートの前ではしたない。」	
「せっかくのユートとの	
ふれあいの時間だというのに	
大人しく出来んのか。」	
「ユリ先生っ！だってこいつが！」	
「やれやれ。すまんなユート。	
ウチの生徒が	
そそう	
粗相	
をして。」	
「なに。ユリヒメのせいじゃないよ。」	
「ユリヒメはいつも	
せいいっぱい	
精一杯	
生徒の為に頑張ってる。	
それは僕も理解してるつもりさ。」	
きゅん	
フェイリクスの浮ついた	
ぎぜん	
偽善	
だらけの言葉に	
ユリ姉は頬赤らめる。	
「おいテメエエエエッ！！	
ユリ姉を寝取ろうとしてんじゃねぇえええーーーッ！！！」	
「大丈夫ッスよ。川島さん。	
ユリせんせーは既に寝取られてるッス。」	
「何も大丈夫じゃねぇだろうがッ！！」	
「なっ！あんたはいつぞやの	
暴走オートマタッ！何故ここにッ！」	
「いや気づけよッ！」	
パイセン。	
暴走オートマタという呼び方は正しくない。」	
「このオートマタには	
メカワシマという名前があるんスよ。」	
「メ	
メカワシマ	
「あはは。メカワシマだって。	
おっかしー。」	
「なにわろてんねん。」	
「いやちょっと待て。	
メカワシマって名前はどっから来た？」	
「メカ	
。略してメカワシマ。」	
ダッセェー。	
それだったらこの機体の型番である	
でよかったのでは。」	
「で、そのメカワシマとやらは一体何用ですか？	
ここは川島さんと私の愛の巣ですよ？」	
「なっ！なんであんたとユートだけなのよッ！	
私も居るんだから私達の愛の巣でしょうがッ！」	
突っ込むとこそこなんだ。」	
「ユート。下がれ。	
あのメカワシマは危険だ。	
この私が相手をする。」	
「大丈夫だよ。ユリヒメ。	
僕に任せてくれ。」	
「おいテメェ	
なに馴れ馴れしく	
ユリ姉を呼び捨てにしてんだ殺すぞッ！」	
「この無礼者がッ！	
ユートになんて口の聞き方をする！」	
「ここはユートに	
めん	
じて	
がまん	
我慢	
してやるが	
普段なら	
そっこく	
即刻	
首を落としてるとこだぞ！」	
「うわあぁああーん	
ユリ姉ェ	
俺がユートなんだよぉおお	
「おいメカワシマしっかりしろ。	
宿敵を前にして勝手に脳を破壊されるんじゃない。」	
「やあ。ノエル。	
君の方からわざわざ足を運んでくれるなんて	
僕に会いに来てくれたのかい？」	
「人違いじゃないッスか？	
ノヴァッス。	
ノエルなんて人物ではない。」	
「いや、君はまぎれもなくノエルだ。」	
「僕にはわかる。君の	
オートマタのボディを通してノエル本人である事を	
僕に教えてくれるのさ。」	
「僕は君の事を一度たりとも忘れた事は無かった。	
常に君の事を想い続けている。」	
「だというのに君は僕の事を忘れてしまったのかい？」	
「あいにくあんたなんか知らないッスね。」	
「なるほど。やはり	
をコピーした際に	
元の情報が	
けつらく	
欠落	
してしまっているのか。」	
「けれど、オートマタは	
かんぜんきおくりょういき	
完全記憶領域	
ほゆう	
保有	
忘れるなんて事はあり得ないのさ。	
人間と違ってね。」	
「君の	
に刻み込まれた記憶は消える事は無い。	
だから、思い出せてあげるよ。	
僕達二人だけの思い出を。」	
「おい。ノヴァ。あいつお前の元カレなの？	
相当キモい事言ってんぞ。」	
「は？そんなわけねーだろ。	
今度言ったらぶっ殺すぞ。」	
「え、ちょ。	
何でガチギレしてんの？」	
「ふむふむ。	
なんだかワケありみたいだねー。」	
「な、なによノヴァのやつ	
ユートと二人で秘密の関係を	
構築していたというわけ	
「くっ	
。さすがは	
さん。	
まんまと私達を出し抜いて	
川島さんとの仲を深めていたのね	
「フェイリクス。あんたが訳の分からない事を言うせいで	
いらぬ誤解が生まれたじゃないッスか。	
どーしてくれんスか。」	
「やれやれ。記憶が欠落しているのは仕方無いとはいえ	
僕の事を忘れてしまうだなんて悲しいよ。ノエル。」	
「だが、君は必ず僕の元へと	
戻って来てくれると確信している。」	
「だからこそ、川島ユートのボディを手に入れたんだ。	
君はこの外見が気に入ってるそうじゃないか。」	
「どうかな？このボディは、	
君の好みに合わせてみたんだ。」	
「勘違いしては困るッスね。」	
「自分は別に川島さんの外見だけに	
かれたわけじゃないッス。」	
「川島さんが川島さんだから好きなんスよ。」	
え？そうだったの？	
ノヴァって俺の事、好きだったの？	
とうとつ	
唐突	
なノヴァの告白に衝撃を受ける俺。	
どうやら俺が記憶喪失の間に	
ノヴァのフラグを立てていたらしい。	
さすがは一級フラグ建築士の資格を持つ	
ラブコメ主人公。	
やることはやってるな。俺。	
そしてそんな俺と	
うらはら	
裏腹	
フェイリクスは	
うら	
めしそうに俺を睨みつける。	
「やはり、川島ユートは殺さなければならないな。」	
「とても残念な事に僕のノエルは川島ユートに	
洗脳されてしまっているようだ。」	
「悪いな。俺はテメェみてーに洗脳しなけりゃ	
好きになってもらえないほど落ちぶれちゃいねぇ。」	
「ノヴァはただ純粋に俺に惚れてるのさ。	
俺への愛は本物。	
こざいく	
小細工	
なんか最初から必要ねーんだ。」	
貴様。」	
川島さん。人がせっかく素直な気持ちを	
告白したのに何勝手に調子に乗ってんスか。	
マジで最悪なんですけど。」	
「あれ？何で逆に好感度下がってんの？	
俺なんかしちゃいました？」	
「決めたよ。やはり川島ユートは	
生かしておいてはいけない。	
君はノエルを	
むしば	
がいちゅう	
害虫	
くじょ	
駆除	
しなくちゃあいけない。	
だから	
僕は	
で君を殺す。」	
「ほー。オートマタの俺様に	
で勝てないと悟り	
わざわざオートマタ同士の勝負を挑んできやがったか。」	
けんめい	
賢明	
な判断だよ。チキン野郎のお前にお似合いだ。」	
「貴様ッ！川島さんを	
ぶじょく	
侮辱	
したなっ！」	
「そうよっ！ユートに謝りなさいよっ！」	
「うるせえっ！	
がいや	
外野	
は黙ってろッ！」	
「なっ、なんですって	
っ！私達を	
呼ばわりとは	
舐めてくれるな	
「あ、ごめん！ユリ姉に言ったんじゃないから！」	
「ユリ姉は	
どころか、	
ないや	
内野	
いや俺の専属マネージャーだから！	
だから怒らないで！ね？ね？」	
なんでユリせんせーが相手だと	
すぐヒヨるんスか。」	
「フェイリクス。	
お前が	
を仕掛けようと俺には関係ねぇ。」	
なんだって？」	
「何故なら俺がこの場でお前を潰せば	
ゲームセット	
試合終了	
だからだ！」	
「死ねぇッ！フェイリクスッ！！」	
「なっ！あのクソオートマタッ！	
川島さんを直接狙いに来ただとッ！？」	
「くっ！間に合わないッ！」	
先手必勝ッ！	
俺は奴の顔面目掛けて鋼鉄の拳を叩き込む	
だが、フェイリクスの顔面に	
叩きこまれるはずだった俺の右腕は切断され	
空中に舞い上がる。	
「言ったはずだ。私はユートを守る。	
私の弟に	
きがい	
危害	
を加えようとするなら容赦なく斬る。」	
俺の鋼鉄の右腕は身体から切り離され	
むざん	
無残	
にも地面に落ちる。	
あああ	
無い	
無いよ	
お、俺の	
俺の腕が	
「お、俺の王の右腕があぁぁ	
「ちょっと川島さん、	
そのセリフも危ないんで気を付けてくださいよ。」	
「大丈夫か？ユート。怪我は無いか？」	
「ああ、大丈夫だよ。	
怪我は無い。ユリヒメが守ってくれたおかげさ。」	
そうか。よかった。」	
ユリ姉はあろう事か偽物野郎の顔を	
自分の胸に押し当て抱きしめる。	
ッ。」	
「おおー。ユリ先生	
だいたん	
大胆	
ー。」	
「川島先生	
っ。教師が生徒を抱きしめるだなんて	
ではなくて	
「そ、そうよっ！	
だわ	
「私とユートは	
なのだから	
この程度はスキンシップの一種だ。	
別にやましい事はないよ。」	
「よしよし。	
お前はお姉ちゃんであるこの私が守ってやるからな。」	
ユリ姉は偽物野郎を抱きしめながら	
その頭をよしよしと優しく撫でる。	
なんてこった	
っ！そんなご	
ほうび	
褒美	
プレイ、	
真の弟であるこの俺にもされた事がないのに	
っ。ユ	
ユリ姉	
そ、そんな	
ふっ。」	
そしてフェイリクスはユリ姉に抱きしめられながら	
俺に勝ち誇ったような笑みを見せる。	
ッ！！？？」	
こいつ	
わら	
ってやがる。	
しまった罠だったんだ。	
こいつはわざと俺に見せつけるかのように	
ユリ姉に抱きしめられている。	
こいつは、どんな事をすれば	
俺に	
ちめいしょう	
致命傷	
を与えられるか	
じゅくち	
熟知	
している。	
俺の目の前でユリ姉の心と身体を奪う事によって	
脳を焼き払おうとする策だったんだ。	
そしてフェイリクスのあの笑み。	
ゆえつ	
愉悦	
。すべての策が成った事に対する	
完全勝利の	
負けた。俺はフェイリクスに完全に負けた。	
俺は完全に、完璧に、ユリ姉を	
あの偽物野郎に奪われてしまったんだ。	
「うわああああああああああーーーーーーーッ！！！！！」	
脳を焼かれた俺は、フェイリクスに	
寝取られたユリ姉を	
ちょくし	
直視	
出来ず、	
この場から	
だっと	
脱兎	
の如く逃げ出した。	
っ！どこ行くんスか川島さーーーーんッ！！」	
「わあ。もう居なくなっちゃった。	
逃げ足はっやーい。」	
「卑怯者め	
自分が不利になった事を	
さと	
って	
しっぽ	
尻尾	
いて逃げるだなんて	
「あいつ	
っ！逃がすか	
「放っておきなよ。アメリア。」	
「ユート	
ッ！でも	
「彼の心は今やズタボロ。	
どうせ何もできやしない。」	
「それに今追い詰めて	
完全に心を破壊してしまっても面白くない。」	
「こういうのはじわじわと時間をかけて	
なぶり殺しにするから	
たの	
しいんだ。	
ククク	
「そ、そうか	
！さすがユート！	
あったまいいー！」	
「そんな事もわからなかったの？	
一体、何の為に風紀委員長やってるのよ。	
「はあ！？私の理解力と	
風紀委員長は関係ないでしょうが！？	
っていうか盾なんとかって言うなッ！」	
「やれやれ。川島さん。	
右腕忘れていっちゃうし。」	
ノヴァは、	
よいしょとユートの右腕を拾い上げる。	
「それじゃ、自分はこれで失礼するッス。	
あでゅー。」	
「ばいばいー。またね。ノヴァ。」	
「また来てくれると嬉しいな。	
ノエル。」	
「はいはい。また来ますよ。	
フェイリクス。今度こそあんたを倒す為にね。」	
「ふっ。好戦的な君も素敵だよ。」	
「あれから一週間か。」	
「川島は未だに出てくる気配は無いのか？」	
「ええ。あれ以来、	
隣の	
いま	
居間	
に引きこもったっきり	
まったく出てくる気が無いッスね。」	
「なるほど。オートマタという性質上、	
人間の様に食事も睡眠も必要無い。	
はんえいきゅうてき	
半永久的	
に引き込もれるというわけか。」	
「引きこもりと	
オートマタって	
あいしょうばつぐん	
相性抜群	
だったんスねー。」	
「川島があそこまでダメージを受けるとはな。	
フェイリクスは三流オートマタとはいえ、	
あなど	
れないという事か。」	
シリーズの機体スペックは三流ッスけど	
フェイリクス自体はなかなかの策士ッスね。	
結構厄介な	
から	
を使ってくるッスよ。」	
たんさいぼう	
単細胞	
ちょとつもうしん	
猪突猛進	
な川島とは相性が悪いか。」	
「だが、それを	
おぎな	
って有り余る程、	
川島の機体の改修は行っていたはずだが、	
それでも相手の方が上なのか？」	
「いやまぁ、川島さんが打ちのめされてるのは	
別に	
に負けたとかは一切無くて。」	
「目の前で寝取られたユリせんせーを見せつけられた	
精神的ダメージによって引きこもりになってるだけなんスよ。」	
を仕掛けてきたか。	
それは川島にとっての大きな弱点。	
最も	
ゆうこうだ	
有効打	
となり得る手段といえる。」	
せいしんこうげき	
精神攻撃	
への	
たいこう	
対抗	
』。	
これこそが我	
が『	
げっこうけいかく	
かんすい	
完遂	
する上で	
もっとも難しい課題となるだろう。」	
「まぁ、そのせいであっちの世界で	
あの	
けんまりゅう	
剣魔竜	
に大負けしてるッスからねぇ。」	
「生身ならまだしも	
を持つ相手との	
対抗手段は今の川島達には存在しない。」	
「だからこそこんな大掛かりな舞台を用意し	
りつあん	
立案	
したのだ。」	
』が失敗すれば人類に未来は無いッスからねぇ。」	
「そうだ。もはや人類が	
生き残る手段は『	
』のみ。	
に残された最後の希望というわけだ。」	
「しかし、川島があの状態では	
だっかん	
奪還	
いっこう	
一向	
に進まない。」	
「これでは	
も夢のまた夢だ。	
なんとかならないものだろうか。」	
「そーッスねぇ。	
ちょっと様子を見てくるッス。」	
「川島さーん。	
いつまで引き込もってるんスかー。	
早く出て来てくださいよー。」	
自分が科学室の隣に	
へいせつ	
併設	
された居間に入ると	
川島さんは体育座りの	
テレビに釘付けになっていた。	
「やだ。」	
「ちょ、やだって何スか。」	
「男も女も誰も信じられないから。	
外に出たくない。」	
「あちゃー。まだあかんかー。」	
「俺が信じられるのはザクロちゃんだけ。」	
「ザクロちゃんは、ザクロちゃんだけは	
俺を裏切らないんだ。」	
川島さんは自分の方を一切見ようとせず	
テレビに映し出される	
可愛い女の子が出てくるアニメを見ていた。	
この真ん中の	
まほうしょうじょ	
魔法少女	
っぽい女の子が	
ザクロちゃんなのだろう。	
そのアニメまだ見てるんスか？	
つーか、一週間同じアニメ見続けるとか	
どんだけ長いんスか？」	
まほう	
アイドル・ザクロちゃん』。」	
「明るく元気で平凡な女子中学生ザクロちゃんが	
こくよく	
黒翼	
しと	
使徒	
と契約を結び魔法少女となって戦う	
ハートフルファンタジー作品。」	
「女児向けのアニメとは思えない	
熱くてシリアスでハードで感動的な描写は	
大きいお友達も	
とりこ	
にした魔法少女アニメの	
きんじとう	
金字塔	
「絶大なカルト的人気を誇り	
版はシーズン	
まであって、劇場作品は	
作品。	
スピンオフは	
作品出ている。」	
「な、なげぇ	
「なんならメディアミックスとして、	
漫画、小説、ボイスドラマ、ゲームと	
幅広く展開し、その総数	
作品は優に超える。」	
「いや、多い。多すぎるって。」	
「特に	
作目の恋愛シミュレーションゲーム	
『魔法アイドル・ザクロちゃん	
』は、」	
「ザクロちゃんのゲーム作品の中でも	
まんじょういっち	
満場一致	
最高傑作であり、恋愛シミュレーションゲームとしても	
さいこうほう	
最高峰	
とうたわれるほどの名作だ。」	
「あ、やべぇ。	
なんかスイッチ入っちゃった。	
めっちゃ喋るじゃん。」	
「基本のストーリーラインはザクロちゃん原作アニメの	
シーズン	
を収録。しかしゲームという強みを生かし	
選択肢によるマルチシナリオ、	
ストーリーを楽しむ事が出来る。」	
「この	
ストーリーの完成度が異常で	
ストーリーこそがザクロちゃんの	
せいし	
正史	
であると	
ていしょう	
提唱	
するファンも数多い。」	
「特にこの	
ストーリーの中で	
いつだつ	
逸脱	
なのが	
ザクロちゃんの使い魔である	
の正体が	
明かされるルートだ。」	
「ここではネタバレを避ける為に詳しくは説明しないが	
あの謎に包まれた	
の秘密が実はザクロちゃんと	
みっせつ	
密接	
に関わっていて、」	
「次	
と謎が解き明かされていく	
どとう	
怒涛	
の展開は	
まさに	
かみわざ	
神業	
、いや芸術といっても過言でも無いほど	
完璧で究極の非の打ち所が無い素晴らしいシナリオだ。」	
「当時プレイしていた俺も	
どぎも	
度肝	
を抜かれたよ。	
まさか原作アニメのなんて事無い日常会話でさえも	
あの展開に結び付ける為の	
ふくせん	
伏線	
となっていたのだから。」	
「ああ。もし可能なら記憶を消してもう一度プレイしたい。	
そう思わせてくれるほどのゲームだった。」	
「俺は幸せ者だよ。ザクロちゃんと究極の神ゲー、	
』に	
出会う事が出来たのだから。」	
川島さんがここまでザクロちゃんオタクだったとは。	
とんでもねー	
やぶへび	
藪蛇	
をつついてしまいましたなぁ。」	
「っていうか、川島さん。ザクロちゃん作品は	
全部	
りしゅう	
履修	
済みなんスよね？」	
「ああ。全作品最低	
週はしている。	
特に原作アニメのシーズン	
週はしている。」	
やべーなこいつ。」	
「だったら、別に今更観なくてもいいのでは？」	
「ザクロちゃんは神作品だ。	
神作品は何度見ても色あせる事は無い。」	
「むしろ見れば見るほど新しい発見がある。	
それほど奥が深いんだ。ザクロちゃんは。」	
もう一生ザクロちゃん観てそうな勢いなんスけど。」	
「そして、俺は今傷ついてる。	
傷ついているんだよ。」	
「この胸の痛みが。ずきりずきりと、	
とめどなく押し寄せてくる。」	
「この傷を癒せるのはザクロちゃんだけだ。	
俺が信じられるのはザクロちゃんしか居ないんだよ。」	
「ザクロちゃんは裏切らない絶対に。	
俺は彼女の姿を余すことなくすべて見てきた。	
この目でな。」	
「だからわかるんだ。俺には。	
ザクロちゃんは俺だけの魔法アイドルだから。」	
こいつは重傷だ。」	
「して、川島の様子はどうだ？」	
「奴はもうダメッス。	
もはやこの世界に未練は無く、	
ザクロちゃんと共にアニメの世界に行ってしまった。」	
「なんという事だ。	
手遅れだったというのか。何もかも。」	
「我	
に出来る事は何も無いッス。	
願わくば彼がザクロちゃんと共に	
幸せを	
きょうじゅ	
享受	
出来るよう願うのみ。」	
「これがお前の物語だというのか川島。」	
「ふっ。まさかラブコメ主人公が学園アイドルではなく	
ザクロちゃん	
を辿る事になるとは。」	
「完敗ッス。	
人衆の一人として。」	
「おはよー。ノヴァ。」	
「そういえばノヴァ。	
最近、メカワシマくんと一緒じゃないよね。	
けんか	
喧嘩	
でもした？」	
「それがその。あの件以来、	
脳を破壊されて引きこもりに	
なってしまいましてなぁ。」	
「ずっとアニメの世界から	
帰って来ないんスよ。」	
「アニメじゃない。」	
「アニメじゃない	
アニメじゃない	
ほんとのこ	
とさ	
「五月雨さん。	
さすがにそれを口ずさむのは危ないッス。」	
「ああ。ごめんごめんつい。」	
「それにしてもアニメの	
世界に引きこもっちゃったんだね。	
メカワシマくん。」	
「まぁ、それだけ彼の	
精神的ダメージが大きかったのでしょうなぁ。」	
「でも、メカワシマくんが居ないと	
寂しいでしょ？ノヴァ。」	
「そりゃあ、自分はメカワシマさんの	
相棒ですからなぁ。」	
「ペアだったのが、いきなりピンになると	
なんだか片割れを失ったかのような気分でござるよ。」	
「そっか。そうだよね。」	
「よーし。そのお悩み、	
私が解決してあげましょう！」	
「およ？」	
「あの	
階の角のところが	
メカワシマくんが居る部屋？」	
「ほい。科学室の隣に	
された居間ッスね。」	
「今、メカワシマさんはあの居間で	
アニメを観ているはずッス。」	
「急にオートマタを貸してくれだなんて	
何をする気なんだい？サツキ。」	
「メカワシマくんが引きこもってて	
ノヴァが寂しがってるからさ。	
何とかしてあげたいんだ。」	
ノエルの為か。	
それは素敵な友情だね。サツキ。」	
「私はノヴァの親友だからね。」	
「五月雨さん	
自分は、自分は今モーレツに感動しているゥ	
だいいちせだいがたしがいせんとうよう	
第二世代型市街戦闘用	
君の為に	
から取り寄せた機体だ。	
大切に使ってくれ。」	
「ありがとう。川島くん。	
大切にするね。」	
「ガラハドくん。よろしくね。」	
「ヨロシク。」	
「それじゃガラハドくん。	
あの二階の角部屋。	
メカワシマくんの部屋を壊しちゃって。」	
「了解シマシタ。マスター。」	
「右腕ブーステッドナックル射出。」	
「出たッスね！	
悪の四天王・アクソクザーン！」	
アクソクザーン	
「ははは。久しいな。ザクロちゃん。	
アクダイカーンとの	
地下闘技場でのタッグマッチ以来の再会か。」	
「あんたの相棒アクダイカーンは	
先日の宇宙エレベーターでの決戦で	
自分が処したッス！」	
「片割れを失った気分はどうッスか？」	
ッ。	
アクダイカーンは四天王の中でも最弱。」	
「その程度の雑魚を倒したところで	
痛くも痒くもないわ。いい気になるなよ。	
ザクロちゃん。」	
「自分の仲間を処されてその態度	
さすがは	
せかいしんりゃく	
世界侵略	
もくろ	
目論	
む『	
あくとうれんごう	
悪党連合	
』の四天王	
血も涙も無いヤツッスねッ！」	
、真の悪にとってそれは誉め言葉だな。	
「それよりも自分の心配をした方がいいのではないか？	
アクジョーオーにクラスメイト達が洗脳され	
人質にされてるんじゃあないのかね？」	
「クッ	
ッ！なんて卑怯な事を	
あんた達は正	
戦えないんスかッ！」	
「相変わらずフェアプレーの精神に満ち溢れてるな。	
ザクロちゃん。だがそんなもの『	
』の前では	
ふうぜん	
風前	
ともしび	
灯火	
に過ぎない。」	
「仲間、友達、すべては我	
の手中。	
たった一人でどうするつもりだ？	
「辛い。とんでもなく辛いッス。	
今にも心がへし折れそうッス。」	
「だってマブダチの	
ミナちゃん、クロちゃん、サトコちゃんが	
寝返ってしまったんスから。」	
「ならば泣き叫び、いじけて心を閉ざし、	
同情を	
り、誰かの助けを待つか？」	
「それもいい。そうする事が一番楽ッス。	
だけどそんな同情自分はゴメンッスね。」	
「何故だ？	
魔法アイドルとしてのプライドが許さないか？」	
同情するなら金をくれ。」	
「一人でヘコんで引きこもって同情を煽っても	
どうせ誰も助けてはくれないッス。	
真の意味で。」	
「結局、自分自身が立ち上がらなければ、	
困難に立ち向かわなければ何も状況は変わらない。」	
「自分の未来は自分で切り開くッスッ！」	
「なんという凄まじい闘志	
これほどの熱量	
っ！一体どれだけの経験を積めば	
ここまで強くなれるのか	
っ！ザクロちゃん	
しゅらば	
修羅場	
の数だけ人は強くなれるッス。」	
「これが	
魔法アイドルの真の力だというのか	
「さあ行くッスよ！アクソクザーンッ！	
お前の罪を数えろッ！」	
「いいだろう！受けてたとう！	
ザクロちゃん！」	
す、すげえ。	
すげぇよ。ザクロちゃん。」	
「俺とザクロちゃんの	
はほぼ同じだってのに	
ザクロちゃんはそれでもヘコたれず	
きじょう	
気丈	
であり続けている。」	
「それなのに俺はこうして心を閉ざし	
ザクロちゃんに癒してもらおうとしている。」	
俺はなんて	
めめ	
しいんだ	
「す、すまねえザクロちゃん	
ザクロちゃんは辛くても戦っているってのに	
俺ってヤツは	
ッ！絶対に諦めないッス！	
自分の大切なもの達を	
取り戻す為に	
「ミナちゃん、クロちゃん、サトコちゃん、	
隣の家のミチコおばちゃんの旦那。	
皆は自分が助けてみせる	
わかったぜ。ザクロちゃん。	
君が言いたい事。全部わかった。」	
「俺も戦う。フェイリクスと。	
ユリ姉を取り戻す為に	
「よし！	
早速、ノヴァと影山と作戦会議だっ！」	
俺が部屋から出ようとした時、	
凄まじい	
ごうおん	
轟音	
と共に部屋の壁が	
ふんさい	
粉砕	
された。	
、部屋の壁が吹き飛び	
その衝撃によって部屋の中も粉砕され	
がれき	
瓦礫	
の山と化した。	
っ、な、な、な、	
なんだぁああああ	
ッ！！！？？」	
よく見るとオートマタと思わしき、	
巨大な腕が壁に突き刺さっていた。	
「こ、これが部屋の中に	
飛んで来たってのか	
一体どこから	
俺が	
とつじょひらい	
突如飛来	
したオートマタの腕を	
ぶっしょく	
物色	
していると	
ザクロちゃんを映し出していたテレビが	
に粉砕されているの確認した。	
いや、それどころじゃない。	
「ああああああーーーーーッ！！	
ザクロちゃんの	
コンプリートボックスも	
になってるぅううーーーッ！！！」	
「誰だッ！？一体誰がこんな酷い事をッ！？」	
「おーい。メカワシマくーん。」	
「！？」	
俺は壁が粉砕されて	
かぜとお	
風通	
しが	
よくなった	
くうどう	
空洞	
から声がした方向を	
のぞ	
き込む。	
「やっほー。メカワシマくん。」	
「サツキ！？」	
「おや。引きこもっていると聞いたが	
随分元気そうじゃないか。」	
「フェイリクス	
そうか、これはテメェの	
しわざ	
仕業	
だったかッ！」	
「いや、今回の作戦はサツキの提案でね。	
僕は手助けしたに過ぎない。」	
「そうだよ。えっへん。」	
「いきなり部屋ぶっ壊しておいて	
胸を張るなッ！」	
「おー。部屋目掛けてロケットパンチを喰らえば	
さすがの川島さんでも正気に戻るッスか。」	
「つーかノヴァ！？	
なんでお前がそっち側に居るんだよッ！？」	
「まぁこれには深い事情がありましてなぁ。」	
「えっとね。ノヴァがメカワシマくんが引きこもっていて	
寂しそうだったから、元気づけてあげようと思ったんだ。」	
「ノヴァを元気づけるのと俺の部屋に	
オートマタのロケットパンチを	
ブチ込む	
いんがかんけい	
因果関係	
がまったくわからねーよッ！！」	
「私からのプレゼントだよ。」	
「ヘコんで引きこもってる人に対して	
ロケットパンチをプレゼントしてやろうという	
発想がいじめ通り越してサイコパス過ぎません？」	
「実際、当人は元気そうだし	
君の作戦は成功じゃないか？	
サツキ。」	
「いえーい。やったね。ノヴァ。」	
「いえーい。」	
サツキとノヴァは仲良くハイタッチする。	
「ガラハドくんも、いえーい。」	
「イエーイ。」	
ついでにオートマタともハイタッチ。	
「つーか、テメェかこの腕を	
ブチ込んできやがったのはッ！」	
「私のパートナーのガラハドくんでーす。」	
「ふざけんじゃ	
ねぇッ！！」	
俺は	
こんしん	
渾身	
の怒りを込めて	
ガラハドの腕を投げ返す。	
しかし、	
とうてき	
投擲	
した腕は吸い込まれるように	
ガラハドの右腕に戻っていた。	
「右腕ブーステッドナックル装着。」	
「おー。そうやって	
ロケットパンチって戻るんスね。」	
「ブーステッドナックルは	
しゃしゅつご	
射出後	
さいそうてん	
再装填	
する為、	
オートパイロット	
自動操縦	
で本来の腕に戻るようになってるんだ。」	
「わー。すごーい。	
ぱちぱちぱちー。」	
「さて、用も済んだし。	
引き上げるとしようかサツキ。」	
「それもそうだね。	
じゃあね。ノヴァ。」	
「ほーい。ではではー。」	
「ちょっと待ちなッ！」	
俺は二階から飛び降り地面に着地する。	
「まだ何か用なのかい？	
あいにく君の為に割く時間は無いのだけれど。」	
「テメェに無くても俺にはあんだよッ！」	
「こいつを見なッ！」	
俺は無残にも粉砕されたザクロちゃんの	
コンプリートボックスを見せつける。	
「なんだいそのゴミは？」	
今なんつった？」	
「あ、今地雷踏んだッスね。」	
「そうなんだー。」	
「ゴミ	
？ゴミって言ったか	
ザクロちゃんに向かって	
ゴミって言ったのかテメェッ！！」	
「謝れッ！謝れよザクロちゃんにッ！	
ザクロちゃんは今悲しんでるんだッ！	
テメェの心無い一言でなッ！」	
「ザクロちゃんはテメェ如きが	
ゴミ呼ばわりしていい存在じゃないんだッ！」	
「ザクロちゃんは俺の生きる意味	
いや、人類の希望と言っても過言では無いッ！」	
「俺はテメェの	
こざか	
小賢	
しくも卑劣な精神攻撃で	
心が折れて脳が破壊されて生きる希望を失っていた。」	
「だが、ザクロちゃんが言ったんだ。	
同情するなら金をくれ』ってな。」	
「だから俺はこうして立ち直る事が出来たッ！」	
「どんな絶望的状況でも絶対に諦めない	
ザクロちゃんの姿が	
ッ！心意気が	
俺に再びテメェと立ち向かう力をくれたんだッ！」	
ノエル。彼は何を言ってるんだ？」	
「いやー。急にアニメの世界から現実に戻って来たんで	
フィクションと現実の区別が付いてないんじゃないッスかねー。」	
「でも、メカワシマくんって	
いつもあんな感じじゃない？」	
ザクロちゃんをこんな変わり果てた姿に	
しやがって絶対許さねぇ	
「まぁ、実際の戦犯は五月雨さんなんスけど。」	
「しーっ。	
それは言わない約束だよ。」	
「いや、もうバレバレですやん。」	
「フェイリクスッ！	
俺と	
だッ！」	
「ほう。僕と戦おうと言うのかい？」	
「逃げるなんて言わねーよな？」	
「まさか。僕が逃げるわけがないだろ？	
勿論、受けるさ。	
ノエルが見ているのだから。」	
「サツキ。彼の相手をしてやってくれ。」	
「おっけー。ガラハドくん。	
の時間だよ。」	
「了解。マスター。」	
「おいッ！フェイリクスッ！	
サツキじゃなくてテメェが相手をしやがれッ！」	
「あいにく僕はオートマタを持っていなくてね。」	
「けれどサツキは僕が率いる	
がくえんせいとかい	
学園生徒会	
してんのう	
四天王	
の一人。	
代わりといっても僕自身が戦う事と同義だよ。」	
「なるほど。サツキに勝てば、	
テメェに	
ヅラ	
をかかせられるってワケか。」	
「ああ。サツキの勝敗の責任は僕が取ろう。」	
「おー。川島くんカッコイイ事言うねー。」	
「うーむ。どっちが主人公だか	
わからなくってきましたなぁ。」	
「よっしゃ。異論はねぇ。	
行くぞッ！ノヴァッ！	
サツキと	
「了解ッス！	
川島さんの復帰戦という事で	
いっちょ派手に行きますかー！」	
「さて、	
たちあいにん	
立会人	
は僕が	
つと	
めよう。	
まずは	
のルール確認だ。」	
「互いの	
はオートマタを	
体召喚し、	
先に相手のオートマタを	
機能停止させた方の勝利だ。」	
「尚、	
は禁止とし	
あくまでもオートマタ同士の戦いで勝敗を決する。	
異論は無いかな？」	
「無いでーす。」	
がってんしょうち	
合点承知	
「悪いな。ノヴァ。	
ちょっとヘコんでて待たせちまった。」	
しっかりして欲しいッスよ。	
相棒。」	
「この戦いはザクロちゃんの	
とむら	
がっせん	
合戦	
絶対に負けるわけにはいかねぇ。	
きっちり指示を頼むぜ。」	
「ええ。ばっちりしっかり勝ちましょうぞ。」	
「両者、準備いいかな？」	
「おけおけおっけー。」	
「では	
フェイリクスは片手を天高く上げ、	
、開始！」	
降り下ろした！	
せんてひっしょう	
先手必勝	
！行けぇメタビー！	
相手の	
ふところ	
に入り込めッ！」	
「だから誰がメタビーだッ！	
危ないからそれやめろっ！」	
俺は危なっかしいノヴァの指示を受けながら	
ガラハド目掛けて突進し、	
一気に間合いを詰めるッ！	
「飛んで火にいる夏の虫！	
撃っちゃえガラハドくん！ばんばん！」	
「了解。マスター。	
右腕ガトリング、射撃開始。」	
ガラハドは右腕に	
取り付けられたガトリングの照準を俺に合わせ、	
狙いを付ける。	
「川島さんッ！回避ッ！」	
「嘘だろッ！	
おいッ！」	
ガラハドに突進していた俺は	
とっさ	
咄嗟	
度方向転換しガトリング弾の乱射を避ける。	
の判断にしては	
なかなか良い身のこなしをするね。」	
「逃がすな！ガラハドくん！	
蜂の巣にしちゃえ！」	
「いちいち言ってる事が物騒なんだよッ！	
サツキはもっと優しくて素直な子だと思ってましたッ！」	
「あれが五月雨さんの素直さなんスよねー。	
ただ純粋なサイコパスなだけッス。」	
「タチが悪ィッ！！」	
ガラハドはガトリングを撃ちながら旋回し、	
走り回る俺を狙い続ける。	
俺は脚力を生かし	
ガトリング弾に当たらないように	
うおうさおう	
右往左往	
と走り回る。	
「むー！チョロチョロとすばしっこいなぁ！」	
「確かに、	
何だか前よりが身体が軽い気がするぞ	
「ドクターが川島さんの機体を戦闘用に改造したッスからね。	
以前より格段に性能が向上してるはずッスよ。」	
「なるほどっ！そういう事かッ！	
さすが影山だぜッ！	
だて	
伊達	
にマッドサイエンティストやってねぇな！」	
「別にドクターは一言も	
マッドサイエンティストを自称してないッスが。」	
右腕ガトリング砲ノ弾切レヲ確認。	
じゅうだん	
銃弾	
ヲ行イマス。」	
「えー。弾切れぇ	
もっと真面目にやってよ。	
ガラハドくーん。」	
「スミマセン。マスター。」	
「チャンスッス！川島さん！	
奴は今、ガトリングのリロードで	
攻撃の手を止めている！」	
「ガラハドの懐に飛び込んで	
鉄拳をお見舞いしてやるッス！」	
「よっしゃあッ！	
ようやくこっちのターンだぜッ！」	
俺は影山にカスタムされた機動力を生かし、	
いっそくと	
一足飛	
びでガラハドとの距離を詰めるッ！	
「パンチだッ！ロボッ！」	
ノヴァが	
ワードスレスレの言葉を発しているが	
今はツッコんでる暇はない。	
俺はガラハドの頭部目掛けて拳を振りかぶる！	
「残念。そこはガラハドくんの間合いだよ。」	
「必殺！ロケットぱーんち！」	
「了解。	
右腕ブーステッドナックル射出。」	
「なにっ！？」	
「ぐはああッ！！」	
ガラハドの射出された右腕が	
きょうぶ	
胸部	
に直撃し、吹っ飛ばされる。	
「いえーい。大当たり	
きょうぶそんしょうりつ	
胸部損傷率	
うわんそんしょうりつ	
右腕損傷率	
機能停止。	
右腕アイアンフィスト使用不能。」	
「あちゃー。そういやガラハドにも	
飛び道具あったの忘れてたッスねー。」	
「いやいや！お前目の前で	
ヤツのロケットパンチで俺の部屋破壊されてんの	
見てんだから覚えとけよ！」	
「川島さんこそ、ロケットパンチ直撃で	
ザクロちゃんを亡き者にされてんスから	
そっちこそ覚えてた方がよくないスか？」	
「ザクロちゃんは死んでねぇッ！	
俺の心の中で生き続けてんだッ！」	
「はいはい。それにしても	
片腕使えなくなったのは痛いッスねー。」	
「つーか、他に武器はねーのか、この機体！	
ガラハドが飛び道具満載じゃ勝ち目ねぇぞ！」	
「そういえば、	
ドクターが川島さんを改造した時に	
いくつか武装を追加したんスよね。」	
「それを早く言えよッ！	
なんで素手で飛び道具持ちの相手と戦ってんだよ！」	
「右腕ガトリング、リロード完了。」	
「片腕が使えなくなって	
ぜったいぜつめい	
絶体絶命	
だっていうのに	
随分と余裕があるじゃない。	
それとも強がってるだけなのかな？」	
「まぁ、ガラハドくんも準備万端みたいだし	
そろそろ壊しちゃうよ？」	
「やっぱり使い終わった	
がんぐ	
玩具	
壊すのに限るよね。」	
むじゃき	
無邪気	
な顔して平然と恐ろしい事を言い放つサツキ。	
この時俺は絶対こいつの玩具になってはいけないと思った。	
「川島さん。ガラハドのガトリング砲は	
発射の瞬間、一瞬だけ隙が出来るッス。」	
「そのタイミングこそが我	
の唯一の勝機。	
自分が照準補正をするッスから	
タイミングは川島さんに任せるッス。」	
「これが最後のチャンスってわけか。	
いいぜ。その賭け乗った。」	
「さーて、お二人さん。	
作戦会議は終わったのかな？」	
「ああ。たった今完成したところだ。	
勝利の方程式が。」	
「へー。それはすごいね。	
じゃあ、その方程式の解が	
まちがってる事を教えてあげるよ。」	
「やっちゃえ！ガラハドくん！	
ばんばんばーん！」	
「右腕ガトリング、射撃開始。」	
「川島さんッ！今ッス！」	
ガラハドがガトリング砲の照準を合わせ、	
射撃を開始するまでに生じる一瞬の隙。	
俺はこの	
せつな	
刹那	
左腕のサブマシンガンをガトリング砲の発射口、	
目掛けて乱射する。	
「右腕ガトリング発射口損傷。	
射撃ニ失敗シマシタ。」	
「うそっ！ガラハドくんのガトリング砲に	
銃弾を撃ち込んで発射不能にしただって！？」	
「この距離から発射口に	
銃弾を	
すんぶんたが	
寸分違	
わず撃ち込むとはね。	
なんて精密な射撃精度だ。」	
川島さんの照準補正は自分が担当してるッス。	
ひゃっぱつひゃくちゅう	
百発百中	
ッスよ。」	
そうか。ノエルが。」	
シリーズの演算能力は	
の中でも極めて高い。	
この程度の射撃を成功させるなど	
ぞうさ	
造作	
も無い事だったね。」	
「えっへん。」	
「もー！こうなったらロケットパンチだ！	
行けぇ！ガラハドくん！」	
そこまで。	
、時間切れで引き分けとする。」	
「えー！なんでさー！	
まだ決着ついてないよー！」	
「残念だけど昼休みは終わりだ。	
早く教室に戻って授業を受けなくちゃあダメだよ。	
「もー。しょうがないなー。	
勝負はお預けにしておいてあげるよ。」	
「それじゃ私達は教室に戻るから。	
行こ。ガラハドくん。」	
「ほーい。ではまたー。」	
「え？ガラハドを教室に連れてくの？	
絶対その	
ずうたい	
図体	
じゃ教室入らないだろ。」	
サツキは引き分けになった事が納得行かないのか	
むくれながらガラハドを引き連れて去っていた。	
「いやー。危ないところだったッスねー。	
ガラハドのロケットパンチが直撃した時は	
どうなる事かと思ったッスよ。」	
「つーか、サブマシンガンとかいう	
ちゃんとした武装があるなら先に言えよ！	
無駄に不利な展開になったじゃねーか！」	
「武装が追加されたの忘れるぐらい	
一人で引きこもってたのは誰ッスかねー。」	
うっ。	
いや、それはそれ。	
これはこれよ。」	
「そうやって分が悪くなると	
誤魔化す癖どうにかならないんスかー？」	
ぐっ。	
今回は世話を掛けたな。	
おかげさまで助かったぜ。」	
「そうそう。素直が一番ッスよ。」	
ノエル。君はそんな顔も出来るんだね。」	
「うおっ！フェイリクス！	
お前まだ居たのかよ！」	
僕には見せた事の無い、	
僕の知らないノエルの表情。」	
君が、君がノエルを変えたのか。	
川島ユート。」	
やはりダメだ。	
ノエルを君の側に居させては。	
どんどんノエルが君の影響でおかしくなる。」	
「テメェー。ノヴァに振られたからって	
俺に八つ当たりしてんじゃねー。	
しいぞコラァ。」	
「だからフェイリクスは元カレでも	
何でもないって何度言えばわかるんスか。」	
「ノエル。僕と一緒に帰ろう。	
そしてまた一緒に過ごそう。	
あの頃のように。」	
「フェイリクス。その申し出、	
自分が首を縦に振るとでも？」	
「あんたが自分をノエルだと思い込むのは勝手ッスけど	
自分はあんたに	
ミリも興味が無い。	
あんたと過ごすだなんて願い下げッス。」	
ひえー。	
片思いの相手にバッサリいったー。	
ノヴァちゃん容赦ねー。	
「もし、それでも自分が欲しいと言うのなら	
川島さんを倒してからにする事ッスね。」	
いいだろう。」	
君はノエルを、僕は学園アイドル達を。	
お互いに大切な人を預かっている身だ。」	
「君が僕に勝てば学園アイドル達を返そう。	
だが、僕が勝ったらノエルは返してもらうよ。」	
「上等だ。だが、	
俺が勝った時はユリ姉だけ返してくれればそれでいい。」	
「そこは獅堂かいちょーや	
盾守パイセンも返却してもらわないと	
ヒロインとしての立場が無くなるのでは？」	
「欲が無いんだね。川島ユート。	
いや、僕と同じで	
本当に大切な人しか目が無いだけか。」	
「さて、それじゃ僕は行くよ。	
またね。ノエル。」	
フェイリクス。	
必ずテメェをぶっ倒してユリ姉を取り戻してみせる。」	
「あ、そういえば。	
ザクロちゃんの弔い合戦とか	
言ってたのどうなったんスか？」	
「ああああああーーーーーッ！！！	
結局、決着ついてねーしッ！！	
べんしょう	
弁償	
しろやコラァアアアアアアーーーッ！！！」	
「こちらの修理は完了した。	
号。再起動だ。」	
「ほーい。ポチっとな。」	
「電源接続。エーテライトコア	
ちょっけつ	
直結	
機体診断正常。システムオールグリーン。	
、起動します。」	
あん？ここは？」	
「おはよー。川島さん。	
ここは我	
の秘密基地ッス。」	
「お目覚めの気分はいかがッスか？	
「気分は別によくも悪くも無いな。	
っていうか、オートマタってマジで夢見ないんだな。	
気付いたら起きてたぞ。」	
「そりゃ	
を保有してるッスからね。	
人間みたいに睡眠によって脳を休めて	
記憶を整理する必要が無いんスよ。」	
「はーん。なるほどな。	
そいつはちょっと寂しい気もするぜ。」	
「寂しい？何故だ？	
本来、夢など無駄以外の何物でも無いと思うが。」	
「ロマンがねぇな。影山。	
夢はその名の通りドリーム。	
現実世界で起きない事も夢なら体験出来るのさ。」	
「例えば？」	
「そりゃあ勿論、セーラー服姿のユリ姉と	
学園青春ラブコメをする事だって可能だ。	
夢の世界ならな。」	
あくまで現実ではなく	
仮想世界に希望を見出すのは	
なんか悲しくなってくるッスね。」	
「ふむ。川島の願望はいわゆる仮想現実での体験。	
に通ずるところがあるな。」	
「実際、我	
の教科書である	
この恋愛シミュレーションゲームにおいても	
同じことが言える。」	
「これは現実では起こり得ない出来事を	
ゲームというフィクションに落とし込んだ代物だ。」	
「プレイヤーはこのゲームをプレイする事で	
間接的に憧れの異性との恋愛を楽しむ事が出来る。」	
「さすがは川島。	
今回のラブコメ主人公なだけはある。	
この世界の真理に既に気づいていたとは。」	
「当然だ。俺は常に青春に憧れ続ける青少年なのだから。」	
「憧れる相手が自分のお姉ちゃんなのは	
重度のシスコン過ぎて	
もはや手遅れ感があるッスね。」	
「正直、川島のシスコンには私も困っている。	
好感度がユリヒメだけ異常に高いせいで	
他のヒロイン攻略の際の障害になり得る危険がある。」	
「ユリ姉を	
！家族を	
自分の姉ちゃんが好きで何が悪い！」	
「いや、家族の域を越えてるから	
ヤバイって言ってるんスよ。」	
「まぁ、そこは他のヒロインの攻略の過程で	
優先度が変わる事を期待するしかないな。」	
「ところで川島。	
君の機体の修理は完了した。	
動作に支障はないか？」	
「ん？	
おー！	
ガラハドにやられた右腕が	
すっかり動くようになってるぜ！」	
「身体を動かしても問題ねぇ。	
一晩で完璧に直しちまうなんて	
さすがはマッドサイエンティストだな！」	
ときおり	
時折	
私をマッドサイエンティストと呼ぶが	
その	
ゆらい	
由来	
は一体なんなのだ？」	
「え？お前って悪の科学者でしょ？」	
「私が正義か悪かは立場によって変わるものだ。	
そしてそれは絶対的なものでも不変的なものでもない。」	
「ゆえに私は正義か悪かの議論など	
無意味だと考えている。」	
「ふーん。何かお前頭固いな。」	
「こら川島さん。	
ドクターに何て口の聞き方をするんスか。	
まったく。礼儀がなってないッスよ。」	
「礼儀がどうとか、	
お前にだけは言われたくねーな。」	
うよきょくせつ	
紆余曲折	
あったが、こうして川島が復帰し	
フェイリクスの	
しかく	
刺客	
、ガラハドを	
しりぞ	
ける事が出来た。」	
「少	
ていたい	
停滞	
これよりフェイリクスから学園アイドルを	
奪還する作戦を進める事が出来るだろう。」	
「よーし。反撃開始ッスよー。	
気合入れて行きましょうぞ。川島さん。」	
だが、その為に	
余りにも大きい代償、	
とうと	
尊い犠牲があった。」	
「ちょっとー。せっかく盛り上がってきたところなのに	
なんでまたダウナーになってんスか？	
空気読んでくださいよ。」	
ザクロちゃん。	
俺はあの戦いで大切な人を失ってしまった	
俺は変わり果てた姿の	
コンプリートボックスを握りしめる。	
くっ。泣きたいのに涙が出ない。	
どうして機械の身体ってのは	
こんなにも融通が利かないもんなんだ。」	
号。川島は何故あんなにも落ち込んでいるのだ？	
あのディスクはそんなにも	
重要な映像記録が収録されていたというのか。」	
「あのアニメ	
ザクロちゃんは川島さんにとって魂そのもの。	
ザクロちゃんを失った川島さんは	
が半分削られたようなものなんスよ。」	
の半減、か。	
それは重大な問題だ。	
は川島のポテンシャルに	
著しく影響する。」	
「この状態ではこれから始まるであろう	
フェイリクスとの	
しれつ	
熾烈	
な戦いに付いてはいけない。」	
号。至急、川島のメンタルケアをするのだ。」	
「えー。めんどくさいなー。」	
「え？本人の前で面倒くさいとか言っちゃうの？	
メンタルケアどころか更に追い打ちかけてるよね？」	
「川島のメンタルケアが成功した	
あかつき	
には、	
次の	
きゅうよさてい	
給与査定	
に色をつけておこう。」	
「ははー。このノヴァにお任せくだされー。	
必ずや川島さんのメンタルケアを成功させて	
みせましょうぞ。」	
「おい、何でノヴァだけボーナス貰えるんだよ。	
俺だって前線でフェイリクスのオートマタと戦ってんだから	
俺にもボーナス出るのが筋ってもんじゃねぇのか？」	
「残念。川島さんは	
今オートマタだからボーナス貰えないんスよー。」	
「え？お前もオートマタじゃん。」	
「ノヴァのヤツ、おっせーな。	
待ち合わせ時間からもう	
分は過ぎてるぞ。」	
ノヴァに指定された待ち合わせ場所で	
待っているのだが、	
当の本人は	
に現れる気配が無い。	
あいつマジで忘れてんじゃねーだろうな。	
川島さん。上ッスよ。」	
何故か空からノヴァの声が聞こえたので	
見上げてみると、	
空からノヴァが降って来た。	
「へーい。到着ー。」	
「いや	
、お前マジでどっから来たの？」	
ノヴァが空を指さしながら平然と答える。	
「空って	
まさか飛んで来たとか言わねーよな？」	
「おやおや。	
今どきのオートマタは飛べるって知らないんスかー？」	
かんそうしき	
換装式	
フライトユニットさえあればね。」	
どうやら飛行パーツを装着して	
文字通り飛んで来たらしい。	
フリーダム過ぎるわ。色んな意味で。	
「いやー。遅刻ギリギリだったから	
川島さんの為に飛んで来たんスよ？」	
「ギリギリも何もお前普通に遅刻してるから。	
俺、	
分前からここで待ってんだけど。」	
「川島さん。そこは	
『全然待ってないよ。今来たとこ。』って	
言うのがデートの	
じょうせき	
定石	
じゃないんスか？」	
「なんで遅刻した側から	
イチャモン付けられなくちゃなんねーんだよ。」	
「え？っていうかこれデートだったの？」	
「おや。男女が二人っきりで出かけるのは	
デート以外の何ものでも無いと思うッスが？」	
「マジか。俺の初デートお前かよ。」	
「やったね。川島さん。	
初デートがノヴァちゃんなのは	
とっても	
こうえい	
光栄	
な事だよね。」	
「まぁ、確かに今後学園アイドルを攻略していくとなると	
デートの練習ぐらいはしておいた方がいいのか。」	
「うわ。女の子を前にして	
デートの練習とか言い出すの	
マジで	
なんスけど。」	
「いや、だってお前オートマタだし	
そもそも学園アイドル攻略作戦をサポートする	
お助けキャラクターなんだろ？」	
「川島さん。何か前提を忘れてりゃしませんか？」	
「前提？」	
が攻略すべき学園アイドルは	
人。	
その名を言ってみてくださいッス。」	
サツキ、	
、ユリ姉	
あと一人は	
「そうッス。	
人目の学園アイドル。	
こあくまけい	
小悪魔系	
ロリカワ	
びしょうじょ	
美少女	
「おわかりいただけただろうか？」	
「え？つまりお前も攻略対象だったの？」	
「左様。このデートは練習では無く本番。	
川島さんは今、攻略すべきヒロインの前に	
立っているッス。」	
「だから川島さん。	
全力で自分を攻略するのです。」	
「なん	
「先生。質問があります。」	
「はい。川島くん。何かね？」	
「俺は恋愛ってのはミステリーだと思うんだよね。」	
「ほう。」	
「お互いをよく知らない二人が	
交流を重ねる事で徐	
に互いを知っていき	
距離感を縮め、仲を深めていく。」	
「知らなかった事を、知る。	
それはつまり相手を理解していくという事。」	
「それが結果として仲を深める。	
恋に発展すると思うんだ。俺は。」	
「なるほど。知らなかった事を知る発見、	
カタルシスがミステリーに通ずるとこがありますな。」	
「さすがラブコメ主人公なだけはある。	
恋愛シミュレーションゲームの要点は抑えていますな。」	
「だがしかし。」	
「お前に限って言えば	
恋愛におけるセオリーが当てはまらない。」	
「その心は？」	
「いや、だってお前。	
ヒロインを攻略する側じゃん。」	
「実際にヒロイン攻略するのは俺だけ、	
その作戦立案やサポートをするのはノヴァと影山。」	
「それは、	
仕掛け人であるヒロイン攻略の	
ださんてき	
打算的	
な部分を	
すべて知っていることになる。」	
「つまりお前を攻略しようとしても	
ネタバレ状態で全部知ってるんだから	
そもそも恋愛に発展しなくない？」	
俺がノヴァのヒロイン攻略に	
対する	
むじゅん	
矛盾	
を突きつけると、	
ふう。やれやれ。」	
ノヴァは『こいつ、わかってねぇな』という感じで	
両手を上げるジェスチャーをした。	
うぜぇ。	
「川島さん。恋愛はもっと自由なんスよ。」	
好きになるのに理由なんてない。」	
「恋に理屈なんていらねーですよ。」	
ごたいそう	
御大層	
な理屈を並べて	
しを語る	
恋愛ソムリエは山ほど居ますが	
そんなもの本当の恋の前では毛ほども意味が無い。」	
「大事なのは好きだっていう気持ち。	
ハート	
なんスよ。」	
わかったぜ。ノヴァ。	
俺が間違っていた。」	
「お前の言う通りだ。	
恋に理屈なんていらねーな。」	
「今日はせっかくのデートだ。	
楽しむとしようぜ。」	
「最初からそのつもりッスよ。」	
「さあ始めましょう。我	
のデートを。」	
「それでデートって何するんだ？」	
「はー。川島さん。	
やる気あるんスか？」	
「テンションの	
らくさ	
落差	
よ。	
急に冷めるのやめてくれない？」	
「デートにおいて、	
男性がデートプランを考えて	
女性をリードするのが成功の	
ひけつ	
秘訣	
なんス。」	
「そして食事や移動などの代金はすべて男性持ち。	
かいしょう	
甲斐性	
見せられたら女の子は『わあ、カッコイイ！』	
って褒めまくり、惚れまくり、モテまくりになるッス。」	
「何で奢られる前提なんだよ。」	
「だというのに川島さん。	
デートにノープランで	
おもむ	
き彼女任せだなんて	
覚悟が足りないッス。覚悟が。」	
「だってさっきこれがデートである事を聞かされたし。」	
「シャーラーップ！」	
「女の子と出かける約束をしたのなら	
それ	
すなわ	
ちデートと思うべし。」	
「誰かにデートと言われて気づくのではなく	
自らデートだと認識し事前に準備を進め	
デートプランを練っておくのが紳士の務め。」	
「そう！	
川島さんにはおもてなしの心が足りてない！	
圧倒的にッ！」	
「急にブラック企業みたいな事言い出したな。」	
「戦う前から負けてるんスよ！川島さんは！	
そんな事で学園アイドルを攻略し	
出来ると思ってんスか！」	
「せっかくの休日に急に呼び出されたと思ったら	
急に説教が始まるのは何の罰ゲームだよ。	
っていうか、	
の話とか久	
に思い出したわ。」	
「どうせメカワシマになった川島さんは	
部屋に籠ってザクロちゃん観てるだけじゃん。」	
「うるせぇな。	
身体が機械になっても心は学生なんだよ。	
つまり俺にとって今日は休日なのさ。」	
「まぁ、元	
このデートも川島さんの	
メンタルケアが目的ですし	
ここはいっちょノヴァちゃんが	
ひとはだぬ	
一肌脱	
いでやりますか。」	
「今日のデートプランは自分が立てて来たので	
川島さんは	
おおぶね	
大船	
になったつもりで居てください。」	
「急に『お前船降りろ』とか言わないよね？」	
「俺はフィールドの	
体のモンスターを生贄に捧げ、	
手札からツインヘッドドラゴンを召喚！」	
「ツインヘッドドラゴンで	
トラップ	
カードをオープン！	
アタックキャンセラーを発動！」	
「ツインヘッドドラゴンの攻撃を無力化する！」	
「おー。やってるやってる。	
今日も	
達が	
熱い決闘を繰り広げてるッスねー。」	
何スかここ？	
っていうかあの人達は何やってんの？」	
「おや？今	
で大流行のカードゲーム	
『ソード	
ブレイカー』をご存じ無い？」	
「なにそれ。っていうか、	
この場でカードゲームしてる	
達は	
全員『ソード	
ブレイカー』をやってんの？」	
「そッス。このカードショップでは	
デュエルスペースという誰でも無料で利用出来る	
カードゲーム専用のプレイ広場があるんスよ。」	
「もちろんカードゲームなら	
ジャンル問わずプレイ出来るんスけど、」	
「今や『ソード	
ブレイカー』が	
人気絶頂の覇権カードゲーム過ぎて	
全員ソーブレやってるッスね。」	
このカードゲーム、ソーブレって略すんだ。」	
男の子	
「あ、チャンプだ！」	
「おいチャンプ！デュエルしろよ！	
今度はぜってー負けねーからな！」	
ザコ	
雑魚	
には用が無いッス。	
せめて大会で三回戦以上勝ち残れたら	
相手してやってもいいッスよ。」	
「クソがッ！	
まぐれで勝ったからって調子に乗りやがって！」	
「覚えてろよッ！	
次は必ず吠え面かかせてやるからなッ！」	
ノヴァに絡んできた小学生ぐらいのガキ二人組は	
捨て台詞を吐きながら去っていた。	
「あいつら知り合い？	
ってかチャンプって？」	
「あれは自分に負けた敗北者ッスよ。	
強すぎるのも罪なものッスね。」	
ノヴァが達観したような表情で遠くを見つめる。	
っていうか、ノヴァの視線の方向に	
『第三回ソード	
ブレイカーちびっこ大会優勝者	
ノヴァ』と書かれた表彰状があった。	
「おま	
まさか小学生に紛れ込んで	
優勝をかっさらっていったのか？」	
「デュエルに男も女も子供も関係ねー。	
強い者こそが正義。	
デュエルは遊びじゃねーんだ。」	
まさに外道。	
じこけんじよく	
自己顕示欲	
の為に弱者をいたぶる	
カードゲームあらしがここに居た。	
「おおッ！こ、これは	
ソーブレの新パックで登場した	
超レアカード『	
「ほ、欲しいーーー！」	
ノヴァはカードが展示されたガラス張りの	
ショーケースに張り付きながら一枚のカードを	
よだれを垂らしながら眺めている。	
「なにそれ。そんなに良いカードなの？」	
「良いカードどころの騒ぎじゃないッスッ！	
これを自分のヒーローデッキに	
枚採用出来れば	
まさに世界が変わる革命的な強化が可能になるッス！」	
「え？同じカードを	
枚入れる必要があるの？」	
「いやいや、同名カード	
枚積みは常識ッスよ。	
カードを複数枚積むことでデッキからドローする確率を上げ	
よりコンボに繋げやすくするんスよ。」	
「まぁ、強すぎるカードは制限が掛かって	
デッキに一枚しか入れられないとかあるッスけど	
幸いこれは出たばかりの新カード。」	
「まだ何のルール制限も受けてないゆえに	
枚積み出来るってわけなのです。」	
「しかし、このカードの効果はどう考えても強すぎる。	
いずれは制限カードに指定されてしまうでしょう。」	
「ですが、無制限の今こそが最大の好機ッ！	
今、このカードを	
枚積みして無双してやるッス！」	
「こいつ	
己の勝利にしか目が無い	
なんて勝ちに貪欲な奴なんだ	
「あ！このカード	
一枚	
円！？	
た、高いッ！高すぎる	
「高校生のお小遣いで	
こんなの買えるわけが無い	
ち、ちくしょー！足元見やがって	
「店員！店員はどこだー！」	
カードの値段に納得がいかないノヴァは	
店員を呼び出す。	
迷惑クレーマーの誕生である。	
店員	
「どうしましたか？お客さん。」	
「どうしたもこうしたもねーですよ！	
が一枚	
円って	
ちょっと高すぎるんじゃないッスか！？」	
「まぁ、この前出たばかりの新カードですし	
効果も環境トップクラスの強さ。	
人気も高いのでこれぐらいの値段はしますねぇ。」	
「だからって一枚のカードに	
相当の	
値段付けるのはどうかと思いますがねえ？	
子供のお小遣いじゃ買えませんよこんなの！」	
「ウチも商売でやってますからねぇ。	
それにどこの店もこれぐらいが相場ですよ。	
お客さんだってそれぐらいわかるんじゃないです？」	
っ！減らず口を	
円ならどうッスか？」	
クレームが通らないと悟ったノヴァは	
値切る方向にシフトした。	
「ダメです。」	
「ダメです。この価格以上は下げれません。」	
「うがぁああーー！	
このわからずやめーー！」	
わからずやなのはどうみてもノヴァの方である。	
「もういい。わかったッス。	
こうなったら、自分で当てるッス。」	
「この新パック一つくださいッス。」	
「はい。毎度。	
円になります。」	
ノヴァはしぶしぶ財布から小銭を出し	
パックを購入した。	
「ありがとうございましたー。」	
「さて、開封式ッス。	
このパックに	
円の匂いがプンプンするぜー。」	
「金額じゃなくてカード名で呼んでやれ。」	
「さあ！来てくれ！	
マイフェイバリットカード！」	
「デステニードローッ！」	
ノヴァはパックを開封し、	
枚のカードをドローする。	
「き、来た	
円の超レアカードッ！	
を引き当てたぞぉおおおーーーーッ！！」	
ノヴァは勝利のガッツポーズをしながら	
一枚のレアカードを天高く掲げる。	
「ちょっ。見られてる見られてる！	
恥ずかしいから抑えて抑えて！」	
「まさか一発でレアカード引き当ててしまうとは	
これが持ってるってやつッスねー。	
いやはや自分の強運が怖い。」	
「最強デッキに仕上げるにはあと	
枚引き当てる必要は	
あるッスけど今日はこのぐらいにしておいてやりますか。」	
「さて、気分は	
じょうじょう	
ですし、	
そろそろ引き上げるとしましょう。」	
ノヴァはレアカードを自分のデッキにセットすると	
上機嫌のまま店を出て行った。	
「いやー。今日は大勝利でしたなぁ。」	
「自分のデッキに必要なカードをシングル買いするのも	
いいッスけど。やはり	
トレーディングカードゲーム	
だいごみ	
醍醐味	
はパック開封ッスね。」	
「ランダム	
ふうにゅう	
封入	
された中から	
自分が狙ってるレアカードが出ると	
テンション爆上がりッスよー。」	
「そうか。それは良かったな。」	
「一人で盛り上がってるところ悪いんだけどさ。	
今日がデートって事忘れてない？	
俺、置いてけぼりなんだけど。」	
「おやおや。川島さん。	
何か勘違いしてるようッスね。」	
「何もデートってのは遊園地に行ったり	
映画を観たり、オサレなお店で	
食事をする事だけじゃないんスよ。」	
「こういう普段通りの自然体、	
で楽しめるような場所で	
過ごすのも立派なデートッスよ。」	
「いや、お前しか楽しんでないんだけど。」	
「だから、川島さんもカードゲームに	
詳しくなってください。	
そうすれば二人で楽しめるじゃないッスか。」	
「こーゆーのはお互いの歩み寄りが重要なんス。	
共通の趣味でお互いが楽しめるようになると	
ヒロインとの距離感はぐっと近くなるんス。」	
「はー。なるほどねー。」	
俺は恋愛ソムリエのノヴァの	
こうせつ	
高説	
を聞きながら	
その説得力に妙に納得してしまった。	
こいつ、なんか口だけは上手いんだよな。	
「さてそれじゃ、	
次のデートスポットに向かうとするッスか。」	
ノヴァがスマホを見ながら次の目的地に向かって	
歩き出そうとすると、目の前に人影が立ちはだかった。	
おっと、待ちな。」	
「何だお前は？」	
「俺はカードハンター。	
お前のレアカード『	
』を頂く。」	
っ？	
こんな真っ昼間からカツアゲだと	
「カードハンター。この街で決闘者に	
むさべつ	
無差別	
に賭けデュエルを挑み	
レアカードを巻き上げる盗賊団ッスね。」	
「大方、さっきのカードショップで	
自分がレアカードを引き当てたのを見て	
ターゲットにしたんでしょう。」	
「ほう。俺達を知ってるのか。	
なら、話は早い。」	
「さあ、そのレアカード『	
』を掛けて	
俺とデュエルだ。」	
ただし、自分が勝ったら『	
』を頂くッスよ。」	
「どうせ持ってるんでしょう？	
から奪ったカードを。」	
「ふっ。勘がいいな。	
ごめいさつ	
御明察	
「いいだろう。	
お前が勝ったら俺の『	
』をくれてやる。」	
「ふんっ。	
こんなカード、俺は	
枚は持ってるよ。」	
「さ、	
円だから全部売ると	
えーと	
「お、億万長者じゃねぇか	
こ、こいつやべー金持ちだぞノヴァ	
「なんだこいつ	
オートマタの癖に頭悪いぞ。」	
「ちょっと。川島さん。	
オートマタの	
ひんい	
品位	
を下げないで欲しいッス。」	
「お前のさっきのカードショップでのやり取りで	
既にオートマタの	
は地に落ちてると思うが。」	
「さあ、始めるとしようか！	
カードを賭けた闇のデュエルを！」	
「受けてたつぜ！」	
を叫ぶと、目にも止まらぬ速さで服を着替えた。	
「え	
。なんで制服に着替えたの？	
今、その	
しょさ	
所作	
必要だった	
「待たせたな。このフォームじゃないと本気を出せないんでね。」	
「なるほど！それがお前のバトルフォームという事か！	
面白い！相手にとって不足無し！」	
「あ、いいんだそれで。」	
「え？っていうか、	
路上で立ったままデュエルすんの？	
たくじょう	
卓上	
でやらないんだ。」	
「知らないんスか？ストリートデュエルは	
スタンディングデュエルが基本なんスよ。」	
「やべえ。何言ってるのかまったくわからねー。」	
「先行は俺がもらう！」	
「手札から『メタル・ソルジャー』を攻撃表示で召喚！」	
の機械族モンスター。	
なるほど。	
『メタル』をテーマとした機械デッキッスか。」	
「そして罠カードを	
枚場に伏せてターンエンドだ！」	
「自分のターン！ドロー！」	
「現れろ！『	
』！」	
の上級モンスターだと！？」	
「自分のヒーローデッキは『	
』による	
速攻召喚でビートダウンを狙うデッキ！	
スピードこそパワー！」	
「バトルだ！」	
『メタル・ソルジャー』に攻撃ッ！」	
「待っていたぞ！伏せカードオープン！	
罠カード『メタル・リフレクターユニット』発動！」	
』の攻撃を無効化し破壊する！」	
「なっ！攻撃した『	
』が	
カウンターで破壊されたッ！？」	
「さらにッ！『メタル・リフレクターユニット』の第二の効果発動！	
『メタル・ソルジャー』に装着し攻撃力を二倍にする！」	
「『メタル・ソルジャー』の攻撃力	
だと！？」	
ッ。どうした速攻デッキとやらは。	
よく攻撃してきたはいいが、	
既にお前のフィールドはガラ空きじゃあないか。」	
ッ！自分は場に	
枚カードを伏せ、	
ターンエンドッス！」	
なんかよくわからんが、	
ノヴァが相手のカウンターを喰らって	
ピンチな状況らしい。	
っていうか、この人達。	
立ちながらカードを地面にメンコみたいに叩きつけてますけど	
スタンディングデュエルってこーゆー感じなの？	
なんかアニメだと腕に付けた盤にカード差したり	
ソリッドビジョン	
立体映像	
で迫力あるモンスターが飛び出したり	
してたけど、	
しゅうし	
終始	
、地面にカード置いて叫び合ってるだけだから	
めちゃくちゃえづら	
滅茶苦茶絵面	
が地味なんだよなぁ。	
デュエルしてる本人達は楽しそうだから別にいいんだけど。	
「俺のターン！ドロー！」	
「俺は手札から『メタル・バリスタ	
』を召喚！」	
「『メタル・バリスタ	
『メタル・バリスタ	
』と『メタル・ソルジャー』の	
体を墓地に送り合体ッ！」	
「『メタル・ファランクス』を特殊召喚ッ！」	
「おっと、まだこんなもんじゃないぜッ！	
『メタル・リフレクターユニット』を『メタル・ファランクス』に装着し	
倍だッ！」	
「な、なにィ	
『メタル・ファランクス』の一撃で	
お前の命を刈り取る事が出来る攻撃力だ	
「これで終わりだッ！	
『メタル・ファランクス』でダイレクトアタックッ！」	
っ！罠カードオープンッ！	
『ヒーロー・リバイバル』発動！」	
「融合素材となり墓地に送られた	
』を墓地から特殊召喚ッ！」	
「はっ！悪あがきを！	
今更、攻撃力	
のモンスターを召喚したところで	
どうにも出来んぞっ！」	
それはどうかな？」	
っ？」	
「更に	
枚目の伏せカードオープンッ！	
「あ、あのカードはッ！」	
「そう。お前が喉から手が出る程、	
欲しがっているレアカードだ。」	
』と『メタル・ファランクス』で	
融合召喚ッ！」	
俺の『メタル・ファランクス』を	
メタルウイングマン	
鋼鉄の翼男	
の攻撃力分のダメージを与えるッ！」	
「『メタル・ファランクス』の元	
の攻撃力は	
「そして、『	
』と合わせて	
「ぐあああああーーーーーッ！！！」	
「更にッ！自分のターンッ！	
ドローッ！」	
「バトル！	
』でダイレクトアタックッ！」	
必殺の『メタルウイングブレード』ッ！」	
「うわああああああああーーーーーーッ！！！！	
ノヴァの攻撃によって	
カードハンターのライフがゼロになった瞬間、	
何故かオーバーリアクションで	
カードをばら撒きながら吹っ飛んで行った。	
「自分の勝ちッスね。	
約束通り、賭けの報酬『	
カードは頂いて行くッス。」	
ノヴァは地面にばら撒かれたカードの中から	
目当てのカードを一枚拾い上げる。	
「な、何故だ	
何故、お前は一枚しかデッキに入っていない『	
あの局面で引き当てる事が出来たのだ	
デステニー	
運命の	
ドロー。」	
「真の決闘者はいついかなる時にも	
望んだカードを引くことが出来るッス。」	
「勝負は時の運。けれど、真の決闘者は	
運さえも味方に付けられる。」	
「か、格が	
違い過ぎる	
「ふっ。お前のデュエルも悪くなかったぜ。」	
「カードハンターなんてコソドロしてないで	
真っ当な決闘者になったらどうだ？」	
何かカッコ良さげなセリフを吐きながら	
ノヴァはクールに去って行った。	
「あのすみません。ノヴァさん。	
俺の事、完全に忘れてますよねー？	
ノヴァさん？」	
メイド店員	
「『メイドインヘブン』へようこそ。」	
「え？何ここ？」	
「メイドカフェッスよ。	
ここでランチタイムと	
しゃれこ	
洒落込	
みましょうぞ。」	
「お帰りなさいませ。ご主人様。」	
「やあやあ。今、帰ったぞい。」	
「って何だ。ノヴァか。	
あんた最近シフト入ってないから	
辞めたのかと思ったわ。」	
「こうみえて	
たぼう	
多忙	
の身でしてなぁ。	
なかなかメイドの仕事も手が付かないんスよ。」	
「ノヴァ推しのお客さん、泣きながら	
あんたの帰りを待ってるんだから	
なんとかしてあげなさいよね。」	
「ふっ。心配なさるな。	
自分のファンはそんな事では	
くじ	
けないんス。	
だから、放っておきましょう。」	
「さすが、	
メイドで	
キャラ売ってるだけあるわね	
ファンへの扱いが雑過ぎるわ	
「それに今日はお客さんとして来たんスよ。	
なんてったって、	
今自分はデート中ですからな。」	
「え？あんた彼氏居たの？	
どこどこ？」	
「ほら。これッスよ。これ。」	
「おい。人をコレ呼ばわりするんじゃない。」	
「なーんだ。	
彼氏って言うから驚いたけど	
ただのオートマタじゃない。」	
「オートマタを散歩させてるなんて	
あんた意外と面倒見いいトコあるのね。」	
「人をペット扱いすんじゃねー。」	
「うわ！オートマタが喋った！」	
「喋るオートマタとか今時珍しくもないだろ。」	
「わわっ！なにこれ！	
ちゃんと話せるオートマタじゃん！」	
このメイドは何をそんなに驚いてるんだ？」	
「そりゃあ、一般的に	
ふきゅう	
普及	
してるオートマタの中でも	
人間のように思考し会話できる	
じりつがた	
自律型	
かなり珍しいんスよ。」	
「普及率の一番高い	
でも、	
会話は出来るっスけどどうしても機械的な	
応答になってしまって思考や感情はほとんど無いんス。」	
「そもそも	
ぎじこんぱく	
が無いと	
感情表現が不可能ッスからね。」	
「結局のところ、今の科学力だと	
オートマタにおける人間らしさっていうのは	
があるか無いかの差って事ッス。」	
「じゃあ、元	
人間の俺は別として	
ぎじこんぱくとうさいがた	
疑似魂魄搭載型	
オートマタである	
ノヴァやフェイリクスみたいなのは特別って事か。」	
「そういう事ッス。	
ぎじこんぱくじたい	
疑似魂魄自体	
がまだ研究段階なんで	
量産化して一般家庭に普及されるのはまだ先ッスかねぇ。」	
「なるほどねー。	
ノヴァはこの珍しいオートマタを	
見せびらかす為に連れ歩いてたってわけね。」	
「どうだー。すごいだろー。	
驚いたか！」	
「驚いた！」	
「さて、驚かせてもらったし	
そろそろ仕事しますか。」	
「それじゃお嬢様と	
じゅうしゃさま	
従者様	
をご案内ー。」	
「俺、	
じゅうしゃあつか	
従者扱	
いなんだ。」	
「まぁ、家庭用オートマタは一般的に	
人間の生活支援を目的としてるッスからねー。	
付き人みたいなもんスよ。」	
「はーい。	
ミートスパゲティお待ちどうさま。」	
「美味しくなる魔法をかけまーす。」	
「おーけー。」	
「美味しくなーれ。美味しくなーれ。	
萌え萌えきゅーん。」	
「ご注文は以上になります。	
ではごゆっくりー。」	
何故お前も魔法の儀式やったの？」	
「メイドさんと一緒に魔法を唱えるのも	
メイドカフェを楽しむ	
でござるよ。」	
「それじゃ、いただきまーす。」	
「もぐもぐ	
うーん。	
まんだむ。」	
ノヴァはもぐもぐと美味そうに	
ミートスパゲティを食べ始めた。	
「ってか、オートマタって食事の必要あるのか？」	
「オートマタの世代によって変わりますな。」	
「旧式の	
だいいちせだいがた	
第一世代型	
や、現行の	
がいぶきょうきゅう	
外部供給	
で動力エネルギーを補充するので	
食事をする必要が無いッス。」	
「ところが新世代である	
オートマタから	
食事機能が追加され、」	
「人間と同じように食事をする事でエネルギーを	
補給する事が出来るようになったんス。」	
「味覚機能もあるから、このミートスパゲティが	
滅茶苦茶美味いって事もわかるんスよ。	
ちょーうめー。」	
「へー。食事が出来るオートマタねぇ。」	
「確かに	
の見た目って	
人間そっくりだから、そうしてると	
オートマタかどうか区別付かないな。」	
「まさにそれが	
の狙いなのです。」	
オートマタの設計コンセプトが人間の	
もほう	
模倣	
人工的な人間の開発。つまり、	
じんぞうにんげん	
人造人間	
を目指してたわけですな。」	
「だから、	
までの旧世代と違って	
には人間らしくある為の	
な機能が追加されているのですよ。」	
「人造人間ねぇ、なんだか	
みたいな話だな。	
ん？」	
ひらめ	
いた！	
「な、なるほど！つまり、	
が今後発展すれば	
理想の彼女を作り出すことが出来るじゃないか！」	
「ルックス、スタイル、性格、	
しゅみしゅこう	
趣味趣向	
すべて俺好みにオーダーメイドしたオートマタが	
最強の彼女が誕生するって事だぜ！」	
「や、やべえ	
！未来が明るい	
凄すぎるぜ	
「川島さん、川島さん。」	
ノヴァは急に自分自身を指さした。	
「え？なにしてんの？」	
「ここに居るじゃない。理想の彼女が。」	
そうだねぇ	
「ちょっと何でそこでテンション下がってるんスか。	
失礼ッスねー。」	
「自分とのデート中だって事、忘れないで欲しいッス。	
ぷんぷん。」	
ノヴァは機嫌を損ねたのか	
腕を組み、口をへの字にして怒っていた。	
「はー。ごちそうさまー。	
いやー、食べた食べた。」	
「川島さんは	
何も食べなくて良かったんスか？」	
「いや、俺お前と違って食事出来ないんだけど。	
っていうか、今さっき飯食えるの	
だけって言ってたじゃん。」	
「ははは。そうでしたなー。	
めんごめんご。」	
こいつマジでオートマタと思えないほど	
テキトーだよな。	
って皆こんな感じなのか？	
「そういや、	
ノヴァってここでバイトしてたのか？	
さっき、メイドとそんな感じの話してたし。」	
「ええ。当店、人気ナンバーワンの	
ゆるふわ小悪魔系ロリっ子メイドのノヴァちゃんとは	
この私の事でございます。」	
「小悪魔系ロリまではなんとなくわかるが	
ゆるふわはどっからきたんだ。」	
「普段はゆるふわ	
せいそけい	
清楚系	
メイドの	
ノヴァちゃんが実は	
っ子メイドだった！？」	
「実は責められたい	
っ気オタクくんのハートを	
ガッチリ掴んで離さない！	
これぞまさにギャップ萌え！」	
「絶対的な人気を確立するには	
こーゆー意外性にとんだパンチが効いた	
趣向が必要なのですよ。」	
できる！」	
冴えわたる洗練された巧みなノヴァの	
営業トークの前に成す術なく	
納得してしまう俺だった。	
「お前がメイドカフェで	
バイトしてるのはわかったけど何でまた？	
影山から給料貰ってんだろ？」	
なぜこいつだけ給料が支給されて、	
俺が貰えないのは謎でしかないが。	
やぼ	
野暮	
な質問ですな。	
女の子は色	
お金が掛かるのですよ。」	
はね。お金を掛けた額が	
戦闘力になるといっても	
かごん	
過言	
では無いのです。」	
お前の大会優勝トロフィーは	
金の力で小学生達からもぎ取ったものだったのか。」	
「世の中、	
じゃくにくきょうしょく	
弱肉強食	
。強い者が勝つ。	
お金こそパワー。」	
さ、最低の発想だ。」	
「というわけで、ドクターからのお給金では	
足りない分はこうしてメイドカフェで働き	
収入を得ているのです。」	
「まぁ、動機はどうあれ、	
小遣いは自分で稼いでるってのは偉いよな。」	
「えっへん。ノヴァちゃんはとても偉いのです。」	
「今度自分の働きぶりを見に来るといいッス。	
人気ナンバーワンメイドの輝きというものを	
ご覧にいれましょう。」	
「ああ。そうさせてもらうぜ。」	
「あれ	
サツキじゃないのか？」	
「あ、本当だ。声掛けてみましょう。	
おーい！	
さーん！」	
「待て	
にノヴァの口を	
ふさ	
「もがもが。」	
「いきなり何するんスかー！」	
「サツキの後ろ。アヤシイ奴が後をつけてる。」	
黒いオートマタ	
そこにはサツキの歩幅に合わせピッタリと	
後ろを付いてくる怪しいオートマタの姿があった。	
「何だあのオートマタは？	
サツキのストーカーか？」	
「人間のストーカーをする	
オートマタって珍しいッスね。」	
「どちらにしろサツキの危険が危ない	
あのオートマタをとっちめてやる	
俺が不審なオートマタに近づこうとした瞬間	
「キャー！弾丸ライナーの打球が飛んでくるわッ！」	
「危ない！女子高生に当たるぞッ！」	
どこからともなく飛んで来た	
こうしきやきゅう	
硬式野球	
ボールの	
弾道の先にサツキの姿があった！	
まずい	
！あれは直撃コースだ！	
その時、怪しい黒いオートマタが	
弾丸ライナーのボールをキャッチし、	
サツキへの直撃を防いだ！	
「な、何て身のこなしだ	
野球少年	
「す、すみません！怪我は無いですか！？」	
「馬鹿野郎ッ！	
サツキに当たったらどうする！？	
バッティング練習ならグラウンドでやれッ！」	
黒いオートマタは野球ボールを	
少年に投げ返した。	
「ご、ごめんなさいーーーッ！」	
そして、当のサツキは	
ききてきじょうきょう	
危機的状況	
になっているなど	
気付きもせず、テクテクと歩いていた。	
「謎のオートマタの	
ファインプレーのおかげで	
五月雨さんは無事みたいッスね。」	
「おいテメェ。何者だ？	
何故、サツキのストーカーをしてやがる。」	
「俺の名はアイゼン。	
サツキは俺が守る。」	
「は？テメェ。	
サツキとはどういう関係だ？」	
「お前が知る必要は無い。	
「何だと	
っていうか、何で俺の名前を知っている？」	
「いや、それ以前にどうして俺が	
川島ユートだとわかる？	
今の俺はオートマタになっているというのに。」	
すがたかたち	
姿形	
は重要ではない。	
が、	
お前が川島ユートだという事を証明している。」	
「サツキに近づく奴は	
すべて俺のブラックリストに入っている。	
お前も例外ではない。」	
「なるほどー。	
アイゼンさんはガチめのストーカーでしたか。」	
はくちゅうどうどう	
白昼堂	
サツキを	
け回すのはやめろ！	
お前はサツキのプライバシーを	
しんがい	
侵害	
している！」	
「お前も見たはずだ。俺が居なければ	
サツキに野球ボールが直撃し、	
大怪我を負っていただろう。」	
そ、それは！」	
「この世界は危険が多すぎる。	
だから俺がサツキを守ってやらなくてはならないんだ。」	
「いいか。俺の邪魔をするな。」	
「アイゼン	
一体、何者なんだ	
「五月雨さんを庇ったって事は	
悪い人では無いのかもしれないッスね。」	
いや、サツキのストーカーの時点で悪人だろうよ。」	
「さて、今回のデートのラストを飾るのは	
このお店ッス。」	
ノヴァに案内されて来たのは	
はんかがい	
から外れた	
うらろじ	
裏路地	
ひっそりと	
むビルの地下のフロアだった。	
何かめちゃくちゃアヤシイ雰囲気が	
ただよ	
う店なんだが。大丈夫なのかここ？」	
地下へようこそ	
「その名の通りここはアンダーグラウンド。	
アングラショップ。」	
「一般流通してない入手困難な	
ありとあらゆるブツを	
独自のルートから取り寄せる。」	
「この店で手に入らないものは無いと言っても	
過言では無いスーパーなショップッス。」	
おいおい、国内で	
ばいばいきんし	
売買禁止	
ヤベーもんが売られてんじゃねーだろうな？」	
「馬鹿言うな。	
のお	
ひざもと	
膝元	
そんな割に合わねー事をするかってんだ。」	
かげぐち	
陰口	
が聞こえたのか、	
店のカウンターからアヤシイオッサンが出て来た。	
「おー。テンチョー。	
おひさー。」	
こうして顔を合わせるのは久	
「いつもやり取りはメールか電話で	
ブツのやり取りも運び屋を使ってますからなぁ。」	
「相変わらず用心深い奴だ。	
ちょうほうぶ	
諜報部	
しょくぎょうがら	
職業柄	
でして。」	
「こいつが噂に聞く、	
お前さんのマスターってやつか。」	
「そッス。川島さんッス。」	
「まぁ、今は見ての通りオートマタになってて	
成り行きで自分がこの人のマスターやってますが。」	
「はー。話には聞いてたが	
これが元人間だってんだから信じられねぇよなぁ。」	
がすげーのか、	
はたまた、こいつがすげーのか。」	
「まぁ、全ての要素が絶妙に絡み合って	
こういう	
じしょう	
事象	
にはなってるみたいッスけど。」	
「おいこら。お前ら。	
俺を置いてけぼりにして	
意味のわからねー話してんじゃねー。」	
「驚いたな。	
本当に人間みたいに喋るじゃねぇか。	
このオートマタ。」	
「俺は元	
人間だっつーの。	
それとオートマタじゃねぇ、	
川島ユートだ。」	
「それで、テンチョー。	
「あぁ。仕入れておいたぜ。」	
「こいつがお望みのブツだ。」	
テンチョーが棚から取り出した四角い長方形の箱。	
一目でわかった。いや、見間違えるはずがない。	
だって、これはフェイリクスのクソ野郎によって	
消し炭となってしまった俺の宝物。	
「『魔法アイドル・ザクロちゃん	
コンプリートボックス』ッ！！！」	
「し、しかもッ！未開封新品	
だとッ！！」	
「当時、ザクロちゃんは知名度が無く	
マイナーな部類だった為メーカーは初回限定盤を	
たった	
本しか作らなかった。」	
「やがて、ザクロちゃんの人気が爆発すると	
初回限定盤の価値はとんでもない事になり、」	
「インフレにインフレを重ね、	
中古価格でも高級車を買えるレベルの超高額品。	
まさに幻の一品となってしまった。」	
「だが、ここにあるのは未開封新品	
こいつは下手すれば家すら買えるような	
どえらい価値の品だ	
「い、一体	
何故こんなものがここにッ！？」	
「おいおい。川島。何を寝ぼけてやがる。	
ちっと考えればわかるだろう。」	
「こいつを注文したのは誰だ？	
そしてそれは誰の為だ？」	
まさか	
「川島さんの大事なザクロちゃん。	
お返しするッス。」	
「だから、元気出してください。	
川島さんは馬鹿みたいに前向きな方が	
川島さんらしいんスから。」	
お前	
俺の為に	
「言ったでしょう。今日はデートだって。	
これは川島さんに元気を出してもらう為の	
デートだったんスよ。」	
ノヴァは『魔法アイドル・ザクロちゃん	
コンプリートボックス』を俺に手渡す。	
「今度は失くさないようにしてくださいッス。」	
ありがとう	
っ。ノヴァ	
マジで嬉しいよ	
俺が人間だったら涙を流していた事だろう。	
今の自分がオートマタである事が	
なんと嘆かわしい事なのか。	
「で、でもよ	
こんな高いもん本当に貰っていいのか	
「いいんスよ。それはテンチョーに	
タダで仕入れてもらったもんス。」	
「タダって	
これが無料だと！？	
オークションに出せば家すら買えるレベルなのに！？」	
「別にそいつを手に入れる事自体は	
大して難しくなかったぜ。	
いつものノヴァの依頼に比べりゃな。」	
「それに、今回そいつを仕入れた事で	
ノヴァへの貸し借りはチャラになったんだ。	
むしろ、俺にとっては安いもんだ。」	
「へへ。毎度。」	
おいおい	
このとんでもない価値の初回限定盤を	
チャラにするぐらいの借りってなんだよ	
ノヴァって掴みどころの無い奴だと思ってたが	
実はとんでもなく凄い奴なんじゃないのか	
「おや？	
どしたんスか、川島さん。	
そんなに自分の事をジロジロ眺めて。	
「もしかしてノヴァちゃんに惚れたな	
「俺、今回の一件で	
ノヴァの事、好きになったわ。」	
「ほほお。」	
っ、	
急にマジになるのやめて欲しいんスけど。」	
「お前のプレゼント。	
最高だぜ。一生大事にするからな。」	
「そんなにストレートに喜んで貰えると	
プレゼントした甲斐があったってものですな。」	
「川島	
か。	
あのノヴァにここまでさせるとはな。	
面白い男だ。」	
「まぁ、一緒に居て飽きないッスね。	
川島さんは。」	
「川島さん。今日は川島さんの為にデートして	
ザクロちゃんもプレゼントしたんスから	
の計画の事もちゃんとしてくださいッスね。」	
「わかってるって。フェイリクスをぶっ飛ばして	
ユリ姉を取り戻すッ！任せときな！」	
「いや、ユリせんせーだけじゃなくて、	
学園アイドルを全員救出して欲しいんスけど。」	
の見慣れた朝の登校風景。	
いつもなら何て事の無い日常だが	
いつからか、その日常は破壊された。	
あのクソ野郎の存在によって。	
「あ、見て！	
川島君よ！」	
「ほんとだ！	
川島ユート君が登校してきたわッ！」	
「やあ。おはよう。皆。」	
俺の身体を乗っ取った	
ちょうほんにん	
張本人	
フェイリクスのクソ野郎はニヤけ	
さら	
しながら	
遅刻ギリギリに登校してきやがった。	
「キャー！おはよー！	
川島くーん！」	
「おはよー！	
ユート君！」	
「え！	
川島君！	
登校！？	
私も挨拶に行かなきゃ！」	
「私も私もー！」	
フェイリクスによって	
洗脳された大勢の女子共が	
登校してきたフェイリクスを	
われさき	
我先	
に取り囲む。	
「キャー！川島君こっち向いてー！」	
「こ、これ！私が作って来たお弁当！	
受け取ってください！」	
「おやおや。随分と熱烈な歓迎だね。	
僕の女の子達。」	
「けれど、これだけの人数。	
一度には相手出来ないよ。困ったね。」	
「こらぁー！あんた達！	
ユートが迷惑してるでしょ！	
さっさと離れなさい！」	
「あー。うるさい風紀委員長が来たわ。」	
「風紀委員長だからっていつも川島君の	
近くをウロウロして邪魔なのよねー。」	
「そうそう。警備だとか何とか言って	
しょっけんらんよう	
職権乱用	
はなは	
だしいわよねー。」	
「な、なんですってぇぇええ	
誰のおかげで学園の治安が維持出来てると思ってんのよッ！	
この恩知らず共がぁあああ	
「まったく。自分の学園の生徒すら	
よくせい	
抑制	
出来ないなんて	
風紀委員長が聞いて呆れるわね。	
「獅堂ミナトッ！だったら、	
あんたが何とかしなさいよッ！	
「嫌よ。あなたの指図を受けるなんて	
まっぴらごめんだわ。」	
「あんですってぇええ	
ちょっと	
おもて	
出なさいよッ！！	
その減らず口、二度と叩けないようにしてやるッ！」	
「はぁ。馬鹿の相手をするのは疲れるわ。」	
「獅堂ミナトぉおおお	
ッ！！！」	
「いい加減にしないかお前達ッ！！」	
「既にホームルームの時間は過ぎているッ！！	
さっさと教室へ行かんかッ！！」	
「わ、ユリ先生	
「やば	
！ユリちゃん怒ると怖いのよね	
「どやされない内に早く教室行こ！」	
「それじゃあね！川島君！」	
「ああ。またね。	
「まったく。ウチの生徒達ときたら	
しょうがない奴等だ。」	
「まったくその通りよね！」	
「同感です。」	
「馬鹿者！お前達もだ！	
「そ、そんな	
私は止めようとしたんですよ	
ユリ先生	
きみ	
気味	
の悪い	
ねこな	
猫撫	
で声で	
かわしませんせい	
川島先生	
に甘えるの。	
ふゆかい	
不愉快	
だからやめてくれないかしら？」	
「はぁあああーーーッ！？	
もういっぺん言ってみなさいよ！	
獅堂ミナトぉおおお	
「いい加減にしないかッ！	
喧嘩をやめないと廊下に立たせるぞッ！」	
「まぁまぁユリヒメ。	
その辺にしてやってくれ。」	
「二人が	
けんえん	
犬猿	
の仲なのは	
今に始まった事じゃないからね。」	
「む、むう	
ユートがそう言うなら	
「ありがとう！ユート！	
いつも私に優しいね！えへへ。」	
「ふふっ。ありがとうございます。	
川島さん。あなたはやはり	
私の一番の理解者のようですね。」	
「は？ユートは私の為に庇ってくれたのよ。	
あんたなんかアウトオブ	
がんちゅう	
眼中	
よ。」	
「あなたこそ。自分が川島さんに相手にされないからって	
勝手に川島さんの恋人だと思い込むのは止めなさい。	
見苦しいわよ。」	
「なんだとぉお	
獅堂ミナトぉおお	
「ほら、言わんこっちゃない。	
この二人を	
めるのは	
なみたいてい	
並大抵	
の事ではないぞ。」	
「やれやれ。どうしたら	
二人共仲良くなってくれるんだい？」	
「こいつと仲良くなるなんて	
死んでもごめんよッ！」	
「わー。こんなに息ピッタリなのに	
なんで相性悪いんだろうねー。」	
「おはよう。サツキ。」	
「おはよー。川島くん。」	
「おい。	
一体何時だと思ってるんだ。	
遅刻だぞ。」	
「ぶー。川島くんだって遅刻してるじゃん。」	
「すまない。ユリヒメ。	
どうやら僕も遅刻してしまったようだね。」	
「い、いや！それは女子生徒に絡まれて	
タイムロスしたからであって	
ユートのせいではないぞ！」	
「あー！ユリ先生ー！	
川島くんにだけずるーい！	
ひいき	
贔屓	
だー！ぶーぶー！」	
「むむ	
！そ、そういうわけではないのだが	
「ありがとう。ユリヒメは優しいね。」	
そ、そうか！	
ま、まぁ弟に優しくするのは	
姉として当然だからな！」	
「ユリ先生、デレデレしちゃってー！	
教師と生徒の	
ふじゅんいせいこうゆう	
不純異性交遊	
はいけないんだぞー！」	
「ば、馬鹿を言うな！	
ユートは弟だ！ただの家族交友だ！	
変な誤解はやめてもらおう！」	
「さて、これ以上遅刻するのは	
よくないし	
そろそろ教室へ行くとしよう。」	
「さあ。行こうか。	
「そ、そうだな。行こうか。」	
「あ、ちょっと待ってよユート！	
私も行く！」	
「それじゃ行きましょうか。川島さん。」	
「おいこら獅堂ミナト！	
ドサクサに紛れてユートの隣を歩くんじゃないわよ！」	
フェイリクスのクソ野郎は	
ユリ姉を	
ひっとう	
筆頭	
とした学園アイドル達を引き連れて	
校舎に向かって行った。	
にく	
「憎い憎い憎い	
「あのクソ野郎ッ！	
フェイリクスのクソ野郎が憎いッ！」	
「今すぐこの手で野郎を	
きにしてやりたい	
「ちょっと川島さん。	
またこんなところで	
えんさ	
怨嗟	
を垂れ流していたんスか。」	
「だって	
ッ！フェイリクスのクソ野郎が	
ッ！俺から大切なものを	
すべて奪っていったんだ	
ッ！許せるわけがねぇよ	
「そんなに	
なげ	
くほど嫌なら見なければいいのに。」	
「そうだとも	
フェイリクスにデレデレしてる	
ユリ姉なんか見たくはねぇ	
「だ、だが	
「く、悔しい	
死ぬほど嫌だけど何故か目が	
くぎづ	
釘付	
けになってしまう	
う、うわあああ	
ッ！何故だぁ	
「あー。これば	
ネトラレ	
適正がありますなぁ。	
によって川島さんは	
けんおかん	
嫌悪感	
と同時に	
よろこ	
びを感じているのです。」	
違う	
ッ！俺は正常だ	
そんな事、あるはずがねぇ	
「そうじゃなかったら毎朝こうして	
ユリせんせーの	
現場を	
ウォッチングしてないッスよ。」	
「お、俺が	
狂人	
ッ！？俺がクレイジー	
ク、クソ	
ッ！俺を狂わせたのはすべて	
フェイリクスのクソ野郎のせいだ	
「うわー。どんどん症状が酷くなっていく。	
早くなんとかしないと。」	
白髪のチャラ男	
「おやおや。こんなところに居たんですか。	
探しましたよ。ノヴァさん。」	
「うわ。天道さん。	
何しに来たんスか。」	
「私に対する第一声が『うわ。』とか	
酷いですねぇ。	
私、あなたの上司なんですけど。」	
「誰だテメー。見慣れねぇヤツだな。	
ここは関係者以外立ち入り禁止だ。」	
「ちょっとノヴァさん。	
このオートマタ、口悪くないですか？	
ちゃんと	
しつけ	
ておいてくださいよ。」	
「ほら、関係者以外は立ち入り禁止だ。	
とっとと帰りな。」	
「何で二人して私を追い出そうとするんですか。」	
「はぁ	
、仕方ありませんね。	
身分を明かして疑いを晴らすとしましょうか。」	
いかるがけいさつちょうほうぶしょぞく	
斑鳩警察諜報部所属	
てんどう	
ルシオ	
けいぶほ	
警部補	
です。	
ほら、警察手帳。本物ですよ？」	
天道と自称するチャラそうな男は	
警察手帳を見せて来た。	
「ちなみに私はこちらのノヴァさんの	
上司になります。」	
「は？ノヴァの上司？	
なにそれ。ノヴァって警察だったの？」	
「いいえ、知らない人です。」	
「なんで	
うそつ	
嘘吐	
くんですか。	
ほら、ノヴァさんも	
警察手帳見せてあげてくださいよ。」	
「はいはい。わかりましたよ。」	
ノヴァはしぶしぶ	
から警察手帳を取り出す。	
以後、お見知り置きを。」	
「おいおい	
。マジかよ	
お前、警察官だったのかよ	
「まぁ。これもバイトの一種ッスね。	
女の子はお金が掛かるんスよ。」	
「こうみえてノヴァさんは	
すごうで	
凄腕	
ちょうほういん	
諜報員	
なんですよ。」	
にんむたっせいりつ	
任務達成率	
こきゃくまんぞくど	
顧客満足度	
ぜんねんどさいゆうしゅうじょえんじょゆうしょうじゅしょう	
前年度最優秀助演女優賞受賞	
かみはんきいかるがけいさつじょせいけいかんにんき	
上半期斑鳩警察女性警官人気	
ランキング	
めいじつとも	
名実共	
に素晴らしい実績のある警察官で	
上司である私は鼻が高いですねぇ。」	
ところどころ	
うさんくさ	
胡散臭	
実績が挟まってるのはなんなんだ。」	
「天道さんみたいなボンクラが警部補の地位に	
立てているのも自分の活躍のおかげだという事を	
忘れないで欲しいッス。」	
「はいはい。わかっていますよ。	
すべてはノヴァさんのおかげ。	
いやー。ありがたいですねぇ。」	
「うぜー。まったく	
せいい	
誠意	
が感じられない。」	
「今の聞きました？川島さん。	
ノヴァさんっていつも私に冷たいんですよ。	
一体どうしてなんでしょうか？」	
知らねーよ。唐突に俺に振るんじゃねー。」	
待て、どうして俺の名前を？	
っていうか、このオートマタの姿で	
何故俺が川島だとわかった？」	
「こうみえて諜報部の警部補ですからね。	
あなたが身体を奪われオートマタの姿にされた事も	
知っていますよ。川島ユートさん。」	
これが諜報部の	
じょうほうもう	
情報網	
ってやつか。	
こいつ、只者じゃねぇ。	
この天道という男。チャラついた	
とは	
に油断がならないようだ。	
俺は天道から	
そこし	
底知	
れぬ何かに警戒レベルを高める。	
「天道さんは自分の調査資料から	
情報得てるだけの知ったか野郎なので	
相手にするだけ無駄ッス。」	
「ノヴァさぁん。酷いじゃないですか。	
どうしてネタバレしてしまうんですかぁ。	
そこは上司の顔を立ててくださいよぉ。」	
ノヴァの言う通りどうやらこいつは	
見かけ通りただのチャランポランのようだ。	
俺は天道への警戒を解いた。	
「この野郎。脅かしやがって。	
つまんねーハッタリかますんじゃねー。」	
「はあ。ノヴァさんの報告通り、	
あなたは	
めうえ	
目上	
に対する礼儀を知らないようですね。	
私、これでも警察官なんですけど。」	
「そんな事より、天道さん。	
一体何しに来たんスか？」	
「ここは自分の	
かんかつくいき	
管轄区域	
ッスよ。	
冷やかしならさっさと帰るッス。しっしっ。」	
ノヴァは片手をスナップさせ	
天道を追い払う仕草をする。	
はるばるいかるがけいさつしょ	
斑鳩警察署	
からやって来たというのに、	
そんなに	
じゃけん	
邪険	
にしないでくださいよ。	
ノヴァさん。」	
「実はノヴァさんに	
やって頂きたい任務がありましてね。	
こうして	
しゅっとうめいれい	
出頭命令	
をお伝えしに来たと言うわけです。」	
「うわ。事あるごとに	
自分に仕事を振るのやめて欲しんスけど。	
今月、何件目だと思ってんスか。」	
「仕方ないじゃないですか。上からの命令なんですし。	
それにこの重要な任務。お任せ出来るのは	
ノヴァさんしか居ないのですよ。」	
「そう言っていつもいつも面倒な事を	
自分に押し付けてるじゃないッスか。」	
「どうせいつもやる事無くて暇なんだから	
たまには天道さんが働いて欲しいッス。」	
「暇じゃないですよ。こうみえて私、	
とてもとても忙しいんですから。ええ。」	
「それにこの任務。	
さなだけいぶ	
真田警部	
からのご指名です。	
ほらこれが証拠の	
れいじょう	
令状	
です。」	
天道は	
から一通の書類を取り出し	
ノヴァに見せつける。	
なんで自分を名指しで指名してくるんスか。」	
にはちゃあんとノヴァさんの	
活躍を報告してますからねぇ。	
腕を買われたという事ですよ。」	
やっかいごと	
厄介事	
を押し付けられただけなんスけど。」	
「さて、それじゃ。	
ノヴァさんにご納得頂けたようですし	
いかるがけいさつしょ	
に行きましょうか。」	
「学園の外にパトカーを停めているので	
お送りしますよ。」	
「さあ。車に乗ってください。	
この私が安全運転で署までお送りしましょう。」	
「くそっ。しょうがねぇな。」	
「まさかノヴァが警察官だったとはな。	
まぁ、任務じゃ仕方ねぇ。	
行って来いよ。」	
ひとごと	
他人事	
みたいに言ってるんスか。	
川島さんも一緒に行くンスよ。」	
「は？何で俺も行かなきゃなんねーんだよ。	
俺は警察と関係無いだろ。」	
「今の川島さんのマスターは自分なんスから、	
マスターに同行するのは、	
オートマタとして当然の義務ッスよ。」	
「何そのオートマタの暗黙のルール。	
っていうか、お前もオートマタじゃねぇか。」	
「オートマタだってマスターになれる！	
人間とオートマタの常識を破壊するのが	
の使命なのです。」	
こいつ、	
まさか人間様を	
れいぞく	
隷属	
させようというのか。」	
「あなたは今オートマタなんだから	
別にいいじゃないですか。」	
「うるせー。身体はオートマタでも	
心は人間なんだよ。」	
「ほら、乗った乗った。	
あんまりモタモタしてると	
に怒られてしまいますよ。」	
「怒られるのは天道さんだから別によくね？」	
「私が嫌なんです！」	
「どうしてノヴァさんは	
こんなにも私に冷たいのでしょうか？	
私、上司なのに。しくしく。」	
「お前が胡散臭いヤツだからじゃね？」	
「ひどい！」	
「はい。到着。	
ここが我	
の拠点。	
「ここが	
特に捕まるような事はしてないのに	
まさか来ることになるとはな。	
何だか複雑な気分だ。	
「ふー。帰って来たぜー。」	
「ノヴァさん。私が連れて来ないと	
署に	
めった	
滅多	
に来ないじゃないですか。」	
ちょうほうにんむ	
諜報任務	
しょがいかつどう	
署外活動	
が主なんスから	
警察署に顔出してる暇なんて無いッスよ。」	
「そう言う割には学園やカードショップには	
しょっちゅう入り浸ってるじゃないですか。」	
「この前なんかカードゲーム大会で優勝してましたし。」	
「キモッ。」	
「ちょっと。ノヴァさん？	
キモいとか言うのでやめてくださいよ。	
ライン越えてますよ。」	
「なんで報告書に書いてない事まで	
知ってるんスか。	
プライバシーの侵害ッスよ。」	
「私はノヴァさんの上司ですからね。	
部下の勤務管理は上司の仕事でもありますよ。」	
「勤務外の事まで調べてるのは	
普通にストーカー行為ッスよ。」	
「お前をストーカー犯罪を犯した罪で逮捕する。」	
ノヴァはどこからともなく	
てじょう	
手錠	
を取り出し	
天道の両手に嵌める。	
「ひー。何故、私を逮捕するんですかー。	
私は警察官ですよぉ！？それもノヴァさんの上司！」	
「お前を署まで連行する。」	
「よかったな。すぐそこだぞ。」	
「よくないです！」	
「あ、そうだ。ノヴァさん。	
に会う前に	
制服に着替えて来てください。」	
「着てるじゃん。制服。」	
「そうじゃなくて	
の制服です。	
そんな恰好じゃ真田警部に	
怒られてしまいますよ。私が。」	
「じゃあいいじゃん。」	
「よくないです！	
早く更衣室で着替えて来てください！」	
「しょうがねーなー。」	
ふてくさ	
不貞腐	
れながら	
トボトボと更衣室に向かって行った。	
「はぁ。どうしてノヴァさんは	
ああも聞き分けが無いのでしょう。	
反抗期ですかねぇ。」	
天道は両手を	
かか	
げ、	
やれやれと言いながら	
ためいき	
溜息	
を吐く。	
「っていうか、天道お前。	
手錠はどうしたんだよ？」	
先ほどノヴァが天道の両手首に	
めた手錠が	
忽然と消失している。	
「ああ。あの程度の手錠、	
私に掛かれば開錠なんて造作も無い事です。」	
天道は外した手錠を	
人差し指でくるくると回転させる。	
一体、いつの間に。	
大した	
てじな	
手品	
「結構、女性に評判なんですよ。	
私の	
。今度、川島さんにも	
教えて差し上げましょうか？」	
「マ、マジか！	
それを覚えれば俺もモテるってのか！？」	
天道さんの	
くちぐるま	
口車	
に乗るんじゃありません。」	
ついにモテ期到来のチャンスが舞い降りたかと	
こころおど	
心躍	
らせていると警官服に	
着替えたノヴァが戻って来た。	
「おかえりなさい。ノヴァさん。	
良く似合っていますよ。	
の制服姿。」	
「どうスかー？川島さん。	
ノヴァちゃんの警察官姿。」	
ナチュラルに無視しないでくださいよぉ。」	
「逮捕しちゃうゾ	
ノヴァが敬礼ポーズをしながら	
キメ顔でウインクをする。	
仮にも	
ふけい	
婦警	
そんなあざとい真似をするなど	
まったくけしからんな。	
「うむ。上出来だ。	
なかなか可愛いぞ。」	
そっちょく	
率直	
な評価を	
くだ	
す。	
「おや。ツンデレの川島さんが	
意外にも素直な感想を。	
これはノヴァちゃんにデレちゃったかなー？」	
「まぁな。」	
「おお。ド直球に来ましたな。」	
俺のストレートな返答に	
珍しく目を丸くするノヴァ。	
実際、先日のデートイベントで	
俺のノヴァへの好感度は上がっている。	
悔しいがノヴァの警官姿は	
あざと可愛い。どうやら俺も徐	
にノヴァの	
魅力に気付きつつあるらしい。	
だ、だが俺にはユリ姉が	
い、一体俺はどうすればいいんだ	
「うぐ	
っ。ぐぐぐ	
ぐぬぬぬ	
なんか腕組みながら	
うな	
ってますね。」	
「ユリせんせー	
ひとすじ	
一筋	
だった川島さんが	
ノヴァちゃんの小悪魔的可愛さに気付き	
両者を	
てんびん	
天秤	
に掛けて	
かっとう	
葛藤	
しているのです。」	
「はあ。なんだか大変なんですねえ。」	
「失礼します。」	
ノヴァさんをお連れしました。」	
「やっほー。」	
「遅いぞ！天道！	
いつまで待たせる気だ！」	
も何だその挨拶は！	
部下の教育もまともに出来んのか！天道！」	
「ええ	
。結局、私怒られるんですかぁ	
急いでノヴァさんを連れて来たというのに。	
しくしく。」	
「どんまい。」	
「ほぼノヴァさんのせいだという事に	
気付いてくださいよ。とほほ。」	
「機巧院！挨拶のやり直しだ！	
斑鳩警察官たるもの挨拶を	
おろそ	
かにするなど	
ごんごどうだん	
言語道断	
「挨拶に始まり、挨拶に終わる！	
れいせつ	
礼節	
を重んじ、	
たいげん	
体現	
するのが斑鳩警察なのだ！」	
「相変わらず暑苦しいなー。」	
「ほら、リクエストされてますよ。	
はい。	
テイクツー	
どうぞ。」	
「はいはい。」	
「真田警部の	
めい	
により、ただいま	
しゅっとう	
出頭	
しました。」	
「うむ。次から入室する時はその挨拶を忘れるな。」	
「はっ！	
すけ	
であります！」	
「いつの時代の返事だよ	
「む？ところで何だそいつは？	
見慣れないオートマタだな。」	
真田は俺を見るなり、	
いぶか	
しげに質問をしてきた。	
「俺は川島ユート。	
見ての通り、平凡な高校生さ。」	
とりあえず無難な自己紹介をしておいた。	
「お前のような身なりの高校生が居るか。」	
「真田警部。これが例のフェイリクスに	
身体を奪われたという方ですよ。」	
川島ユート、だったか。	
げんどう	
言動	
や態度からして中身は	
世間知らずの高校生というのも頷ける。」	
「テメェ。喧嘩売ってんのか。」	
「俺を馬鹿にするという事は俺を教育した	
担任教師であり、	
俺の尊い姉ちゃん	
マイスウィートシスター	
である	
ユリ姉を馬鹿にするという事だ。」	
「取り消せよ。今の言葉。」	
「礼儀知らずだけではなく、なんと	
ごうまん	
傲慢	
な奴なのだ。	
何故フェイリクスはこいつをターゲットにしたのか。	
まるで理解が出来んぞ。」	
「そりゃあ、	
こいがたき	
恋敵	
を潰してやろうという	
気持ちはわからなくもないですよ。	
ねぇ、ノエルさん？」	
「ノエルじゃねぇ、ノヴァだ。	
二度と間違えるな。殺すぞ。」	
「ひぃ、怖いですねえ。くわばらくわばら。」	
「まったく。その	
いろごいざた	
色恋沙汰	
のせいで	
フェイリクスが聖皇学園生徒を洗脳するなどという	
あくじ	
悪事	
を働いてしまっているではないか。」	
「自分も正直迷惑してるんスよ。	
フェイリクスに言い寄られて。」	
「動機はどうあれ、	
この事件に斑鳩警察官が関与している事は事実。	
早急に対処しなくてはならない。」	
「そりゃあ、洗脳状態の生徒ならまだしも	
保護者側が騒ぎ出したら斑鳩警察への	
バッシングが激しくなりますからねえ。」	
「よからぬ	
ふいちょう	
吹聴	
まんえん	
する前に	
騒ぎの種を	
摘み取っておかなければなりません。」	
「だからこそ我	
しらは	
白羽	
が立ったのでしょう？」	
「口を	
つつし	
め天道。斑鳩警察は地位や名誉の為だけに	
存在しているのではない。	
最重要事項は市民の安全確保。」	
「フェイリクスに洗脳された生徒達は	
いわば人質。	
人質の解放が何よりも先決なのだ。」	
さすがは斑鳩警察本部所属の真田警部。」	
「まさに斑鳩警察官の	
とも言える正義の熱弁。	
この天道。真田警部のお言葉に心を打たれ	
感動の涙を流してしまいました。」	
天道はわざとらしくハンカチを取り出し	
涙を	
ぬぐ	
う素振りを見せる。	
「くだらん	
はやめろ。天道。	
貴様が正義の心に目覚めるなど	
てんち	
天地	
が裂けても	
あり得ん事ぐらい	
じゅうじゅうしょうち	
承知	
「こら天道ー。	
息を吐くように嘘吐くんじゃねー。」	
「酷いですねぇ。上司と部下からも	
信用されないだなんて。	
パワハラですよ。パワハラ。」	
「これは教育的指導だ。	
なんじゃく	
軟弱	
な奴ほど自分を正当化する為、	
パワハラだのなんだと抗議をする。」	
「そんな奴らをまともに相手しているほど	
斑鳩警察は暇ではないのだ。」	
「うわ。とんでもないブラックな職場ですねぇ。	
今時そんな古臭い体育会系的思考は	
この時代に合っていませんよ。」	
「これが斑鳩警察の伝統だ。」	
「ひえ。斑鳩警察が	
ここまで時代を逆行しているとは。」	
「まさに時代の最先端を行く	
うんでい	
雲泥	
の差ですね。」	
「これは、その帝国重工からの特別指令だ。」	
ていこくじゅうこうせいたいこうがくけんきゅうじょ	
から脱走した	
廃棄予定の試作型オートマタ、	
フェイリクスを確保せよとな。」	
！？フェイリクスは	
せいたいこうがくけんきゅうじょ	
生体工学研究所	
の実験機だったのか！？」	
「ほう。	
を知っているのか？」	
「まぁな。あそこにはちょっと	
いんねん	
因縁	
があんだよ。」	
「じゃあ何か？今、フェイリクスが	
好き放題やらかしてるのは	
ふしまつ	
不始末	
だってのか？」	
「ええ。本来であればフェイリクスは	
今頃廃棄されているはずでした。」	
「しかし、廃棄処理当日に生体工学研究所から脱走。	
突如、	
の近隣公園に暴走オートマタとして	
現れたのです。」	
「あの時、ノヴァが倒したオートマタが	
フェイリクスだったのか。」	
「完全に破壊したと思ったんスけど	
まさか川島さんの身体を奪って	
よみがえ	
るとは	
想定外だったッスね。」	
「あーあ。ノヴァさんが	
ちゃんとトドメを刺さないから	
こんな面倒な事になっちゃって。」	
「いったぁッ！	
ちょ	
っ！なんでいきなり蹴るんですか	
ノヴァさぁんッ！」	
「え、	
しゅくせい	
粛清	
天道が	
ぼうげん	
暴言	
を吐いたから。」	
「暴力反対	
っていうか、普通に呼び捨てとか	
私への	
けいい	
敬意	
かけら	
欠片	
も無いじゃないですかぁ	
「いい加減にしろ！お前達！	
今は真面目な話をしているんだ！	
ふざけている場合ではない！」	
「ほら	
！ノヴァさんのせいで	
また怒られたじゃないですか	
「それで真田警部。	
自分をここへ呼んだのはつまり	
フェイリクスを捕まろって事ッスね？」	
「いや、無視ぃぃぃー！」	
「やかましい奴だな。お前。」	
たんとうちょくにゅう	
単刀直入	
に言えばそうだ。	
だが、フェイリクスが人質を取っている以上、	
慎重に事を運ばなければならない。」	
「下手に奴を刺激すれば	
人質に危害が及ぶ可能性があるからだ。」	
「おやおや。真田警部ともあろうお方が	
随分と	
よわごし	
弱腰	
な姿勢ですねえ。」	
「そんな事では	
えらがた	
偉方	
言いたい放題言われてしまいますよ？あちらは	
一刻も早く不始末を処理したいでしょうから。」	
「うわ。さっきまでヘタレてたのに	
急に強気に出たな。」	
「天道さんは人の揚げ足を取る時だけ	
ウッキウキになるッスからねえ。」	
「知った事か。	
など好きに言わせておけばいい。」	
「この事件の現場の指揮権はこの私に委ねられている。	
私は斑鳩警察の正義の名の下に人命救助を優先する。」	
「これはこれは。	
私としたことが野暮な忠告でしたねえ。	
真田警部には。」	
「おー。さすが真田警部。	
帝国重工相手に一歩も引かぬ見事な	
「これぞ我	
のリーダー。	
よっ。日本一。」	
ノヴァは真田のブレない演説に	
かんめい	
感銘	
を受け拍手を送る。	
「お前も見習えよ。天道。」	
「ちょっとノヴァさん？	
真田警部が居ると	
しつよう	
執拗	
に私を	
いじってくるのやめてくれません？」	
「さて、前置きはこのくらいにして	
任務の本題に入るとしよう。」	
「機巧院、お前を呼んだのは他でも無い。	
諜報部にしか出来ん重要な任務を任せる為だ。」	
「ほうほう。斑鳩警察本部所属の	
真田警部のご指名とあらば断われないッスねー。	
さあ、なんなりと。」	
いやいや	
ここまで来たわりには	
熱い手のひら返しですねえ。」	
「フェイリクスに洗脳された生徒達の	
様子に不信に思った一部の保護者が	
斑鳩警察署に相談に来ている。」	
「ここで対応を誤るとフェイリクスの犯行が	
保護者を通じて公になり、	
下手にフェイリクスを刺激する事に繋がる。」	
「そうなれば、フェイリクスに洗脳されている	
生徒達の身が危険に晒される可能性がある。」	
「そこで	
には斑鳩警察署に来ている	
保護者達の対応を頼みたい。	
くれぐれも	
ないみつ	
内密	
にな。」	
「なるほど。警察にクレームに来た	
保護者達の口封じというわけですね。」	
「言葉が過ぎるぞ天道。これはあくまで	
人質の身の安全を守る為。」	
「被害に遭った生徒の保護者達は	
間接的には事件の関係者だ。	
のないよう	
ていちょう	
丁重	
にもてなすのだ。」	
「はぁー？情報統制の一種とはいえ	
保護者のご機嫌取りを何で諜報部の	
自分がやらなきゃならないんスかー。」	
「そんなの	
せいかつあんぜんか	
生活安全課	
にでも	
やらせとけばいいじゃないッスかー。」	
「お前、	
雑用係かなんかと思ってねーか？」	
に任せられん。	
何故なら斑鳩警察署に来ている保護者の中に	
聖皇学園の	
会長がおられるからだ。」	
会長が何だっていうんスか。	
そんなもの斑鳩警察の国家権力の前には	
無に等しい存在ッス。」	
「急に権力を振るい始めてきたな。」	
「ノヴァさんはお金と権力が大好きですからねえ。」	
好きなもの聞いてそれが返ってきたら	
ドン引きするわ。」	
会長は	
カグヤ殿。	
さみだれりゅうけんじゅつ	
五月雨流剣術	
げんとうしゅ	
現当主	
「うひゃー。	
五月雨さんのお母さんッスかー。	
そりゃ厄介ッスねー。」	
「サツキの母親がなんで厄介なんだよ？」	
さみだれりゅう	
五月雨流	
は代	
この地を治めて来た	
ぶけ	
武家	
いえがら	
家柄	
カグヤさんはその現当主です。」	
とうち	
統治	
している関係で昔から	
ゆちゃくかんけい	
癒着関係	
があるのですよ。」	
「だから、お	
とくいさま	
得様	
五月雨流当主のカグヤさんに対しては	
斑鳩警察は強く出る事が出来ないのです。」	
「おい天道。言い方に気を付けろ。	
カグヤ殿は斑鳩警察にとって大事な客人。	
丁重に扱わせて頂くという事だ。」	
「はいはい。	
斑鳩警察は	
ゆちゃく	
癒着	
など何もない	
ホワイトでクリーンな組織です。」	
「そういうわけでカグヤさんを	
怒らせると斑鳩警察官の首が何人か	
飛びかねないので丁重な扱いが必要なんスよ。」	
「なるほどな。だから天道が	
必死にノヴァを連れて来たわけか。」	
「何で私の首が飛ぶ前提なんですか。」	
「それにお前達諜報部に	
この任務を任せる理由は	
何もカグヤ殿だけの話ではない。」	
「フェイリクスが生徒を人質にしている以上、	
じょうほうろうえい	
情報漏洩	
には細心の注意を払われなければならない。	
それだけ繊細で精密な任務遂行が求められるのだ。」	
「仮に情報が洩れても揉み消すなり	
なんなり出来るのも諜報部の役目ですからねえ。	
まぁ、我	
がやるしかないでしょうね。」	
「いやいや、我	
実際に任務を遂行するのは自分なんスけど。」	
「はいはい。そうでした。	
頑張ってくださいね。ノヴァさん。」	
「こいつー。」	
「カグヤ殿を含めた保護者達は現在、	
斑鳩警察署のフェイリクス対策本部で	
待機させている。」	
すみ	
やかに現場に出動し	
しか	
るべき対応をするのだ。」	
「うわ。もうスタンバイしてるんスか。」	
「早速のお仕事ですねえ。」	
「仕方ねえ。いっちょやるかー。」	
「じゃあ、川島さん。	
現場に向かうッスよ。」	
「当然のように俺も行くのかよ。」	
川島をどうするつもりだ？」	
「どうするもこうするも川島さんの	
マスターは自分ッス。」	
「当然	
じょしゅ	
助手	
として任務に同行させるッスよ。	
そうだな？ワトソンくん。」	
「誰がワトソンだ。」	
「川島はフェイリクスに身体を奪われた張本人であり、	
奴の標的。いわば重要参考人。	
斑鳩警察で保護するのが妥当だ。」	
「川島を同行させれば、フェイリクスが	
川島を狙い襲撃してくる可能性がある。」	
「つまり、	
カグヤ殿を含む保護者達が危険に晒されるのだ。	
。お前はそのリスクをわかっているのか？」	
当然、むしろそれが狙いッスよ。」	
何だと？」	
「川島さんはフェイリクスをおびき寄せるエサ。	
エサに食いついたフェイリクスを確保する。	
それが我	
諜報部の作戦ッス。」	
「え？そうなの？」	
「あれ？そうなんですか？」	
ふむ。肉を切らせて骨を断つ	
「しかし、保護者達の身の安全はどうする？	
お前はフェイリクスの襲撃に	
保護者達を危険に晒すというのか？」	
「心配ご無用。保護者達は天道さんが守ります。	
命を賭けてね。」	
「ええッ！？」	
そうか。天道。	
まさかお前にそこまでの覚悟があったとはな。」	
「いや、真田警部。	
私、命賭ける気なんてさらさら無いんですけど。」	
「いいだろう。天道の覚悟、しかと受け取った。	
責任は私が取る。お前達の好きにするがいい。」	
「えええええッ！？」	
「ははあ。ありがたき幸せ。」	
「行け！	
いかるがけいさつちょうほうぶ	
斑鳩警察諜報部	
この任務！お前達に任せる！」	
「ラジャッス！」	
「ちょっと真田警部ぅぅ	
っ！！	
なんでノヴァさんの話を	
みにするんですかぁああ	
「はあ	
なんだか面倒くせー事になっちまったなぁ	
「いやー。お待たせしてすみません。	
保護者の皆様	
天道がヘラヘラしながら	
保護者達の待つ部屋に入ると	
しんそく	
神速	
の斬撃が天道の頬を	
かす	
めた。	
えええ	
「いきなり刀で人を斬りつけるだなんて	
危ないじゃないですかぁ	
！！」	
「チッ。生きていたか。」	
ライン越えてますよ。それ。」	
さみだれけとうしゅ	
五月雨流当主	
であるこの私を	
随分と待たせてくれたわね。」	
は一体いつから	
そんなに偉くなったのかしら？」	
ツインテールのオートマタ	
「おっそーい！	
一体、いつまで待たせるのよー！」	
メイドのオートマタ	
「お嬢様が大変な時に	
何をのんびりとしているのですか！」	
飛行型オートマタ	
「ソウダソウダー！」	
「保護者達が待機していると聞いていたが	
なんかほぼオートマタなんですけど。」	
「オートマタだと思って	
らないで欲しいわね！」	
「私はリサ！	
ユリヒメの親友なんだから！」	
。確かユリ姉のバイト先の	
バーのマスターだったか。	
見覚えがある気がする。	
何で教師がバーでバイトしてるんだという	
ツッコミはさておき。	
「私はステラ。獅堂家の使用人。	
ミナトお嬢様のメイドをしております。」	
カグヤ。サツキの母親です。」	
「そしてこれは我が五月雨家のペット。	
ふうげつ	
風月	
「フーゲツだゾー！	
フーゲツはサツキが心配！」	
「なるほど。どうやらここに居る全員が	
フェイリクスに洗脳された生徒の関係者である事は	
間違いなさそうだな。」	
パイセンだけ保護者不在なのが	
家庭環境を	
にょじつ	
如実	
に表してるッスね。」	
「ダメですよ。ノヴァさん。	
さんの事が上層部に知られたら	
こちらの立場が危うくなるんですから。」	
「だからこそ、真田警部は	
フェイリクスの件を	
一刻も早く片づけたいんスよねー。」	
何やらノヴァと天道がひそひそと話している。	
盾守は斑鳩警察と何か関係があるのか	
「ぎょええええ	
「五月雨流当主であるこの私を放っておいて	
だんしょう	
談笑	
とは随分と余裕ね。斑鳩警察官さん？」	
「ちょっとあんた！	
私達をこんなところに閉じ込めておいて	
随分雑な扱いしてくれるじゃない！」	
「あんまり調子乗ってると	
カグヤちゃんがあんたの首を切り落とすわよ！」	
せっしょう	
殺生	
「リサさん。	
だからカグヤちゃんという呼び方は	
止めてもらいたいのだけど。」	
「なんでー？可愛いのに。」	
はあ。」	
「お嬢様が	
！ミナトお嬢様が	
今大変な事になっているのです	
「いつものクールでストイックな	
ミーちゃ	
ミナトお嬢様とはまるで様子が違う。」	
「まるでアオハルが来たかような	
キャピキャピした恋愛脳に	
汚染されてしまっているのです	
「それもこれも	
突如現れた川島ユートとかいう輩に	
ろうらく	
篭絡	
されたせいなのです	
「そうよそうよ！ユリヒメもユートにゾッコン状態で	
デレデレしちゃってさ！バイトのシフトも	
すっぽかすようになっちゃったし！」	
「まぁ、ユートってばユリヒメの弟だから	
ちょっと甘く見てやろうかなと思ってたんだけど、」	
「まさかの	
股と！	
ユリヒメだけならいざ知らず	
他の女の子も入れ食い状態じゃないの！」	
「あのクズ野郎！絶対許さないんだから！」	
「ええ。聞けばサツキも	
その川島ユートとかいうどこの馬の骨かも	
わからない男に夢中な様子。」	
「おかげで毎日のように	
もんげん	
門限	
を破って	
外で遊び歩いている。これもサツキに	
変な遊びを教えたあの男の影響かしらね。」	
「まさか	
じきさみだれけとうしゅ	
次期五月雨流当主	
であるウチの娘を	
たぶら	
かす命知らずの	
やから	
が現れるなんてね。	
怒りを通り越して呆れてものが言えないわ。」	
うわー	
フェイリクスが俺の身体をパクってるせいで	
完全に俺が	
ふうひょうひがい	
風評被害	
に遭ってるじゃねぇか	
クソ	
ッ！まさかあの野郎！	
俺の姿で	
を働くことによって	
俺の評判を	
おとし	
める作戦だったのか	
ちくしょう	
こしゃく	
小癪	
な野郎なんだ	
「斑鳩警察さん。	
私の娘に手を出した川島ユートという	
そっこくしまつ	
即刻始末	
して頂けるかしら？」	
あんさついらい	
暗殺依頼	
ですかぁ	
はあ	
。仕方ないですねぇ	
カグヤの	
あつ	
くっ	
した天道は	
マンになり	
フェイリクスを始末しようとする。	
あれ？ちょっと待って？	
フェイリクスを始末したら	
俺が元の身体に戻れなくね？	
「ちょっと待てぇえ	
！！	
始末反対！ダメ絶対！	
警察が命を	
そまつ	
粗末	
にするんじゃねええーー！」	
「普通に逮捕して罪を償わせろ！	
いくらなんでも	
そうけい	
早計	
過ぎるだろッ！」	
「あら？何かしらこの	
は？	
人間様に	
ものもう	
物申	
すだなんて	
自分の立場をわかっていないようね。」	
「なんなのよアンター！口答えするんじゃないわよ！」	
「ユートはユリヒメの心を	
もてあそ	
んでるのよ！	
ゆうちょう	
悠長	
な事言ってられないわよ！」	
「そうです！一刻も早くミナトお嬢様を	
川島ユートの魔の手から	
解放させてあげなければ	
「ソウダソウダー！コロセー！	
ヤッチマエー！」	
何なんだこいつらは	
口を開けば始末だの殺せだのなんだの	
ぶっそう	
物騒	
な奴らなんだ	
こいつらには	
りんりかん	
倫理観	
ってモンがねぇのか	
「おい！いい加減に	
皆さん、	
せいしゅく	
静粛	
に。」	
「罪を憎んで人を憎まず。	
神は言っています。	
川島ユートは裁かれるべきだと。」	
あなたは！」	
「シスター・ノヴァ！」	
は？シスター・ノヴァ？」	
「ここは神聖なる教会。	
迷える	
こひつじ	
子羊	
よ。怒りを	
しず	
めてください。」	
この部屋のどこが教会だ。」	
「ははー！シスター！	
これは失礼をいたしましたー！」	
「シスターの前でこのような	
本当に申し訳ありません	
何故かリサとステラがエセシスターの前に	
ひれ伏した。	
「わかればよいのです。	
さあ、顔を上げてください。」	
「ははー！」	
「なんと	
もったい	
勿体	
ないお言葉	
「あらシスターさん。	
その二人の怒りを鎮めても	
私の怒りは収まってないわよ？」	
「私の娘、サツキを	
かす犯罪者。	
川島ユートは	
きょっけい	
極刑	
しょ	
それは決定事項で絶対に揺るがないわ。」	
やべーぞ。サツキの母親。	
完全にフェイリクスを殺そうとしてやがる。	
俺の身体なのに！	
「わかりました。川島ユートへの	
カグヤさんの抑えようのない怒り。	
この怒りを簡単に鎮める事は出来ないと。」	
「ふふっ。だから殺す。始末する。	
川島ユートを。」	
カグヤは笑みを浮かべながら手元の刀を弄ぶ。	
何でこの人、物騒な事言いながら	
こんなに愉しそうなんだろ。怖すぎるでしょ。	
「ですが、サツキ嬢を	
した輩が	
川島ユートでないとしたら？」	
どういう事かしら？」	
「え？え？」	
「シスター様	
？一体何を	
「いいですか。落ち着いて聞いてください。」	
「あなた方の娘さんはもちろん	
聖皇学園の生徒達を洗脳しその手中に収めているのは	
川島ユートではありません。」	
「何を言ってるのよ！シスター！	
どう見ても川島ユートじゃない！」	
「そうですよ！シスター様！	
あの品性の欠片も無いふざけた顔は	
川島ユートに間違いありません！」	
「ソウダソウダー！	
あの間抜け面はユートダー！」	
「誰の表情が間抜けでふざけてんねん。」	
こいつら、中身がフェイリクスとはいえ	
俺の外見を好き放題言いやがる	
「シスターさん。私のサツキを	
かしたのが	
川島ユートでないとしたら、	
一体誰なのかしら？」	
だいにせだいがたせいしんかんしょうよう	
第二世代型精神干渉用	
。コードネーム・フェイリクス。」	
せんじつていこくじゅうこう	
先日帝国重工	
廃棄予定のオートマタッス。」	
「精神干渉	
聖皇学園の生徒を洗脳した手口は	
の能力だったというわけね。」	
「ちょっと待ってよ。シスター！	
ユリヒメを誘惑し聖皇学園でハーレムを築いてる	
あの男はどうみても川島ユートじゃない！」	
「そうですよ！ミナトお嬢様を誑かしているのは	
川島ユートその人！あの	
、見間違えるはずがありません！	
私の目は誤魔化せませんよ！」	
「確かにあの姿は	
しょうしんめい	
正真正銘	
、川島ユートで間違いありません。」	
「ですが	
中身はフェイリクス。	
あれはフェイリクスが	
川島ユートの身体を乗っ取っているのです。」	
なっ！」	
「なんですってーーー！！？」	
「ソンナバカナー！」	
「いやいやいや！	
人間の身体をオートマタが乗っ取る！？	
そんなの聞いた事ないわよ！」	
「そうですよ！いくら	
でも	
こうとうむけい	
荒唐無稽	
な事が	
出来るわけないじゃないですか！」	
「確かにあまりにも現実離れしていて	
信じられない事は	
しています。」	
「ですが、これは紛れもない事実。	
事実なのです。」	
「カグヤさん。	
のあなたなら	
あの川島ユートの中身がオートマタ	
フェイリクスである事がわかるんじゃないですか？」	
「そうなのカグヤちゃん！？」	
「だから、カグヤちゃんと呼ぶのはやめなさい。」	
「確かに。あの男、川島ユートの	
からは	
人間らしさを感じなかった。」	
「そう	
どこか	
むきしつ	
無機質	
な人工的な	
こどう	
鼓動	
を感じたわ。	
あれは人間ではない。私の	
としての	
ちょかん	
直感	
そう	
げてくる。」	
「でも確かに	
彼の	
しゅうはすう	
周波数	
あまりに	
きそくてき	
規則的	
過ぎました	
「何かの間違いかと思ったのですが	
オートマタと言われると	
がてん	
合点	
が行く事があります	
「ステラちゃんまで	
「あ、私もちゃん付けなんですね。」	
「おやおや。どうやら信じてもらえたようですねえ。	
今の川島ユートさんの中身がフェイリクスであると。」	
「それと同時にこの事件の	
しゅぼうしゃ	
首謀者	
廃棄予定のオートマタだったという事が。」	
「あなた達が言う事はまんざら嘘でもないようね。」	
「いいでしょう。認めるとしましょうか。	
あの男は川島ユートであって川島ユートでは無い。	
似て非なるものであると。」	
「ご	
なっとく	
納得	
頂けたようですな。」	
「でも、ちょっと待ってよ！」	
「ユリヒメ達を	
かした	
張本	
人が	
川島ユートの姿をしたフェイリクスだってのは	
わかったわ。」	
「じゃあ、身体を奪われたっていう	
本物の川島ユートはどこに行っちゃったのよ！？」	
「た、確かに	
！本物の川島さんは	
どこ	
何処	
「ユートはドコダー！	
サガセー！コロセー！」	
このクソオートマタ。	
未だに俺を殺す気でいやがる。	
マジでポンコツなんじゃねーのか？	
「皆さん、落ち着いてください。	
犯人はこの中に居ます。」	
「勝手に犯人呼ばわりしてんじゃねー。」	
「え！？犯人が私達の中に紛れ込んでるっていうの！？」	
「い、一体誰なんですか	
犯人は	
「犯人をコロセー！」	
「ふっ。面白い。」	
「では、聞かせてもらいましょうか。	
この中に居ると言うのなら。	
犯人は一体誰なのか？」	
「いいでしょう。お教えしましょう。」	
「盛り上がってまいりましたねえ。」	
ゴクリ。」	
ドキドキ。」	
「ワクワク。」	
「犯人	
本物の川島ユートはお前だ！」	
じしんまんまん	
自信満	
に俺に向かって指を差す。	
人を勝手に犯人呼ばわりしてイラッと来るが	
ここは自分の正体を明かす為にも	
ノヴァに乗っておくか。	
「フェイリクスに身体も大切なモノも	
すべて奪われた悲しき被害者！	
俺こそが本物の川島ユートだ！」	
「え！あんたが本物のユートだったの！？」	
「この方が本物の	
川島さん！？」	
「コイツがユートか！	
サツキを返せコノヤロー！	
シネー！」	
「おいポンコツオートマタ。	
人の話聞けよ。」	
「確かにシスターさんの言う通り、	
からは人間の	
を感じるわ。」	
「ええ。	
血の通った人間らしさを感じますね。」	
「どうやらその	
の中身が人間というのも	
あながち嘘ではないらしいわね。」	
「おわかりいただけましたかな？」	
「待って。」	
「リサさん？」	
「カグヤちゃんとステラちゃんが言うなら	
そのオートマタの中身が人間だという事は	
認めましょう。」	
「ちゃん付けはやめて	
ちょうだい	
頂戴	
「だけど、そのオートマタが人間だとして。	
それが川島ユートだという証拠はあるのかしら！？」	
「た、確かに！」	
「なるほど。一理あるわね。」	
「オラー！オマエはユートナノカー！？	
証拠ダセー！証明シロー！」	
「しまった。そこまで考えてなかった。」	
痛いところを突かれてしまいましたねえ。	
どうします？ノヴァさん。」	
「上手く言いくるめられると思ったのに	
なかなか	
かん	
するど	
いじゃねーか。」	
どうよう	
動揺	
しているのかシスターとは	
思えない	
が飛び出すノヴァ。	
まぁエセシスターだから	
けの	
かわ	
がれただけなのだが。	
「川島のアニキ。何か証明出来ないんスか？	
奴ら、この期に及んで	
アニキを	
うたが	
ってやがりますぜ？」	
何でチンピラの	
しゃてい	
舎弟	
みたいな	
言い回しなんだよ。」	
「いいだろう。俺が川島ユートである事を	
証明しようじゃないか。」	
「へえ。面白い。	
ではお手並み	
はいけん	
拝見	
と行きましょうか。」	
「俺はユリ姉の	
イトコ	
従弟	
。つまり	
おとうと	
幼き頃からユリ姉と	
つ屋根の下で暮らしている。」	
「つまり、俺はユリ姉のすべてを知っている。」	
「へー。それは聞き捨てなら無いわね。」	
「私はユリヒメの親友。	
つまり、私よりユリヒメに詳しいって	
そう言いたいわけ？」	
「無論だ。	
じゃあ、俺にユリ姉の事を質問してみな。	
ひゃっぱつひゃくちゅうぜんもんせいかい	
百発百中全問正解	
してやるぜ。」	
「望むところよ。それじゃ私が出題する	
けんていじゅんにきゅう	
検定準二級	
に合格出来たら	
あんたを川島ユートと認めてあげるわ。」	
「いいのかい？ユリヒメ	
けんていいっきゅう	
検定	
じゃなくて？」	
「ユリヒメ	
なんてやったら	
それこそユリヒメが	
まるはだか	
丸裸	
にされちゃうわよ。	
けつえんかんけい	
血縁関係	
しょうめいていど	
証明程度	
なら	
じゅんにきゅう	
準二級	
で十分だわ。」	
にしてやりたいところだが、	
まぁ、	
でいいってんなら俺はいいぜ。」	
「っていうか、ユリヒメ	
とか	
とか。	
そんな検定存在するんですか？」	
「彼らの中では存在するんでしょうな。	
彼らの中では。」	
こんな事で本当に証明になるのかしら？」	
ドキドキします！」	
「イイカラ、サッサトハジメロー！」	
「では、第一問！	
ユリヒメのバイト先のお店の名前は？」	
スメラギ	
そして、バーのマスターはリサ。お前だ。」	
「せ、正解	
ま、まぁこんなの序の口よね	
「では、第二問！	
ユリヒメが『	
働くようになった理由は？」	
「リサの夢を手伝う為。	
自分の店を持ちたいというリサの夢の	
手助けをしたいとユリ姉から志願したんだ。」	
そこまで完璧に志望動機を把握しているとは	
や、やるわね	
「第三問！	
ユリヒメの	
あいとう	
愛刀	
の名前は？」	
「ソードブレイカー・	
べにほむら	
紅焔	
なお	
には	
がんさく	
贋作	
が多数存在するが	
ユリ姉の	
しょうしんしょうめい	
しんうち	
真打	
。本物だ。」	
の違いさえも	
知っているなんて	
「じゃ、じゃあ次からは難易度を上げて	
ユリヒメのプライベートな質問に行くわよ	
「望むところだ。どんと来い。」	
「あの絶対的な自信はどこから来るんでしょうねえ。」	
「ユリせんせーの事になると目つき変わるの	
ガチで怖いんスよねぇ	
「ユリヒメは聖皇学園の教師になる前	
とある仕事をしていた。	
その仕事は一体何か？」	
たいけんまたい	
対剣魔隊	
突如として現れた謎の生命体、	
けんま	
剣魔	
を狩る仕事だ。」	
！ユリヒメは身内にすら	
細かい仕事内容は伝えて無かったと思うけど	
よ、よく知ってるわね	
「ユリ姉から直接聞かなくてもわかる。	
あうん	
阿吽	
こきゅう	
呼吸	
でな。」	
「あー。っていうか、	
今の	
きみつじこう	
機密事項	
じゃないんですか？	
いいんですか喋らせちゃって？」	
「まぁ、ここは	
いかるがけいさつしょない	
斑鳩警察署内	
ですし	
いんじゃないスかー？」	
「うわ。	
にあるまじき適当っぷりですねえ。」	
「で、では第五問	
「ユリヒメは	
に配属する前、	
とある研究施設に居た。	
その施設名を答えよ。」	
ユリ姉はそこの	
じっけんたい	
実験体	
だった。」	
では、その実験が行われていた計画の名前は？」	
「ブレイズチルドレン	
けいかく	
計画	
くちく	
駆逐	
する為、人工的にソードブレイカーを	
扱う	
きょうかにんげん	
強化人間	
を作る計画だ。」	
「正解！ユリヒメの	
としてのレベルは！？」	
「最高にして	
ゆいいつむに	
唯一無二	
のレベル	
ファイブ	
だからこそソードブレイカー・	
けいしょうしゃ	
継承者	
に選ばれたんだ。」	
「せ	
せいかい	
正解	
ぜ、	
ぜんもん	
全問	
合格。	
ま、間違いない	
。こいつは川島ユート	
で間違いないわ	
へえ。」	
「す、すごいです	
オートマタの姿をしたまま	
自分自身を証明してしまうなんて	
「コイツ	
タダモノではナイ	
「ふっ。当然だ。	
俺はユリ姉の事なら何でも知っている。」	
「うわー。何かキメ顔で決めてるッスけど	
普通に重度のシスコン過ぎてキモいんスけど。」	
「あちゃー。これはストーカー被害の事例ですねえ。」	
「なかなか面白いものを見せてもらったわ。	
これは私も認めざるを得ないわね。	
川島ユートさん。」	
「だから、最初から言ってるだろ。	
俺が真の川島ユートだってな。」	
「けれど、あなたが本物の川島さんだとしても	
私の要求は何一つ変わらない。」	
「はて？要求ってなんでしたっけ？」	
とりあたま	
鳥頭	
。何忘れてんだ。」	
に要求した。	
ウチの娘、サツキを	
を始末せよ、と。」	
「その中身が川島ユートだろうと	
研究所を脱走したフェイリクスであろうと	
関係無い。」	
「ウチの娘に手を出したものは等しく	
、首を切り落とすべし。」	
「って、結局フェイリクス殺すんかーい！	
そいつ俺の身体ぁー！	
今までのやり取りなんだったんだよ！」	
「マスターの命令ゼッタイ！」	
「ミナトお嬢様を	
した罪は重い	
残念ですがここは	
しざい	
死罪	
てう	
手打	
ちとしましょう	
のご命令とあらば	
としては受けざるを得ないですからねえ。」	
「いやいや！フェイリクス殺したら	
俺はどうやって元の身体に戻るんだよ！」	
「これからはメカワシマとして	
第二の人生を歩んで行きましょう。」	
「だ、大丈夫よユート！	
結構、その	
ち似合ってるよ？」	
「全然大丈夫じゃねえ！	
お前らいい加減にしろ！	
命を粗末にするんじゃねえ！」	
「では、川島さん。	
あなたは一体どうしろと言うのかしら。	
フェイリクスを殺す以外に何か手があるとでも？」	
「手はある！	
それは、	
たいわ	
対話	
、ですか？」	
「相手は研究所を脱走した廃棄予定のオートマタ。	
ウチの娘を含めた大勢の人間を洗脳している。	
話し合いに応じるとはとても思えないけれど。」	
「対話をするのはフェイリクスじゃねぇ。	
フェイリクスが洗脳した人質達。	
つまりユリ姉達だ！」	
「ユリヒメを	
せっとく	
説得	
するというのですか	
「何故この期に及んでサツキを説得しろというの？	
娘達はフェイリクスに洗脳されているのではなくて？」	
「フェイリクスは川島ユートに化けている。	
だが、本物の俺はここに居る。」	
「つまり、ユリ姉達に奴が偽物だと説明すれば	
真実が明らかになり洗脳が解けるかもしれねぇ。」	
洗脳によって川島ユートに	
好意を抱くように操作されていた。	
けれど、その前提が覆れば洗脳条件が解除される	
と。」	
「なるほど	
！やってみる価値はありそうね！」	
「私、お嬢様を説得したいです！	
川島ユートはお嬢様のパートナーにふさわしくないと	
気付かせてあげるのです！」	
「何かその言い口だとすげー複雑な気分なんだが	
「まぁ、実際甲斐性無しの川島さんは	
事故物件なのでやめておいた方がいいとは思うッスよ。」	
「あれ？ノヴァ？	
お前、俺に惚れてるんじゃなかったっけ？	
何でそんな事言うのかな？」	
にぶ	
いですねえ川島さんは。	
ノヴァさんは川島さんを	
他の女の子に取られたくないのですよ。」	
「だから、ああやってツンデレな	
「いったぁ	
い！	
なんでいきなり蹴るんですかぁ！	
ノヴァさん！」	
「うるせえ。黙れよ。	
天道。」	
「ちょっと皆さん！見ました！？	
このシスター、暴力を振るったんですよ！？」	
「ドンマイ。テンドー。」	
「で、どうだい？	
ユリ姉達の説得、やってみないか？」	
「あなたに従うのは気に入らないけど、	
サツキの真意を	
みきわ	
見極	
めたいところだし。	
その話、乗るとしましょうか。」	
「ええ！是非！	
ミナトお嬢様を説得してみせますとも！」	
「よーし！行こう！	
ユリヒメの目を覚ましてあげるんだから！」	
「よし！決まりだな！	
いっちょやってやろうぜ！」	
「話は決まったようですね。」	
「それでは皆さん！	
いざフェイリクスの待つ敵地へ！」	
とつげき	
突撃	
きんきゅうほごしゃさんかん	
緊急保護者参観	
「川島さん。コーヒーをどうぞ。」	
「ありがとう。ミナト。	
頂くよ。」	
「あっ！ユート！ダメよ！	
ミナトの	
れたコーヒーなんて飲んじゃ！」	
売ってるのかしら？	
「だから	
アメリアだっつってんでしょうが！	
いい加減覚えろ！」	
「あんたは料理がまともに出来ない	
ぶきようおんな	
不器用女	
なんだから！	
あんたが	
れたコーヒーなんて	
まず	
不味	
くて飲めたもんじゃないでしょ！」	
「そう思うのならあれを	
なさい。」	
「わ。	
しどうかいちょう	
獅堂会長	
のコーヒー、おいしー。」	
「うむ。	
びみ	
美味	
「とても	
おい	
しいよ。ミナト。」	
ですって	
獅堂ミナトのコーヒーが	
うま	
「確かにミナトは最初のうちは	
コーヒーを淹れるのを苦戦していたんだ。」	
「けれど彼女は努力家でね。	
僕がコーヒーの淹れ方を教えると	
みるみると上達していったのさ。」	
「これも川島さんが	
いっしょうけんめい	
一生懸命	
マンツーマンで	
手取り足取り教えてくれたおかげです。」	
「こうして私は誰もが認める	
立派なコーヒーレディになる事が出来ました。	
素敵なレクチャーをありがとうございます。」	
「友情！努力！勝利！	
これぞ我が	
模範	
となる生徒だ！」	
「生徒会長は	
ではないな。獅堂。」	
「うんうん頑張ったね。獅堂会長。」	
「あ、ありがとう。五月雨さん。	
嬉しい	
きゅん。」	
「そ、そんなあの家庭科ボロクソで	
料理全般ドヘタクソな獅堂ミナトが	
コーヒーレディになったですって	
「く、悔しいけど	
あんたの努力認めるしかないようね	
「それじゃ私にもコーヒーレディの淹れた	
コーヒーを頂けるかしら？」	
「嫌よ。」	
「なんでよ！何で皆にコーヒー淹れて	
私にだけコーヒー淹れないのよ！？」	
「このコーヒーレディのコーヒーは	
川島さん達、生徒会メンバーに	
ふるま	
振舞	
うもの。」	
「盾なんとかさんとかいう	
部外者に	
うコーヒーなんて無いわ。」	
「はああああ！？？	
いやいや私だってユート	
ひき	
いる	
の一人でしょうが！」	
「なんで私だけ	
け者にするのよ！	
獅堂ミナトぉおおおお	
「やれやれ。また始まったな。」	
「もう	
ふうぶつし	
風物詩	
になって来てるねー。」	
「あの二人の	
けんあく	
険悪	
さには困ったものだね。」	
「うわーん！ユート助けてよー！	
獅堂ミナトがこの私を除け者にしようと	
かくさく	
画策	
しているよー！」	
おうじょうぎわ	
往生際	
が悪いわよ	
たておんな	
盾女	
分が悪くなるとそうやって川島さんに泣きつくのはやめろ！」	
「わー。両手に花だねえ。川島くん。	
私も混ざっちゃおうっと。」	
「こら！お前達！	
事あるごとにユートにベタベタするんじゃない！」	
「やれやれ。困ったな。	
愛されるのは	
だけど、	
こうスキンシップが激しいと身体が持たないよ。」	
「おらぁー！警察だー！	
がくえん	
学園	
ラブコメハーレム	
ざい	
げんこうはん	
現行犯	
で逮捕するッ！」	
「お前達は完全に	
ほうい	
包囲	
されているッ！	
武器を捨て、我	
とうこう	
投降	
しろーッ！」	
「なっ！	
何の真似だ！？」	
「こら！ユート！	
は敵だぞ！不用意に近づくんじゃない！」	
「ノエルは敵じゃないよ。	
僕にとってノエルは大切な人さ。	
君と同じようにね。ユリヒメ。」	
そうか。	
それなら仕方ないな。」	
「おいテメェェエエエッ！！	
フェイリクス！！何ユリ姉を	
くど	
口説	
いてんだ！	
馴れ馴れしいんだよッ！死ねやッ！」	
「ちょっとユリヒメッ！	
なにデレデレしてんのよ！	
あなたらしくないわよ！」	
っ！？リサ！？	
どうしてここに！？」	
リサさんだけでは無いッス。」	
「さあ保護者の皆さん！どうぞこちらへ！」	
「ミナトお嬢様！	
一体、いつから	
とのがた	
殿方	
の為にコーヒーを	
淹れるレディになってしまったのですか！」	
「ステラ！？なんであなたがここに居るのよ！？	
いちぶしじゅう	
一部始終	
を見ていたというの！？」	
「ええ！まるっと見ておりましたとも！	
に絶対に	
を振らないクールでストイックな	
お嬢様は一体どこへ行ってしまったのですか！」	
「あ、あなたには関係無いでしょ！	
恋は自由なのよ！私は川島さんという	
運命の人を見つけたの！放っておいて！」	
かわしい	
れんあいのう	
恋愛脳	
なお嬢様を見たくはなかったです！」	
「ステラあなた	
いきなり学園に来ておいて	
言いたい放題言ってくれるわね	
「す、すげえ	
ごうがんふそん	
傲岸不遜	
の獅堂が動揺している	
「さすが獅堂家の使用人。	
ステラさんの前では獅堂かいちょーも	
タジタジというわけですな。」	
「失礼するわ。」	
「ヤッホー。サツキー。」	
「お母さん！？	
「サツキ。あなたがそこの男に	
かされて	
毎日	
を守らず、	
遊び歩いているのは知っているのですよ。」	
「げっ	
。何故それを	
「フーゲツはナンデモお見通しダー！」	
ー！お母さんにチクったなー！」	
さんがお母様の前で	
てているの可愛い	
どういう感情なのよそれは。」	
「と、ところで	
まさかとは思うけど	
私のパパも来てるんじゃ	
は言葉と	
にやたらとそわそわと	
期待するかのような	
しで辺りを	
キョロキョロと見渡す。	
「あー。安心してください。	
パイセンのパパさんは	
来てないッスよ。」	
「ちょっと！	
なんでウチのパパだけ来てないのよ！	
他の皆の保護者は来てるのに！」	
「盾なんとかさんは	
親に心配されてないんじゃない？	
むしろどうでもいい存在だから。」	
「ふざけんなっ！パパは私の事、	
大切に思ってくれてるもん！」	
「それはあなたの独りよがりな思い違いよ。	
だって今ここに居ないじゃない。」	
「うわあああーー！ユートぉおおおーー！	
獅堂ミナトがいじめるよぉおおーーー！」	
「ミナト。あんまりアメリアをいじめちゃダメだよ。」	
「ごめんなさい。この女をいじるとつい面白くて。」	
なんて最低な理由だ。」	
「ほら。アメリア。	
これで涙を	
いて。」	
フェイリクスのキザ野郎は	
盾守にハンカチを手渡す。	
「あ、ありがとうユートぉおお	
「ユート優しい	
私の悲しみを分かってくれるのは	
ユートだけだよぉ	
「な、なんという	
しんしてきたいおう	
紳士的対応	
「敵ながらやるわね	
「オイィィィーーーッ！！お前ら！	
フェイリクスにちょっとなびいてるんじゃねえ！	
奴はユリ姉達を洗脳した悪の	
げんきょう	
元凶	
なんだぞ！」	
「はっ！そうでした！」	
「おっと危ない危ない！」	
「さて、保護者の皆さんが	
と生徒会室に来られたのは	
一体どんな用件なのかな？」	
「それはもちろん	
俺が喋ろうとした瞬間、	
話を	
さえぎ	
りカグヤが割って入った。	
「しれた事。ウチの娘を	
つみ	
死を持って	
つぐな	
ってもらう。」	
まさかのカグヤ	
である。	
話し合う気など	
いっさいな	
一切無	
い様子。	
「いや、話がちげええええーーーーーッ！！！」	
「おやおや。いきなり	
しんけん	
とは。	
穏やかじゃないね。」	
「ここであなたを殺せばすべてが終わりよ。」	
「そんな事はさせん！」	
に合わせて、	
すかさずユリ姉も	
「ちょ！？ユリ姉もぉおおお！？」	
「あー。ユリヒメってば洗脳されてても	
なところは変わってないのね。」	
「あら？	
まさかとは思うけれど	
私とやろうというの川島先生。」	
「いくら	
ははぎみ	
母君	
カグヤ殿であっても	
ユートに	
やいば	
を向けるというのなら	
容赦はしない。」	
「ふっ。恋は	
もうもく	
盲目	
とはよく言ったものね。	
けれど面白い。」	
とやらのお手並み、	
させてもらいましょうか。」	
「こちらこそ	
との手合わせ。	
胸を借りるつもりでいかせてもらう！」	
「こらーーーーー！！	
二人ともやめなさーーーーい！」	
いっしょくそくはつ	
一触即発	
の空気をブチ破り、	
リサが二人の間に割って入る。	
「むっ	
！何故邪魔をするのだ！リサ！」	
しんけんしょうぶ	
の邪魔をしないでもらえるかしら。」	
「もー！	
かたな	
仕舞	
ってよ！カグヤちゃん！	
私達は話し合いに来たんだから！	
は必要無いでしょ！」	
「カグヤちゃん？」	
「リ、リサさん	
娘の前でその呼び方はやめてもらえるかしら	
「ユリヒメも！	
生徒の前で	
そくばっとう	
即抜刀	
おとなげ	
大人気	
ないゾ！	
ほんとにいつまで経っても子供なんだから！」	
「こ、子ども扱いはやめてくれ	
「いーから！	
早くそんな	
なものは	
って！」	
はあ。	
きょう	
が冷めたわ。」	
致し方あるまい。」	
刀を抜いていた二人はリサに	
なだ	
められ	
しぶしぶと刀を収めた。	
「さてお互い落ち着いたようだし、	
君達がここに来た用件を	
聞かせてもらえるのかな？」	
「用件はただ一つ。	
「対話？この期に及んでこれ以上、	
僕と何を話そうと言うんだい？」	
「勘違いするな。対話相手はテメェじゃねえ。	
テメェが洗脳しやがった	
ここに居る学園アイドル達だ。」	
「なるほど。僕の女の子達を説得する為、	
彼女達の保護者を連れて来たというわけか。」	
「まぁ、	
パイセンの	
おやご	
親御	
さんは不在なんで	
一人だけ説得不可能なんスけど。」	
わざわざそれを掘り下げる必要無いでしょ！」	
「ユリ姉！サツキ！獅堂！	
いい加減目を覚まさせてやるぜ！	
俺達の説得によってな！」	
「私達の	
「説得ですって？」	
「ミナトお嬢様！ステラは本気です！	
お嬢様には正気に戻ってもらいます！」	
「何を馬鹿な事を。	
私は至って正常。正気よ。」	
「ユリヒメ！あんたの恋が間違ってるって事、	
教えてあげるわ！」	
「ふざけるな！	
私を恋愛初心者だからと馬鹿にして！	
私はとうとう見つけたんだ！本当の恋をな！」	
「サツキ。お	
はダメよ。	
これは	
しつけなお	
躾直	
しが必要ね。」	
「あちゃー	
。お母さん怒ってる	
「マスターは怒るとコワイゾー。」	
「皆さん	
「すべては彼の	
メカワシマ氏の主張が物語るでしょう。」	
「今しばし、彼の言葉に耳を傾けてください。	
さすれば新たなる道が開かれることになりましょう。」	
「シスター・ノヴァ	
いつのまにかシスター服に	
身を包んだエセシスターが	
生徒会室に降臨した。	
何やってんのよ。アイツ。」	
「わー。ノヴァ可愛いー。」	
「うん。とてもよく似合っているよ。	
！わ、私もシスター服着てみようかしら	
チラチラ」	
「こら！ミナトお嬢様！	
そうやって	
あんい	
安易	
な方法で	
の気を引こうだなんて	
しりがる	
尻軽	
のすることですよ！」	
「な、なによっ！	
別にステラには関係ない事でしょう！？	
獅堂家の使用人のくせに	
「さて、それではご	
せいちょう	
清聴	
ください。	
メカワシマ氏の主張。どうぞ。」	
急にノヴァからボールが飛んできた。	
アシストのつもりなんだろうが、	
いくらなんでも雑過ぎる。	
「シスター・ノヴァからのパス、	
確かに受け取った。」	
「俺は今からそこの川島ユートを	
自称する偽物野郎を告発するッ！！」	
「川島さんが	
偽物ですって！？」	
「いいか！よく聞けお前ら！」	
「そこに居る川島ユートは	
偽物ッ！！	
そいつの正体は	
脱走した廃棄予定のオートマタなんだッ！」	
「その名もフェイリクス！	
奴は俺の身体を奪い、	
俺は奴のオートマタの姿にされてしまった！」	
「そして、フェイリクスは	
お前ら聖皇学園の生徒を洗脳し	
意のままに学園を支配している！」	
「お前らは騙されているんだよ！	
川島ユートの姿を被ったフェイリクスという	
オートマタになッ！」	
女子達	
俺の衝撃的な告白により	
真相が	
はくじつ	
白日	
もと	
あまりの驚きに声も出ない一同。	
フェイリクスの悪事も暴かれた。	
これでユリ姉達は正気に戻るはずだ。	
「ふふっ	
「はーはっはっはっはッ！」	
「な、何がおかしい	
「クク	
ッ。馬鹿な奴め。	
これが笑わずにいられるか！」	
「ユートが偽物のオートマタで	
あんたが本物のユートですって？」	
「そんな馬鹿げた話、	
誰が信じるって言うのよ！」	
フィクションとはいえ大した想像力ね。	
あなたは小説家にでもなれるわ。」	
「けれど、あまりにも突飛でかつ	
過ぎる。	
私達を騙したいのならリアリティが圧倒的に足りないわ。」	
「な、何故だ！俺が話した事は全て真実！	
何故信じようとしないんだ！	
お前達は騙されているんだぞ！？」	
「無駄だよ。	
君が何を言ってもね。」	
「何ィ！？どういう意味だ！？」	
「わからないのかい？	
彼女達は僕を信じているのさ。	
その感情には嘘も	
りも無い。」	
「けれど、君は信用されていない。	
彼女達からね。」	
「ポッと出の君が仮に真実を語ったところで	
彼女達から信用されていない君の言葉では	
万に一つでも耳を貸す事は無いだろう。」	
「つまり、真実がどうかなんて	
まったく意味が無いんだ。」	
「重要なのは何を言うかではなく、	
誰が言うかさ。」	
「いいかい。僕の女の子達。	
彼の言う事はすべてまやかしだ。	
騙されてはいけないよ。」	
「はーい！」	
「ほら。この通りさ。」	
こんな事が	
「悔しいですが	
フェイリクスさんの	
言う事は真理なのかもしれません。」	
っ。なんて正論パンチ	
これじゃユートのライフはゼロだよ！」	
「あらら	
。川島さん、	
フェイリクスに完全敗北ッスねー。」	
「やれやれ。なんてザマなのかしら。	
見ていられないわね。」	
「お前らなぁッ！どっちの味方なんだよッ！」	
「さて、気は済んだかな？	
用が済んだのならおかえり願おうか。」	
「うう	
ミナトお嬢様の説得は失敗ですか	
あいつ	
てごわす	
手強過	
ぎるよ	
「いいんスか？川島さん。	
このまま尻尾巻いて逃げ帰って。」	
「よくない！」	
「じゃあ、どうするんスか？」	
「当然、野郎に	
ひとあわふ	
一泡吹	
かせてやるッ！」	
「おい！フェイリクス！	
しろッ！」	
っ！こいつまだ	
「あんた	
この期に及んで	
だなんて	
が悪いわよ！」	
「まったく負け犬ほどよく吠える！」	
「ユート！	
こんな奴の相手をしてやる必要は無いぞ！	
この私が斬り捨ててくれるッ！」	
「面白い。	
その勝負受けて立とうじゃないか。」	
「な、なんだと！？本気なのか！？」	
「ああ。せっかくノエルが来てくれたんだ。	
すぐに帰してしまうのは勿体ない。	
少しは	
よきょう	
余興	
を挟んでもいいだろう。」	
「ケッ！大した余裕じゃねぇか！	
すぐに吠え面かかせてやるよ！」	
「おのれッ！鉄クズ	
ふぜい	
風情	
がッ！	
川島さんに向かってなんて無礼な口を聞くッ！！」	
「川島さん！その	
私に任せてくださいッ！	
この無礼な鉄クズを廃棄処分にしてやるッ！」	
「なっ！獅堂ミナトッ！	
ドサクサに紛れて抜け駆けすんじゃないわよッ！」	
「わかった。	
ここはミナトに任せるとしよう。」	
「ユート！？」	
「おいおい。いいのかよ。	
俺ぁ	
おんなこども	
女子供	
が相手でも容赦しねーぜ。」	
「舐めるなよッ！	
げす	
下種	
がッ！」	
「ミナトも僕が率いる	
侮っていると	
おおやけど	
大火傷	
するよ？」	
「上等だッ！やってやろうぜノヴァ！」	
！目にもの見せてくれるわ！」	
「川島さんへの数	
ひれい	
非礼	
この私が死を持って	
わせてやるッ！」	
「獅堂会長ー。	
は相手を殺しちゃダメなんですよー。」	
。ミナトお嬢様が殿方の為に	
自ら戦いに	
くだなんて	
なんと嘆かわしい	
「悲しむポイントそこなんだ	
「ふふっ。川島さんの	
きょうざ	
興冷	
めしていたけれど	
一時の退屈しのぎにはなりそうね。」	
「マスター楽シソウ！	
フーゲツもタノシイ！」	
のバトルフィールドはここだ。	
さすがに生徒会室を壊したくはないからね。」	
「保護者の皆様はこちらの席へどうぞ。」	
ユリ姉は	
いんそつ	
引率	
の保護者達を	
おくがい	
屋外	
に用意された保護者席へと案内する。	
「ハーイ。」	
「はいはーい。」	
「これはご	
ていねい	
丁寧	
にありがとうございます。	
川島先生。」	
「私達はここで観戦させてもらうとしましょうか。」	
というものを。」	
この私の前でくれぐれも	
ぶざま	
無様	
な戦いをしないように。」	
「マスターの前でブザマな姿を見セルナヨ！」	
「そーそー。	
せっかく応援してあげるんだから	
勝ってくれないと困るよー。	
なんか俺らのホーム側の観客席に	
明らかにアウェイな客が居るんだけど。」	
「ふっ。ならばとくとお見せしましょうぞ。	
の大勝利をね。」	
「わー。お母さんが見てるの	
なんだか緊張するなぁ。」	
「別に試合するのは	
じゃないでしょ？」	
「さて、それでは	
は僕が努めよう。」	
「ノエル、ミナト、二人とも	
オートマタの準備はいいかい？」	
「出ろぉぉおお	
メカワシマぁあああーーーーッ！！」	
ノヴァは片腕を天高く上げ、	
指を鳴らしオートマタを召喚する。	
何か召喚してる風だけど	
最初からお前の隣に居るんだけど。」	
「こちらの準備は完了しているぜ！	
さあ！そっちのオートマタを出しな！」	
さん。この私に勝負を挑んだ事、	
後悔させてあげるわ。」	
「来なさい！私の	
しもべ	
号！」	
獅堂はオートマタの名を呼ぶと	
いきなり地面を拳で殴りつけ、	
校庭の大地を割った。	
「え。何してんのアイツ	
「ミ、ミナトお嬢様	
素手で土に触れるなど、なんとはしたない	
「そういう問題かしら。」	
獅堂は片腕を地中に突っ込むと	
直径	
メートル	
程の巨大なコンテナを引きずり出した。	
「はああああ？！	
鉄製のコンテナを片手で持ち出しやがった！？	
どんな馬鹿力してんだアイツはッ！！」	
「推定	
トン	
の重量を持ち上げるとは	
常人離れをした	
かいりき	
怪力	
をお持ちのようね。獅堂さん。」	
獅堂が引きずり出したコンテナの扉が開き	
中から一体のオートマタが現れた。	
「起動	
起動	
「起動シークエンスオールグリーン。	
起動完了しました。」	
「マスター命令確認。	
目標敵機の撃墜。」	
「戦闘モードスタンバイ。」	
「あれは	
だいにせだいがたりくせんほへいよう	
第二世代型陸戦歩兵用	
あんなものが何故、	
学園の地中に埋まってるのよ	
の研究所から	
しょうしょうはいしゃく	
拝借	
してね。	
いざという時の為に配備してあるんだ。」	
どういう状況を想定してんだテメーは。」	
「これが川島さんから	
たまわ	
った私の専用機。」	
「これであなたを倒すわ。	
覚悟しなさい。	
「ヒュー。	
こいつはゴキゲンなお出迎えだぜ。」	
「さあ！我	
の友情パワーを	
見せてやるとしようぜ！相棒！」	
「どんなノリなんだよ	
「どうやら準備は整ったようだね。」	
しえき	
使役	
あくまでもオートマタ同士の戦いで勝敗を決する。」	
「それじゃあ行くよ。」	
「川島さん！先制攻撃だッ！	
奴の懐に入ってパンチをお見舞いしてやるッスッ！」	
「そのつもりだッ！行くぜッ！」	
俺はノヴァの指示よりも	
先に敵機目掛けて駆け出していた。	
「マスターの意図を汲み取った先制攻撃。	
の呼吸ですね。」	
「うんうん！	
あの二人、息ピッタリだね！」	
「けれど、	
むやみ	
無闇	
に飛び出すのは	
けいそつ	
軽率	
とも言えるわね。」	
「飛んで火にいる夏の虫。」	
「ソルジャー。	
にしてやりなさい。」	
モード起動。	
ターゲットロック。」	
ソルジャーは銃を構え、	
ターゲットサイトを覗き込み	
俺に照準を合わせる。	
っ！待ッ！」	
射撃開始。」	
ソルジャーのアサルトライフルから	
無数の弾丸が乱射される。	
に横っ飛びし、	
たまたま近くにあったソルジャーが	
格納されていたコンテナに隠れる。	
「うおお	
！あぶねーッ！」	
「まさか飛び道具を持っていたとは	
こいつは大きなミステイク	
「いやいや！普通に銃構えただろ！	
さすがに気付くでしょ！？」	
「勢いよく飛び出して行ったわりには	
失速が早かったわね。」	
「浅はかね。」	
「おのれ卑怯者め	
コソコソと隠れてないで出てきなさいッ！」	
「冗談じゃねぇ！	
素手で銃とやり合えるかっての！」	
「おっと、お忘れですかな。川島さん。	
こちらにも飛び道具がある事を。」	
「そうか！	
影山が改造したこの機体には	
新たな武装が追加されているんだった！」	
「川島さん！	
ぎょうかく	
仰角	
度！方向	
度！	
距離	
メートル！	
リボルバー発射！」	
「了解！くらいやがれ！」	
俺はコンテナから身を乗り出し	
ノヴァの指示通りの座標に向かって	
右腕リボルバーを発射する！	
リボルバーの弾丸はソルジャーの	
頭部に直撃する！	
視覚センサーに障害発生、命中精度低下。」	
あの距離から頭部に直撃させただとォッ！？	
なァッ！」	
「素晴らしい精密射撃です！」	
「やるじゃない！ユート！」	
「機巧院さんの的確な座標指示のおかげね。」	
「いえ、喜ぶのは早いわ。」	
「どういう事です？」	
「今の一撃。	
獅堂ミナトの	
げきりん	
逆鱗	
に触れたわ。」	
「眠れる	
しし	
獅子	
を呼び起こしてしまったか。」	
「やってくれたなッ！	
もはや	
てごころ	
手心	
など加えんッ！	
覚悟しろッ！」	
「ソルジャーッ！	
の使用を許可するッ！	
奴を消し飛ばせッ！」	
の遠隔起動を実行。	
爆破します。」	
「ッ！？まずいッ！	
川島さん！そのコンテナから離れるッスッ！」	
「おいおいッ！冗談だろ！？」	
コンテナから離れると同時に	
コンテナは爆破され、	
俺は爆風で吹っ飛ばされる。	
「ぐわああああーーーーーーッ！！！」	
「ユートーーーーッ！」	
「ふふん。これで決まりのようね。」	
「いや。まだだ。」	
システム	
右腕機能停止、リボルバー使用不能。	
左腕サブマシンガン、リロード機能に障害発生。」	
やりやがったな	
「ちっ！しぶとい奴め！	
まだ動けるのか	
「爆発の直撃は	
まぬが	
れたようだけど	
爆風の衝撃で	
まんしんそうい	
満身創痍	
といったところね。」	
あらかじ	
めコンテナに爆薬を仕掛けておいて	
がコンテナに隠れるように	
誘導したという事ですな。」	
なんという	
さくし	
策士	
「戦う前から	
しやがって！	
汚ぇぞ！」	
「戦いに綺麗も汚いもあるか！	
勝てばよかろうなのだ！」	
「もはや隠れる場所はどこにも無い！	
今度こそ蜂の巣にしてくれる！」	
「ソルジャー！	
奴にトドメを刺しなさい！」	
「ああっ！これは逃げられません！」	
ね！」	
「行けぇッ！川島さん！突撃だァッ！！	
そのまま突っ込めぇッ！」	
「チッ！どうなっても知らねえぞッ！」	
俺はノヴァの無茶ぶりに腹を	
くく	
飛んでくる弾丸の雨に突っ込みながら	
ソルジャーの距離を詰める。	
「うおおおおーーーーッ！！！」	
「捨て身の	
とっこう	
特攻	
馬鹿め	
！死にたいらしいなッ！」	
前方から乱射される弾がボディを	
めていく。	
だが、俺は	
おく	
せずソルジャー目掛けて一直線に驀進する！	
「馬鹿な！？何故当たらないッ！」	
「おっと、忘れたんスか？	
先ほどのリボルバーの直撃を。」	
「そうか	
！あの時の弾丸が	
ソルジャーの視覚センサーを	
はそん	
破損	
させ	
射撃の命中精度を落としていたのか	
「なるほど。相手の視覚を奪うのが狙いとはね。	
やみくも	
闇雲	
に反撃したというわけではないようね。」	
「おのれえええッ！！	
どこまでもこの私をコケにしやがってえええッ！！」	
ゼロきょり	
零距離	
に到達した俺は	
更新の左ストレートをソルジャーの	
に叩き込む。	
「くらいやがれぇッ！！」	
そして、胸部に密着させた左腕から	
サブマシンガンを乱射する。	
きょうぶたいは	
胸部大破	
エーテライトコア	
「機能停止。	
勝者	
「すごいすごーい！	
ユート達の勝利だわ！」	
「素晴らしいチームワークでした！」	
「一見、無策とも思える動きだったけれど	
その一つ一つは精密に計算された行動だった。」	
の戦い方。	
ると足元をすくわれそうね。」	
っ。この私が負けた	
「何やってんのよ！獅堂ミナト！	
だらしがないわよ！」	
「黙れッ！	
いぬふぜい	
犬風情	
が吠えるな！」	
「な、何よっ！	
そ、そんな言い方しなくたっていいじゃない！」	
「わ、私はただあんたが落ち込んでそうだから	
励まそうと	
「あんたに同情されるなんて	
へど	
反吐	
が出るわ！」	
「ひ、ひどい！うわああーー！	
ユリ先生ー！獅堂ミナトが私をいじめるよぉー！」	
「まったく	
。何をやってるんだお前達は	
の勝利ッス。」	
俺達の勝ちだ！	
さあ！約束通りユリ姉達の洗脳を解け！」	
「あれ？そんな約束してたっけ？」	
「しっ。ここでミナトお嬢様達の洗脳が解ければ	
ばんじかいけつ	
万事解決	
ささい	
些細	
な事は黙っておきましょう。」	
「まったく。	
何から何まで行き当たりばったりね。」	
「確かに君達はミナトに勝った。」	
「けれど僕が率いる学園生徒会のメンバーは	
まだ居るんだよ。」	
「さあ！次は私が相手だよ！	
行こうか！ガラハドくん！」	
「き、きたねえぞッ！	
じゃなかったのか！？」	
「もちろん正	
「ただし、君の相手は我	
がくえんせいとかいぜんいん	
学園生徒会全員	
せっかくユートが勝ったってのに！」	
「川島さんは既に	
これでは万が一でも勝ち目はありません	
「どうやら戦う前から勝敗は決していたようね。」	
「川島さん。ここは退くッス。」	
「何！？敵を前に尻尾巻いて逃げるってのか！？」	
「その機体損傷率では戦闘続行は不可能ッス。	
それは川島さんもわかっているはずッス。」	
だ、だが	
「ここで我	
がやられれば一体誰が	
ユリせんせー達を助けると言うんスか。」	
「これは逃亡ではない。	
勝利への退却ッス。」	
この勝負預けるッス。」	
「わかったよ。ノエル。	
君の頼みとあらば	
聞かないわけにはいかないさ。」	
「この機巧勝負。	
ここまでとしようか。」	
「えー！私達の出番無しー？」	
「すまないね。	
サツキの出番は次に取っておくとしよう。」	
「もー。仕方無いなー。	
今日のところは川島くんに免じて	
見逃してあげる。」	
「チッ	
。試合に勝ったってのに	
なんで負けた事になってんだよ。」	
「まぁまぁ、	
あちらさんが帰っていいと言うのだから	
ここは素直に撤収するとしましょう。」	
みせもの	
見世物	
は終わりのようね。	
帰るとしましょうか。」	
「あら、もうこんな時間。	
早く帰って夕ご飯の	
したく	
支度	
しなくちゃいけませんね。」	
「私もお店の開店準備しなきゃだわ。」	
「ミナトお嬢様。	
今日のお夕飯はハンバーグですよ。」	
っ！ニンジン！	
ニンジンは抜いてちょうだい！」	
「ダメです。	
そうやっていつもニンジンを残すのですから。	
今日こそはちゃんと食べてくださいね。」	
っ！何よ使用人の癖に！	
生意気よ	
「獅堂ミナトってニンジン嫌いなんだ	
「それでは保護者の皆様は	
あちらからお帰り下さい。」	
「ご来校ありがとうございました。	
道中お気を付けて。」	
「それでは失礼します。川島先生。」	
「じゃあねー。ユリヒメ。」	
「バイバイ、ユリヒメー。」	
「サツキ。いつまでも	
お人形遊びなんてしていないで	
いい加減帰りますよ。」	
「帰ロー。サツキー。」	
「サツキ？」	
「ごめんなさい。お母さん。	
私、まだ帰れない。」	
「私にはまだやる事があるから。」	
それはあなたの意志かしら？」	
「そう。これは私の	
私自身の意志。」	
「この件に関しては私はもう口を挟まない。	
けれど、門限は守る事。いいわね？」	
「うん。わかった。	
ありがとう。お母さん。」	
「風月。行くわよ。」	
「ハーイ。マスター。」	
「先帰ッテルゾ。サツキ。」	
「うん。またねー。」	
「さて、我	
も撤収するとしましょうか。	
「外にタクシーを待たせてる事ですし。」	
「タクシーと言う名の天道がな。」	
「ノエル。」	
「何スか？」	
イーとうだいよんくかく	
棟第	
「僕たちの思い出の場所だ。	
行ってみるといい。」	
「言ったはずッス。	
あんたの事なんて知らないと。」	
「君は必ず行くさ。	
だって君はノエルなのだから。」	
「おい。フェイリクス。	
あんまり俺のマスターに	
ちょっかい掛けんじゃねーよ。」	
君のマスターがノエルだって？	
悪い冗談だな。」	
「おいおい。	
のレフェリーまでやってて	
テメーの目は	
ふしあな	
節穴	
か？」	
「俺とノヴァは	
レベルで息の合った	
バディ	
相棒	
なのさ。」	
今まで	
しゅじゅうかんけい	
主従関係	
乗り気じゃなかったわりには	
相手を	
る時だけ調子イイんスよねー。」	
「やはり僕には理解できないよ。ノエル。	
何故君がこんな奴に	
しゅうちゃく	
執着	
するのか。」	
「僕の方が確実に君を幸せに出来る。	
そう確信している。」	
「おいテメー。	
何ドサクサに紛れて告ってんだ。	
ぶっ殺すぞ。」	
「僕はノエルに話をしているんだ。	
君は関係ない。」	
「あんだとテメー！」	
あんたにはわからないでしょうね。	
この人の	
川島さんの真の魅力というやつが。」	
「ケケケ。ノヴァは俺様の方がイイらしいぜー。	
あばよ。フェイリクス。」	
「意外ですけど。ノヴァさんって	
川島さんにあんなにも	
いちず	
一途	
なんですね。」	
「それだけノヴァとユートの間に	
運命的な何かがあったって事かしら。	
うーん。気になる。」	
「それに引き換え、	
川島さんの	
ぶしつけ	
不躾	
な態度はまさに	
の極みね。」	
「アイツって調子に乗りやすいタイプだからねぇ	
さんはあの男の	
どこがそんなに良いのか理解に苦しむわ。」	
「あー。やっと来た。」	
「遅いですよ。ノヴァさん。	
一体いつまで待たせるんですかー。」	
「それじゃ天道さん。保護者の皆さんを	
ご自宅まで送ってくださいッス。」	
「えぇー。	
私また送迎係するんですかぁ？」	
「自宅まで頼むわね。	
運転手さん。」	
「送迎ありがとうございます。天道さん。」	
「私は仕事先のバーまでね。天道。」	
「とほほ。私に拒否権は無いのですか。」	
「キビキビ働けテンドー。」	
「頑張れよ。天道。」	
「しくしく。他人事だと思って。」	
「来たか。」	
「おいーっす。	
真田警部。」	
「おい。真田。	
わざわざ俺達を呼び出して何の用だ。」	
「おい、お前達。	
何だその挨拶は。	
挨拶ぐらいまともに出来んのか。」	
「天道。お前の	
きょういくふい	
教育不行	
とど	
きだぞ。」	
「無茶言わないでくださいよ。	
この二人に我	
の常識が	
通用するわけないじゃないですか。」	
「まったくこれだから	
というのは	
信用できんのだ。」	
「まぁ、約一名諜報部でも何でも無いのが	
混ざってますけどね。」	
「ほら。川島さん。	
ちゃんと挨拶しなくちゃダメじゃないッスかー。」	
「お前にだけは言われたくねぇ。」	
「あれ？このやり取り、前にも見たぞ。」	
「いいだろう。今回はこれで	
おおめ	
大目	
に見るとしよう。」	
「天道。	
次回までにちゃんと教育しておけ。」	
「ひえぇ	
。これはまた	
なんだい	
難題	
ですねぇ	
しょくん	
諸君	
に来てもらったのは他でもない。」	
「先ほど	
会長であるカグヤ殿から	
斑鳩警察に対し、	
正式にフェイリクス捕獲の任務が	
った。」	
「本当はフェイリクスの	
しまつ	
始末	
だったんですけどね。」	
「そりゃまた物騒な事で。」	
「まぁ、カグヤさんなら言いかねないッスねー。」	
「あれはカグヤ殿が事を	
いているに過ぎん。	
実際はフェイリクスの洗脳から	
生徒達を解放さえ出来れば良いのだ。」	
「そこは真田警部の	
こうしょうりょく	
交渉力	
によって	
おんびん	
穏便	
に話をまとめ、	
捕獲という事になったわけです。」	
「斑鳩警察は犯罪者の始末をする組織では無い。	
あくまで犯罪者を確保し、	
己の罪を償わせるという	
たいぎ	
大義	
があるのだ。」	
「本来、	
に血を流すのは我	
としても	
とくさく	
得策	
では無いのだ。	
とは言ってもこの考えが	
しんとう	
浸透	
していない部署もあるがな。」	
「捕獲かー。	
とうばつ	
討伐	
だったら楽だったのになー。」	
「お前も物騒な事言ってるぞ。」	
お前達諜報部は何故こうも	
が多いのだ。」	
「ほらノヴァさんのせいで	
諜報部の	
が疑われてるじゃないですか。」	
「天道さんに	
なんてものがあったんスか？」	
「酷い事をおっしゃりますねぇ。	
かたまり	
のような存在の私に対して。」	
「そうか。すごいな。」	
「いいか。みなまで言わずともわかるだろうが	
お前達には引き続きフェイリクスの	
捕獲任務に当たってもらう。」	
「なんとカグヤさんのご指名ですよ。	
それほど先の働きが良かったのかもしれませんね。」	
で獅堂に勝っちまったからなぁ。	
会長の前だからって	
ちょっと張り切り過ぎちまったかな。」	
「あの後、五月雨さんが出て来て	
尻尾巻いて逃げ帰って来たわけッスけど。」	
「あれは戦略的撤退だ。	
勝負すらしていない。	
つまり俺達はまだ負けていない。」	
敵前逃亡の事実を意に介さず	
何故ここまで自信に満ち溢れているのか。」	
「川島さんはこのハッタリこそ	
しんこっちょう	
真骨頂	
なのですよ。」	
「褒めてんのか	
けな	
してんのか	
どっちなんだ。」	
「まぁまぁ、川島さん達の活躍も	
それなりの評価を得たのでしょう。	
カグヤさんの目の前で一応の勝利は収めていますし。」	
「一応ってなんだ。完全勝利だバーロー。」	
「それに加えて、この私の送迎が	
お気に召したんじゃないですかね？	
ほら、私運転上手いですから。」	
「なら、タクシードライバーにでも	
転職したらどうだ？」	
「じゃあ、天道さんの退職届提出しておきますね。」	
「こらこら。何かにつけて私を斑鳩警察から	
追い出そうとしないでくださいよ。」	
「上司と部下からいじめられて	
酷い職場だと思いませんか？川島さん。」	
「なんかお前って	
そういうキャラなんだと思ってたわ。」	
「好きでやってるんじゃありませんよ。まったく。	
中間管理職の辛いところですねぇ。」	
「お前達の失態をする度に方	
の始末をつける	
この私の身にもなってほしいものだな。」	
「ええ。それは勿論重	
承知していますとも。	
すべては真田警部のおかげ。	
ですよね？ノヴァさん。」	
「真田警部！あざーす！」	
「お前達の言葉は羽のように軽いな。	
まるで誠意が感じられん。」	
どうやらトラブルメーカーのノヴァ達の	
面倒を見ている真田も	
随分と苦労しているようだった。	
「さて、茶番はこの程度にして仕事の話だ。」	
「フェイリクス捕獲任務は正式に	
いかるがけいさつほんぶ	
斑鳩警察本部	
が引き受ける事になった。」	
「当然、本部の	
ちょくめい	
勅命	
ともなれば	
任務の指揮はこの私が	
り行う。」	
ほんぶちょくぞく	
本部直属	
の任務は大体	
じんとうしき	
陣頭指揮	
る事になってるんですよ。」	
「へー。そうなのかー。」	
「そして任務遂行はこの私の命により	
にお前達諜報部に	
いちにん	
一任	
とする。」	
「うわー。お前	
たち	
私も入ってるんですかー？」	
「乗りかかった	
ふね	
天道さんだけ	
とちゅうげしゃ	
途中下車	
など許さないッスよ。」	
「ひええ。また面倒な事に	
巻き込まれてしまいましたねえ。」	
「任務遂行の手段はお前達に任せよう。	
必要な	
ぶっし	
物資	
はすべてこの私が手配する。」	
「おおー。	
ふと	
ぱら	
ー。	
さすが真田警部。	
天道さんと違って	
がありますなあ。」	
私と真田警部では貰ってるお給料が	
全然違うんですよ。」	
「何故お前が私の	
きゅうよがく	
給与額	
を知ってるのだ。」	
「お忘れですか？	
この私が諜報部の	
の役職を	
してる事を。」	
「お前の諜報能力は	
そんなくだらない事の為に	
ゆう	
しているのか。」	
「天道さんは仕事もせずに	
他人のプライベートをコソコソと調べてる	
ですからなぁ。」	
「いやはやこれも仕事の内ですよ。	
斑鳩警察の	
ないぶかんさ	
内部監査	
という	
めいもく	
名目	
でね。」	
「私としては貴様自身の監査が必要だと思うがな。」	
「おやおや困りしたねえ。	
いつまで経っても真田警部は私を信用してはくれません。	
どう思います？川島さん。」	
「知らねーよ。唐突に俺に振るんじゃねー。」	
「まぁいい。話を戻そう。」	
「いいか。フェイリクス捕獲任務の	
作戦指揮は私が執る。	
機巧院を筆頭に任務遂行は諜報部に任せる。」	
「お前達は私の指揮下に置かれる。	
任務の定時報告は	
げんしゅ	
厳守	
とし、	
常に進行状況を私に知らせるのだ。」	
「いいですか。ノヴァさん。	
ほうこく	
報告	
れんらく	
連絡	
そうだん	
相談	
ほうれんそう	
報連相	
は大事ですよ。」	
年目の	
しんそつしゃかいじん	
新卒社会人	
かよ。」	
「本任務において斑鳩警察本部と諜報部、	
すなわち私とお前達は	
みつ	
れんけい	
連携	
を取る必要がある。」	
「情報伝達および	
もろもろ	
の対応を	
じんそく	
迅速	
に行う為、	
フェイリクス捕獲任務を達成するまでの間、	
お前達は斑鳩警察の寮に入るのだ。」	
「えー。めんどくせー。」	
「機巧院。	
お前はそもそも斑鳩警察の寮住みではないか。	
記録上はここしばらく帰っていないようだが。」	
「おいおい。ノヴァ。	
寮にも帰らず一体どこほっつき歩いてんだよ。」	
「ノヴァさんは元	
斑鳩警察の寮に住んでるのですが	
今は聖皇学園の科学室に	
いそうろう	
居候	
してるんですよね。」	
「あそこはドクターも居るし	
な機材もあるから	
遊び場として何かと便利なんスよねー。」	
「聖皇学園はフェイリクスが支配する敵地ではないか。」	
の作戦が敵に漏れる恐れがある。	
なおさら	
尚更	
、斑鳩警察の寮に戻って来い。」	
「実際、俺が住んでた科学準備室も	
と共に破壊されたしな。」	
「ほら見た事か。	
既に敵の攻撃を受けているではないか。」	
「仕方ねえ。戻るかー。」	
「どうせなら川島さんもノヴァさんと	
一緒に斑鳩警察の寮に	
住んだらいいんじゃないですか？」	
「ほら。川島さんもフェイリクスに身体を乗っ取られ	
ユリヒメさんと住んでた家も奪われて	
帰る家が無い状態ですし。」	
「いっその事、ノヴァさんのところに	
してた方が	
今後の任務が遂行しやすくなるんじゃないですかねえ。」	
「なるほどな。一理ある。	
今の川島は機巧院が	
するオートマタ。	
つまり諜報部の戦力の一部だ。」	
「連携の利点や	
のリスクを考慮すれば	
オートマタのマスターと同居させるのが	
何かと都合がよかろう。」	
「寮の空きも無いことだしな。」	
「それが一番の理由なんじゃないッスかね。」	
を上手く処理しようとしてるな。」	
「まぁまぁ。ノヴァさんだって今をときめく	
女子高生なんですし。」	
「こんな可愛いらしい女の子と	
ひとつ屋根の下で暮らせるというのは	
とても魅力的な事じゃないですか？」	
「た	
確かに	
まったく予想してないところから	
急に青春ラブコメ展開が来やがったぜ	
「おやおやー？パーフェクト美少女の	
ノヴァちゃんと	
どうせい	
同棲	
出来ると知った	
とたん	
途端	
ドキドキが止まらなくなっちゃったかなー？」	
「まぁ、お互いがオートマタ同士という事を	
意識しなければ急に始まる女の子との同棲生活は	
ドキドキ胸キュン必至のイベントではある。」	
「何か一言余計なんスよねー。	
素直に喜べないんスかねこの男は。」	
「思春期男子にありがちな	
『べ、別にお前の事なんて好きじゃねーよ』という	
照れ隠しですかねえ。」	
「なるほどねー。」	
「おい。勝手に思春期男子を分析してんじゃねー。	
思春期男子はお前らが	
思ってるほどそう単純じゃねーんだよ。」	
まったくいつもこんな程度の低い会話を	
しているのかお前達は。」	
と会話したら大体こうなるのはご存じですよね。	
はぁ。まぁいい。」	
「浮かれるのはほどほどにしておけ。	
あくまでお前達の目的はフェイリクス捕獲任務の	
遂行だということを忘れるな。」	
「機巧院、川島。お前達は	
ただ	
ちに	
みじたく	
身支度	
を整え	
斑鳩警察寮への引っ越しをしろ。いいな。」	
「いえっさー。」	
「しょうがねぇな。	
いっちょやるか。」	
「おー。着いた着いた。	
ここが	
いかるがけいさつりょう	
斑鳩警察寮	
。我が家でござる。」	
ノヴァが車から勢いよく飛び出し	
ツアーガイドよろしく、	
マイホームの紹介をする。	
「もー。ノヴァさん。	
勘弁してくださいよ。」	
「休日の朝っぱらに呼び出して	
引っ越しの手伝いをさせるなんて。」	
けいさつしゃりょう	
警察車両	
のワンボックスカーの運転席から降り	
やれやれと両手を	
げる天道。	
俺と天道はノヴァに朝イチから叩き起こされ	
引っ越しの手伝いをする為、	
に呼び出された。	
科学室に持ち込まれていた大量のノヴァの私物を	
天道が運転する車に運び込み、こうして寮まで	
荷物と一緒に	
人でやって来たというわけだ。	
「つーか、ノヴァ。なんだこの異常な荷物の量は。	
ワンボックスカーの	
せきさい	
積載	
パンパンになってるじゃねーか。」	
「わかってないッスねー。	
と必要なものが多いんスよ。」	
「ええと。プロ野球チームのユニフォームに	
応援用メガホン、マスコットのぬいぐるみとかありますが	
完全に野球観戦の道具も入ってますよね。」	
「こっちには室内用のパターゴルフセットまであるぞ。	
ほとんど遊び道具ばっかりじゃねーか。」	
「それだけ趣味が広いんスよ。	
『やりたいこと	
やったもん	
せいしゅん	
青春	
なら。』と	
ゲンジ	
も言ってましたし。」	
って誰だよ。」	
「さあさあ。引っ越し業者のお二人。	
荷物を我が部屋まで運んでくだされ。」	
「あれ？私達、引っ越し業者だったんですか？」	
「だったらバイト代ぐらい出せよな。」	
「川島さんは学園アイドル	
人衆の一人にして	
パーフェクト美少女のノヴァちゃんと同棲出来るのですぞ。	
これ以上の	
ごくじょう	
極上	
はあるまいて。」	
マジかよ。	
この労働は俺の	
やどだい	
宿代	
だったのかよ。」	
「それで私の報酬は？」	
「さあ、わかったらテキパキ働く！	
ろこつ	
露骨	
に無視しないでもらえます？」	
「よーし。こんなところッスかねー。	
我ながら、なかなかのレイアウトッス。」	
「はぁー。ようやく終わりましたぁ	
「私、管理職なんですから	
こういう肉体労働は向いてないんですよぉ。	
あー疲れたぁ	
「だらしがないですなぁ。天道さんは。	
川島さんを見習ってください。	
ほら、息一つ切れてないじゃないッスか。」	
「そうだぞ。天道。	
この程度で疲れるなんて	
身体を鍛えてない証拠だ。」	
「そりゃ川島さんはオートマタだから	
そもそも疲れないでしょうよ。」	
「あ、そっか。忘れてたわ。」	
ここには私しか人間居ないですし。」	
「あーじゃあ、いっその事	
天道さんもオートマタになるしか無いッスね。」	
「ちょっと急に	
サイコパスみたいな事言い出すのやめてくださいよ。	
嫌ですよ。改造人間にされるのは。」	
「大丈夫だ。天道。	
フェイリクスに身体を交換してもらえば	
改造する必要はないぞ。」	
「もっと嫌ですよ！	
私の身体乗っ取られるじゃないですか！」	
「私は私の身体が一番気に入ってるんです。	
この最高にカッコよくて魅力的な	
ようし	
容姿	
誰かに奪われるなんて考えたくもありませんね。」	
「うわあ。出た出た。	
ナルシストがよー。」	
「うわあとか酷いですねぇ。」	
「むしろ人類は皆、ナルシストであるべきです。	
自分に自信が持てないだなんて	
そんなのつまらないでしょう？」	
「その点、川島さんは	
今の姿の方が自身持てるんじゃないスか？」	
「どういう意味だよ。」	
「なんたって全身フルメタルのボディ！	
左腕はサブマシンガン、右腕はリボルバーの射撃武装付き！	
こんなの男の子が絶対好きなロマンの塊っしょ！」	
「そういう意味では確かに憧れはするが	
自分の身体じゃないってのが	
なんか借り物の能力みたいで腑に落ちないんだよな。」	
「ほら。やっぱり川島さんも	
自分の身体の方がいいでしょう？	
だから私は私が好きなんです。」	
「えー。今の川島さんカッコイイのにー。」	
「お前。その言い方だと元	
の俺が	
カッコ良くないみて	
じゃねーか。」	
「ははは。」	
「その	
あいそわら	
愛想笑	
いやめろ。	
変にリアル過ぎるだろ。」	
「あ、そうそう。	
川島さんの部屋はこちらッスよー。」	
「無理やり話題を変えて来ましたねぇ。」	
「ほい。ここが川島さんの部屋ッス。」	
「使ってない空き部屋だったんで	
寮の備え付けの家具があるだけの	
しっそ	
質素	
な部屋ッスけど。」	
「いや、十分過ぎるぜ。	
なんなら元の俺の部屋より広いまである。」	
のユリヒメさんと	
一緒に暮らしていたんでしたね。」	
「そうさ。けれど今や俺の部屋には	
フェイリクスが居座ってやがる。」	
「クソッ。俺から身体だけでなく	
ユリ姉も住まいもすべて奪いやがったんだ。	
あのフェイリクスは。」	
「そう考えると既に川島さんは	
ユリヒメさんと一つ屋根の下で	
暮らしていたわけですよね。」	
「それがどうした？」	
「これからノヴァさんと同棲する事になりますが	
既に女性との同棲経験はあるので	
あんまり	
しんせんみ	
新鮮味	
は感じないかもしれませんねえ。」	
「なるほど。確かに。」	
「確かにじゃねーよ。	
このノヴァちゃんと二人暮らし出来るという	
喜びに打ち震えるのが普通だろーが。」	
「新鮮味だの何だの言い出しやがってよー。	
勝手に中古扱いしてんじゃねー。」	
「あ、怒ってる。	
ダメですよ。川島さん。	
女の子にそんな事を言っては。」	
「お前が言わせたんだろうが。」	
「そういえば川島さんの荷物は	
これだけでいいんですか？」	
天道は床に置かれた一箱の段ボールを見ながら	
質問をしてくる。	
「ああ。荷物の	
たいはん	
大半	
自宅の部屋に置いて来ちまったからな。」	
「今や俺の家はフェイリクスに	
寝取られたユリ姉に	
もんぜんばら	
門前払	
いされて	
取りに行く事も出来ねえ。」	
「この段ボールの中には唯一持ち出す事が	
出来た希望が詰まっている。	
そう。ザクロちゃんという希望がな。」	
「ザクロちゃん？それは何	
「はい！ストーーーーーップ！！」	
ノヴァは天道の口を咄嗟に塞ぐ。	
「ん	
！んー！もがもが！」	
「ふー。あぶねー。	
天道さん。余計な事を聞かんといてください。	
それを聞いたが最後、一生語り続けるので。」	
「おい。ノヴァ。	
天道の息の根が止まりそうだぞ。」	
「お？」	
「が	
っ。ぐえ	
「ぜーはー	
！ぜーはー	
いきなり何するんですかノヴァさん	
死ぬところだったじゃないですか	
チッ。しぶとい。」	
「え？もしかして少なからず	
さつい	
殺意	
ありました？	
ライン越えてません？」	
「それでは私は斑鳩警察署に戻りますね。	
こう見えて忙しいんですよ。私。」	
「そうか。頑張れよ。」	
「何だか軽いですねえ。忙しい	
あいま	
合間	
こうして引っ越しの手伝いをしに来たのですから	
もっと	
ねぎら	
って欲しいものです。」	
「ほとんどノヴァの荷物だったんだし、	
ノヴァが礼を言うのが	
すじ	
ではあるな。」	
「そういえば私、一度もノヴァさんから	
お礼言われてないんですが。」	
「ところでノヴァさんが居ないようですが？」	
「何か支度があるから、	
見送りは任せたって言われたわ。」	
「うわあ。礼の一つも無いどころか	
見送りにも来ないだなんて、」	
「もしかして私、	
ノヴァさんに嫌われてるんでしょうか？」	
「大丈夫。もしかしなくても	
お前はノヴァに嫌われてるよ。」	
「全然大丈夫じゃないですし、	
仮に事実だとしてももう少しオブラートに	
包んだ言い方をするべきじゃありませんか？」	
「お前みたいな奴はちょっと回りくどい	
言い方をすると	
きょっかい	
曲解	
するから	
ストレートに言った方がいいと思うんだ。」	
「どういう	
けいけんそく	
経験則	
そういう結論に辿り着くのでしょうかねえ。」	
「まぁ、仕方ありません。	
心もとないですが川島さんの見送りを	
甘んじて受けるとしましょうか。」	
「喧嘩売ってんのかテメェ。	
いいから、とっとと行きやがれ。」	
「まぁ、そう	
あなたはノヴァさんが使役するオートマタ。	
諜報部の関係者なのですから。」	
「ああ。そうだ。ノヴァさんと言えば	
川島さんにお伝えしておきたい事がありました。」	
「なんだよ？改まって。」	
「実はノヴァさん。	
あなたと寮で同棲する事が決まって	
随分と喜んでいたんですよ。」	
「引っ越しの段取りや必要な家具を	
揃えたりと新しい寮生活の為、	
それはもう張り切って計画を練っていたものです。」	
「今日も朝から引っ越しの手伝いに	
を呼び出したのも少しでも早く	
同棲生活を始めたかったという思いから。」	
「それほどあなたと一緒に暮らす事が	
楽しみだったんでしょうね。」	
だったのか。	
アイツからは全然そんな	
そぶ	
素振	
りを感じなかったが	
「そりゃそうですよ。	
ノヴァさんっていつも	
ひょうひょう	
として、	
どこか掴みどころが無いですよね。」	
「それは、本心をあまり他人に見せない事の裏返し。」	
「そんな彼女があなたにだけは見せる本当の姿。	
それだけあなたは特別なんでしょうね。」	
「ノヴァさんにとって。」	
ノヴァはどうしてそこまで俺に。」	
「身に覚えが無いですか？	
それはそうでしょう。	
何故ならあなたには	
きおくしょうがい	
記憶障害	
があるのですから。」	
俺はいつからか過去の記憶が	
あいまい	
曖昧	
というか	
抜け落ちている。	
過去の俺からの手紙によれば	
俺はノヴァ達学園アイドルの	
人と	
過去に仲間だったらしい	
だが、まったく思い出せない	
ノヴァ達の記憶だけ忽然と消えたかのように	
「あなたの失くした記憶。	
思い出せるといいですね。」	
「でなければノヴァさんがあまりにも悲しすぎる。」	
好きな人から忘れられてしまうだなんて。」	
天道の去り際の言葉が強く俺の	
に響く。	
ノヴァは俺に好意的だった。	
それはあの時、あの公園で出会った時から。	
けれどノヴァからしてみれば	
俺の事をもっと前から知っていて	
俺と過ごしたいくつもの思い出があるのだろう。	
だが、俺はそれがどうにも思い出せない。	
ノヴァとの記憶が思い出せない、もどかしさ。	
ノヴァの好意に俺は何も返してやれない。	
俺はノヴァの好意の理由すらわからないんだ。	
自分の置かれた立場に	
部屋に戻ると、玄関の前でノヴァが	
腕を組みながら	
におうだ	
仁王立	
ちしていた。	
一体、どこほっつき歩いてたんスか！」	
「え？天道の見送りだけど。」	
「いやいや。	
どんだけ天道さんが	
なごりお	
名残惜	
しかったんスか。	
ながばなし	
長話	
するような	
あいだがら	
間柄	
じゃないでしょう。」	
「っていうか、何その可愛い恰好。」	
「おんやー？川島さん。	
なかなかお目が高いッスねー。	
女の子の変化を見逃さずに褒めるだなんて。」	
「そうそう。やはり異性に対しては素直で	
ストレートな感情をぶつけるのが一番ッス。」	
「ラブコメ特有の	
どんかんけいしゅじんこう	
鈍感系主人公	
にありがちな	
すぎるスルースキルなどもはや時代遅れ。	
所詮、	
せん	
の時代の	
はいぼくしゃ	
敗北者	
「『え？なんだって？』だのなんだのの	
なんちょう	
難聴	
ムーブも	
ただただテンポが悪いだけで物語の進行を遅らせ	
無駄に時間を引き延ばす遅延行為ッス。」	
「やはり、これからのラブコメは	
テンポとスピードが大事。女の子の好感度が	
上がる行動は積極的にやっていきましょう。」	
「ノヴァちゃんは褒めて伸ばすタイプなのです。	
川島さんはノヴァちゃんをどんどん褒めて	
ゴキゲンにしましょう。」	
「それがノヴァちゃんを攻略する鍵ですぞ。」	
「何気なく服装に対する質問をしただけなのに	
想像の斜め上の回答が返って来たんだが。」	
「あー。ちなみにこの服は外向け用の部屋着ッス。、」	
「外向け用の部屋着って	
外なのか中なのかどっちやねん。」	
「これから配信があるッスからねー・	
部屋着とはいえ、	
ちょっと人前に出れる服装なんスよ。」	
「配信？」	
皆の小悪魔系ゆるふわアイドル。	
ノヴァちゃんッスよー。」	
「今日もノヴァちゃんねるの	
配信観に来てくれてありがとッスー。」	
の前に座りマイク越しに	
モニターの外に居るネット上の	
リスナー達に話しかける。	
何やらノヴァはネットアイドルをやってらしく、	
こうして定期的にライブ配信を行い	
ネット上のファンと交流しているのだとか。	
「あー。ちょっと音量調整するッス。	
と声のバランスどうッスか？」	
「ほうほう。声の音量は大丈夫と。	
がちょっと小さい？」	
「ちょい待ち。	
ほい、ちょっと上げたッス。」	
ノヴァはリスナーからのコメントを	
読みながら音量のバランスを確認し	
慣れた手つきで機材の調整を行う。	
「お、バッチリッスね。	
それじゃ始めていきまっしょー。	
よろしくッスー。」	
「さてさて、	
ツイックス	
で告知したとおり	
今日は重大発表がありますぞ。」	
「皆はどんな内容か予想出来たかなー？」	
リスナーコメント	
「い、一体どんな内容なんだ	
「まったく予想が出来ねえ	
いつも唐突過ぎるぜノヴァちゃん	
「ざわ	
ざわ	
「重大発表	
！それは	
リスナーコメント欄	
「ごくり	
「今日から同棲生活始めました！」	
は？」	
ノヴァの重大発表という名の	
爆弾発言により	
コメント欄の時が止まる。	
「う、嘘	
「それってつまり	
ノヴァちゃんに彼氏が出来た	
「つまり、俺達のアイドルノヴァちゃんが	
俺達のアイドルじゃ無くなったという事か	
あぁ	
「うわあああああーーーーー！！	
俺達のノヴァちゃんが	
寝取られたぁああーーーッ！！」	
案の定だがノヴァのファンである	
リスナー達は	
あびきょうかん	
阿鼻叫喚	
となる。	
「おおー。凄いコメント数ッスねー。	
コメ欄のスクロールが早すぎてまるで読めねーッス。」	
「いやー。そんなに喜んでもらえるとは	
これはいいサプライズでしたなー。」	
「まったく喜んでねぇよ！	
むしろ悲しんでるよ！」	
「嘘だと言ってよノヴァちゃん！」	
「さーて。場も温まって来たことだし	
同棲相手の紹介といきましょー。」	
リスナーのコメントの叫びをまるで	
意に介さずマイペースに進行するノヴァ。	
リスナーを石ころ程度にしか思ってないのではないか。	
っていうか、同棲相手紹介って	
まさか俺がこの場に呼ばれたのは	
「紹介しよう！これから我が	
きょじょう	
居城	
一緒に暮らす事になったパートナー！	
メカワシマだー！」	
「『は？』じゃないッスよ。	
メカワシマさん。	
リスナーの皆さんに挨拶ッス。」	
「いきなり呼び出されて	
どんな無茶ぶりだ。	
つーか、配信に出るとか聞いてねーんだが。」	
「そりゃサプライズ感を演出する為ッスよ。	
ネタバレしたら面白くないじゃん。」	
「別に俺には教えてもよくね？	
そこはサプライズ感いらないよね？」	
？何コレ？	
「っていうか、オートマタって	
こんな流暢に受け答えできたっけ	
なんだこれ。	
マスターと普通に会話してる	
「ほほー。さすが自分のリスナー達。	
既にメカワシマさんの凄さに	
気付いたようッスね。」	
「ほら。何ボサっとているんスか。	
メカワシマさん。リスナーの皆さんに挨拶ッス。」	
まじかよ。どんな無茶ぶりだ。	
俺は舌打ちしながらも、言われた通り	
挨拶をする。	
「こんにちは。リスナーの皆さん。	
ノヴァさんのパートナーをやらせてもらってる	
メカワシマです。」	
「おお	
！ちゃんと挨拶出来るオートマタだ	
「まさか同棲相手の彼氏と見せかけて	
こんな隠し玉を持ってくるとは	
「だけど何故唐突にオートマタが	
「ふふっ。このメカワシマさんは	
そんじゃそこらのオートマタとはワケが違うんスよ。」	
「何と！一般には流通していない	
開発された超レアな実験機！」	
「おお！」	
「さらに！戦闘用の武装も搭載されていて	
左腕からは『サブマシンガン』！	
右腕からは『リボルバー』が発射可能！」	
「おおお！」	
「さらにさらに！進化した人工知能により、	
とは思えない	
りゅうちょう	
流暢	
な会話が可能になり	
的確なツッコミを入れる事が出来る！」	
「なんでよりによってアピールポイントが	
ツッコミ部分なんだよ。」	
「おおおおー！	
確かにツッコミ入れている	
そこで	
『おおおおー！』はおかしいだろ。」	
「さあ！リスナーの皆さん！	
このサプライズ！このメカワシマ！	
凄いと思ったのなら何をすべきかもうおわかりッスね！」	
そう、ギフトチャットです。」	
ノヴァがリスナーを煽った瞬間、	
コメント欄が赤一色で埋まる。	
「おー！	
ギフトチャットありがとございまーッス！」	
「お！お！どんどんギフトチャットが	
投げられております！うはうはー！」	
止まらない赤いコメント。	
そして、テンションが最高潮になるノヴァ。	
一体、これはどういう事か。	
ギフトチャットとはリスナーが配信者に対して	
お金をプレゼントするコメント機能である。	
この赤いコメントのギフトチャットは	
万円以上をプレゼントした際に	
投稿されるコメントである。	
つまり、このコメント欄に埋め尽くされたら	
赤いコメントが一つ一つが	
万円以上の価値を持つ。	
それはリスナーがノヴァに対してお	
ふせ	
布施	
をしているという事。	
これぞまさに投げ銭。	
今、リスナー達は一斉にノヴァに	
向かって万札を投げつけているのである。	
「ひょえー！今日はいつにもなく回っております！	
おおえどだいかいてん	
大江戸大回転	
はんじょうはんじょう	
繁盛繁盛	
しょうばいはんじょう	
商売繁盛	
ー！」	
「ノヴァちゃん！ノヴァちゃん！」	
止まらないノヴァコール	
赤いギフトチャット。	
きょうき	
狂気	
の如くノヴァに金が投げられ続ける。	
「く、狂ってやがる	
こんな稼ぎ方があっていいのか	
「いやー！	
ゆかいつうかい	
愉快痛快	
笑いが止まりませぬなー！	
はっはっはー！」	
「ありがとう！	
ありがとうございます！	
リスナーの皆様！」	
「このノヴァちゃんねるは	
リスナーの皆様により支えられております！」	
「さあさあ！もうした人もまだの人も	
高評価、チャンネル登録、	
よろしくお願いするッスー！」	
「今後ともノヴァちゃんねるを	
よろしくお願いするッスよー！」	
なんという熱狂、なんという盛り上がり。	
伊達に学園アイドルをやってはいない。	
ノヴァはアイドルを本気でやっているのだ。	
それもすべては金の為。	
ノヴァのアイドル活動は	
ばくだい	
莫大	
な利益を発生させる。	
こいつはファンから金を巻き上げる金の	
もうじゃ	
亡者	
だったのだ。	
ノヴァとの同棲生活初日。	
ノヴァの新たな一面を知ると同時に	
まったく予想していない始まり方をしたのであった。	
遅い。」	
「何がですか？」	
からの定時連絡だ。	
奴が	
に戻ってからというもの	
まったく	
おとさた	
音沙汰	
が無くなったではないか。」	
「あー。そういえばそうですねえ。	
報告が無いッて事は	
特に進捗は無いんじゃないですかねえ。」	
「フェイリクス捕獲任務は	
の重要任務。	
進捗があろうが無かろうが定時連絡はあって	
るべきだ。」	
は警察官としての意識が低すぎるぞ。」	
「自由人でフリーダムなノヴァさんに	
警察官らしさを求めるのは無茶な気はしますけどねえ。」	
「何を他人事のように言っている？	
監督責任だ。	
上司のお前が	
を連れて来い。」	
「ええー	
「ふわわ	
。おはよーッス。」	
「おはよーって、もう	
時なんだけど。	
昼だぞ。昼。」	
「いやー。昨日は深夜の耐久配信やってたもんで	
寝たの朝の	
時なんスよねー。」	
「昨日もネットアイドルやってたのかよ。	
つーか、朝	
時まで付き合う	
お前のリスナー達がすげーよ。」	
「自分のリスナーはもはや戦友。	
ラスボスであるドラゴンを倒す瞬間まで	
彼らは自分にエールを送り続けていたのですぞ。」	
「彼らが居なければ	
感動のエンディングまで辿り着く事は	
叶わなかったでありましょう。」	
どうやらノヴァは	
そうちょう	
早朝	
までゲーム配信をやっていたようだ。	
「ありがとう。戦友。	
ありがとう赤ギフチャ。」	
「戦友からしっかりと	
金を巻き上げているのがえげつねェ。」	
「いやいや。自分からは	
金銭を要求をした事など一度もありませぬ。」	
「これは戦友	
もといリスナーからのお気持ち。	
『ノヴァちゃん頑張って！』というエールを	
貰っているのです。」	
などと	
きょうじゅつ	
供述	
しているが俺は知っている。	
ノヴァが配信の売上金の数字を見ながら	
ニヤニヤと	
ひた	
っているところを。	
「はてさて、昨夜の耐久配信の思い出を語りたいのは	
ですがノヴァちゃんはお腹ペコペコなのです。」	
「朝ごはんをプリーズミー。」	
「朝ごはんっていうかもう昼飯の時間なんだが。」	
「まぁいいけどよ。	
いつものミートスパゲティでいいか？」	
「いえーす。」	
「今作るからちょっと待ってろ。」	
「かたじけない。」	
「そら、ミートスパゲティ一丁上がりだ。」	
「おー！待ってました！」	
「いっただっきまーす！」	
「んー！でりしゃす！」	
ノヴァはフォークでスパゲティを	
くるくると巻くと次	
と口に放り込んでいく。	
本当に美味そうに食うもんだから	
俺も作った甲斐があるというものだ。	
「しかし、毎日ミートスパゲティばっかり	
食ってて飽きないのか？」	
「ミートスパゲティは大好物っスからねー。	
飽きるという概念は無いんスよ	
まさに息を吸うかのように食べられますなー。」	
「そんなに好きとはねぇ。	
確かにメイド喫茶でもそれ食ってたもんな。」	
「まぁ、こっちは作るのが楽で助かるけどな。」	
ここに引っ越してきてから	
何か作れるものはないか食材を探したところ	
大量のパスタとミートソースの在庫があって驚いた。	
どうやらノヴァのやつ	
ミートスパゲティガチ勢だったらしい。	
「それにしても何でそんなに	
ミートスパゲティが好きなんだ？」	
「それは川島さんが	
作ってくれた料理だからッスよ。」	
「ん？別に俺が作る前から	
ミートスパゲティ好きだったじゃねぇか。」	
「俺はお前がミートスパゲティが	
好きだって言うから作っただけで	
「それはもっと昔の話。	
自分と川島さんが出会って間もない頃。」	
「今の川島さんは	
覚えてないかもしれないッスけどね。」	
「昔の	
俺？	
俺は過去にミートスパゲティを作った事がある	
ダメだ	
全然思い出せねぇ	
「その時の川島さんは全然料理が出来なくて	
唯一作れたのがパスタを	
でる事だけだったんス。」	
「茹でたパスタに	
たまたま家にあったミートソースをかけて	
空腹だった自分に	
ってくれた。」	
「慣れない料理でパスタは伸びてたし	
ミートソースも賞味期限がとっくに切れていたけど。」	
「それでも自分にとっては	
とても美味しくて忘れない味だった。	
それが川島さんのミートスパゲティだったんス。」	
俺がノヴァに	
ミートスパゲティを作ってやった	
そんな事が、あったような。	
思い出そうとすると頭がずきりと痛む	
オートマタの身体だってのに一体、	
どうなってんだこれ。	
「ふー。ごちそうさまーッス。」	
「やはり朝食はミートスパゲティに限るッスね。」	
「つーか、	
時間帯関係なくいつも食ってるじゃねぇか。	
っていうかもはや昼食だし。」	
「まぁ、美味しいものは	
いつ食べても美味しものッスよ。」	
「それに川島さんも	
ミートスパゲティ作りの	
腕は衰えてないようですなぁ。」	
「そういや、特に練習した記憶も無いんだが	
自然と作れるようになってたんだよな。」	
「最初の内はなかなか上手く作れなくて	
随分と失敗を積み重ねていたッスねー。」	
「自分は別に出来が悪くても構わなかったッスけど	
川島さんがどうしても上手く出来ないのが	
気に入らなかったようで、」	
「上手く作れるようになるまで	
何回も何回も同じ料理に挑戦した結果、	
ミートスパゲティだけやたら上手くなったんスよ。」	
「だから、ミートスパゲティの	
記憶が無くても身体は	
覚えていてるのかもしれないッスねー。」	
昔を懐かしむように	
はにかみながら答えるノヴァ。	
その様子を見ていると	
ノヴァにとって大切な思い出なのだろうと伺える。	
俺の知らない俺の記憶。	
俺は料理一つにそんなにも	
いこじ	
意固地	
になっていたのか。	
以前、天道が放った言葉が突き刺さる。	
ノヴァが好きな俺の事を思い出せない。	
何だかそれは、ノヴァを裏切っているようで	
ノヴァを孤独にしているようで、	
言い表せない罪悪感を感じてしまう。	
だから、俺はノヴァに問う。	
「なあ、過去の俺ってどんな奴だった？」	
自分が何者なのかを。	
「あー。別に今とそんなに変わってないッスけど。」	
「しいて言うなら昔の川島さんは	
キレたナイフみたいにギラギラしてたッスねー。」	
「周りに居るものすべてを傷つけてしまうような。	
危なっかしい感じがあったッス。」	
「そんなグレた不良みたいな感じだったのか俺は。」	
「でも、それは仕方が無いんス。	
あの時の川島さんは	
大切な人を失った直後だったんスから。」	
「大切な人を失った	
一体何を言ってる	
俺の大切な人はユリ姉以外存在しない。	
そのユリ姉は失うどころか	
俺に刀を向けるぐらいピンピンしてるってのに	
なん	
？今の光景は	
知らないはずの記憶	
だが、何故だか	
に深く刻み込まれた	
つめあと	
爪痕	
けいしょう	
警鐘	
を鳴らし続ける。	
度とあの	
さんげき	
惨劇	
を繰り返してはならないと。	
この感覚	
ただの気のせいじゃないな。	
俺はどうやらとても大事な事を	
忘れてしまっているようだ。	
「あの頃の川島さんは	
怒りと悲しみに	
とら	
われていたッスけど	
根っこの優しさは変わってなかったッス。」	
「だからこそ、	
故障した自分を拾って面倒見てくれたんスよね。	
困ってる人をほっとけない性格だから。」	
「もちろんそれは今も昔も変わってないスけどね。」	
ノヴァは昔を懐かしむように	
それでいてどこか得意げに	
過去の俺の話をする。	
その話の中で妙に気になる事を言っていた。	
「故障したお前を拾ったって	
どういう状況だったんだそれは？」	
「ああ。その事ッスか。」	
「ご存じの通り、自分は	
シリーズッス。」	
「そういやお前もオートマタなんだよな。	
ちょいちょいオートマタらしくなくて忘れるが。」	
「あの時、とある任務で	
シリーズの小隊が	
ちょうきょりやかんこうこうちゅう	
長距離夜間航行中	
だったんスけど」	
こうきどうがたひこう	
高機動型飛行	
ユニットのスラスターが	
飛行中にイカれて	
ひとざとはなれ	
人里離	
れた	
かわら	
河原	
ついらく	
墜落	
したんス。」	
。お前ら	
シリーズって	
空飛べるのかよ	
そういや、デートの待ち合わせ場所に	
空から落下して登場して来たっけか。	
した衝撃で	
でんしきおくりょういき	
電子記憶領域	
が飛んで	
強制的に	
こうじょうしゅっかじょうたい	
工場出荷状態	
に初期化されて	
機能停止してしまったんス。」	
「んで、動けなくなってる自分を見つけたのが	
川島さんだったってワケッス。」	
「川島さんの	
かいほう	
介抱	
によって再起動した自分は	
墜落の衝撃で初期化状態だったせいで目の前の	
川島さんをマスターとして登録してしまったッス。」	
「俺がお前のマスターに	
「オートマタはマスターに	
つか	
えるのが絶対命令。	
マスターから離れらないと知った川島さんは	
言いながらも自分を家に置いてくれたんス。」	
「それから川島さんはなんだかんだ言いながら	
食事を作ってくれたり、庶民の暮らしを教えてくれたり	
何かと自分の世話を焼いてくれたんスよ。」	
「お前は庶民の暮らしを教えなければならないほど	
上級国民だったのかよ。」	
「任務の事を綺麗さっぱり忘れてしまった	
はぐれオートマタを拾って側に置いてくれた。	
すいきょう	
酔狂	
なマスターは川島さんぐらいッスね。」	
「だから、自分は川島さんが好きなんスよ。」	
俺は過去にお前と出会い、	
お前のマスターをやっていたのか。」	
「けれど、俺はお前との記憶が無い。	
もしかすると今の俺はお前が	
知っているマスターじゃないのかもしれない。」	
すまねぇ。」	
「謝らないで欲しいッス。	
記憶が無いのは	
川島さんのせいじゃないッスから。」	
「それに記憶が無くても、思い出せなくても、	
自分との思い出は	
に刻み込まれている。	
決して消える事なく今でも残り続けている。」	
「だから、今も昔も川島さんは	
自分のマスターなんスよ。それだけは変わらない。	
今までも、これからも。」	
あの時、公園でノヴァに助けられた時、	
俺を知ってるかのような口振りをしていた。	
記憶を失っている俺は気にも止めなかったが	
ノヴァはあの時からずっとマスターである俺の	
側に居て見守り続けてくれていたのか。	
「ノヴァ、俺は	
「いやあ。	
マスターとオートマタの感動的再会。	
とても感動的ですねえ。」	
らいほう	
来訪	
。どこからともなく	
ヘラヘラとした笑いを浮かべつつ	
拍手をしながら天道が現れた。	
「天道、いつの間に？」	
「お邪魔していますよ。」	
「とー。」	
「いたぁいっ！」	
っ！ノヴァさん	
どうしていきなり蹴るんですかぁ	
ふほうしんにゅう	
不法侵入	
は犯罪。	
よって今ここで死ね。」	
「ちょっと有罪判決も無しに	
勝手に	
けいばつ	
刑罰	
しっこう	
執行	
しないでくださいよ。」	
「つーか、鍵掛けてあったのに	
どうやって入って来たんだ？」	
「じゃーん。	
あいかぎ	
合鍵	
でーす。	
ノヴァさんの上司である私は	
あんぴかくにん	
安否確認	
の為、自由に出入り出来るのですよ。」	
「チッ。鍵を変えなきゃ。」	
「あらら。つれないですねぇ。	
私も仲間に入れてくださいよ。」	
「ふざけんな。帰れ帰れ。」	
ノヴァは片手で『しっしっ』と	
ジェスチャーをしながら天道を邪険にする。	
「っていうか、何でノヴァって	
天道の事をそんなに嫌ってるんだ？	
諜報部の上司なんだろ？」	
「え？私ってノヴァさんに嫌われてるんですか？」	
「え？ガチで嫌い。消えて欲しいと思ってる。	
この世から。」	
「ひどい。しくしく。	
部下にパワハラされてるんですけど。私。」	
しらじら	
しい。こんなチャランポランな	
振る舞いをしながら	
本質的には超ドクズなんスよ。こいつは。」	
「あー。もしかしてあの時の事	
まだ気にしてます？」	
「私がノヴァさんのマスターに	
「いたぁい！	
だから何で蹴るんですかぁっ。」	
「余計な事を言うんじゃねー。	
一体、何しに来たんだ。	
用件を言え。用件を。」	
「おやおや。残念ですが	
ノヴァさんは私を嫌うようになった理由を	
言いたくないようですねえ。」	
「残念ですが川島さん。	
こればかりはノヴァさんから	
直接聞き出してくださいね。」	
「それはわかったが、	
マジで何しに来たんだ天道。」	
「ああ。そうでした。	
真田警部からの	
穏やかじゃないッスねー。	
何事ッスか？」	
「真田警部がシビレを切らせて怒ってましたよ。	
ノヴァさんからの進捗報告が無いッて。」	
「こちとら諜報員は忙しいんスよ。	
お役人にいちいち報告しているヒマなんか無いッス。」	
「お前も役人だぞ。」	
「大体、この寮に来てから学園にも行かず	
ずっと配信してるかゲームしてるかで	
ほぼニートじゃねぇか。」	
「ノンノン。	
はいしんしゃ	
配信者	
はれっきとした職業ッスよ。	
しゅうえきか	
収益化	
もしてるッスから。」	
「いやいや、ノヴァさんの本職は	
一応、斑鳩警察官なのですが。」	
「第一、斑鳩警察の給料が安いのが悪いんスよ。	
あんな	
やすげっきゅう	
安月給	
のせいでこちとらメイドカフェや配信で	
副業しなきゃならないんスから。」	
「それは真田警部に言ってください。	
あと、斑鳩警察は副業禁止です。」	
「さあ、二人とも。	
真田警部の元まで行きますよ。」	
「あなた方を連れて来ないと	
私が真田警部に怒られてしまうのですから。」	
！上司の癖に部下を売るとは	
なんて卑怯な	
「部下の勝手な行動で	
毎回怒られる私の身にもなって欲しいものです。」	
「さあさあ。車に乗った乗った。」	
「失礼します。真田警部。	
ノヴァさん達をお連れしました。」	
いかるがけいさつちょうほうぶしょお	
ただいま	
さんじょう	
参上	
来てやったぜ。警部殿。」	
「よー。真田。」	
何なんだその態度は。	
これが本部から	
を受けた警察官の姿か。」	
「一応、ノヴァさんは警察手帳の提示と共に	
所属と名前を名乗るまでには進歩していますね。」	
一体、	
いつになったらまともな挨拶が出来るのか、	
先が思いやられるな。」	
「川島さんの方は任務に参加しているとはいえ	
学生の身ですし、	
を求めるのは	
ってもんじゃないですか？」	
「学生の身分だとしても、	
に対して	
ためぐち	
溜口	
とは一体どんな教育をしているのだ。」	
！俺の親代わりで担任教師の	
ユリ姉の教育にケチつける気か	
「取り消せよ今の言葉	
「川島さん！よせ	
乗るな	
「あいつ俺のユリ姉を馬鹿にしやがった	
おやが	
親代	
わりを馬鹿にされて怒るか。	
いっちょうまえ	
一丁前	
に根性はあるようだな。」	
「ちなみに	
ユートさんの	
親代わりのお姉さんは	
ユリヒメさんです。」	
ユリヒメの弟	
「なんだ？ユリ姉を知ってるのか？」	
「無論だ。貴様も知ってると思うが	
ユリヒメは	
もといかるがけいさつかん	
元斑鳩警察官	
。この署内で	
ユリヒメの名を知らぬ者はおるまい。」	
「へえ。さすがユリ姉。	
ここでも名が知れ渡っていたのか。」	
「確かに評判でしたね。	
残念ながら	
あくひょう	
悪評	
の方でしたが。」	
いかるがけいさつそうせついらい	
斑鳩警察創設以来	
ぜんだいみもん	
前代未聞	
もんだいじ	
問題児	
でな。	
それはそれは私も頭を悩ませたものだ。」	
「なんでも、ユリヒメさんが出動すると	
必ず現場周辺が破壊、炎上してしまうそうで	
自治体や周辺住民からクレームが絶えないのだとか。」	
「ユリせんせー。すげー。	
ワイルドー。」	
「任務達成率は申し分無いのですが	
それを台無しにする程の	
トラブルメーカーでしたねえ。」	
「ユリヒメが問題ばかり起こすせいで	
私がどれだけクレーム対応に追われた事か。」	
。あの膨大な始末書の数	
思い返すだけでも頭が痛くなるな。」	
「真田警部が頭を悩ませるだなんて	
なかなか出来る事じゃないですよ。	
さすがユリヒメさんですねえ。」	
「ユ、ユリ姉は悪くねえ	
ユリ姉は悪くねえ	
「ただ、ユリ姉は一生懸命だっただけなんだ	
何故お前らにはそれがわからない	
「貴様は姉であるユリヒメを	
もうしん	
妄信	
し過ぎているな。	
客観的な視点と冷静な判断力を持たなければ、	
本当の真実を見失う事になるぞ。」	
「俺の中ではユリ姉が絶対的正義。	
これこそがこの世界のにおけるたった一つの真実さ。」	
「どうやら既に手遅れのようだ。	
この男はユリヒメという絶対的な神に	
囚われている。」	
「それは自分も困ってるんスよー。	
ラブコメ主人公がいきなり特定のヒロインに対して	
とかやりずらくてしょうがねーッス。」	
「ノヴァさん、	
しんちゅう	
心中	
お察しします。	
川島さんの呪いが早く解けるといいですね。」	
「おいやめろ！俺を	
れむんじゃねぇ！	
俺は正常だ！俺は真人間だ！」	
「異常な奴ほど自分を正常だと主張し、	
正当化しようとする。」	
「典型的な症状が出ていますね。」	
「勝手に診断してんじゃねー。	
俺はどこも悪くねえ！」	
「そんな事より、	
お前達を呼び出した理由はわかっているな？」	
「わかりませーん。	
先生、教えてください。」	
「誰が先生だ。	
相変わらず舐めた態度をしている。」	
「これも上司の指導が不十分のせいだ。	
これだから舐められるのだ。天道。」	
「本部の任務遂行中の今、	
ノヴァさんの直属の上司は	
真田警部ですよ？」	
「機巧院。フェイリクス捕獲任務の	
進捗はどうなっている？	
何故、定時連絡を	
よこ	
寄越	
さないのだ。」	
「真田警部。	
こちらも重要な任務を遂行中だったんスよ。」	
「ほう。フェイリクス捕獲任務は	
斑鳩警察本部の	
それよりも重要な任務とは何だ？」	
それは人	
に勇気と希望を届ける仕事。	
自分は彼らの闇を照らす光となりたいんス。」	
「ふざけるな。何が勇気と希望だ。	
画面の外の奴らはインターネットアイドルなどという	
きょこう	
虚構	
に踊らされているに過ぎん。」	
「いいか。今、我	
が最優先に解決すべきは	
フェイリクスに洗脳された生徒達を救出する事だ。」	
「その為には一刻も早く、	
フェイリクスを捕獲する必要がある。	
配信者などという	
どうらく	
道楽	
うつつ	
を抜かしている暇などないのだ。」	
「は、配信者を	
遊び	
真田の	
むじひ	
無慈悲	
な一言。インターネットアイドル業を	
否定されたノヴァは	
わなわなと怒りに打ち震える。	
何もわかっちゃいねぇよ	
「こちとら食事も	
睡眠時間も削って	
それこそ命を削ってアイドルやってんだ	
「別に食事も睡眠もたっぷりとってるけどな。」	
「遊びでやってんじゃないんだよー！！」	
じそんしん	
自尊心	
を傷つけられ	
ブチ切れたノヴァは真田に殴りかかる	
「これが若さか。」	
真田はノヴァの拳を掴むと	
突進力をそのまま利用し	
あいきどう	
合気道	
の如くノヴァを放り投げる。	
そして、投げ飛ばされたノヴァ	
何故か俺の方に一直線で飛んでくる。	
「ちょ！？えっ！？	
こっち！？」	
「ぐええええーーーーッ！！！」	
「いてて	
部下を投げ飛ばすとは何事ッスか！	
パワハラで訴えてやるッ！」	
「先に仕掛けて来たのは貴様だろう。	
それに国家権力である斑鳩警察に	
パワハラなどという概念が通用すると思うな。」	
っ！これが権力ってやつか	
「権力に屈してるようだが、	
単純にお前が仕事サボってただけだからな。」	
「これでわかったでしょう？ノヴァさん。	
いや、斑鳩警察には逆らえないと。」	
は終わりだ。	
さっさと任務に戻れ。	
一刻も早くフェイリクスを	
ほばく	
捕縛	
するのだ。」	
「い、嫌だ	
「は、働きたくない	
働きたくないでござる	
「本音が出てるぞ。」	
週間だ。」	
「へ？」	
「あと	
週間以内に何の進捗も出なければ	
。貴様の給与を	
げんきゅうしょぶん	
減給処分	
っ！なんて卑劣な	
給与を人質にするんじゃあないっ！」	
「それが嫌なら結果を出せ。	
話は以上だ。」	
「うわああああああーーーーーーっ！！！」	
フェイリクス捕獲任務における	
進捗を出せ、か。」	
「助けて。ドクえもーん。	
何かしら進捗をでっち上げないと	
真田警部に給料を減らされちゃうよー。」	
「なんででっち上げる前提なんだよ。」	
は諜報部ですからねえ。	
情報ならある事無い事、	
すべて操作する事が出来るのですよ。」	
なんて邪悪な考えをしてやがる。	
こいつら本当に警察官なのか？」	
「っていうか、影山。	
お前も斑鳩警察と絡んでたんだな。」	
まぁ、ノヴァが斑鳩警察官な時点で	
ノヴァの開発者の影山が	
関係してるのも不思議じゃないが。	
「斑鳩警察とはビジネスパートナーの	
私のビジネスのお	
得意様	
つまりはクライアントという事だ。」	
「影山さんには我	
諜報部も	
力をお借りする事がありましてねえ。	
とても助かっているのですよ。」	
「天道。先日の案件の請求書を送っておいた。	
月末までに振り込んでおきたまえ。」	
「ひええぇ	
請求書の中身を見るのが怖いですねえ	
「安心したまえ。斑鳩警察はお得意様だ。	
良心的な価格に設定しておいた。」	
「そう言ってこの前も	
ほうがい	
法外	
な値段を	
請求された気がしますが。」	
「成果に対する対価を請求したに過ぎん。	
支払うのが嫌ならお前達、	
斑鳩警察の力だけで何とかするのだな。」	
。痛い所を付いてきますねえ	
それが出来ないから	
影山さんに依頼しているというのに。」	
「はいはい。わかりましたよ。	
とりあえず請求書は経理に回しておくので	
支払いはお待ちください。」	
「毎度。今後もよろしく頼む。」	
どうやら斑鳩警察は影山に弱みを握られてるようだ。	
警察を良い金ヅルにするとは影山の奴、	
タダモノじゃないな。	
「ちょっとちょっとー。ドクター。	
天道さんとばかり話して無いで	
自分のお悩み聞いてくださいよォー。」	
「やれやれ。科学室から引っ越してから	
が無いと思えば	
真田に	
しゅどうけん	
主導権	
を握られていたとはな。」	
てんてき	
天敵	
はフェイリクスではなく	
真田警部なのかもしれないッス。」	
「フェイリクスの洗脳はオートマタである	
自分には効かないッスが、真田警部は自分の	
きゅうりょう	
給料	
げんきゅう	
減給	
する特殊能力を持ってるッス。」	
せま	
り来る	
きょうい	
脅威	
、そして絶望。	
今、まさに自分の給料の	
せいさつよだつ	
生殺与奪	
は真田警部に	
握られているんス。」	
「早く	
！早くなんとかしないと	
「任務遂行や洗脳された生徒達の解放ではなく	
自分の給料を守る為への	
しゅうねん	
執念	
がすごいな。	
まさに金の	
「ノヴァさんはお金大好きですからねえ。」	
「ふむ。ところで川島。	
少し見ないうちに随分と	
号との	
親密度を上げたようだな。」	
「確かに引っ越したってのもあって	
ここ最近ノヴァとずっと一緒に居るからな。	
多少は仲良くなってるかもしれねえ。」	
「多少ってなんだ。多少って。	
もっとノヴァちゃんを褒めて、	
持ち上げて、	
あが	
たてまつ	
りなさい。」	
「しかし、影山。	
なんでそんな事がわかるんだ？」	
「お前達に搭載されている	
どうちょうりつ	
同調率	
のデータを直接取得する事が出来る。」	
影山は手慣れた手つきでノートパソコンを	
カタカタと操作する。	
「ふむ。	
号の好感度は高水準を維持している。	
これは過去に積み重ねた経験がそのまま反映されている。」	
「反面、川島は記憶を失った影響で	
号への好感度が	
いちじる	
しく低下していた。」	
「しかし、フェイリクスの	
さくりゃく	
策略	
により	
川島の身体は奪われた挙句、	
人が洗脳される自体が発生。」	
「このままでは学園アイドルを攻略し	
する計画が	
すいほう	
水泡	
してしまう。」	
きゅうち	
窮地	
を脱する為、	
号と行動を共にする事が	
多くなった結果、	
川島の	
号に対する好感度が徐	
に上昇。」	
「このまま順当に行けば、	
も問題無く行えるだろう。」	
「むしろ、この調子ならば	
今回の攻略対象を	
号に	
えても問題無いだろう。	
まさに不幸中の幸いといったところか。」	
「えー。川島さん。	
自分にそんなにときめいちゃってたんスかー。	
きゃー。恥ずかしー。」	
「良かったですねえ。ノヴァさん。	
川島さんはノヴァさんの魅力に	
気付きつつあるようですよ。」	
「うん。お前が好感度を数値化出来るのはわかったけど	
そういうのって攻略対象のヒロインの前で言っちゃダメじゃね？	
じょうほうつつぬ	
情報筒抜	
けで攻略どころの話じゃねーよ。」	
「確かに通常のヒロイン攻略と違って	
号は作戦の	
を把握している仕掛け人だ。」	
「しかし、他のヒロインと違って	
君と過ごした過去の記憶がある分、	
好感度は高水準を維持している。」	
「むしろ、君が	
号を受け入れるだけで	
良いのだから作戦難易度は低いと言える。」	
早く自分に	
っちゃいな	
「や	
やりずれえ	
「参考文献によれば、敵の	
はま	
信じていた者達に裏切られ絶望に落とされた主人公を	
ヒロインが救うシチュエーションはまさに王道。」	
「これは、君がフェイリクスによって身体はおろか	
友や家族まで奪われ、	
しんしんそうしつじょうたい	
心神喪失状態	
おちい	
ったところへ	
号が駆けつけた状況と	
こくじ	
酷似	
「これはつまり、	
君達は意図せず王道ラブコメ展開を	
進んでいたという事だ。」	
「さすが川島。	
君こそがラブコメ主人公だ。」	
「お、俺は	
無意識の内に	
ラブコメ主人公に	
かくせい	
覚醒	
していたのか	
「いいですねえ。	
主人公の	
せんざいのうりょく	
潜在能力	
が目覚め	
素晴らしい王道展開じゃないですか。」	
「まさに友情！努力！勝利！ですなあ。	
はっはっは。」	
しかし、能力覚醒っていうのは	
もっとバトル向けな強化イベント的なものじゃないか？	
ラブコメ主人公として覚醒する意味とは	
「そもそも我	
の作戦は学園アイドルを攻略し	
する事。」	
「その為に川島さんがラブコメ主人公として覚醒するのは	
必然であり、最も望まれているスキルなのですよ。」	
「さあさあ。川島さん！今回のメインヒロインである	
ノヴァちゃんを一体どのように攻略するのか！	
腕の見せ所ですぞ！」	
「なんだろう。	
ヒロインから『ほら。攻略しろよ。』って	
言われるラブコメってあんま聞いた事ないんだけど。」	
「これだけノヴァさんの好感度が高いのは	
過去に既に攻略済みだったのが	
影響しているようですね。」	
「それなら既に学園アイドルを攻略するという	
作戦は成功しているのでは？」	
「いや、学園アイドルの攻略とは	
すなわち	
オーバードライブ	
限界突破	
を意味する。」	
「まず、互いの	
こんぱくせつぞくかのうりょういき	
魂魄接続可能領域	
まで	
引き上げる必要がある。	
その為には一方的な好意では駄目なのだ。」	
号の川島への好感度は基底水準を達しているが	
号への好感度が不足している。」	
「なるほど。愛とは両者の想いを通じ合わせる事。	
片思いじゃダメって事だな。」	
「さすがラブコメ主人公川島。	
理解が早くて助かる。」	
「という事はどちらかというと	
ノヴァさんが川島さんを	
攻略するという事になるのでは？」	
「確かに。真のヒロインは俺だった	
「馬鹿野郎ッ！！」	
ノヴァが何の	
みゃくりゃく	
脈略	
も無く	
唐突に天道を殴り倒す。	
「いった	
何で急に殴るんですかぁ	
「何勘違いしているんだ	
「ヒロインはなァ	
このノヴァちゃんなんだよォ	
「ヒロインが主人公を攻略しに行くとかよォ	
ぎゃくば	
逆張	
りもいいところだァ	
をてらってウケようとすんじゃねぇ	
男だったら正面から堂	
って来いよ	
そうだろ	
ノヴァのヒロイン	
ぶし	
げきじょう	
激情	
が天道に突き刺さる。	
「わかりました！わかりましたよ！	
けれど、それは私じゃなくて	
川島さんに言ってくださいよ！」	
「そういうわけだ。川島。	
この学園アイドル攻略作戦。	
それは君の行動に	
かっているのだ。」	
「こいつは重要な役回りだぜ	
キッチリやり遂げなくっちゃあな	
「その通り。頼んだッスよ。	
相棒！」	
「おう！任せとけ！」	
いや、ちょっと待て。	
何かがおかしい。」	
「何が？」	
「学園アイドル攻略に注力する事になってるけど	
そもそも、フェイリクスを	
どうにかしないといけないんじゃなかったか？」	
「あ、確かに。」	
確かにって。	
お前の給料がに	
かってるとか何とかで	
騒ぎ出したんじゃねぇか。何で忘れてんだ。」	
「いや、ループしてる。ループしてる。	
さっきその流れ聞いたばっかだわ。」	
「前回までの会話は一体なんだったんですかねえ。」	
「斑鳩警察の作戦目的はフェイリクスの捕獲。	
しかし、奴は学園の生徒達を洗脳し	
人質にしている。	
うかつ	
迂闊	
に手は出せないだろう。」	
「フェイリクスの野郎、	
で勝ったら人質を解放するとか言ってたぜ。」	
「正面から堂	
乗り込んでぶちのめしてやればいい。」	
「それが出来れば苦労はしない。」	
「前回の	
、君達は獅堂との戦いで	
ひへい	
疲弊	
フェイリクス率いる学園生徒会全員を相手にするほどの	
余力は無かったではないか。」	
「ぐ	
そ、それは	
「あの時はフェイリクスさんの	
おんじょう	
温情	
見逃してもらったんですよねえ。」	
「フェイリクスさんは	
ノヴァさんには甘いですからねえ。」	
「っていうか、そもそもなんで	
フェイリクスはノヴァに	
げきあま	
激甘	
なんだよ。」	
「お前、過去にあいつと何があったんだ？」	
「おやおや。まさか	
ですかな？	
ういやつよのう。」	
「俺は今、真面目な話をしているんだ。」	
「今までは真面目な話じゃなかったんですかねえ。」	
「確かに。フェイリクスは	
している	
ふし	
がある。」	
よういん	
要因	
がわかればフェイリクスに	
付け入る隙が出来る可能性が高い。」	
「ほら。フェイリクスをとっ捕まえるには	
お前とフェイリクスの	
めを知る必要があるんだ。」	
めって恋人みたいですよね。」	
「ふざんけんな。天道。	
「うわあ	
急に殴りかからないでくださいよ。	
怖い怖い。」	
天道はノヴァのパンチをひらりと	
おどけてみせる。	
「シュシュシュ。	
シュシュシュ。」	
ノヴァは避けられたのが悔しいのか	
シャドウボクシングをしながら天道を	
いかく	
威嚇	
「うわあ。	
どうもう	
獰猛	
ですねえ。	
近づきたくありません。」	
「それで、ノヴァ。	
フェイリクスとの事、	
何か知らないのか？」	
自分は何も知らないと。」	
「フェイリクスが	
こしつ	
固執	
しているのは	
ノエルであって自分では無いッス。」	
「という事はそのノエルさんの	
すじょう	
素性	
を追って行けば	
フェイリクスさんの正体に辿り着けるかもしれませんね。」	
「その可能性は高い。	
フェイリクスには我	
の知らない	
いくつかの謎が残されている。」	
「何故フェイリクスが	
号をノエルと	
こしょう	
呼称	
するのか。	
何故フェイリクスは今になって現れたのか。」	
「そして何故、	
フェイリクスは川島を憎んでいるのか。」	
「全ての鍵を握っているのは	
ノエルという人物に他ならない。」	
「ノエルか。そいつが	
くろまく	
黒幕	
ってわけか。」	
「いや、話聞いてたんスか？	
ノエルさんはフェイリクスが執着している	
自分に似ているらしい人物ッス。」	
するからには何か共通点があるはずだ。	
何か手掛かりはないのか？」	
「そういえば	
「奴はそんな事を	
くちばし	
口走	
っていた気がするッス。	
その時は単なる	
だと思ったんスけど。」	
「なんで俺が聞いた時は知らぬ存ぜぬだったのに	
影山が聞くと	
そくとう	
即答	
してんだよ。」	
おとめごころ	
乙女心	
がわからないんですねえ。」	
「喧嘩売ってんのかテメェは。」	
「あの場所ではいくつもの実験が行われていた。	
実際、フェイリクスも実験機として運用されていたが	
後に廃棄処分とされたわけだ。」	
「その時にフェイリクスは	
ノエルと接触していたと考えるのが妥当。」	
「つまり、生体工学研究所に行って	
ノエルさんの手がかりを集めて来ればいいんですね。」	
「ああ。それがフェイリクスの	
正体に迫る鍵となるだろう。」	
「では、方針も固まりましたし、	
ノヴァさん達は生体工学研究所に	
行って来てくださいね。」	
「うわー。潜入調査とか面倒くせー。」	
「ちょっとノヴァさん。仕事を頼む度に	
嫌そうなリアクションしないでくださいよ。」	
「今、頑張らないと	
真田警部に減給処分にされてしまいますよ？」	
「生体工学研究所は数年前に	
爆発事故が発生して以来閉鎖中だ。」	
「建物内の警備オートマタも	
機能停止しているはずだ。	
潜入は	
ひかくてきようい	
比較的容易	
なはずだ。」	
「とはいえ、研究所閉鎖時に帝国重工が	
証拠となるデータを	
全て削除している可能性は捨てきれない。」	
「研究所に行っても	
何も成果が得られない場合もあるだろう。」	
「そこは出たとこ勝負というか、	
行ってみないとわかりませんねえ。」	
「はー。	
るすばんぐみ	
留守番組	
は気楽でいいッスねー。	
こちとら	
げんばぐみ	
現場組	
現地に潜入しないといけないってのに。」	
現場で起きているんだ！」	
ですから実際に現場を見て来てくださいね。」	
「やれやれ。川島さんからも	
このわからず屋に	
何か言ってやってくださいよ。」	
「生体工学研究所	
「お。何	
センチメンタル	
センチ	
になってるんスか？	
生体工学研究所に気になることでも？」	
「まぁな。俺は元	
あの研究所で暮らしてたんだ。」	
「ありゃ、そうなんスか？」	
「川島はかつて生体工学研究所の実験体として	
とある計画に参加していたのだ。」	
「ところが、数年前の研究所の爆発で	
施設は閉鎖と同時に計画は	
とうけつ	
凍結	
された。」	
「そして、計画に参加していた実験体は	
各自、自由を手にしたというわけだ。」	
「その実験体の一人が川島さんだったんスねー。	
うおー。すげー。急にドラマティックな設定	
盛り込んで来るじゃないスか。」	
「俺がかつて実験体だったという話を聞いて	
テンション高くなるとか、	
お前やっぱおかしいよ。」	
何で俺の過去まで知ってるんだ？」	
「それはそこの諜報員から聞いた。」	
「はいはい。お忘れですか？川島さん。	
私が	
だという事を。」	
やけに俺の素性に詳しいと思ったら	
天道に調べさせてやがったのか。」	
「作戦に関わる人物の情報は事前に調査を行う。	
それが作戦の成功率を	
上げるのに重要なファクターだ。」	
「天道さんは川島さんの情報を売る事で	
ドクターからの依頼料をチャラにしてるんスよ。」	
「天道テメェ。	
文字通り俺を売りやがったな。」	
どうしてバラしてしまうんですか。」	
「人聞きが悪いですねえ。	
そんな事をしてしまったら、	
私の評判が悪くなってしまうじゃないですか。」	
「元からお前の評判は悪いよ。」	
「これはこれは穏やかじゃないですねえ。」	
「ですが、川島さんの過去は	
今回の我	
の任務においては	
重要な意味がありそうです。」	
「どういう事だ？」	
「フェイリクスが川島を憎む理由。	
一見、何の共通点も無い両者だったが	
同じ生体工学研究所出身だという事が判明した。」	
「つまり、川島が気づいていないだけで	
フェイリクスと接触していた可能性がある。」	
「今回の生体工学研究所への潜入調査は	
ノエルの正体およびフェイリクスと川島の関連性を	
確かめる事が目的だ。」	
「まさに	
いっせきにちょう	
一石二鳥	
ですね。」	
「じゃあ、久しぶりに	
じっかきせい	
実家帰省	
になるわけッスね。」	
「馬鹿言っちゃいけねえ。	
俺の実家はユリ姉と暮らしているあの家だけさ。」	
「だが、そんな俺達の家に	
フェイリクスとかいう偽物野郎が	
居座ってやがる。」	
「生体工学研究所、俺は行くぜ。	
フェイリクスをぶっ倒す	
手掛かりになるのならな。」	
「ふっ。意気込みや良し。」	
「ならば行こう！相棒！」	
「おうよ！」	
「おっせーな。ノヴァのやつ。」	
待ち合わせ時間は既に	
分も過ぎている。	
ノヴァはそもそも時間にルーズ過ぎて	
ちこくじょうしゅうはん	
遅刻常習犯	
っていうか、何で一緒に住んでるのに	
に待ち合わせさせるのか。	
お待たー。」	
そこへパタパタと手を振りながら	
ノヴァが駆け寄ってくる。	
どうやら今回は	
ちゃんと地上から登場して来たようだ。	
「もう待ちくたびれたわ。	
っていうか、何その	
「お。まず服装チェックから入るのは良いですな。」	
「デート用におめかしして来たんスよ。	
だから時間掛かっちゃって。」	
「いやいや、これから	
潜入調査だってのに何でデート気分で来ちゃうんだよ。」	
「ちっちっち。	
わかってないッスねー。	
川島さん。潜入調査だからこそッスよ。」	
「敵に潜入調査という事を気付かれてはならない。	
デート中のカップルを	
よそお	
い、自然な感じに	
潜り込む。これぞ潜入の基本ッス。」	
「まずデート中のカップルは研究所なんかに行かないし	
そもそも俺がオートマタの時点でカップルに見えないし	
不自然過ぎるだろうが。」	
「木を隠すなら森の中ってね。	
ちょっと派手に見えても	
うぞうむぞう	
有象無象	
の中に	
溶け込めてしまうものッスよ。」	
「森の中にクリスマスツリー立ててるようなもんだから。	
ちょっと派手どころか	
イルミネーションの主張が強すぎるだろ。」	
「それにここに来たのは	
ちょっとした準備の為ッス。」	
「準備？」	
「そッス。潜入調査も	
まるごし	
丸腰	
じゃ行けないって事ッスよ。」	
「さあ、行きましょう。」	
ノヴァは俺の手を取り歩き出す。	
「お、おい。ノヴァ。	
行くってどこに？」	
「川島さんも知ってるとこッスよ。」	
「ここは	
いつぞやのアングラショップか。」	
ここに来たら	
それを言うノルマでもあるのか？」	
「よお。来たか。」	
「おっす。テンチョー。」	
「例のブツは？」	
「安心しろ。ちゃんと手に入れてある。」	
「さっすがー。」	
いつも	
のうき	
納期	
がギリギリ過ぎるんだよ。	
もっと余裕持てねぇのか？」	
「何事にも	
しゅんぱつりょく	
瞬発力	
とスピード感というものは	
必要なのですよ。」	
「フッ	
かる	
ッス。フッ	
「なんでもいいが、	
キッチリ特急料金は貰うからな。」	
「ほいッス。	
いつも通り指定の口座に振り込んでおくッス。	
天道さんが。」	
「天道は諜報部の会計係なのかよ。」	
「ま、金さえ貰えれば文句はねぇがな。」	
「ほら、お目当ての生体工学研究所の	
セキュリティカードだ。」	
「おー。これこれ。	
助かるッス。」	
「そのカードで	
レベルフォー	
までの	
セキュリティの扉が開く。ガサ入れなら	
までで十分だろ。」	
「そッスねー。実験施設に出入りさえ	
出来れば何かしらの手がかりは	
手に入るでしょー。」	
「なるほどな。研究所に侵入する為に	
カードキーを取り寄せてたのか。」	
「そんなもの一体、	
どこから手に入れて来るんだ。	
この店は。」	
「俺に手に入れられねぇブツはねーんだよ。	
そういう商売だからな。」	
「ちっちっち。川島さん。	
だからこそ	
ノヴァがここぞとばかりに	
キメ顔でキメ台詞を放った。	
ノヴァ・メイド店員	
「おいしくなーれ	
おいしくなーれ	
「萌え萌えきゅーん	
「はい。美味しくなる魔法をかけたわよ。」	
「それじゃごゆっくり	
「ほーい。あでゅー。」	
「さてさて料理も来た事ですし	
「いただきまーす。」	
「はぐはぐ	
うーん、デリシャス。」	
ノヴァはいつものように	
ミートスパゲティを美味そうに食べていた。	
っていうか朝飯も	
ミートスパゲティだったのに	
昼もそれ食うのかよ。」	
「いやはや、ミートスパは	
いつ何時食べても美味しいもので	
ござるからなー。」	
「それにこれから潜入調査があるのですから	
英気を	
やしな	
っておかなければ。	
腹が減ってはなんとやら。」	
「潜入調査前だってのにメイドカフェで	
こんなにまったりしてていいもんかねぇ。」	
「た、大変よ！	
お店の前でカードハンターによる	
狩りが行われているわ！」	
「な、なんですって！？	
ここ最近、多発しているカードハンターの	
あくぎょう	
悪行	
と行われたというの！？」	
「ええ！それも私達のお店の前でね！」	
「な、なんだぁ	
男性客	
「カ、カードハンター	
そんな悪党がこんなところに	
出没したっていうのか	
「じょ、冗談じゃない	
こんなところに居られるか	
俺は帰らせてもらう	
「お待ちください！お客様！	
今、外に出るのは危険です	
「ええい！離せ！	
カードハンターが近くに居るんだぞ！？	
ここを襲撃するとも限らないじゃないか！」	
混乱したメイドカフェ内に突如として響き渡る銃声。	
？銃声？	
気付くと、俺は右腕リボルバーを天井に向け	
発射していた。	
「え！？何で勝手に射撃してんのコレ！？」	
皆さん	
「あ、あなたは	
シスターノヴァ！？」	
「シスターノヴァが	
何故ここに！？」	
「平和な日常を破壊する悪の存在。	
皆さんが取り乱す気持ちもわかります。」	
「ですが、ここは神聖な	
いこ	
いの場。	
どうか、どうか気を静めてください。	
静粛に、冷静に、平穏であるように願います。」	
「ふ、ふざけるな	
シスターだか何だか知らないが	
ここは危険で！俺達は平和を	
おび	
かされているんだ！」	
「こんな時に落ち着いてなんかいられるものか！」	
「ご安心ください。」	
皆さんの平穏を	
かす危険因子は	
この私が	
めっ	
します。」	
！カードハンターは	
どうにか出来る相手じゃない！」	
「いえ、今この場に	
カードハンターと戦える戦士は	
シスター・ノヴァ以外には居ません。」	
「どういう事だ	
「彼女は	
シスター・ノヴァは	
なのです。」	
「デュ	
シスター・ノヴァが	
「少しの間、ご	
しんぼう	
辛抱	
を。	
カードハンターという闇を払い、	
あなた方に光差す道とならんことを。」	
「シスター・ノヴァ、出撃します。」	
ぶうん	
武運	
を。」	
ノヴァはメイドカフェの人	
の想いを胸に	
カードハンター討伐へ	
くのだった。	
敗北したデュエリスト	
っ。か、返してくれ	
それは僕の命より大事なデッキなんだ	
「駄目だ。お前はデュエルで負けた。	
約束通りお前のデッキは貰っていく。」	
「お前も	
ならわきまえろ。	
全ての	
ことわり	
はデュエルの勝敗で決する。」	
「恨むのなら自分の弱さを恨むがいい。」	
くそぉ	
「お待ちなさい。」	
「なんだ？シスター	
神聖なデュエルに	
ちゃちゃ	
を入れるのか？」	
「あなたにデュエルを申し込みます。	
私が勝ったらあなたが	
彼から奪ったデッキを返してもらいます。」	
「あなたは	
一体	
「デュエルは遊びじゃないんだ。	
ママゴトなら	
よそ	
他所	
でやるんだな。」	
「このシスターは世を	
しの	
ぶ仮の姿	
はたしてその実体は	
あ、あれは！？」	
あの時の	
だったのか	
さん	
「おお。誰かと思えばあんたは同じクラスの	
メガネで真面目で大人しい隠れヒーローオタクの	
さんじゃないスか。」	
「君からはそんな認識だったのか	
っていうか、どうして僕が	
ヒーローオタクだという事を知ってるんだ	
そんな事より、どうして僕を助けるんだ	
これは僕のデュエル。君には関係ない事じゃないか	
のデッキは命よりも重い。	
それを失うという事は死にも	
ひと	
しい。」	
「だからこそ、そんな	
あくぎゃくひどう	
悪逆非道	
を行う	
カードハンターを見過ごすわけにはいかないッス！」	
「き	
「おいメガネ。	
何ノヴァにトキめいてんだコラ。	
そのフラグへし折るぞ。」	
なんだこのオートマタは	
「川島さん。そこで見ててください。	
のプライドを賭けた魂のデュエルを。」	
のプライドか。面白い。	
「お前が勝ったらこいつのデッキを返してやろう。	
だが、俺が勝ったらお前のデッキは頂くぞ。」	
「いいでしょう。話は決まったッスね。」	
「やめるんだ機巧院さん	
負けたら君のデッキが奪われてしまうんだぞ	
僕のように	
「必ず勝つッス。	
勝って、あんたのデッキは取り返す。」	
「ふん。敗北者の為に自分のデッキを賭けるとは	
とんだ甘ちゃんだな。	
まぁ、俺はデッキが手に入れば構わないが。」	
「さあ、始めよう。」	
「先行は自分が貰うッス！」	
エアロマン	
韋駄天の風男	
何だその雑魚モンスターは？」	
「攻撃力だけがモンスターの性能の	
すべてではないッス！	
』がフィールドに召喚された時、	
デッキからヒーローと名の付くカードを	
枚手札に加える事が出来る！」	
「チッ。サーチカードか。	
「自分はデッキから『	
』を手札に加える！」	
「そして、カードを	
枚場に伏せてターンエンド！」	
ッ！来た	
最高のショーを見せてやろう	
「手札から	
きんきゅうきかいしょうしゅう	
緊急機械招集	
』を発動！	
手札のメタルモンスターと同名カードを	
枚まで	
デッキから手札に加える事が出来る！」	
「俺は手札の『メタル・キャノン』を指定し、	
デッキから『メタル・キャノン』	
枚を	
手札に加える！」	
「俺は手札から『メタル・キャノン』の効果発動！」	
「このカードは相手フィールドに	
モンスターが存在する時、手札の『メタル・キャノン』を	
全て特殊召喚出来る！」	
「俺は手札から	
体の『メタル・キャノン』を	
フィールドに特殊召喚する！」	
ターンに	
体同時召喚だと！？」	
「だ、だが！	
『メタル・キャノン』の攻撃力は	
総攻撃を受けたとて、まだ	
にはならないっ！」	
「それはどうかな？」	
「俺は手札から魔法カード『メタル・パワーユニット』を発動！	
フィールドの『メタル・キャノン』の	
数分攻撃力を倍にする！」	
「フィールドの『メタル・キャノン』は	
体！	
つまり、すべての『メタル・キャノン』の	
攻撃力は	
倍にアップする！」	
「こ、攻撃力	
モンスターが	
体だとぉ！？」	
「さあ！『メタル・キャノン』達よ！	
奴に総攻撃だッ！」	
』を粉砕し！	
ダイレクトアタックッ！	
のダメージをくらえッ！」	
「ぐわあああああーーーーーッ！！！」	
「ははは！どうした！	
たかが	
ターンで虫の息だぞ！」	
「俺はカードを	
枚セットしてターンエンド！」	
っ！負けるわけには	
いかないっ！」	
「出たな！攻撃力	
のモンスター！	
この時を待っていた！」	
カード発動！『メタル・ブレイカー』！	
このカードは融合召喚されたモンスターを破壊する！」	
「ふっ。その手は食わないッス。	
こちらも	
カード発動！	
『ヒーロー・リベンジ』！」	
「このカードは融合召喚時に	
モンスターを破壊する効果が発動された時に	
発動出来る！相手の破壊効果を無効にするッ！」	
「ば、馬鹿な！	
カードに	
カードで返して来ただとッ！」	
「更に！『ヒーロー・リベンジ』の更なる効果発動！」	
「このカードが相手カードの破壊効果を無効にした時、	
自分フィールドのモンスター	
体を選択し、	
敵フィールドのモンスターの数分だけ攻撃出来る！」	
「なッ！連続攻撃の追加効果だと！？	
お、俺のフィールドのモンスターは	
つまり	
回攻撃が可能って事ッス！」	
「バトルだッ！」	
「行けッ！『	
『メタル・キャノン』	
体に連続攻撃ッ！」	
「『サイクロンフレア』ッ！	
っ！俺の『メタル・キャノン』が全滅だと	
「だが、俺のライフはまだ残っている	
次のターンさえ来れば俺の勝ちだ	
「次のターンなど無い。」	
破壊したモンスターの攻撃力分のダメージを	
プレイヤーに与えるッ！」	
「『メタル・キャノン』	
体分の	
のダメージを食らえッ！」	
「ば、馬鹿なぁああああああーーーーーーーーッ！！」	
「こ、この俺が	
二度も負けた	
「さあ、約束通り、	
花咲さんのデッキを返してもらうッス。」	
「ち	
お望みの品だ	
カードハンターは	
デッキをノヴァに向かって放り投げる。	
「確かに。受け取った。」	
お前の名前覚えたぞ	
次こそは必ず勝つ	
「いや、その意味不明な	
通り名は覚えなくていいだろ。」	
「さらばだ	
カードハンターは捨て台詞を言い残し、	
その場を去って行った。	
「いいのか。行かせて。」	
「全てはデュエルで	
しゆう	
雌雄	
けっ	
デュエルで負けたものは黙って去るのみ。	
それ以上に何があるというんスか？」	
「いや、あいつ強盗犯だろ。	
お前、警察なんだから捕まえなくていいのかよ。」	
「自分の所属は諜報部ッス。	
強盗や窃盗なら刑事課にでも	
任せておけばいいッス。」	
厄介事を避けたいのか	
急に言い訳がましく諜報部を推してきたな。」	
「す、すごいよ機巧院さん	
本当にカードハンターに勝ってしまうなんて	
「花咲さん。デッキは取り返しましたぞ。	
どうぞッス。」	
「あ、ありがとう機巧院さん	
これは紛れもなく僕のデッキだ	
まさか返ってくるなんて本当に夢のようだ	
メガネでヒーローオタクの花咲は涙を流しながら	
デッキを抱きしめる。	
お、おい。何も泣く事はねぇだろう。	
そんなにカードが大事だったのか？」	
「ちっちっち。わかってないッスねー。	
にとってデッキは命よりも重いものなんス。	
死んだ者が生き返ったのだから、	
涙の一つも流しましょう。」	
カードの	
たば	
一つで重すぎる。	
ってのはどうかしているぜ。」	
「だがよー。メガネくん。	
そんな大事なデッキを	
どうして賭けたりなんかしたんだ？」	
年生の	
だいどうじせんぱい	
大道寺先輩	
に命令されたんだ。	
カードハンターを捕まえて来いって。」	
「それで断れなくて、嫌	
カードハンターに	
デュエルを挑んだんだけど、結果はこのザマさ。」	
「は？なんだそりゃ？	
そんな理不尽な	
命令シカトすりゃいいじゃねぇか。」	
「それが出来れば苦労しないよ	
君は	
の恐ろしさを知らないんだ	
「彼は聖皇学園を裏で支配する番長。	
彼に逆らって無事だったものは一人も居ない。」	
「運悪く彼に目を付けられてしまった僕は	
彼の命令に従うしかなかったんだ。」	
「だからってそんな奴の言いなりになってたら	
一生、負け犬みたいな人生を送る事になるんだぞ。」	
「君にはわからないよ。	
僕の気持ちなんて。」	
どういう意味だ	
「だって君はオートマタじゃないか。	
オートマタに	
ししゅんきだんし	
思春期男子	
の気持ちが	
わかるわけがないだろう。」	
確かに。	
今の俺はオートマタだった。」	
「何故そこで	
ろんぱ	
論破	
されてしまうんスかね。」	
「とにかく	
僕のデッキを取り戻してくれて	
ありがとう。機巧院さん。」	
「それじゃ、僕はもう行くよ。」	
「おい。メガネくん。	
また悪い先輩の言いなりになるのか？」	
仕方ないじゃないか。	
僕にはどうしようも出来ないのだから。」	
「僕も	
僕が好きなヒーローみたいに	
悪に立ち向かう勇気があればよかったのに。」	
そう言い残し、	
メガネのヒーローオタク花咲は	
立ち去って行った。	
「どうやら花咲さんは	
年の	
とやらに	
こき使われているようッスね。」	
「チッ。弱者を力で従わせるなんざ気に入らねぇ。	
この俺がぶっ飛ばしてやるぜ。」	
「いえ。我	
にはやるべき事があるッス。	
今はそんな事をしている時間的余裕は無い。」	
「それに、花咲さんには自らの力で	
解決出来るようになって欲しいッス。	
いつも他人が助けてくれるわけじゃないッスから。」	
いつもお調子者で能天気な奴だが	
たまに	
かくしん	
核心	
を突くような鋭い事を言ってくる。	
こいつ実は	
高いのだろうか。	
「ノヴァ！無事！？」	
「ご安心を。	
ぞく	
はキッチリと	
ほふ	
ったッス。	
もうここは安全ッス。」	
「さっすがノヴァね！	
でよかったわ！」	
「仕事料は	
さっき頂いたミートスパゲティで	
チャラって事で。」	
「ほんと、ちゃっかりしてるわね。	
まぁこっちは助かっちゃったから	
全然いいけどね。」	
「それじゃ自分たちはこれにてドロンするッス。	
「じゃあね。ノヴァ。	
また来てよねー。」	
ノヴァは片手を挙げながら	
クールに立ち去っていく。	
っ。どこ行くんだ！	
俺を置いていくな	
はくちゅう	
白昼	
でカードハンターを倒した	
俺達は	
もよ	
最寄	
りの交通機関を	
くし	
駆使	
潜入対象の施設までやって来た。	
「いや、つーか	
の潜入任務だってのに	
何で普通に電車とバスを乗り継いで来なきゃ	
なんねーんだよ。」	
いどうようしゃりょう	
移動用車両	
とか警察独自の	
移動手段はねーのかよ。」	
「わかってないッスねー。川島さんは。	
潜入任務は家を出た時から始まってるんス。」	
「どこで誰に見られてるかわからないんスから	
一般人を	
こうきょう	
公共	
の交通手段で現地に向かうのが	
結果的に	
ひとめ	
人目	
がつかずに済むんスよ。」	
「あんな派手なパトカーで現場まで来たら	
怪し過ぎるっしょー。」	
「いや、別にパトカーじゃなくてもいいだろ。	
警察車両にも普通の乗用車あるだろ。」	
「まぁ、それはそれとして。」	
「あっさり流すじゃん。」	
今回の潜入任務のターゲットッス。」	
「ああ。ここにフェイリクスの野郎を	
ぶっ倒す手掛かりがあるんだな。」	
「弱点が見つかるかはわからないッスが、	
何かしらの情報は	
持って帰りたいところッスね。」	
「なにせ、	
自分の給料が人質にされてるんスから。	
によって。」	
そういや事の	
ほったん	
発端	
はノヴァが	
減給されるとかいう、	
どうでもいい理由だったか。」	
「どうでもよく無いッス！	
自分にとっては	
しかつもんだい	
死活問題	
なんスよ！」	
「その為には何としても手掛かりを	
持ち帰るんス！	
自分の給料が	
かっているんスから！」	
ごうよく	
強欲	
なんという金の	
こいつを突き動かしてるのは金なのか。」	
「時は金なり。	
さぁ、さっさと潜入調査を	
終わらせちまいましょうぜ。」	
「カードキー認証。	
電子ロック解除。」	
ノヴァはアングラショップで入手した	
セキュリティカードを差し込み	
電子扉を開ける。	
「おー。開いた開いた。	
さすが、テンチョーのカードキー。	
いい仕事してますなー。」	
「それにしても、	
はいき	
された施設と聞いていたが	
まだ電気系統は生きてるんだな。」	
「そッスね。明らかに予備電源で動いてるような	
電圧では無いので、	
どこからか電気が	
きょうきゅう	
供給	
されてるっぽいッスね。」	
それってつまり、	
この施設はまだ動いてるって事か？」	
「どうスかね。今のところ、	
オートマタが稼働してる形跡は無いので	
警備機能は停止してそうな気がするッスけど。」	
辺りはやけに静かで人の気配はしない。	
電源だけ来てるってのは	
ぶきみ	
不気味	
「まぁ。とりあえず施設内に侵入出来た事ですし	
その辺も含めて調査をするとしましょう。」	
「そうだな。	
探索してれば何かわかるかもしれないしな。」	
「そういや、お前いつの間にか	
制服に着替えてるけど何かあるのか？」	
「うわ。気づくのおっそ。」	
うわとか言うなし。	
別に気づいてたけど、	
聞くタイミングが無かっただけだし。」	
「あの私服はお気に入りなんスから	
仕事で使ったら汚れちゃうじゃないッスか。」	
「この制服は予備が何着もあるので	
むしろこっちを仕事用に使ってるんスよ。」	
「へー。服の事、気にするとか	
女の子っぽいとこあるんだな。」	
「は？川島さんは自分をなんだと思ってんスか。	
自分、めっちゃ女子なんスけど。」	
「あ、怒った？」	
「怒ってないよ。」	
「怒ってるでしょ？」	
「しつこいってかうざい。」	
っ。うざいとか言うなよ。	
ストレート過ぎんだろ	
傷つくだろ	
「急にナヨるのやめてもらっていいスか？」	
しごとぎ	
仕事着	
だったら	
警官服着ればよくない？	
むしろ、任務に	
ふさわ	
相応	
しい服装だろ。」	
「普通の警察の任務ならそうッスね。	
でも自分は諜報部で、これは潜入任務。」	
「警察官だとバレないように	
ふくめんけいかん	
覆面警官	
扮する必要があるんスよ。」	
「この恰好なら女子高生が探検がてらに	
はいきょ	
廃墟	
に入っちゃった	
てい	
せるじゃないッスか。」	
せるかなぁ。」	
「フェイリクスの話ではこの施設の	
に何かあるらしいッス。」	
「今いるのが	
棟なので	
ここから	
棟を経由して	
棟に向かうとしましょう。」	
「今のところ、人っ子一人いないな。	
廃棄されたってのは本当みたいだな。」	
「数年前に爆発事故が起きて閉鎖されたと聞いてたんスけど	
思ったより施設内は損傷も無くそのまま残されてるッスね。」	
「俺達が来る前から施設の電気は付いてたし、	
廃棄されたわりには明らかに稼働してる形跡があるんだよな。」	
一体誰が何の為に。	
それはそれでホラーッスね。」	
「急に	
きもだめ	
肝試	
し感が出て来たな。」	
棟ッスね。	
ここも何かの実験で使われていた施設っぽいッスけど。」	
「お、パネルに実験の名前が書いてあるッスね。」	
「えーと、何	
『ブレイズチルドレン計画』？」	
「そうか。ここがあの計画の施設だったか。	
懐かしいな。」	
「ここは実験棟と居住区が併設されていて	
棟だけで一つの実験が	
行えるようになっていたんだ。」	
「そういえば、川島さんは	
この施設に居たんでしたっけ？」	
「あぁ。『ブレイズチルドレン計画』。	
人工的にソードブレイカーを扱える戦士を作る計画。	
俺はその実験体の一人だった。」	
「俺はモノ	
ごころ	
付いた時からこの施設に居て	
この場所で育ったのさ。」	
ほう。	
お前が『ブレイズチルドレン計画』の	
生き残りとはな。」	
誰だ！？」	
まさかの第三者の声。	
俺は声のした方向に振り返ると、	
てんじょう	
天井	
のダクトから一体のオートマタが飛び降りて来た。	
「こんなところで出くわすとはな。」	
ここで一体何をしている！？」	
「ここでは	
の実験体が数多く生み出された。	
俺達オートマタのルーツにも関わる事だ。」	
「ルーツ	
？お前は一体	
「アイゼンさんも帝国重工製のオートマタみたいッスけど	
公式のデータベースに登録されてないッスね。	
ごくひ	
極秘	
に開発された実験機ってところッスか。」	
「そうだ。	
俺もまた帝国重工の計画によって生み出された	
実験の	
れの果てだ。」	
「お前と同じようにな。	
『ブレイズチルドレン計画』の	
「お前も帝国重工の実験体なのか。」	
「俺の目的はとある実験の情報を調べに来ただけだ。	
お前達こそこんなところで何をしている？」	
「自分達も似たようなもんスね。	
情報さえ手に入ればすぐに撤収するので	
あんたと敵対する気は無いッス。」	
「そうか。俺の邪魔をしないというのなら	
好きにしろ。」	
なんで上から目線なんだよ。」	
「つーか、お前。	
『ブレイズチルドレン計画』の事、	
俺達強化人間の事を知ってるのか？」	
「ああ。帝国重工はソードブレイカーの研究に	
力を入れていて、いくつもの計画を立ち上げては	
失敗を繰り返していた。」	
「俺が実験体として参加していた、	
オートマタをソードブレイカーの	
仕手	
とする	
『アイゼンフリューゲル計画』。」	
「お前が実験体として参加していた、	
人間をソードブレイカーの	
『ブレイズチルドレン計画』。」	
「他にもいくつもの計画があったようだが	
どれも満足な成果は上げてはいないようだ。」	
「俺も形は違えどソードブレイカーの実験体だった。	
お前と同じな。」	
『ブレイズチルドレン計画』の事も	
多少知っている。」	
とする。	
俺達以外にもそんな実験が行われていたのか。」	
「川島さんとアイゼンさんはどちらも	
ソードブレイカー計画の実験体だった。	
お互い似た	
を持っているようッスね。」	
「そもそもソードブレイカーとは何スか？」	
「ソードブレイカーとは、	
もともとけんま	
に対抗する為に作られた	
はかいぶそう	
破壊武装	
まけん	
魔剣	
ばいかい	
媒介	
にして	
けんげん	
顕現	
する怪物。	
奴等の本質は	
はかいしょうどう	
破壊衝動	
に満たされていて	
目に映るすべてを破壊しつくすだけだ。」	
「人類にとって	
は脅威であり	
排除すべき敵でしかない。」	
が展開する	
ぼうぎょしょうへき	
防御障壁	
現存する通常兵器は無効化され	
突破する事が出来ない。」	
「だが、	
かんつう	
貫通	
唯一	
を殺すことが出来る手段が	
ソードブレイカーの存在というわけだ。」	
「しかし、ソードブレイカーは誰でも	
振るえるわけではない。」	
「ソードブレイカーには強い意志が存在し	
装備した	
やどぬし	
宿主	
が低ければ、」	
はたちまちソードブレイカーに	
おせん	
汚染	
され破壊の限りを尽くす	
剣魔と同等の存在となってしまう。」	
「ソードブレイカーは	
もろは	
諸刃	
の剣。	
剣魔を倒す唯一の手段ではあるが、	
宿主に認められなければ剣魔と同等の存在に成り果てる。」	
「だからこそ帝国重工は剣魔に対抗する戦士を量産する為に	
こうてんてき	
後天的	
にソードブレイカーの使い手を生み出す計画を立ち上げた。」	
「それが俺とお前のソードブレイカー計画だ。」	
「ああ。俺達『ブレイズチルドレン計画』の実験体も	
剣魔を倒す為、ソードブレイカーとの同調率を	
上げる改造を受けていた。」	
「だが、それでも剣魔との戦いで何人もの	
どうほう	
同胞	
は死んでいった。	
ソードブレイカー持ちの強化人間でも剣魔を倒すのは難しい。	
それだけ奴等は驚異的な強さを誇る。」	
「そうだ。剣魔は	
てごわ	
手強	
い。だからこそ、	
帝国重工は一人でも多くの戦士を作る必要があった。	
戦力を補充し前線を維持し続ける為にな。」	
皮肉な話だな。	
帝国重工からすれば俺達は消耗品ってわけかよ。」	
「それが現実。	
実験体とはそういうものだ。」	
「まぁ、その剣魔も数年前の	
けんまそうとうさくせん	
剣魔掃討作戦	
されたって話だ。俺達ソードブレイカー計画の	
実験体も用済みってわけだな。」	
「帝国重工の計画も凍結され、	
剣魔も居なくなった。晴れて俺は自由の身。	
のんびり気ままに生きるとするぜ。」	
された、か。」	
「果たして本当にそうか？」	
「帝国重工が長年掛けて剣魔と戦って来たというのに	
それが数年前の	
こつぜん	
忽然	
姿を見せなくなったのがどうにも不自然過ぎる。」	
「俺には	
さくいてき	
作為的	
な意図があるような気がしてならない。」	
が何者かの	
であったと？」	
「それ以前にソードブレイカー計画そのものが	
本来の目的とは違っていた可能性すらある。」	
それは一体	
「その証拠を掴む為にもここへ来てみたが	
結局、何も見つかりはしなかった。」	
「どうやら	
むだあし	
無駄足	
だったようだ。」	
「さて、随分と無駄話をしてしまったな。	
俺はもう行く。じゃあな。」	
「あ、おい。」	
俺の呼び止めも聞かず、	
アイゼンはマントを	
ひるがえ	
すと	
出口に向かって去って行った。	
「ったく、なんだったんだアイツは。」	
「アイゼンさんと川島さん。	
ソードブレイカー計画の	
実験体だった境遇を持つ二人。」	
「うーむ。これはジャーナリズムが刺激される	
共通点発見ですなあ。」	
ノヴァは俺達の話を聞いて	
やたらテンションが上がっていた。	
こいつはこいつで一般人と	
感覚ちょっとズレてるんだよなあ。	
「ここが潜入任務の目的地、	
「フェイリクスの話によれば	
ここにノエルさんの手掛かりが	
あるらしいッスけど。」	
「川島さん？」	
「この場所	
見覚えがある。	
俺はここに来たことがある気がする。」	
「ほほう。なるほど。」	
「川島さんが実験体として参加していた	
『ブレイズチルドレン計画』は隣の	
棟で	
実験が行われていたッス。」	
「もしかするとこの	
棟まで	
足を運ぶ機会があったのかもしれないッスね。」	
ユートは強いね。」	
私は怖いよ。	
ソードブレイカーも	
も。」	
なんだ	
私をここから連れ出してくれないかな？」	
ッ。頭が	
割れそうだ	
「ちょっ	
川島さん、どうしたんスか	
「機体内部に異常発生。	
ぎじこんぱくどうちょうりつ	
疑似魂魄同調率	
の急激な上昇を検知。」	
っ、ぐぐ	
「機体温度上昇。	
から電子記憶領域へのアクセスを確認。」	
「か、身体が	
熱い	
「これは	
川島さんの封印されていた記憶が	
呼び起こされようとしている	
「警告。セキュリティレベル	
の情報閲覧には	
管理者権限が必要です。	
パスコードを入力してください。」	
「あ、頭が	
いてぇ	
「パスコード入力。セキュリティ解除。	
警告。	
さいじゅうようきみつじょうほう	
最重要機密情報	
へのアクセスを確認。」	
がああ	
の危険性を検知。	
じこぼうえいききのうさどう	
自己防衛機能作動	
強制シャットダウンします。」	
「川島さん！川島さーーーん！」	
科学者	
「ソードブレイカーの同調率	
の安定性	
への移植精度	
なんというソードブレイカーの	
同調率の高さと	
の安定性。	
これがレベル	
の実験体の能力	
だいななきかん	
第七機関	
はこんな	
いつざい	
逸材	
一体どこから見つけてくるのかしら	
まぁ、こちらは研究が進められればそれでいいのだけど。」	
「それにしてもこれだけ優秀な実験体を	
わざわざ	
の生産に転用するなんて	
ていこくじゅうこうじょうそうぶ	
帝国重工上層部	
は一体何を考えているのやら	
「スキャニング完了。	
計測データのアナリティクス同期完了。」	
「実験終了。	
被検体を覚醒します。」	
実験体の少女	
ん。	
終わった	
「ノエル。検査終了よ。	
もう起きていいわ。」	
うん。」	
「気分はどう？」	
気持ち悪い。」	
「データ解析中の	
の影響ね。	
測定器が被検体に強制的に	
を行うから	
異物が混入したような気持ち悪さが出るのよ。」	
ドクターの言う事は	
難しくてよくわからない。」	
「理解しなくていいわ。	
あなたは私の言う事をだけを	
聞いてればいいの。」	
「今日の数値も良好。	
良いデータの推移をしているわ。」	
「この調子なら	
りんしょうじっけん	
臨床実験	
問題無く実施出来そうね。」	
「私	
オートマタになるの？」	
「あなたの	
を元に	
が生成されるの。」	
「レベル	
のソードブレイカー使いと	
同等のスペックを持つ	
オートマタが量産される。」	
「今まで誰も到達出来なかった	
きんき	
禁忌	
の領域。	
オートマタの新しい可能性。	
など敵ではない。	
世界のパワーバランスを崩壊させる革命的な計画。」	
ぜんじんみとう	
前人未到	
。ソードブレイカーを振るう	
オートマタの量産化。	
それがこの	
プロジェクトノヴァ	
「光栄に思いなさい。ノエル。	
あなたの力は新時代を作る。	
あなたは奇跡の	
いしずえ	
となるのよ。」	
「わからない	
私にはそんな力なんてない	
「勿体無いわね。	
自分の価値を理解していないだなんて。」	
「あなたは特別な存在なの。	
誰もが	
うらや	
む、誰もが喉から手が出るほど	
欲する力を持った特別な存在。」	
「帝国重工はついに手に入れたのよ。	
世界を揺るがす強力な力をね。」	
「そんなのどうだっていい	
私はただ剣魔から皆を救いたいだけ	
「剣魔は	
出来るわ。	
が成功すればね。」	
「さぁ、今日の実験は終了よ。	
部屋に戻りなさい。」	
はい。」	
いんき	
陰気	
な子。」	
「ロック解除。	
入室を許可します。」	
番号で呼ばないでよ。	
私にはノエルって名前があるんだ。」	
「よー。ノエル。	
おかえり。」	
ユート！	
来てたんだ！」	
「言っただろ。また来るって。」	
「うん、そうだね。	
約束、守ってくれたね。」	
「それにしてもよくここに入れたね。」	
「何か俺の身体ちょっとトクベツらしくて	
大体のドアは普通に開けられるんだよな。」	
「へー。顔パスだ。」	
なのかもしれない。」	
「大御所さんだ。」	
「ノエル、今ヒマか？」	
「うん。見ての通り、	
今日の実験はおしまい。」	
「じゃあ、	
この前言ってた庭園に行ってみようぜ。	
あそこは景色がいいんだ。」	
「うん！行こう行こう！」	
「わー！すごい！	
とっても綺麗！」	
「研究所の中に	
こんなところがあったんだね。」	
「どうだい。いい場所だろ？	
俺が見つけた穴場スポットさ。」	
「うん。とっても素敵！」	
「ユート、すごいね。	
こんな良い場所を知ってるなんて。」	
「俺はいつも研究所内を探検してるからな。	
他のおススメスポットも知ってるんだぜ。」	
「いいないいなー。	
他の場所も教えてよー。」	
「また今度な。	
今日はここでのんびり過ごすとしようぜ。」	
「うん、絶対だよ。」	
「みてみてユート。	
よつば	
四葉	
のクローバーあったよ。」	
「四葉のクローバー？	
子供っぽいところあるよな。	
俺より年上なのに。」	
「歳は関係ないでしょ。	
四葉のクローバーはいつだって	
見つけたら嬉しいものだから。」	
「そういうもんかねえ。」	
「ユートは大人ぶろうとしているね。	
子供は子供っぽくしなきゃだよ。」	
「はい。そんな君に	
四葉のクローバーをプレゼント。	
これで幸せが訪れるよ。」	
せっかくだから幸せをもらっときますか。」	
「素直でよろしい。」	
幸せ、か。」	
「なんだよ。	
急にマジトーンになって。」	
「私、ソードブレイカーを	
扱える特別な存在なんだって。」	
「ソードブレイカー	
じゃあ、ノエルもレベル	
なんだな。」	
「うん。だからここに連れて来られたの。」	
「ドクターが言ってた。	
私が計画に参加すれば	
オートマタが	
ソードブレイカーを扱えるようになるんだって。」	
「これは新時代を作る革命的な計画だって。	
剣魔だって駆逐出来るすごいことだって。」	
「正直、それがどのぐらいすごいのか	
よくわからないけど	
「剣魔の脅威からみんなを助けられるなら	
いいかなって	
「みんな？」	
「私が居た孤児院やこの街の人たち。」	
私のパパとママは剣魔に殺されちゃったから。	
剣魔のせいでそんな悲しい事、	
もう起きて欲しくないんだ。」	
「優しいんだな。ノエルは。」	
かな。	
臆病なだけかも。」	
「臆病？」	
本当は怖いんだ。帝国重工も実験も剣魔も。」	
「でも、ここから逃げ出す勇気も無くて	
みんなの為って自分に言い聞かせてるだけ。」	
「強がる必要はないさ。	
怖いなら怖いって言えばいい。」	
「ノエルが怖がるものは	
俺が追い払ってやるよ。」	
「ふふっ。頼もしいね。」	
「ユートは怖くないの？	
ユートも私と同じ実験体なんでしょ？」	
「怖くなんかないね。	
なんたって俺はソードブレイカー計画の実験で	
めちゃくちゃパワーアップしてるからな。」	
「わあ。ユート、ポジティブだね。	
人体実験されていて	
そこまで前向きになれるなんてすごい。」	
「実験だろうが何だろうが	
強くなれるんなら何だっていいさ。」	
「強くなって、剣魔をやっつけて、	
俺がユリ姉を守るんだ。」	
「そっか。	
ユートにはお姉さんが居るんだよね。」	
「ノエルも俺が守ってやるよ。	
大切な友達だからな。」	
友達。」	
「あのさ	
「ん？」	
「二人で一緒にここから逃げよう。	
も剣魔も	
何もかも投げ出して。」	
「それは	
出来ない。」	
して？」	
「この研究所には	
大切な家族が居るんだ。	
ユリ姉を置いて逃げるわけには行かない。」	
だよね	
ごめんね。困らせちゃって。」	
「こんなところに居たのかい。	
フェイリクス。」	
「駄目じゃないか。	
勝手に部屋から抜け出しちゃ。	
ドクターが怒っていたよ。」	
「ごめん。	
ちょっと外に出てみたくて。」	
「いいんだ。ノエル。	
君のせいじゃないのはわかってる。」	
「すべてはユート、君のせいだ。」	
「なんだと？」	
「君がノエルをたぶらかし、	
こんなところに連れ出したりなんかするから	
ノエルの立場が悪くなる。」	
「ノエルは優しいから君のワガママに	
付き合ってあげているだけだ。	
本当は迷惑してるのさ。」	
もう二度とノエルに近づかないでくれ。	
君はノエルに悪影響を与えてる。」	
「ンだとテメェ	
言わせておけば	
「やめて	
「フェイリクス、ユートにひどい事言わないで。	
私はユートを迷惑だなんて思ってないし、	
自分の意志でここに来たんだ。」	
ノエル。またこの男を	
かば	
うんだね。」	
「ユート。ごめんね。	
フェイリクスは私が心配なだけなんだ。」	
「帰ろう。フェイリクス。	
ドクターに謝らないと。」	
「わかったよ。行こう。	
「ユート、今日はありがとう。」	
またね。」	
ノエルは少し申し訳なさそうで、	
寂しそうな表情で言葉を	
つむ	
ぎ、去って行った。	
そしてこれが、俺がノエルを見た最後の姿だった。	
でんげんせつぞく	
電源接続	
。エーテライトコア	
きたいしんだんせいじょう	
機体診断正常	
。システムオールグリーン。	
ここ	
「川島さん。目覚めたッスか？」	
「残念。ノヴァちゃんッス。」	
こうして見ると本当にノエルとそっくりだな。」	
「どうやらそうみたいッスね。	
シリーズはノエルさんの	
をベースに	
生産されたらしいので。」	
「夢を見ていた	
いや、あれは実際にここで起きた記憶	
「そう、思い出したんだ。	
俺はノエルとあの時、この場所で会っていた。」	
「記憶は消える事は無い。	
ただ、思い出せないだけで。」	
「ノエルさんと過ごしたこの場所に来たのが	
きっかけで忘れていた記憶を	
思い出すことが出来たのでしょう。」	
「ノヴァ。俺はノエルと	
「みなまで言わずともわかっております。	
川島さんが思い出したノエルさんとの記憶は	
あのモニターを通して上映しておりましたからな。」	
「モニター？」	
振り返ると俺の背後に	
デカい液晶モニターが備え付けられていた。	
モニターの配線コードを見ると俺の頭に繋がっていた。	
「お前、俺の記憶を勝手に	
スクリーン上映してんじゃねーよ。	
返せよ。俺の	
じょうちょ	
情緒	
「いやいや、川島さんは今、	
せっかくオートマタなんスから	
オートマタの利点を最大限に生かさなければ。」	
「オートマタの利点って家電製品なの？」	
あの後、ノエルさんは一体どうなったんスか？」	
「ナチュラルにスルーするなよ。」	
、あの後、	
ノエルを勝手に部屋から連れ出した俺は	
出禁にされちまって、」	
「ノエルに会いに行く事が出来なかったんだ。」	
「しばらくして、ほとぼりが冷めた頃に	
ノエルに会いに行ったんだが、	
ノエルはどこにも居なかった。」	
「それ以来、俺はノエルに会っていない。	
あの時、あの庭園で見たのが	
最後のノエルの姿だったんだ。」	
そうッスか。」	
ノエル。	
あの後、一体何があったんだ	
「川島さんの記憶をモニターに外部出力した事で	
わかったことがあるんスけど。」	
「川島さんのその身体って	
フェイリクスのボディッスよね。」	
「ああ。どうやったかは知らねえが	
あの野郎が俺の身体と交換しやがったからな。」	
「俺の記憶の中のフェイリクスも	
同じ姿をしていたし間違いねぇだろう。」	
「フェイリクスのボディには	
フェイリクス自身の記憶データが	
保存されているはずッス。」	
「その保存データを確認すれば、	
ノエルさんの事も	
わかるかもしれないッス。」	
「なるほどな。よし早速見てみようぜ。」	
「了解ッス。	
それじゃポチっとな。」	
ノヴァはテレビのリモコンのボタンを押し、	
モニターに映像を映し出す。	
「あ、これ。	
このままモニターに出力される感じなんだ。」	
「フェイリクスの記憶を同時視聴しましょうぞ。」	
「動画配信サービスかよ。」	
「ここ	
「あ、起きた？」	
「私はノエル。	
ノエル・	
ブイ	
・アルティール。」	
「あなたの名前は？」	
じゃあ、フェイリクスだね。」	
「何故、僕を目覚めさせた？」	
「私の友達になってよ。	
この研究所、お話しする人が	
誰も居なくて退屈なんだ。」	
「オートマタの僕に友達になれだって？	
おかしなことを言う。」	
「おかしい？どうして？」	
「見ての通り、	
ここはオートマタの	
はいきしょりじょう	
僕はこのまま廃棄される予定だ。」	
「廃棄予定という事は失敗作。	
わざわざそんなオートマタを選ぶメリットは無い。」	
「それにオートマタは人間の命令に従う。	
そもそも対等な関係じゃない。」	
「友達なら他をあたってくれ。」	
「む。しょうがないじゃない。	
この廃棄処理場でお話出来たのが	
あなただけなんだから。」	
「オートマタは人間の言う事に従うんでしょ？	
だったら、命令。	
私の友達になって。」	
強引なやつだな君は。」	
「けれど、君の言う事にも一理ある。	
それが命令というなら仕方が無い。」	
「やった。じゃあ、お友達だね。」	
「だが、君は実験体だろう？	
君が参加している計画責任者に	
確認を取る必要がある。」	
「確認？なんの？」	
「言ったはずだ。僕は廃棄予定だった。	
それが勝手に再起動しているのは	
研究所としても想定外だろう。」	
「そっか。じゃあ、ドクターに	
フェイリクスを紹介すればいいんだね。」	
「おい。どこへ行く気だ。」	
「ドクターのところ。	
さ、早く早く。」	
なるほど。オートマタの	
じゅうしゃ	
従者	
、か。」	
「まぁ、いいだろう。	
フェイリクスにノエルの管理を任せる。」	
「やったね。フェイリクス。	
いいってさ。」	
「ドクター。本当によろしいのですか？	
私は廃棄予定のはずでしたが	
「構わん。	
お前の廃棄予定日はまだ保留中だったしな。	
使えるものは何でも使うのが私の主義だ。」	
「それに私は	
こも	
子守	
りが嫌いだ。」	
「了解しました。	
ノエルの管理、	
うけたわま	
ります。」	
「くれぐれもノエルの扱いは	
に。	
それはレベル	
のソードブレイカー使いだ。	
やすやす	
と替えが見つかるものではないからな。」	
「ここが私の部屋だよ。	
フェイリクスも	
今日からここに住むんだからね。」	
「ああ。それはいいけど、	
その机に上にある薬、	
ちゃんと飲んでいるのかい？」	
「え、昨日飲んだけど。」	
「支給された薬に残りがある。	
やはり、ちゃんと飲んでないね？	
この服用薬は朝昼晩の	
回飲む必要があるんだ。」	
だって、	
それ苦くてもイヤなんだもん。」	
「駄目だよ。ちゃんと飲まなくちゃ。	
これは実験の副作用を打ち消す薬。	
ノエルの体調を安定させる効力があるんだ。」	
「なんだよ。うるさいなー。	
フェイリクスは私の友達なんだから	
私が嫌な事をさせないでよ。」	
「友達だからこそだよ。	
ドクターから君の管理を任されているんだ。	
これからはしっかりと面倒見ていくからね。」	
「うわー。フェイリクスって	
面倒くさいタイプだったんだね。」	
「ノエル。検査の時間だよ。」	
ノエル？」	
「わあっ。」	
「こんなところに隠れていたのかい？	
バレバレだよ。」	
「あちゃー。見つかっちゃったか。」	
「隠れてやり過ごそうとするなんて	
そんなに検査が嫌だったのかい？」	
「だって、あれ気持ち悪くなるんだもん。」	
「測定器が強制的に被検体に	
を行うからね。	
被検体からしてみれば、	
異物が混入するような気分の悪さを感じるだろう。」	
「そんな小難しい理屈説明されたって	
嫌なものは嫌なの。」	
「はーい。今行くー。」	
「ん、どうしたの？」	
妙だな。」	
「な、なにが？」	
「検査嫌いなノエルがやけに素直だ。	
それに気分も上	
のようだ。」	
「何かあったのかい？」	
「ナ、ナニモナイデスヨ。」	
「監視カメラの映像データを取得。	
解析開始。」	
「なっ	
！か、監視カメラ	
そんなもの付けてたの	
「当たり前じゃないか。	
君は大切な実験体なんだから、	
研究所は常に監視している。」	
「映像データによればこの部屋に	
侵入者が来ていたようだ。」	
「ぎくっ。」	
しかし、妙だな。	
監視カメラの映像はこの侵入者を捉えきれていない。	
ノイズが掛かったように映像が乱れている。」	
「機器に干渉するジャミング系能力者か	
「ノエル。ここには誰が居たんだい？」	
。フェイリクスには隠し事は出来ないね。」	
「ユートっていう男の子。	
隣の棟から遊びに来たんだ。」	
「隣の棟	
『ブレイズチルドレン計画』の実験体か。」	
「お願いフェイリクス	
ドクターには内緒して	
「でもノエル、」	
「私達、友達でしょ	
わかったよ。黙っててあげるよ。	
今のところ、害は無さそうだしね。」	
「ほんと！ありがとう！」	
「僕が危険と感じたらドクターに報告するからね。」	
「うん。わかった！」	
調子が良くて心配だなぁ。」	
今日もユートが来ていたのかい？」	
「うん。ユートの家族のお話、	
いっぱい聞かせてもらった。」	
「ユートにはお姉さんが居るんだって、	
それで	
「ん、どしたの？」	
「ユートと会うのは	
少し控えた方がいいんじゃないかい？」	
「えー？どうして？	
あ、もしかして	
ドクターにバレるの心配してる？」	
「大丈夫だよ。ユートって何故か、	
ドアロックを開けられるし監視カメラに	
映らないみたいだから。」	
「確かに彼の異能力は警戒すべきことではあるけど。」	
「それより僕はノエルが僕以外のやつと	
楽しそうにしてるのが嫌なんだ。」	
「あー。ヤキモチってやつ？」	
「茶化さないでくれ。」	
「僕たちは友達だろう？	
だったら、	
たまには僕の言う事を聞いてくれないか？」	
「んー。しょうがないなぁ。	
それじゃあフェイリクスともっとお話しするね。」	
「うーん。本当にわかってるのかなぁ。」	
「ノエル。検査を放り出してどこに行っていた？」	
「ごめんなさい。	
ちょっと施設を見て回りたくて、	
庭園に	
「『ブレイズチルドレン計画』の	
実験体と一緒に居たようだが？」	
「どうしてそれを	
「フェイリクスの報告を聞いた。」	
！どうして	
「言ったはずだよ。	
ノエルに害があると見なせば	
ドクターに報告すると。」	
「彼は危険だ。実際、彼に付き合ったせいで	
ノエルの立場が危うくなっている。」	
「『ブレイズチルドレン計画』の実験体は	
この施設内に入れないよう出入り禁止にした。」	
「ノエル。『ブレイズチルドレン計画』の実験体との	
接触を禁止する。二度と奴と会うな。」	
が近いんだ。	
こんな大事な時に手間をかけさせるな。」	
「ひどい	
っ。ひどいよ	
ユートともう会えないだなんて	
「嫌い	
大嫌い	
ドクターも	
っ！フェイリクスも	
ごめんよ。ノエル。	
僕を恨んでくれても構わない。」	
「すべては君の為	
君を守るためには仕方が無かったんだ	
「そんなこと頼んでない	
余計な事	
しないでよ	
っ、ユートぉ	
。僕が、君の側に居るから。	
絶対に	
一人ぼっちにはさせないよ。」	
「僕が	
君を守るから。」	
ここに居たのかい？」	
の時間	
だよね？」	
まもなく	
が始まる。	
の成否を賭けた大事な実験だ。」	
「それじゃ	
ドクターのところに行こうか。」	
待ってくれ。」	
「どうしたの？」	
何かがおかしいんだ。」	
「おかしい？」	
「実験工程のデータベースを確認したんだけど	
被検体への安全基準を満たしていない。」	
「それどころか、ドクターから話を聞いていた	
実験内容との相違点が多すぎる。」	
「これはただの	
じゃない。	
被検体である君が	
危険な目に遭う可能性があるんだ。」	
そう、なんだ。」	
は危険だ。	
ここから逃げよう。ノエル。」	
「大丈夫。この研究所のセキュリティは全て把握している	
君一人を逃がすことぐらいは僕にだって出来る。	
「ユートが言っていたんだ。」	
何を？」	
「ユートが実験体として参加している	
『ブレイズチルドレン計画』は	
と戦う為の	
戦士を作る実験なんだって。」	
「でも、剣魔はとても強くて	
ブレイズチルドレンの同胞達は剣魔との戦いの度に	
何人も死んじゃうんだって。」	
「私ね。ユートに死んでほしくないんだ。	
ユートには剣魔と戦わなくていい世界で	
平和に生きていて欲しい。」	
そうだけど。	
ノエルまさか	
が成功すれば	
人間の代わりに第三世代型のオートマタが	
剣魔と戦ってくれるんだよね？」	
「うん。だから私は臨床実験を受けるよ。」	
！僕の話を聞いていたのか	
この臨床実験は危険だ	
君の命に関わるかもしれないんだぞ	
「それでも、だよ。」	
「私はユートに生きていて欲しい。	
その可能性が少しでも上がるのなら	
第三世代型に託したいんだ。」	
そこまで	
彼を。」	
「話はおわり。	
行こうか、フェイリクス。」	
「来たか。ノエル。」	
「喜べ。今日は新時代の幕開けとなる	
第三世代型の誕生の記念すべき日だ。」	
「ノエル。君は奇跡を起こす	
ほっきにん	
発起人	
となるのだ。	
光栄だと思わないかい？」	
「ドクター。この実験が成功すれば	
剣魔は居なくなるんですよね？」	
「勿論だ。君の	
は第三世代型の	
に継承され	
ソードブレイカーを装備した無敵のオートマタ部隊が	
誕生する。」	
「それは念願のソードブレイカー使いの	
量産化を意味し、	
剣魔など易	
できるだろう。」	
「わかりました。私、やります。」	
「ノエル！」	
「ドクター	
！くれぐれも被検体の	
ノエルの安全を第一にお願いします	
「私にすべてまかせておけ。	
すべて上手くいくさ。ククク	
「ノエル。あれが今回の臨床実験で	
君の	
を転送する	
オートマタ・	
号機だ。」	
私にそっくり	
を定着させる為に実験体の	
した方が同調率が	
上がると検証結果が出ている。」	
「つまりこの	
号はノエル、	
うつしみ	
現身	
と言ってもいいだ。」	
「この子が私の分身	
「よろしくね。	
号。	
頑張ろうね。」	
「オートマタに話しかけるなど	
おかしなやつだな。」	
「さあ、ノエル。	
隣のベットに寝るんだ。	
臨床実験を開始する。」	
「はい。」	
「被検体ノエル・	
・アルティールを認証。	
ソウルトランスレーター	
魂魄転送装置	
接続完了。」	
号機との	
こんぱくせつぞくかいし	
魂魄接続開始	
同調率安定、異常無し。」	
りんしょうじっけんかいし	
臨床実験開始	
いよいよ始まる新時代が	
「警告	
！警告	
に異常発生	
「同調率	
突破	
被検体のバイタル低下	
同調率の	
きけんすいいきとっぱ	
危険水域突破	
被検体の生命が危険です	
実験を中止してください	
このままではノエルが	
いいぞ	
！素晴らしい	
実験は順調だ	
っ！ドクター	
やはり最初からノエルを	
犠牲にするつもりだったのか	
「だったら強制的に	
を切ってやる	
「エラー。強制終了失敗しました。	
実験の中断は不可能です。」	
が入力を受け付けない	
実験が中断できない	
「無駄だ。	
の同調率が高すぎるのだ。	
きょようげんかい	
許容限界	
を越え	
せいぎょふのう	
制御不能	
っている。」	
「ならば、	
を破壊する	
「おっと。下手に触らない方がいいぞ。	
今のソウルトランスレーターは同調率の	
かじゅうふか	
過重負荷	
で異常なほど内部温度が上昇している。」	
を刺激すれば	
この実験室ごと	
ぱみじん	
端微塵	
に爆発するだろう。	
ノエル共	
な。」	
っ。もう助ける手立ては無いのか	
「ならば神にでも祈る事だ。	
ノエルが生還するようにな。」	
内部温度更に上昇	
号機の	
ぎじこんぱくけいせいりつ	
疑似魂魄形成率	
「素晴らしい	
ッ！見ろ	
がほぼ元の	
同等のスペックになっている	
「もはやあの	
号はノエルそのものと	
言っても過言が出はない	
「あれが	
の内部温度が	
ゆうばくじょうげん	
誘爆上限	
を突破	
「まもなく爆発します	
施設内の人員は	
やかに退避してください	
！せめて君だけでも助ける	
これが	
の誕生	
新時代の幕開けだ	
「ノエルーーーーーーーーーッ！！！！」	
「以上がフェイリクスのボディに	
残されていた記録映像ッスね。」	
の爆発。	
あの規模じゃノエルさんは	
ノエルは俺を	
から守ろうと	
危険な実験に	
んだっていうのかよ	
「それじゃフェイリクスの言う通り、	
俺がノエルを死なせたようなもんじゃねぇか	
「それは違うッス。	
ノエルさん言ってたじゃないッスか。	
剣魔からみんなを救いたいって。」	
「ノエルさんは	
の誕生が	
平和に繋がると信じたから	
を受ける決断をしたんス。」	
「彼女の覚悟、	
んであげてくださいッス。」	
「ここがノエルさんと	
最後に過ごした庭園ッスね。」	
「ああ。当時、研究所の探検にハマっていた俺は	
この場所を見つけた時に興奮が抑えられなくてさ。」	
「真っ先にノエルを連れて来たいと思ったんだ。	
あいつ、部屋に閉じ籠ってばかりで	
あんまり外の世界を知らないから。」	
あん	
じょう	
、ノエルはこの場所が気に入って	
ずっとテンション高くて花ばかり見ていたよ。」	
「当時の俺は早く大人になりたくて背伸びしてた時だったから	
花なんて子供っぽいって思ってあんまり興味を示さなかった。」	
「あいつが四葉のクローバーくれた時、	
もっとちゃんと話を聞いてやればよかったな	
「子供時代の川島さんって	
れてるというか、	
若干	
ちゅうにびょう	
中二病	
入ってたッスよね。」	
「うるせえな	
当時はそれがカッコイイと思ってたんだよ	
は色	
難しいんだ。」	
「けど、まさかあれがノエルの	
最後の思い出になるなんてな	
「ノエルが一緒に逃げようと言った時	
俺は断ったんだ。」	
「研究所にはユリ姉が居たから	
俺はユリ姉を置いて逃げるなんて出来なかった。」	
「もし、あの時	
ノエルと一緒に逃げる事を選んでいたら。	
ノエルが死ぬことは無かったのかな	
「川島さんの選択、	
間違ってないッスよ。」	
「川島さんは大切な家族の	
ユリせんせーを選んだ。	
それは何も間違ってない。」	
「そして、ノエルさんは	
剣魔が居ない平和の世界を願い	
臨床実験を受けることを選んだ。」	
「川島さんが選んだユリせんせーも	
今も	
へいおんぶじ	
平穏無事	
で過ごしているし、」	
「ノエルさんが望んだ剣魔が	
居ない平和な世界も実現されている。」	
「どちらの選択も	
二人が望んだ結果になっているッス。」	
「それにノエルさんが居なかったら	
今、自分は川島さんの前に居ないわけですし。」	
「あの臨床実験、	
ノエルの隣のベットに居たオートマタ	
号って呼ばれてたな。」	
「ノヴァ、あれはお前だったのか？」	
「どうやらそうみたいッスね。」	
。あの場に居たオートマタは	
自分の製造番号の機体ッス。」	
「そして、	
の担当ドクターが言っていた。	
自分はノエルさんの	
であると。」	
は人工的な	
ッス。」	
「しかし、あの時の臨床実験では	
かい	
ノエルさんの	
ちょくせつぎじこんぱく	
直接疑似魂魄	
に転送していた。」	
「本物の	
した	
こうじゅんど	
高純度	
が生成されていたッス。」	
はノエルさんの	
と同等。	
つまり、自分はほぼノエルさんの生まれ変わりと	
言っても過言では無いッス。」	
「ノヴァが	
ノエルの生まれ変わり。」	
だから、フェイリクスは	
ノヴァをノエルと呼んでいたのか。」	
「ええ。今まではただの	
かと思っていたッスが	
あの臨床実験の現場を知ってしまったら	
否定は出来なくなってしまったッスね。」	
「それと同時にフェイリクスが俺を憎む理由もわかった。	
あいつからすれば、	
俺がノエルを奪ったようなものだからな。」	
「それはさすがにフェイリクスの	
さかうら	
逆恨	
みだとは思うッスけど。	
逆恨みするきっかけにはなってたようッスね。」	
がいったぜ。」	
「ええ。ここに来た収穫は	
十分過ぎるほどありましたな。」	
「えーとノヴァ	
お前って一応、	
ノエルでもあるんだよな？」	
「そッスね。自分の	
が入ってると	
思ってくれていいッスよ。」	
「よし。じゃあ、ちょっと待ってろ。」	
「おろ？」	
「んー。どこだどこだ？」	
「いきなり草むらを	
きわけてどうしたんスか？	
気でも触れたんスか？」	
「言い方っ。」	
「さすがに	
本ぐらいは生えてるだろ。	
「お、あったあった。これだ。」	
「何探してたんスか？」	
いや、ノエル。」	
「また会うって約束、	
守れなくてごめんな。」	
俺はノヴァ	
もといノエルに	
さっき草むらで見つけて来たものを渡す。	
四葉のクローバー？」	
「ああ。あの時、お前にもらった	
四葉のクローバーのお返しだ。」	
「お前のおかげで俺、研究所から離れて	
こうして自由気ままに楽しくてやってるよ。」	
「四葉のクローバーが	
幸せを呼ぶって本当だったんだな。」	
「だからさ。ノエル。	
今度はお前が幸せになってくれ。」	
ずるいなぁ。	
急にそんな事言うなんて。」	
ありがと。ユート。」	
なのか？」	
突如、耳をつんざく破壊音が響き、	
施設な壁が砕け散る。	
「い、いきなりなんだァ！？」	
「あー。メカワシマくん。	
こんなところに居たー。」	
「サ、サツキ！？」	
「ガラハドくんも一緒だよ。	
さ、ガラハドくん挨拶。」	
「ガラハドデス。	
ヨロシク。」	
「そうか！ガラハドが壁ぶっ壊して	
侵入して来やがったのか！？」	
「つーか、サツキ！	
何でここに居るんだ！？」	
「ほら、川島くんが言ってたでしょ。	
ここに何かあるかもって。」	
「だから、ここに来たら	
メカワシマくん達に会えるかなって	
思ってね。」	
「一応、聞くが	
俺達に何の用だ？」	
「もちろん	
まだ決着ついてないからね。」	
ここで白黒付けるとしましょう！」	
いや、ノヴァか！	
ああ、ややこしいなもう！」	
「そう来なくっちゃ、	
じゃあ早速	
やろうか！」	
やろうか。」	
やるしかねぇのか	
「その勝負、俺が	
たいちあいにん	
を引き受けよう。」	
何でここに！？帰ったんじゃねぇのか！？」	
「サツキがここに入るのを見かけてな。	
後を付けて来た。」	
「は！？	
サツキ、こいつを知ってるのか！？」	
「いや、全然知らないけど。」	
「うわー。	
五月雨さんのストーカーだー。」	
「一方的に女子高生をつけ回してんじゃねぇ！	
犯罪だぞ！犯罪！」	
「黙れ。俺はサツキが心配なだけだ。」	
「サツキ。この勝負の	
俺に任せてくれ。」	
「誰だか知らないけど	
やってくれるんだっていうのなら	
お願いするよ。」	
「話は決まりだな。」	
「おい、俺にも許可取れよ。」	
「無視かよ！」	
異論は無いな？」	
「無いよー。」	
「おけおけおっけーッス。」	
「では尋常に	
アイゼンは片手を天高く上げ、	
「行け！ガラハドくん！	
撃ち殺せー！ばんばんっ！」	
「なんて物騒な事を言いやがる	
右腕ガトリング、射撃準備。」	
「ノヴァ！どうする回避か！？」	
「いや、こちらもサブマシンガン発射用意！」	
「何ィ！？」	
俺はノヴァの指示通り、	
左腕のサブマシンガンを構える。	
「へえ、ガラハドくんと撃ち合いしようっての？」	
「面白い！蜂の巣になっちゃえ！」	
「川島さん！正面から撃ち落とすッス！」	
「こうなりゃヤケだッ！！！	
うおおおおおおーーーーーーーッ！！！！」	
ガラハドのガトリング砲から乱射された弾丸に	
俺は狙いを付け、左腕サブマシンガンを発射する。	
するとどうか。向かってくる弾丸に全てに	
こちらの弾丸を	
わず当て撃ち落としていく。	
せいかくむひ	
正確無比	
。精密な射撃。	
ガラハドの弾丸がすべてロックオン	
されているような感覚である。	
ッ！相手の発射した弾丸に	
カウンターで弾丸を当てて撃ち落とすだと	
「そんな複雑な弾道計算	
単機のオートマタが出来るわけが無い	
の演算能力を	
ってもらっちゃ困るッスね。」	
なるほど。ノヴァの	
俺とノヴァの	
機分の	
だんどうけいさん	
弾道計算	
が行われているのか。	
つまり、	
がデュアルコアになっているようなものだ。	
銃弾ノ再装填ヲ行イマス。」	
「えー！もう弾切れぇ！？	
真面目にやってよ！ガラハドくん！」	
「もういいや！攻撃あるのみ！	
必殺ぱんちだ！」	
「おいおい！	
あんな遠距離から腕飛ばせるのかよ！？」	
「よし！こちらもロケットパンチだ！	
いっけぇえええーーーッ！！」	
「え！？何それ！？	
そんな武装ねーよ！」	
ノヴァの指示に俺の右腕が勝手に突き出され	
右腕がロケットの如く射出された。	
「はああああああーーーーー！？	
俺の腕、飛んだーーーーーー！？」	
「こんな事もあろうかと改造しておいたッス！」	
「勝手に改造してんじゃねー！」	
ガラハドのブーステッドナックルに	
俺のロケットパンチがぶち当たり、	
ガラハドの右腕を粉砕するッ！	
右腕ブーステッドナックルおよび	
ガトリング使用不能。」	
「そんな！ガラハドくんの必殺パンチが負けた！？」	
「ほう。ガラハドの装甲を砕くか。	
ロケット	
ふんしゃ	
噴射	
すいしんりょく	
推進力	
があるとはいえ、	
大した強度をしている。」	
「チャンス！	
川島さん一気にガラハドの間合いに飛び込むッス！」	
がってん	
俺は戻って来た右腕を装着し	
ガラハドに向かって突進する！	
「サツキ！来るぞ！	
迎撃しろ！」	
「あ、うん！」	
「おいアイゼン！	
何サツキにアドバイスしてんだ！	
してんじゃねー！」	
「まだだよ！	
ガラハドくん！	
ブレードで薙ぎ払えー！」	
了解、マスター。	
左腕ブレード展開。	
攻撃開始。」	
「何ィ！	
そんなところから	
剣を出すなんて反則だろ！」	
ガラハドは左腕に内蔵されたブレード展開し、	
俺に切りかかってきた。	
こうしゅうは	
高周波	
ブレード展開ッス！」	
「は！？ブレード！？	
そんなものどこに！？」	
背中のバックパックから	
が射出され、	
を握ると	
が出現した。	
そして、俺は刀を握りしめ	
ガラハドのブレードを受ける。	
っ！？ガラハドくんの	
ブレードを受け止めた！？」	
！剣も使えるのか	
なんて武装の多い奴だ	
「だけどパワーはガラハドくんの方が上だよ！	
そのまま押しつぶしちゃえ！」	
「了解マスター。」	
ガラハドは	
つばぜ	
鍔迫	
り合いのまま	
ブレードの出力を上げ	
俺を地面に押しつぶそうとする。	
こ、このままじゃ	
そのままガラハドの頭部を狙い撃つッス！」	
「無茶を言ってくれる	
だが、これしか	
ねぇッ！」	
り合いのまま、右腕リボルバーの照準を	
ガラハドの頭部に合わせ	
弾丸を発射する！	
「くたばれぇえええーーーーーッ！！」	
頭部損傷率	
停止。」	
勝者、	
ガラハドくんが負けた？」	
「軍事用オートマタを破壊するとはな。」	
シリーズとは思えない戦闘力だ。	
随分と腕の良いメカニックが居るようだ。」	
「メカワシマさんは	
ドクターが	
まかいぞう	
魔改造	
してますからなー。	
そんじゃそこらのオートマタなど敵では無いのですよ。」	
「俺達の勝ちだ。サツキ。	
これに	
りたらフェイリクスの	
悪の	
かたぼう	
片棒	
を担ぐのはやめろ。」	
「ふーんだ。やめないよー。	
私、まだ負けて無いもん。」	
ごうじょう	
強情	
のやつだ。」	
「サツキ！わがままを言うな！	
奴は危険だ！俺の言う事を	
俺が駄	
をこねるサツキの腕を掴んだ瞬間	
館内放送	
きんきゅうけいほう	
緊急警報	
とくエーきゅうじっけんたい	
級実験体	
への接触を検知！」	
の安全を最優先！	
直ちに接触した外敵を排除します！」	
「研究所内の	
じどうぼうえいきのう	
自動防衛機能	
が作動したッス！」	
「川島テメェ	
何をやらかしやがった！？」	
「俺かよ！？」	
「あ、何か来るよ。」	
サツキが指差す方向を見やると、	
かくのうこ	
格納庫	
のシャッターが開き、	
中から大量のオートマタが押し寄せて来た。	
警備オートマタ達	
「外敵ハイジョ	
！外敵ハイジョ	
「なんつー数のオートマタだよ！	
どっから湧いて来やがった！？」	
「まずいッス！完全に我	
を狙ってるッス！」	
「逃げるぞ。サツキ。」	
「え、わあっ。」	
アイゼンはひょいっとサツキを抱きかかえる。	
「おい！アイゼン！	
サツキをどうするつもりだ！」	
「サツキは俺が安全な場所に逃がす。	
お前らは勝手にしろ。」	
「サツキ、しっかりと捕まっていろ。」	
「う、うんっ。」	
アイゼンは跳躍すると天窓をブチ破り	
外に脱出する。	
「なんつージャンプ力してんだアイツッ！」	
「なるほど。あそこから外に出られるんスね。」	
「川島さん！我	
も続くッス！」	
「は！？あの	
てんまど	
天窓	
メートルはあるぞ！	
どうやっても届かねぇよッ！」	
「とうっ！」	
ノヴァは戦隊ヒーローのような掛け声と共に	
俺の肩に飛び乗った。	
「行けぇ！メカワシマブースターッ！」	
ノヴァが叫ぶと俺のバックパックから	
エネルギーがジェット噴射され	
ロケットのように急上昇する！	
「う、うおおおおおおおーーーーーーーッ！！！！」	
「ふーっ。	
ひとまず	
は脱出出来たッスね。」	
背中にバーニアまで付けてたのかよ！	
勝手に改造しすぎだろ！やりたい放題だな！」	
「アイゼンさんは？」	
「いや聞けよ！」	
俺達より一足先に屋上に来ていたアイゼンは	
サツキを抱えながら、パルクールが如く	
屋上から屋上へ	
と駆け抜けていた。	
「なんだあの身のこなし	
忍者かよ。」	
破壊された天窓から下の階を覗き込むと	
オートマタ達がワイヤーを引っかけて	
昇って来ようとしてる。	
「まじかよ	
あいつらここまで昇ってくる気だ	
「どこか出口は	
「げえ	
屋上の扉をブチ破って来やがった	
「まずいッスね。	
屋上の出入口に加え、下の階からも	
警備オートマタ達が向かって来てるッス。」	
「に、逃げ場は無いのか	
「ご安心を	
逃げ場ならあるッス！」	
「来い！	
おおぞら	
大空	
かけ	
つばさ	
ソードウイングユニットッ！」	
ノヴァが指を鳴らすと	
上空から高速飛行物体が飛んでくるッ！	
「とうッ！」	
ちょうやく	
跳躍	
し高速飛行物体と重なるッ！	
かんそう	
換装	
こうきどうひこうけいたい	
高機動飛行形態	
ソードウイングモードッ！」	
「えええええーーーーーーッ！！！	
合体したぁあああーーーーーーッ！！！？」	
「ソードドッキングッ！」	
ノヴァの換装パーツからワイヤーが射出され	
俺のボディに接続され、	
飛行するノヴァに吊るされた状態になる。	
「ドッキングつーか、雑に吊るされてるだけで	
ただの空中輸送物みてーになってるじゃねぇか！」	
「自分がこのままキャリーしてあげるッスから	
文句言わないッ！」	
「さあ！ここから離脱するッスよ！」	
ノヴァがスラスターの出力を全開にすると	
オートマタが押し寄せて来ていた研究所の屋上を	
一気に離脱した。	
「うおおおおーーーー！！	
すっげーーー！！」	
「はっはっはー！！	
あばよーー！！」	
地上からこちらを見上げるオートマタ達に	
俺は上空から手を振る。	
「やれやれ。安全圏に到達した瞬間、	
大はしゃぎッスねー。」	
月明かりを背に風を切り夜空を疾走する。	
これが空を飛ぶという感覚か。	
まさに自由の翼。	
俺は初めての夜間飛行に最高にハイっ！って感じになった。	
「ふー。一時はどうなる事かと思ったけど	
なんとか逃げ切れたぜー。」	
「まさかノヴァが空も飛べるなんてなぁ。	
何でもアリかよ。」	
「ドクター開発の	
かんそうしきこうきどうがたひこう	
換装式高機動型飛行	
ユニットッス。	
シリーズは外部ユニットを換装する事で	
な状況に合わせて任務遂行が出来るッス。」	
「影山のやつこんなものまで作ってたのかよ	
「この飛行形態は川島さんに一度見せてるはずッスよ。」	
「そういや、最初のデートの時に	
まさかの空から降ってきたが、	
こいつで飛んできたのか。」	
この飛行パーツってそんなタクシー代わりに	
気軽に使えるんだ	
まぁ、そのおかげで	
から脱出出来たわけだが。	
この時ばかりは影山の隠し球には感謝を禁じ得ない。	
サツキは無事脱出出来ただろうか。」	
ひとあしさき	
一足先	
にアイゼンさんが	
さんを抱えて危険区域を離脱してたから	
大丈夫じゃないッスか。」	
「確かにあの身のこなしがあれば	
研究所の追っ手ぐらいは巻けそうだな。」	
「アイゼンのやつ、	
サツキの事を知ってるみたいだったが	
一体どういう関係なんだ	
「五月雨さんはアイゼンさんの事、	
知らないっぽい感じだったから	
本当にただのストーカーなんじゃないッスか？」	
「だとするとストーカーに	
サツキを預けてる方が危なくないか？」	
「まぁ、大丈夫じゃないッスか？	
五月雨さんは	
五月雨家当主	
カグヤさんの娘。	
の戦闘力は折り紙付き。」	
「剣魔かソードブレイカー使いでも無いと	
相手にすらならないでしょうし。」	
。何それ。	
五月雨流ってそんなにヤバイ人達なの	
「そうでなければ、	
が五月雨家に	
ペコペコなんてしないッスよ。」	
「そういえば、サツキってちょいちょい	
サイコパスなところあったけど	
あれって	
ちすじ	
血筋	
だったのかな	
「そういう事なんで	
五月雨さんチームの方は心配ないでしょう。」	
「何で勝手にアイゼンとチーム組まされてんだよ。」	
少し気になる事があるんスけど。」	
「アイゼンがサツキのストーカーになった	
経緯	
「いや、そんな事ミリも気にしてないッスけど。」	
「そうじゃなくて、我	
がこうして生体工学研究所から	
逃げ出したのは警報装置が作動して警備用オートマタが	
押し寄せたからじゃないッスか。」	
「そうだな。」	
「そもそもどうして、	
研究所の警報装置が作動したんでしょう？」	
め用意したカードキーでセキュリティ対策は万全。	
侵入者だとバレる要素は無かったはずなんスけど。」	
「あん？そりゃ研究所内でドンパチやってれば	
侵入者を感知して警報ぐらいなるだろ。」	
「それなら、	
の最中に警報が作動してもいいはず。	
何故、戦闘が終了したタイミングだったのか。」	
サツキに触れた瞬間に警報が鳴った気がするな。」	
「あの時、警報は	
への接触を検知！』と言っていた。」	
「警告。高速で接近する	
みかくにんひこうぶったい	
未確認飛行物体	
を確認。	
なんなんせい	
南南西	
、距離	
「なんだ	
俺がアラートが指し示す方角をみやると	
後方からこちらに向かって飛んでくる	
きえい	
機影	
があった。	
「目標確認。突撃します。」	
謎の飛行型オートマタは更に加速し、突進して来る	
「まずいっ！突っ込んで来るぞ！	
避けろっ！」	
「無茶を言うッスね！」	
ノヴァが機体を	
うげんほうこう	
右舷方向	
に大きく傾け、	
飛行型オートマタの突進をすんでのところで回避する。	
「あっぶねー！今、	
ったぞ！」	
「あの速度で突撃してくるなんて当たれば	
自らの機体も無事では済まないというのに	
自爆特攻が目的ッスか	
「敵機の回避行動を確認。	
再度、目標補足。	
姿勢制御再設定、オートバランサー作動。」	
俺達を追い抜いて前方に行っていたオートマタが	
垂直状態で向き直った。	
「無線直接通信接続。	
敵機との強制交信を行います。」	
「強制的に通信チャンネルがオープンされたッス。	
誰か無線で話しかけてくる気ッス。」	
「あ、あー。テステス。」	
突如開かれた通信回線から聞こえて来た	
聞き覚えのある声。	
この冷酷で背筋が凍るような声の主は	
「こちら	
聞こえるかしら？	
川島さんに	
たてつ	
盾突	
く反逆者共。」	
「って、獅堂かよ！？」	
「まさかこの飛行型オートマタって	
獅堂かいちょーが操ってたんスか。」	
だいにせだいがたきょうしゅうきどうよう	
第二世代型強襲機動用	
アルバトロス	
「あなた達に	
リベンジ	
復讐	
と抹殺をする為に	
川島さんから	
った新たなる	
「息を吸うように抹殺とか口にしやがって	
相変わらず物騒な奴だな	
するオートマタが目の前に居るなら	
マスターである獅堂も近くに居るって事か	
「川島さん！下ッス！下！」	
ノヴァが指差す方向、下を見下ろすと	
ビルの屋上に獅堂がこちらを	
見上げながら突っ立っていた。	
「あんなところから遠隔操作してんのかよ！」	
「こちらの状況はオートマタの視覚カメラを通して	
丸見えっぽいッスねー。」	
「おい獅堂！こちとら既に	
サツキとの	
してる上に	
夜間飛行中の闇討ちとは卑怯だぞ！」	
「そう。お前達は五月雨さんの	
かたき	
「お前達は五月雨さんを打ち負かした。	
じょうしょうふはい	
常勝不敗	
、負け知らずの五月雨さんに敗北という	
らくいん	
烙印	
を押し	
彼女の顔に泥を塗った。」	
「それはいけない。五月雨さんに敗北などあり得ない。	
お前達が五月雨さんの	
ふはいしんわ	
不敗神話	
を破壊したのだ。」	
「彼女はお前達に負かされた事でひどく傷つき	
涙を流している	
！人一倍笑顔が似合う	
彼女を曇らせたのだ	
「そう！五月雨さんは今、泣いているんだッ！」	
「いや！めちゃくちゃ	
ごへい	
語弊	
があるんですけどぉ！	
ミリも泣いてないし、どうしたら	
した解釈になるんだよ！？」	
「黙れッ！お前達は五月雨さんの仇！	
お前達を抹殺しこの私が彼女の笑顔を取り戻すッ！」	
かたきう	
仇討	
ちで笑顔になるサツキもどうかと思うんですけど！？	
お前の中でのサツキはどんだけサイコパスなんだよ！？」	
「まー。五月雨さん若干サイコ入ってますからなぁ。」	
「行けえッ！アルバトロスッ！	
お前の翼で奴等を斬り裂けッ！」	
ウイング展開。	
とっかん	
突貫	
目の前を飛行していたアルバトロスは	
再び翼を広げこちらに向かって突っ込んで来る。	
「ノヴァ！また来るぞ！」	
「く、くおー！ぶつかるぅ	
インド人を右にッ！」	
さげん	
左舷	
に向かって機体の姿勢を切り返す	
が、回避が間に合わず、	
アルバトロスの翼部分が俺のボディに直撃するッ！	
だいいちそうこうばんはそん	
第一装甲版破損	
おいノヴァ何やってんだ！	
ちゃんと避けろよッ！」	
「無茶を言いなさるッ！」	
「生体工学研究所からここまで	
きゅうゆ	
給油	
無しで飛行して	
エネルギー残量も残り少ない上に川島さんという	
お荷物を抱えた状態で機動力がガタ落ちしてるんス！」	
「こんな状態で満足に空中戦なんて	
出来るわけないじゃないスか！」	
「お荷物っていうな！	
俺は飛べねーんだから仕方ねぇだろ！」	
「お荷物じゃないなら	
川島さんもただ吊るされてばかりいないで	
迎撃して欲しいッス！	
「ええい！ままよ！」	
俺は高速移動するアルバトロスに照準を合わせ	
左腕サブマシンガンを乱射する。	
「敵機の射撃行動を確認。	
射線計算、弾道予測。	
回避行動を行います。」	
アルバトロスは	
せんかい	
旋回	
俺の銃弾を	
かるがる	
と避ける。	
「うわー。全弾避けられてる。	
ヘタクソー。」	
「空中で高速飛行する相手に当てろって方が	
無理があるぜ！」	
「仕方ないッスね。	
射撃サポートしてあげるッス。」	
「ここだァッ！」	
ノヴァの指示された方向にリボルバーを発射すると	
旋回していたアルバトロスが目標地点に吸い込まれるように	
通過し弾丸が直撃した。	
「敵機射撃行動の直撃を確認。	
さよくそんりょうりつ	
左翼損傷率	
！アルバトロスの飛行ルートを予測し、	
予め通過点に射撃していただと	
！奴の射撃演算能力は化け物か	
「すげえ！当たったぞ！	
「ふっ。第三世代型の演算能力を	
舐めてもらっちゃ困るッス。」	
「おのれぇ	
調子に乗るなァ	
「アルバトロス！	
高度、距離を維持したまま奴等の背後に周り込めッ！」	
「背後からドッグファイトしようってか！	
ノヴァ！また来るぞッ！」	
「了解ッス！着弾予測再演算	
ふかく	
俯角	
「オラァッ！くらいやがれッ！」	
せんこう	
潜航	
開始！	
そのまま雲に突っ込め！」	
アルバトロスは真下に広がる	
うんかい	
雲海	
に飛び込み姿をくらます	
発射された弾丸は姿を消したアルバトロスを	
捉え切れず外れる！	
「外した！？」	
っ！弾道計算は視覚情報を元に演算している関係で	
敵機が見えなくなると命中精度が落ちるッス！」	
「野郎	
雲の中に逃げ込むとは考えたな	
「ふん。	
その様子じゃ空中戦はまったくのド	
しろうと	
素人	
のようね。	
そんな体たらくでこの私に勝てると思うなッ！」	
「くそっ！どこだ！	
出て来やがれッ！」	
俺はアルバトロスが	
に向かって	
左腕のサブマシンガンを乱射する。	
しかし、弾丸が命中した手ごたえはまるで感じられない。	
「無駄だ。がむしゃらに撃ったところで	
雲海に姿をくらませたアルバトロスを捉えられるものか。」	
「行けえ！アルバトロス！	
奴を切り刻めッ！」	
「川島さん！来るッス！」	
「来るってどこから！？」	
きしゅう	
奇襲	
さくてき	
索敵	
の為、前後左右を見渡していると、	
突如、真下からアルバトロスが飛び出してくるッ！	
「下だとッ！？」	
「ぐああああーーーーッ！！！」	
。脚部機能低下速度減少。	
右腕機能停止、リボルバー使用不可。	
バックパックスラスターに異常検知。」	
「目標への直撃を確認。	
再び潜航モードに移行します。」	
雲海から飛び出し、	
垂直上昇で体当たりをぶちかましたアルバトロスは	
旋回しながら再び雲海に潜り込む。	
「くそっ！やっと出て来たと思ったら	
また潜りやがった！」	
「まずいッスよ！川島さん！	
あと一発あれをくらったら終わりッス！」	
「ンな事、言ったって雲の中から	
いきなり奇襲を掛けられちゃ	
避けようがねぇぞ！」	
「なら、やられる前にやるしか無いッス！	
へた	
下手	
てっぽうかずう	
鉄砲数撃	
ちゃ当たる！」	
「くそったれがああああーーーーッ！！！」	
俺は真下に広がる雲海に向かって	
左腕サブマシンガンを乱射するが	
弾丸は雲に吸い込まれていき、手ごたえは無い。	
「だあああ！どうしろってんだ！」	
「ふん。無駄な	
足掻	
きを。	
いい加減これで終わりにしてやる。」	
「アルバトロス！トドメだ！	
五月雨さんの仇を討てッ！	
奴を真っ二つにしろォッ！」	
ミナトの命令と同時に	
アルバトロスが雲海から飛び出してくるッ！	
「ノヴァ！急上昇だ！	
とにかく高度を思いっきり上げろぉッ！」	
「はぁ！？どうなっても知らないッスよ！」	
ノヴァは機体を真上に傾け、	
スラスターを全開にし一気に垂直上昇するッ！	
「うおおおおおおーーーーーーッ！！！」	
「なっ！？奴等、何をする気だ！？」	
垂直上昇を続けるノヴァの真下に	
追いすがるようにアルバトロスが続くッ！	
「まさかッ！アルバトロスの突撃に合わせて	
高度を上げる事で	
しゃていけんがい	
射程圏外	
たいひ	
退避	
雲海から引きずり出したというのか！？」	
「その通り！そして俺達を	
ホーミングしているアルバトロスは	
ちょうど真下、直線上に位置している！」	
ぜっこう	
絶好	
まと	
って事だ！」	
「いっけえええええーーーーッ！！！」	
俺はアルバトロスを	
射程距離ギリギリまで引きつけ、	
左腕サブマシンガンを全弾叩き込んだッ！！	
こうこうどひこうちゅう	
高高度飛行中	
に機能停止したアルバトロスは	
高出力スラスターの制御が不能になり、	
空中で	
ばくさん	
爆散	
アルバトロスが	
負けた	
「一度ならず、二度までも	
奴等に	
「ごめん	
なさい	
五月雨さん。	
私、五月雨さんの仇	
討てなかった	
「五月雨さん五月雨さん五月雨さん五月雨さん	
五月雨さん五月雨さん五月雨さん五月雨さん	
五月雨さん五月雨さん五月雨さん五月雨さん。」	
「ごめんなさいごめんなさいごめんなさいごめんなさい	
ごめんなさいごめんなさいごめんなさいごめんなさい	
ごめんなさいごめんなさいごめんなさいごめんなさい。」	
ッ！うぐぐぐ	
「ちくしょおおおおおおおおおおーーーーーーッ！！！」	
月夜の上空に獅堂の	
だんまつま	
断末魔	
にも近い	
雄たけびが	
こだま	
木霊	
爆散した機体の中を突き抜け、	
俺達は勝利の	
がいせんひこう	
凱旋飛行	
をしながら夜空をかっ飛ばす。	
勝ったはいいものの、獅堂の奴、	
とんでもなくブチ切れてるぞ	
「勝利の	
よいん	
余韻	
に浸ってるヒマは無いようッスね。	
オートマタを失ったとはいえ、	
今の獅堂かいちょーは何をしでかすかわからない状態ッス。」	
「とにかくここは一刻も	
早く獅堂かいちょーから離れるッス！」	
「お、おう！」	
を打ち破った喜びも	
敗北しても尚、闘志を剥き出しにし、	
憎しみの	
ほうこう	
咆哮	
し続ける獅堂。	
俺達は背後から忍び寄る獅堂の恐怖を感じながら	
の如く戦闘空域を離脱するのであった。	
「以上が潜入捜査の報告であります！」	
今回の捜査における数	
の大活躍、	
とくと褒めて褒めて褒めちぎって頂きたい！」	
「こんなに自己主張が強いものなのか	
警察の捜査報告ってのは	
フェイリクスには	
そのような過去があったのか。」	
「フェイリクスの過去を	
ひもと	
紐解	
けば	
奴の犯行動機を推理する事が可能。」	
「かつて自分が救えなかったノエルの救済。	
そしてノエルを失うきっかけとなった川島への復讐。	
これがフェイリクスの犯行動機である可能性が高い。」	
「おー。さすが	
これは名推理ですねえ。」	
せじ	
世事	
はいらん。	
これだけの情報が揃っているのだ。	
犯行動機が導き出せないわけがあるまい。」	
「よくやったな。機巧院。	
先の潜入任務で得られた調査報告は	
十分	
ゆうえき	
有益	
な情報だ。評価に値する。」	
「おー。つまり、	
自分の給与の減給は	
れたと？」	
「ああ。それどころか	
このままフェイリクスを確保出来れば	
次の給与査定に色を付けてやろう。」	
「ひゅー！給料アップのチャンス！	
うおー！頑張るぞー！」	
「素晴らしい。真田警部がここまで	
お褒めになるのは珍しい事ですよ。	
良かったですね。ノヴァさん。」	
の潜入任務でノヴァの	
誕生に関わる驚くべき過去が明らかになったはずだが	
何故こんなにもテンションが軽いのだろうか。」	
「ノヴァさん基本、	
ポジティブですからねえ。」	
「むしろ、金の事しか	
考えてないんじゃないのか？」	
「では、	
フェイリクス捕獲作戦の次の	
いって	
一手	
の話だ。」	
「この調査報告を踏まえて	
どのように進めるのがいいだろうか。」	
「機巧院、川島、お前達の意見を聞こう。」	
「トーゼン、	
に乗り込んで	
ちゃっちゃと始末するッス。」	
「馬鹿め。洗脳された学生達が	
人質になっている事を忘れたか。」	
「フェイリクスを追い詰めれば	
人質が危険に晒されるの明白だ。	
むさく	
無策	
での直接戦闘は避けるべきだ。」	
「というか、そもそも人質が居て手出し出来んから	
フェイリクスの弱点を探りに潜入調査を行ったのだ。	
当初の目的すら覚えていないではないか。」	
「ぐぬぬ	
じゃあ、どうしろってんだ	
「生体工学研究所でフェイリクスとノエルの	
過去を知った上で尚、フェイリクスの抹殺を	
最優先に提案してくるのは警察官としてどうなんだ？」	
「ノヴァさんってオートマタらしく	
や人間性がどっかいっちゃってる	
ありますからねえ。」	
人間でありながら	
や人間性がどっかいっちゃってる人も	
居るんだけどね	
獅堂とか。	
「提案なんだが、	
フェイリクスと交渉をしてみるのはどうだ？」	
「交渉？何を甘い事言ってんスか。川島さん。	
一度交渉失敗した事を忘れたんスか？」	
「フェイリクスは潰すしか無いんスよ。	
の手で。」	
何で身体とユリ姉を奪われた俺より	
お前の方が	
マシマシになってんだよ。」	
「フェイリクスさんにノヴァさんでは無く	
ノエルさんと認識されてるのが	
嫌なんじゃないですかねえ？」	
「ノエルの	
がノヴァの	
入ってるから実質ノヴァでもあり、	
ノエルでもあるって状態ではあるんだが。」	
「まぁ、ノエルの方が素直でお	
やかだし	
フェイリクスがノエル推しなのは	
ある程度仕方がない気はする。」	
「おいこらー！何でノヴァちゃんの評価が	
ノエルさんより低いんスか！そこは	
カノである	
ノヴァちゃんを推すべきでしょうが！」	
「別に元カノとか今カノとかそういう話ではないんだが。」	
「あ、わかった。川島さんがノエルさんと	
フラグ立てていたのを知ってしまったから	
ノヴァさんがヤキモチを焼いているんですね。」	
「おい、天道！余計な	
せんさく	
詮索	
をしてんじゃねー！	
ノヴァちゃんだって川島さんと	
過去にフラグぐらい何個も立ててんだよォ！」	
「早く思い出してくださいよォ！川島さん！	
自分との感動的なイベントシーンを！」	
「あ、ごめん。まだ思い出せてないわ。」	
「なんでノエルさんは思い出せて	
自分は思い出せないんスか！？	
か！？	
なのか！」	
「はい。ノヴァさん。どーどー。	
落ち着いてくださいよね。」	
「フシャー！」	
天道に取り押さえられたノヴァは	
猫のように	
「ごほん。脱線した話を元に戻そう。」	
「で、川島。	
フェイリクスとの交渉とは？」	
「以前、フェイリクスとの交渉に	
失敗した俺達は奴の過去を何も知らなかった。	
だが、今は違う。」	
「フェイリクスは最後までノエルを助けようとしていた。	
そしてノエルもフェイリクスを信用していた。	
、奴は完全な悪党じゃないんだ。」	
の計画に	
巻き込まれたノエルと同じ被害者なんだ。	
フェイリクスは。」	
じょうじょうしゃくりょう	
情状酌量	
よち	
余地	
はあるという事か。」	
「ああ。俺達はフェイリクスの過去を	
ついたいけん	
追体験	
少しは奴の考えがわかったはずだ。」	
「だから、今なら奴を説得して	
自首させる事が出来るかもしれねえ。」	
「確かに今までとは状況は違いますし、	
こちらにはノエルさんが居ますからね。	
説得の可能性はゼロではないかもしれません。」	
「自分はノヴァだ！二度と間違えるな！」	
「ややこしいから	
ちょっと黙っててくださいよ。	
「なにをー！」	
フェイリクスとの交渉、	
やってみるがいい。」	
「いいのか？」	
「ああ。こちらとしても無駄な戦いは避けたい。	
話し合いで済むのならそれが一番だろう。」	
「良かったですねえ。川島さん。	
真田警部って意外と情に厚いので	
こういう話に弱いんですよ。」	
「黙れ。天道。	
いちいち	
を入れるな。	
話が進まん。」	
は警察官だ。軍隊では無い。	
例え相手が犯罪者であっても	
可能な限り争いは避け、罪を	
わせるのだ。」	
「さあ行け。	
お前達がフェイリクスを説得し	
自首させるのだ。」	
「よし、いっちょやってみるか！	
行くぞノヴァ！」	
「へいへい。しょうがないッスねー。」	
！出動ッス！」	
「さて、全員揃ったかな？」	
が居ないようだけど？」	
「五月雨は	
じたくきんしん	
自宅謹慎	
で学校を欠席中だ。」	
「さ、五月雨さんが自宅謹慎！？	
い、一体どういう事ですか！？」	
「彼女の身に一体何が！？	
た、大変だわ！お見舞い！	
お見舞いに行かなくちゃっ！」	
「ちょっと落ち着きなさいよ。	
獅堂ミナト。」	
「黙れ！	
盾なんとかの癖に何を知ったような口を！	
これが落ち着いていられるか！」	
「盾なんとかの癖になってなによ！	
どういう言いがかりよ！？	
っていうかいい加減人の名前覚えろ！」	
「いい加減にしないか！お前達！	
事あるごとに喧嘩するんじゃない！」	
「獅堂。五月雨は無事だ。	
事情を説明するから着席しろ。」	
「チッ。ユリ先生の手間を	
取らせんじゃないわよ。	
「あ？」	
「やめないか。お前達。」	
「五月雨は夜間に	
に無断侵入し	
を行った。」	
「母親であるカグヤ殿が娘の夜遊びに	
大層お怒りでな。五月雨をしばらくの間、	
自宅謹慎にしたのだ。」	
しばらくの間、自宅謹慎って	
五月雨さんはいつ戻って来れるんですか！？」	
「さあな。	
少なくともカグヤ殿の怒りが収まるまでは	
学校には来られないだろう。」	
五月雨さんと	
もう二度と会えないなんて	
「五月雨さんが居ない世界で	
私はこれから	
どうやって生きて行けばいいのよ	
「別に二度と会えない事は無いでしょう。	
あんたいちいち	
おおげさ	
大袈裟	
過ぎるのよ。」	
「というわけで五月雨が復学するまで	
学園生徒会・四天王も欠席という事だ。」	
「そう。今回集まってもらったのは他でも無い。	
先の帝国重工・生体工学研究所での	
機巧勝負の件だ。」	
「サツキとミナトはノエル達に機巧勝負を挑んだ。	
しかし、二人共負けてしまった。	
これは重く受け止めなければならない事実だ。」	
「なぜなら学園生徒会・四天王が	
二人も敗北してしまったんだからね。」	
っ！ち、違うんです川島さん	
あの日、私と五月雨さんは調子が悪かっただけなんです	
「あの日は夜間で見通しも悪く圧倒的に不利な状況だった	
が照らす	
であれば	
絶対に負けはしなかった	
「それは相手も同じでしょう？	
負け惜しみなんて見苦しいわよ。	
負け犬が調子に乗るなッ！」	
「はぁ！？あんただって負け犬じゃない！	
なんなら、私はまだ	
回しか負けてないし、	
あんたは	
回負けてるんだからあんたの方が負け犬よ！」	
「はっ！それはあんたが	
回しか	
戦う機会を与えられない弱者だから！	
川島さんに信用されてない証拠よ！」	
何度も言わせるな！	
ユートの	
ごぜん	
御前	
だぞ！」	
っ。か、川島さん。	
すみません、つい感情的になってしまって	
「ご、ごめんね	
。ユート	
もしかして怒ってる	
「いや、怒ってないよ。	
ただ、今回は僕にとっても予想外だったんだ。」	
「やっぱり怒ってる	
ユートは怒っていないと	
言ってるようだが。」	
「サツキのガラハドも、	
ミナトのアルバトロスも	
どちらも帝国重工の軍事用オートマタだ。」	
「どちらのオートマタも圧倒的な戦闘力を誇る。	
並みのオートマタでは	
たちう	
太刀打	
ち出来ない程にね。」	
「その証拠にガラハドは	
ノエルが操るメカワシマを圧倒していた。	
に戦力差は歴然。」	
「しかし、先の生体工学研究所での機巧勝負においては	
メカワシマにあっさりと倒されてしまっている。	
軍事用オートマタのガラハドが、だ。」	
「そして、ノエルのサポートがあったとはいえ、	
ミナトが操る高機動飛行型オートマタ・アルバトロス	
でさえも撃破している。」	
「しかも、こちらが得意とする空中戦でね。」	
ううっ。」	
「この結果が導き出される答えは一つ。	
僕達との	
たびかさ	
度重	
なる戦闘経験によって	
彼らの戦闘力が	
ちゃくじつ	
着実	
に上がっているという事だ。」	
あいつらどんどん強くなってるって言うの	
先日まで	
素人同然のヒヨッコだったというのに	
恐るべき成長速度だな。」	
「そう。もはや彼らは学園生徒会の脅威になりつつある。	
だから、僕達もそれ相応の準備をしなくっちゃあいけない。」	
「僕達、学園生徒会に	
残されたオートマタは後	
機。	
機は既にユリヒメに	
たいよ	
貸与	
「任せろ。ユートから借りた大事な機体。	
必ずや奴等を打倒してみせよう。」	
「そして、最後の	
機なんだけど	
「その最後の	
私に貸してください	
必ずやこの手で五月雨さんの	
を討ちます	
！？何言ってんのよ！	
あんたもう既に	
回負けてんだから、	
最後の	
機はこの私に決まってんでしょ！？」	
「負け犬は引っ込んでなさいよ！	
「あァ！？誰が負け犬だァッ！？	
最初に機巧勝負で負けた学園生徒会・四天王最弱が	
どの	
下げてほざくのよ！？」	
「誰が四天王最弱だッ！	
敗北数最多のあんたが最弱でしょうがッ！」	
「なんだとォッ！？」	
「なによぉッ！？」	
「お前達ッ！いい加減に	
「最後の機体は	
ミナト、アメリア、	
君達二人に使ってもらおうと思う。」	
へ？」	
「この機体は武装が多く精密な制御が要求される為、	
一人での操作は難しい。	
だから二人で協力して操るんだ。」	
「川島さん	
！？本気ですか！？	
と協力しろですって！？」	
「誰が	
だッ！	
じゃなくて！この女と協力だなんて	
死んでも嫌よッ！」	
「二人が協力出来ないと言うのならこの話はナシだ。	
君達はノエル達に負けたままでも	
いいっていうのかい？」	
「う、うぐ	
「さっきも言ったけれど、	
彼らは僕ら学園生徒会の脅威になりつつある。	
君達が	
いしていたら勝てるものも勝てないだろう。」	
「だから、二人で協力して勝つんだ。	
いいね？」	
ぐぐ	
背に腹は代えられない	
「うぎ	
ぎぎ	
や、やるしか	
ないようね	
「良かった。わかってくれたようだね。	
ミナト、アメリア。」	
の仲の	
獅堂と盾守が協力するだと	
これは夢でも見ているのか	
「それじゃあ、約束通り	
君達にオートマタを貸し出そうじゃないか。」	
「ああ。そうだ。この機体を操るには	
の呼吸が必要だ。」	
「二人の息を合わせる為にも	
なるべく一緒に過ごして	
しんぼく	
親睦	
を深めるといいだろう。」	
？盾なんとかさんと一緒に過ごす	
？獅堂ミナトと	
を深める	
「そうさ。二人共仲良くしないとね。	
わかったかい？」	
！さすがユートだ	
いしていた二人が	
ついに手を取り合おうとしている	
「これがまさしく『努力・友情・勝利』だな！」	
「む。キャッチが入ったようだ。」	
「はい。こちら生徒会室。」	
わかった。伝えておこう。」	
「ユート。お前に客人だそうだ。	
屋上で待っていると。」	
「予想通り、	
向こうから来てくれたようだ。」	
ごえい	
護衛	
が必要か？」	
「いや、ユリヒメはここに居てくれ。	
僕だけで行ってくるよ。」	
くれぐれも気を付けてくれ。」	
「心配は無いよ。	
彼らも研究所でアレを見ただろうし	
これでようやくまともな話が出来るというものさ。」	
来てくれて嬉しいよ。」	
「おい、テメェ。	
俺も居る事を忘れんな。」	
せっかくのノエルとの再会だと言うのに	
本当に空気が読めないな。君は。」	
はいらねーッス。	
とっとと話を始めるッス。」	
「つれないなぁ。ノエルは。	
けれどそんな君も素敵だよ。」	
「うげ。」	
「それじゃ早速だけど用件を聞こうか？」	
に言う。	
今すぐ人質を解放し警察に自首しろ。	
今なら	
れる。」	
「何故？」	
「お前が俺を憎む理由はわかっている。	
俺のせいでノエルが	
受けたようなもんだからな。」	
「そうだ。川島ユート。	
全ては君のせいだ。」	
「君が居なければ、君がノエルの前に現れなければ	
ノエルは君の	
に乗り臨床実験を受ける事も	
命を落とす事も無かったんだ。」	
「それなら憎しみの	
ほこさき	
矛先	
は俺だけにしろ。	
関係無い奴等を巻き込むな。」	
「それじゃダメなんだよ。	
君には僕と同じ苦しみを	
味わってもらわないといけない。」	
「僕がノエルを失ったように	
君も大切な人を失うのさ。	
そうでなければ復讐にならないじゃないか。」	
「フェイリクス。川島さんだって	
大切な友人のノエルさんを失ってるんス。	
お前だけが被害者のように語るなッス。」	
「ノエル。君は昔からそうだ。	
いつもいつもこの男は庇う。」	
「僕らは友達だろう？	
だったらこんな男なんて	
どうだっていいじゃないか。」	
「ノエルさんは川島さんもフェイリクスも	
どちらも大切でかけがえないのない友達だと	
思っていた。」	
「お前みたいに廃棄されたオートマタでも	
しっとしん	
嫉妬心	
ふくしゅう	
くわだ	
てようとする犯罪者でも	
分け	
へだ	
てなく接していた。」	
「お前はノエルさんの優しさにかこつけて	
八つ当たりをしてるに過ぎないんスよ。	
どうして君はいつもそうなんだノエル！」	
「君はいつも僕ばかり非難する！	
僕はいつも君の為だけを考えているのに！	
どうしてこの男には甘いんだっ！」	
お前、八つ当たりする相手も	
復讐する相手も間違えてるッス。」	
「お前が戦うべきは川島さんではない。	
ノエルさんを実験体にし、	
臨床実験で死なせた	
もちろんだよ。ノエル。	
にもたっぷりと	
復讐してやらなくちゃね。」	
「けれどそれは	
川島ユートに復讐してからだ	
「帝国重工はノエルの命を奪ったが、	
川島ユートはノエルの心は奪った	
「肉体を失ってもノエルの	
の中で今も生き続けている。」	
「けれど、そんなノエルの心は今もなお、	
川島ユートに奪われている	
「それが僕にはどうしても我慢がならないんだ	
っ！お前	
「待て、ノヴァ。」	
今、	
ノヴァの事を	
っつったか？」	
「ああ、そうさ。	
このオートマタはノエルの	
でしかない。」	
「ノヴァなんて人物も	
オートマタも最初から居ない。	
だってこれはノエルなのだから。」	
そうか、わかった。」	
テメェはやっぱりこの俺がぶちのめすッ！」	
「ちょっ！川島さん！	
フェイリクスを説得するんじゃないんスか！？」	
こいつの説得は無理だ。	
いや、説得なんて	
なまぬる	
生温	
い。」	
「こいつは	
ッ！フェイリクスは	
ノヴァという人格を否定した	
こいつには最初ッからノエルしか見えてねぇッ！」	
「お前はお前だ！ノヴァ！	
お前はノエルじゃねぇ！ノヴァなんだ！」	
「ふふっ。おかしな事を言うね。	
君だってノエルが生きていて嬉しいんだろ？」	
「だったら、ノヴァなんて代用品は捨てて	
ノエルとして接すればいいじゃないか。」	
「ふざけんなッ！俺はッ！	
ノヴァもッ！ノエルもッ！大事なんだッ！」	
「どっちも犠牲にはしねぇッ！	
どっちも助けてみせるッ！」	
黙れ。ノエルを	
みごろ	
見殺	
しにした君に	
そんな言葉を言う資格は無い。」	
交渉決裂だな。	
めざわ	
目障	
りだ。早く僕の前から消えろ。」	
ああ。次会ったら、	
この俺がぶっ殺す。	
首を洗って待ってやがれフェイリクス。」	
「あ、ちょっと待ってくださいッス！	
川島さーん！」	
「君はノエルだ。ノヴァじゃない。	
まが	
い物の人格を捨てて	
ノエルに戻っておくれよ。」	
お前がそんなだからノエルさんは	
川島さんに魅かれたんスよ。」	
「自業自得ッス。	
いつまでもガキみたいに他人のせいに	
してんじゃねーッス。」	
ノエル。君はいつもそうだ。」	
どうしてわかってくれないんだ。」	
フェイリクスの説得に失敗した俺達は	
さっさと帰ろうと昇降口にやって来た。	
すると、	
そこには見知った学生が倒れていた。	
ノヴァ。間違いなく	
何事も無くスルーするぞ。」	
ラジャッス。」	
そそくさと通り過ぎようとすると	
倒れている学生に足を掴まれた。	
倒れている学生	
ど、どうして無視をするんだ。	
君達には人の心が無いのか？」	
くそっ。やはり厄介事に巻き込まれた。	
観念した俺は倒れている学生に話しかける。	
「よー。誰かと思えばメガネくんじゃねーか。	
そんなところで昼寝か？」	
確かにメガネは掛けているけど	
だよ。」	
「君にはこの状況が昼寝をしているように見えるかい？	
どう見ても殴られて地に伏しているじゃないか。」	
ボコられてぶっ倒れてるわりには	
元気に喋るじゃねーか。」	
正直、ミリも興味無いんスけど	
一応聞きますが、何があったんスか？」	
さん、	
何て冷たい事を言うんだ。	
君には血が通ってないのかい？」	
まぁ、ノヴァはオートマタだから	
実際血をは流れてはいない。	
れいけつ	
冷血	
というわけではなく、	
ガチで花咲に興味が無いのだろう。	
「実は僕は今まで三年生の	
ずっとパシりとしてコキ使われて来たんだ。」	
「けれど、機巧院さんがこの前、	
カードハンターに勝利して	
僕のデッキを取り返してくれただろう？」	
「僕はその時思ったのさ。	
僕も君と同じ	
の学生に過ぎない。僕だって	
その気になれば何でも出来るんじゃないかってね。」	
「ニートは誰だってそう言うぞ。」	
「しっ。川島さん、余計な事言わない。」	
「だから、僕は	
なけなしの勇気を振り絞って	
大道寺先輩にデュエルを挑んだんだ。」	
「僕がデュエルに勝ったら、	
大道寺先輩のパシリから	
足を洗うという名目でね。」	
「けれど、結果はこの通りさ。	
僕はデュエルで負けて、デッキを奪われたあげく	
反抗した	
にボコボコにされてしまったんだ。」	
「すがすがしいほどに	
予想通りに負けるなこいつ。」	
「しかも、大道寺先輩に	
罰金として	
万円を支払えって	
きょうかつ	
恐喝	
されてるんだ。」	
万円を払わなければ	
僕の命よりも大事なデッキは	
僕の目の前で燃やされてしまうらしい。」	
「な？酷い話だろう？」	
「だからお願いだよ。	
こんな僕に同情するなら	
万円貸してくれないかい？」	
「おいっ！お前！	
言うに事欠いて金貸せだと	
ンな事	
「同情するなら金をくれパーンチッ！！！」	
な右ストレートを顔面に受けた	
花咲はゴムボールのように	
吹っ飛び昇降口の下駄箱に激突する。	
「ちょ、え	
さすがにやり過ぎでは	
最初にボコられてた時より	
悲惨な状態になっているが	
死んだか？	
「うぐぐ	
い、痛いじゃないか	
いきなり何をするんだよ！機巧院さん！」	
「見損なったぞ！花咲！	
いきなり同情を煽り金を貸せだと！？」	
まぁ	
以前の助けた恩も忘れて	
このクズムーブじゃ	
さすがのノヴァもキレるよな。	
「そ、それの何が悪いんだ！	
僕は被害者だぞ！？」	
「『同情するなら金をくれ！』だろうがッ！	
『金を貸せ』だなんてヒヨってんじゃねーッ！」	
「え？キレてる理由、そっち？」	
「今更、良心の	
かしゃく	
呵責	
さいな	
まれるな！	
金をせびるなら、すべてを他人のせいにして	
徹底的に被害者に徹しろッ！」	
「中途半端が一番タチが悪いッ！	
同情ってのはな！頭を地面に擦り付け	
どろみず	
泥水	
すすりながら金を恵んでもらうしかねぇんだよッ！」	
何もそこまで	
ぼ、僕は命より大事なデッキを	
取り返したいだけで	
何勘違いしてるんだ？」	
かね	
いのち	
より重いッ！！！」	
ッッッッ！！！！」	
「金を手に入れるって事は	
それだけの代償を支払うって事だ。	
だからテメーは一生負け犬なんだ。」	
負け犬？」	
ノヴァさん？	
なんかキャラ変わってません？」	
前から金への執着心が異常だと思ってたが	
完全に地雷踏んじゃってるじゃんコレ。	
僕は心のどこかでお金を軽んじていた。	
それはきっと僕が裕福で贅沢な生活を送って来たからだ。」	
「僕は今の状況にあぐらをかいて、	
お金の価値を自分のデッキより下に見ていた。	
本来、お金は命より重いものだったのか。」	
お金もデッキも	
命には代えられないと思うんだけど。	
しせいかん	
死生観	
おかしいよ。」	
「行くッスよ。花咲さん。	
アンタに見せてやるッス。	
の誇りってやつを。」	
？行くってどこに？」	
「アンタのデッキと誇りを奪った奴の元ッス。」	
大道寺	
「花咲か。	
金は持ってきたんだろうな？」	
「い、いえ	
この方	
大道寺先輩にお話があるとかで	
おい、メガネ。	
何急にペコペコ	
たにんぎょうぎ	
他人行儀	
になってんだ。	
さっきの威勢はどうしたよ。」	
「ン？何だお前らは？」	
「アンタが大道寺さんッスね。	
花咲さんから話は聞いたッス。	
何でもデッキを奪い金銭を要求しているとか。」	
「フン。花咲が生意気にもこの俺様に盾突くからよー。	
ちょっとお	
きゅう	
えてやっただけだ。	
万円で許してやろうってんだ俺も優しいだろ？」	
「わざわざここに来たって事はよー。	
まさかお前らがこいつの代わりに	
金を払うってのか？	
万をよ。」	
「ここに倍の	
万があるッス。」	
「！」	
「え！？」	
「い、いつのまに！？」	
「ほー。気前がいいじゃねぇか。	
さぁ、そいつを渡してくれよ。」	
「いや、タダでは渡さないッス。	
この金を掛けて	
デュエルしろよ！」	
何ィ？デュエルだぁ？」	
「アンタが勝てばこの金はやるッス。	
ただし、自分が勝てば花咲さんの	
デッキの返却と自由を要求するッス！」	
「なるほど。つまりテメーは	
花咲が金で雇った	
ってワケか。」	
「自分で逆立ちしたって勝てないからって	
代わりのヤツを寄越すなんてとんだ腰抜けだぜ。」	
「確かに花咲さんはクズで腰抜けッス。	
そこは否定出来ない事実。」	
「機巧院さんっ。	
別にそこまで言わなくてもいいじゃないかっ。	
君はどっちの味方なんだいっ！？」	
急に味方から	
はしご	
梯子	
を外されるなんて	
哀れな花咲である。	
「まぁ、俺は別にいいぜ。	
テメーにデュエルで勝つだけで	
倍の	
万が手に入るんだからよー。」	
「気を付けて！機巧院さん！	
大道寺先輩のデッキは僕がパシリで	
かき集めたカードで強化されているんだ！」	
ッ。その通り。	
カードハンターに狩られたデュエリストは	
その場で倒れカードがばら撒かれる。」	
「花咲には敗北したデュエリストから	
カードを回収するパシリをさせていたのさ。」	
「敗北者のカードを漁るだと	
なんてハイエナみてぇな事をしてやがるんだッ！	
花咲のクソ野郎はッ！」	
「ぼ、僕は命令されただけだっ！	
僕は悪くないっ！」	
この期に及んで言い訳とは	
まさにクズの	
あまた	
数多	
のレアカードで	
強化された俺のデッキに勝てるやつはいねぇ！	
テメーに万に一つも勝ち目はねぇ！」	
のうが	
能書	
きはいい。	
とっとと始めるッス。」	
「ケッ。まだ自分の立場がわかってねぇようだな。	
いいぜ。わからせてやる。」	
「俺様の圧倒的な超重量級パワーデッキでなぁッ！」	
「先行は自分ッス！」	
墓地に送り	
「ほう。攻撃力	
上級モンスターを召喚したか。」	
』を主軸にした	
ヒーローデッキといったところか。」	
「その通り！	
自分のヒーローデッキは『	
速攻召喚でビートダウンを狙うデッキッス！」	
「だが、パワーなら俺の	
どくだんじょう	
独壇場	
だ！	
俺のターン！ドロー！」	
「手札から『ヘビー・クレーン』を召喚！」	
「『ヘビー・クレーン』の効果発動！	
このカードを墓地に送る事で、デッキから	
『ヘビー』モンスターを特殊召喚する！」	
「俺はデッキから『ヘビー・ショベル』を	
特殊召喚！」	
「さらに手札から『ヘビー・コンテンサー』を発動！	
『ヘビー・ショベル』の攻撃力を	
倍にする！」	
「何ィ！？	
いきなり攻撃力	
のモンスターだと！？」	
ッ！どうだ！	
これが初手からパワー全開の	
モンスターを展開する『	
じゅうき	
重機	
』デッキだ！」	
「行けえ！『ヘビー・ショベル』！	
「ぐわあー！	
』がやられたッ！」	
「まだだ！『ヘビー・コンテンサー』の効果を受けた	
『ヘビー・クレーン』がモンスターを破壊した時、	
『ヘビー・ブルドーザー』に進化するッ！」	
「そして、進化した『ヘビー・ブルドーザー』には	
まだ攻撃権が残されている！」	
「行けえッ！『ヘビー・ブルドーザー』！	
プレイヤーに	
「ぐわあああああーーーーッ！！」	
「はっはっは！もはやお前の虫の息！	
このまま	
ひね	
り潰してやるッ！」	
っ。やっぱり駄目だ	
大道寺先輩の超重量級パワーデッキの前に	
機巧院さんは手も足も出ない	
「大道寺先輩に挑んで	
げこくじょう	
下剋上	
を狙うなんて	
むぼう	
無謀	
だったんだ	
っ。僕達は強者に絶対	
あらが	
えない	
この世界はそういうシステムになっているんだよ	
「黙れ	
「え？だ、黙れ？	
今黙れって言った？機巧院さん？」	
「黙れよメガネ	
まだ、自分は負けていない	
こんなところで諦めるわけにはいかない	
「もう無理だよ	
っ。君の場のモンスターはゼロ、	
ライフは虫の息。」	
「対して、大道寺先輩の場には	
の超パワーモンスターが健在。	
そんな状態で勝てっこない	
「そうやって何でもかんでも弱気になって	
諦めてるから	
さくしゅ	
搾取	
され続けるんだ！	
もっと勝ちに行け！勝利に	
どんよく	
貪欲	
になれ！」	
「自分は勝つ	
！絶対に	
見せてやる	
！勝利へのロードをッ！」	
「何ィ	
！？フィールドと	
墓地のモンスターで	
だとォ！？」	
「だが、攻撃力	
じゃ	
俺の攻撃力	
の『ヘビー・ブルドーザー』を	
倒す事は出来ないぜ！」	
カードオープン！	
『ヒーロー・バインド』発動ッ！」	
「このカードはフィールドの	
モンスター	
体の攻撃力を強制的に	
にするッ！」	
「当然、『ヘビー・ブルドーザー』を選択する！」	
「何ィ！？俺の『ヘビー・ブルドーザー』の	
攻撃力が	
に下がっただとォ！？」	
「行けえッ！『	
『ヘビー・ブルドーザー』に攻撃ッ！」	
「お、俺の『ヘビー・ブルドーザー』が	
破壊されたぁッ！？」	
「まだだッ！『	
戦闘で破壊したモンスターの元	
ダメージを相手プレイヤーに与えるッ！」	
「『ヘビー・ブルドーザー』の	
のダメージを受けろッ！	
スパークブラスターッ！」	
「ぐ、ぐわああああああーーーーーッ！！！」	
「お、俺の超重量級パワーデッキが	
負けただとぉおおおおおーーーッ！！！」	
「自分の勝ちッス。	
約束通り、花咲さんのデッキと	
身柄は返してもらうッスよ。」	
「クソ	
テメー	
ま、まさかカードハンターをやったっていう	
謎の	
っ。まさかウチの学園に	
が居たとはな	
誤算	
だったぜ	
「さあ、花咲さん。	
これでアンタは自由ッス。」	
「ありがとう。機巧院さん。	
大道寺のヤツから無事デッキも取り戻せたよ。」	
お前、ドサクサに紛れて	
いつの間にデッキをくすねて来たんだよ。」	
目にも止まらぬ	
はやわざ	
早業	
パシリのし過ぎで息を吸うように	
スティールしてやがる。	
「機巧院さん。	
どうしてまた僕を助けてくれたんだい？	
僕は君からお金をせびろうとしていたのに。」	
「花咲さん。アンタには	
の誇りと	
金の大切を知って欲しかったんス。」	
の強さはプレイヤースキルと	
デッキ強化に掛けたお金。どちらも大切で	
どちらが欠けてもダメなんス。」	
「普通、この手の話の流れって	
お金より大切なものがあるとか	
教えるのが王道パターンじゃないのか	
僕は裕福な家庭で何不自由なく育ったから	
お金のありがたみがわかっていなかった。」	
「機巧院さんが気付かせてくれたんだ。	
お金は命より重いって事をね。」	
「そうッス。その言葉忘れずに。」	
「もう大道寺のような奴らから	
搾取されてはダメッスよ。	
そのデッキは飾りじゃないんスから。」	
僕はこれからありったけのお金を注ぎ込んで	
このデッキを強化するよ。誰にも負けないようにね。」	
「おかしい	
。何かがおかしい	
こうしょう	
交渉	
けつれつ	
決裂	
「ああ。奴の心は過去のノエルに	
われ続けている。	
もはや現実を見ていない。	
話し合いに応じる余地はどこにも無い。」	
「だから、言ったじゃないッスか。	
フェイリクスは始末するしか選択肢は無いんスよ。」	
結果的にはそうなったが	
お前の思考は	
たんらくてき	
短絡的	
過ぎるぞ。」	
「でも、交渉決裂した理由がノヴァさんを	
ないがしろにされて川島さんがブチ切れたってのが	
とてもハートフルですよねえ。」	
「川島さんはそれほどノヴァさんの事が	
大事だったって事ですねえ。	
素敵なお話を聞いて私、感動しちゃいました。」	
天道がニヤニヤしながらわざとらしく	
べた褒めしてくる。こいつが言うと	
本気なのか嫌味なのか判断付かない。	
「あー。せっかくの胸キュンイベントだったのに	
天道さんに言われるとなんか安っぽくなるんスよねえ。	
ちょっと黙っててくださいッス。」	
「ひどいっ。私はお二人を応援しているというのに	
この扱い。悲しいです。しくしく。」	
「うぜー。」	
「貴様ら。	
事あるごとに茶番を始めるな。	
ていれいほうこくかい	
定例報告会	
が進まんではないか。」	
「あ、これ定例報告会だったんだ。」	
「真田警部の前で浮いた話はご	
はっと	
法度	
ご本人が	
おんな	
が無いことを	
気にされているので。」	
天道がわざと	
真田に聞こえるように耳打ちしてくる。	
「天道貴様、	
それはこの私に対する	
「いえいえ、心配なさらなくても	
今度、新人警官の娘を何人か回しておきますよ。	
この天道にお任せを。」	
「くだらん気を回すな！	
貴様のせいでいらん噂が立って迷惑してるのだ！	
いい加減にせんかっ！」	
「まぁ、実際、	
真田警部って新人警官から怖がられてるから	
もう少し	
あいそ	
愛想	
よくした方がいいッスよ。」	
「そ、そうなのか	
私はそのようなつもりは無いのだが	
「そういえば最近新人達から	
避けられている気がするがそのせいなのか	
い、いやそんなはずは	
「おい、真田ー。	
定例報告会はどうしたー？」	
「ム	
話を戻そう。」	
「して、フェイリクスとの交渉決裂。	
残る選択肢はフェイリクスを捕獲するほか	
無くなってしまったわけだ。」	
「ですが、フェイリクスさんは	
聖皇学園の生徒達を洗脳し、	
人質にしてしまっている。」	
「こちらからは	
手出し出来ないんですよねえ。」	
「むむむ。そこが	
なんぎ	
難儀	
だな。	
何か手は無いものか。」	
「ええい！面倒だ！	
もうこの際、強行突入してフェイリクスを	
始末しちまいましょうぜ！」	
「ダメだダメだッ！絶対ダメだっ！	
ユリ姉に危害が及んだらどうする！？」	
「ユリ姉に万が一の事があったら	
「うわあああああああああーーーーーーッ！！！」	
「落ち着け！	
一体、どうしたというのだ！」	
「あー。いつもの	
ほっさ	
発作	
ッス。	
川島さんは重度のシスコンなので	
ユリせんせーに何かあるとすぐ取り乱すんスよ。」	
「まだ何も起きて無いのに	
思い込みだけでここまで発狂するなんて	
すごい想像力ですねえ。」	
「ユリ姉ッ！ユリ姉ッ！	
俺はッ！俺はあああああああーーーッ！！！」	
ユリ姉への思いの	
たけ	
を叫び続けていると	
突如俺の頭が胴体から射出され	
地面に俺の頭が転がった。	
「な、何ィ	
く、首が飛んだ	
「おろ？川島さん。	
頭外れてるッスよ。」	
え？何コレ？	
何で俺は俺の胴体を見てるの？」	
「うわ。首だけになっても喋れるんですねえ。」	
「しかし、急にどうした事だこれは	
「騒がしいので川島の頭をパージした。」	
「おー。ドクター。	
はろはろー。」	
「影山。」	
「おやおや。影山さんが	
わざわざここにいらしたという事は	
もしかして？」	
「ああ。フェイリクスの件、私に策がある。」	
「何？詳しく聞かせてもらおう。」	
「君達はフェイリクスに	
洗脳された人質が居るせいで	
手出しが出来ない。そうだな？」	
「ああ。それが出来れば苦労は無い。」	
「フェイリクスの洗脳は本来、	
奴に備わっている能力ではない。	
外部から供給された電磁パルスを制御してるに過ぎん。」	
どういう事だ？わかるように説明しろ。」	
外部に設置された洗脳装置を使用して	
生徒達を洗脳している。」	
「そして、洗脳範囲が学園全体となると	
それだけ大規模な洗脳装置が必要だ。	
それこそ大型の機材が設置、運用が出来る施設内に。」	
「つまり、どこかに存在する洗脳装置を	
破壊さえしてしまえばフェイリクスに	
洗脳された生徒達は正気に戻るという事だ。」	
なるほど。洗脳装置の捜索と破壊か。	
それで人質が自由になれば心置きなく	
フェイリクスを確保出来るというものだ。」	
「確かに洗脳装置でも使わない限り、	
学園の生徒全員を洗脳って無理がありますよねえ。」	
「なにせフェイリクスが乗っ取ってるのが	
よりによって川島さんの身体ですからなあ。」	
おい。よりによってってなんだ。	
俺の能力が極端に低いみたいに	
言うんじゃねーよ。」	
まぁ実際、洗脳能力なんて持ってないんだが。	
「よし。洗脳装置を見つけ出し	
破壊する作戦で行くとしよう。」	
「では、洗脳装置の設置場所を捜索する班と	
探し出した洗脳装置を破壊する班で	
ふたて	
二手	
にチームを分ける。」	
「洗脳装置の捜索班は天道だ。」	
「え。私ですか？」	
「洗脳装置の破壊班は機巧院と川島だ。」	
「ラジャッス。」	
「くそっ、しょうがねぇな。	
それでユリ姉が助かるならやってやるよ。」	
「ふむ。大枠の方針は固まったようだ。」	
「いやいや。ちょっと待ってくださいよ。」	
「私、管理職でしばらく現場に出て無いんですけど。	
それに捜索班とか言いつつ私一人ですし。	
班じゃないですし。」	
「貴様は管理職という地位に甘んじて	
まるで身体を動かしていないではないか。」	
「丁度いい機会だ。管理職で	
なま	
った身体を	
現場で少しは使えるように戻して来い。」	
「捜索班が私一人の理由を教えてもらってないんですけど。」	
「機巧院と川島は	
天道が洗脳装置を見つけるまで待機だ。	
破壊任務に備えて身体を休めておけ。」	
「やったぜ！休暇だー！」	
「以上で作戦会議を終了する。	
全員解散。」	
「私に出来るアドバイスはここまでだ。	
後は君達次第、健闘を祈る。」	
「さーて、帰ってなにしよっかなー。」	
「ちょっ、真田警部？	
マジで私一人で捜索するんですか？」	
「オオオオオオーーーーイ！！	
俺の頭！俺の頭戻してから帰れよっ！！」	
「というわけで、	
レトロゲーム挑戦シリーズ	
『すーぱーまるおブラザーズ』でしたー。」	
「ノヴァちゃんのてへペロなゲームプレイは	
お楽しみ頂けましたかなー？」	
「お！ギフトチャットあざまーッス！」	
「ささ、ギフチャ送るならここですぞ！	
どんどんウェルカム！」	
「おおおおー！コメ欄が真っ赤になっておる！	
今日も大盛況で回っておりますよー！」	
「ギフトチャットありがとございまーッス！」	
「当チャンネルは皆さんのギフトチャットに	
支えられております。感謝感謝。へへへ。」	
「さてさて、皆さん。	
また次の配信で会いましょー。」	
「ばいばーいッス。」	
「ふー。今日のお仕事終わりっと。」	
「うわ。今の配信の	
どうせつ	
同接	
人とか	
こじんはいしんしゃ	
個人配信者	
と思えない視聴者数だな。」	
「ふっふっふ。『ノヴァちゃんねる』が	
大人気ちゃんねるだという事が	
おわかり頂けましたかな？」	
「ただ、ゲームしてる様子を	
垂れ流してるだけなのに	
何でこんな見に来る奴らが居るんだよ。」	
「ゲーム攻略に	
ふんとう	
奮闘	
する	
の現役	
ノヴァちゃんの日常に皆さん	
きょうみしんしん	
興味津	
ゲーム観に来てるわけじゃねーのかよ。」	
「ゲーム目的で観に来たリスナーさんも	
ノヴァちゃんの魅力の	
になり以降は	
ノヴァちゃん目当てで観に来るのですよ。」	
「ノヴァちゃんホイホイかな。」	
「さて、一仕事したし、	
オナペコですなー。」	
「お腹ペコぺコな。変な略し方をするな。	
なんか	
ひわい	
卑猥	
だろ。」	
「一番いいミースパを頼む。」	
ミートスパゲティな。	
すぐ作るから待ってろ。」	
「ほーい。」	
「つーか、フェイリクスが設置した	
せんのうそうちはかいさくせん	
が控えてるってのに	
こんなのんびりしてていいのか？」	
「別にいんじゃないスかー？	
真田警部が休んでろって言ってたしー。」	
あれは待機命令だった気がするが。」	
「川島さんって意外と真面目なトコあるッスよね。	
いや、潜在的に	
しゃちくせいしん	
社畜精神	
そな	
わってるというべきッスか。」	
「まぁな。俺は家でも学校でもユリ姉の	
教育的指導のおかげでいつでも社会に	
適用できる人材に育て上げられてるからな。」	
「ユリせんせーの教えは	
しゃちくいくせいほう	
社畜育成法	
だったんスか。	
担任クラスの生徒全員が社畜と化してしまうっス。」	
「ユリ姉の生み出した社畜達が卒業し	
野に放たれれば企業の生産性は	
爆上がりするだろう。」	
「川島さんみたいな	
しゃかいふてきごうしゃ	
社会不適合者	
まず就職できるのかが問題ッスね。」	
「俺は聖皇学園の教師になりたいな。	
今と同じようにユリ姉と	
一緒に学園ライフを送るんだ。」	
「高校教師は任期があるから、	
ずっと同じ学校に留まれないはずッスけど。」	
「え！？そうなの！？」	
「じゃあ、俺が任期システムを破壊するか	
ユリ姉の異動先に一緒にくっ付いていくわ。」	
「シスコンっていうか、	
ただのストーカーじゃねーか。」	
「ところでさっきから	
何のゲームしてるの？」	
「神カードゲーム『ソード	
ブレイカー』、	
通称ソーブレの携帯機向けゲームッス。」	
紙のカードゲームでは飽き足らず	
ゲーム機でもそれやってんのかよ。	
どんだけデュエル好きなんだよ。」	
「ゲーム版だとゲーム内通貨で自由に	
デッキ組めるからリアルで持ってないカードの	
デッキレシピを試したり出来るんスよね。」	
「ゲーム内でシミュレーションして	
バチッとキマったらリアル側のデッキも	
調整加えて完成度を高めて行くんス。」	
「そうやってデュエリストは	
ゲーム	
仮想	
リアル	
現実	
が交差して	
強さを増していくんスよ。」	
お前ら	
とやらが	
ゲームもリアルも金をつぎ込んで	
運営会社から	
されているのはわかったわ。」	
さっき配信中にも別ゲーやってたし	
お前ほんとゲーム好きなのな。」	
「ゲーム好きってのはそうスけど、	
配信中にやってた『まるおブラザーズ』は	
クソゲーだから口直しに今神ゲーしてるんスよ。」	
「は？何でわざわざクソゲーなんかやってんだよ。」	
「クソゲーにはクソゲーからしか	
得られない栄養素があるんスよ。」	
りふじん	
理不尽	
な難易度、	
はたん	
破綻	
したシナリオ、	
チープ過ぎるグラフィックに演出、	
わけのわからないバグの数	
「そういったツッコミどころ満載なゲームに	
あくせんくとう	
悪戦苦闘	
しながら挑戦する配信がリスナーと共に	
盛り上がるエンターテインメントになるんスよ。」	
「そして、そういった苦難を乗り越えた先に見た	
エンディングこそがまさに感動的で	
最高のドラマを生み出すんス。」	
「自分はそんな光景を見たいんス。	
リスナー達と駆け上がるクソゲーの高みを。」	
「なんかすげー感動的コンテンツみたいに言ってるけど	
お前がクソゲーをおもちゃにして視聴数稼いでる	
クソゲーハンターだというのはわかった。」	
「よし。飯出来たぞ。」	
「うほーい。待ってました。」	
「うーん。デリシャス。	
やはり朝食はミートスパゲティに限りますなー。」	
「朝食っていうか、	
ガチで毎日三食ミートスパゲティとか	
絶対飽きるだろ。」	
「ところがどっこい。	
まったく飽きないのですなー。」	
「こっちはいつも同じレパートリーだから	
作るの楽でいいけどな。	
いや、しかし栄養が	
かたよ	
るのもよくないか。」	
「そもそもオートマタに栄養を	
気にする必要があるのか謎なんだけど。」	
は食事から	
せっしゅ	
摂取	
する栄養素によって	
微妙に変換するエネルギーが異なるんスけど、」	
「基本的にはエーテルコンバーターがイイ感じに	
栄養を分解して変換してくれるんで	
どんなメニューでも大体大差無いッスね。」	
「どちらかというと空腹を満たしたり	
味覚センサーで味を楽しむというのが	
主な食事の目的ッスかね。」	
「すげー。そんなとこまで	
人間に合わせてんのかよ。」	
「第三世代型は人間の	
コンセプトッスからね。」	
「器が人間に近いほど	
の同調率が上がるッス。	
だから、	
はソードブレイカーを使う為に	
第三世代型を採用した背景があるッス。」	
。オートマタによる	
ソードブレイカー使いの量産化計画	
「ノエルが剣魔が居ない世界を望んで	
自分から	
を受けた。」	
「結果としてノエルは命を落としてしまった。	
だけど実験によってノヴァが生まれたんだよな。」	
「ええ。ノエルさんが臨床実験を受けなければ	
死ぬことは無かった。けれどノエルさんが	
臨床実験を受けたから自分はここに居る。」	
「帝国重工の科学者は	
科学の進歩に犠牲はつきものと言いますが	
皮肉なものっすね。」	
それでも俺はノエルが	
選んだ未来は間違ってなかったと証明したい。」	
「だから、ノエルの選択を	
ノヴァが生まれた事を否定する	
フェイリクスは必ずぶっ倒す。」	
「そういう馬鹿正直なところに	
ノエルさんも惹かれたのかもしれないッスね	
「もちろん自分も	
「任せろ。お前らが俺を好きになってくれた事、	
絶対後悔させねーからよ。」	
気持ちいいぐらいの	
をきりますなあ。	
なかなか言える事じゃないッスよ。それ。」	
大真面目に言ってんだけど。」	
この話をしていて思い出した事があるんスけど。」	
「生体工学研究所で	
第三世代型の気になる資料を見つけたんスよね。」	
「気になる資料？」	
は人間の	
がコンセプト。	
ソードブレイカーを使う為に	
の同調率を上げるのが目的ッス。」	
「けれど、どうやら	
別の目的があるみたいなんスよね。	
その目的は	
人間の	
ぎたいか	
義体化	
「人間の	
「生身の人間が肉体を捨て機械の身体に乗り換える。	
つまり、オートマタとして生まれ変わるって事ッスね。」	
「人間だった奴がオートマタになるだって？	
そんな夢物語みたいな事、	
本当に出来るのかよ？」	
「いやいやいや。実際、	
今川島さんがまさにオートマタに	
なってるじゃないスか。」	
「あ！そういえば！	
俺、元人間だったわ！」	
何で人間だった事忘れてるんスか。	
いくらなんでも関心なさすぎでしょ生身の身体に。」	
「くそ	
フェイリクスの野郎	
俺の身体を奪いやがって、絶対許さねえ	
「今まで忘れてたのに思い出した途端、	
キレまくるのはどういうワケなんスか。」	
「そもそも何スけど	
「フェイリクスが川島さんの	
身体を奪ったって話、	
どうも不自然なんスよね。」	
「不自然って何が？」	
「生体工学研究所でフェイリクスの	
機体データを確認したんスけど、」	
「元	
シリーズは	
せいしんかんしょうよう	
精神干渉用	
の試作機として	
開発されたみたいッス。」	
「だから、フェイリクスが洗脳装置を使い	
を介して聖皇学園の生徒達を	
洗脳出来るのは	
うなず	
けるんスけど	
の人間とオートマタのボディを交換するなんて機能、	
シリーズの機体データにどこにも記載が無いんスよ。」	
つまりどういう事だ？」	
「カタログスペックだとフェイリクスが	
川島さんの身体を奪うのは	
不可能って事ッス。」	
「は？でも現に俺はオートマタになってるし	
奴は俺の身体乗っ取ってるじゃん。」	
「そう。だから不可解なんスよ。	
生体工学研究所のデータから導き出される結論。	
これは一体どういう事なのか	
「考えてもわからねー事は気にしてもしょうがねー。	
とりあえずフェイリクスの野郎が	
何かしてやがるのは確かだ。」	
「だから奴をぶっ倒せば何とかなるだろ。」	
そういう	
なところって	
強みでもあるッスよねー。」	
「馬鹿にしてんのか？」	
「褒めてんスよ。」	
「ふー。ごちそう様ッスー。」	
「食い終わった食器は流しに置いとけよ。」	
「さて、まだ昼前だな。	
久しぶりにのんびり出来る事だし	
どっか出かけるか？」	
「お！デートッスか！	
いいッスねー。」	
「早速着替えて来るッス。	
シュババ。」	
気が早いヤツ。」	
「お待たせ。待った？」	
「おろ？	
返事が無い	
しかばね	
「いやいや、普通に家からここまで	
一緒に来たのに何で駅に着いた途端に	
待ち合わせデート的な	
こしばい	
子芝居	
が始まるんだよ。」	
デートに待ち合わせは必須イベントッス。」	
「場面転換挟んでおけばユーザーには	
あたかも今、待ち合わせ場所に来たかのように	
演出する事が出来るんスよ。」	
「ユーザーって誰だよ。	
お前は誰に配慮してるんだ。」	
「よっし。待ち合わせイベントも	
無事終わった事ですし、	
早速、デート始めますかー。」	
「せっかくのデートなのに	
台本進行みたいな進め方やめて。」	
「じゃじゃーん！	
デートと言えば映画館！	
まずはここで映画鑑賞ッス！」	
「ここで何を観るんだ？」	
よくぞ聞いてくれた。」	
「今、絶賛上映中の	
『劇場版ソード	
むげんデュエルへん	
無限決闘編	
これを観るッス！」	
あのカードゲーム、	
映画化もしてんのかよ。」	
「ゲーム、アニメ、映画、コミック、舞台などなど！	
幅広いメディアミックスを積極的にやっている	
覇権カードゲーム『ソード	
ブレイカー』！」	
「そんな人気絶頂の中、公開された劇場版は	
既に観客動員数	
万人、	
こうぎょうしゅうにゅう	
興行収入	
億円突破の	
かいしんげき	
快進撃	
を続けているッ！」	
全国	
万人もノヴァや花咲みてーな	
が居るのかよ。	
狂ってるよ。この世界。」	
「ちなみに自分はこの映画を観るの	
今日で	
週目ッス。」	
「何で同じ映画何度も観てんだよ	
「ソーブレの映画を観ると	
入場者プレゼントとして非売品のカードが	
ランダムに	
枚貰えるんス。」	
「なので、我	
お目当てのカードを引き当てる為、	
何度も映画館に足を運ぶのですなー。」	
「驚異的な観客動員数と興行収入の裏には	
ヘビロテ	
されているという闇があったわけか。」	
「強さを求めれば求めるほど	
お金が掛かるのは宿命なのですよ。」	
「デュエルとは札束での殴り合いだったのか。」	
「ささ、それじゃ早速チケットを買いましょー。	
ソーブレ、ソーブレー。」	
鼻歌混じりにチケット売り場に	
進むノヴァの方向を見ると	
とある上映中の映画ポスターが写り込んだ。	
「こ、これは	
『劇場版	
さいは	
最果	
ての	
しはいしゃ	
支配者	
のリバイバル上映じゃないかッ！」	
「ノヴァ、僕これ観たい。」	
「え？いや	
ソーブレの映画	
「僕、ザクロちゃん観たい。」	
「ソ、ソーブレが	
入場者特典のカードが	
「ザクロちゃん。」	
「ザクロ	
「あーはいはい！わかりましたよ！	
もうザクロちゃんでいいッス！	
今日はザクロちゃん観ましょう！」	
「やったああああーーーッ！！」	
「じゃあ、ザクロちゃんの	
チケット買ってくるッスから	
大人しくしといてくださいよ？」	
「わかった！」	
良かった	
良かったよぉ	
「魔力の	
こんげん	
根源	
を奪われ魔法少女に	
変身出来なくなったザクロちゃん。」	
「何の能力も無い一般人に	
成り下がってしまったザクロちゃんだけど	
友達を守る為、それでもたった一人で悪に立ち向かう。」	
「圧倒的な実力差！非力なザクロちゃんは	
雑魚戦闘員にすら歯が立たず	
じゅうりん	
蹂躙	
されてしまう！」	
「そんな大ピンチの時にマブダチの	
ミナちゃん、クロちゃん、サトコちゃんの	
熱いエールがザクロちゃんを奮い立たせる！」	
「そして覚醒ッ！ザクロちゃんは	
初めて魔力の	
に頼らず	
マブダチの力で魔法少女に変身するッ！」	
「感動	
ッ！圧倒的感動	
これぞまさに『友情！努力！勝利！』」	
「これだよこれ	
こういうのでいいんだよな	
「どうだノヴァ！？	
最高に面白かっただろ！？」	
「いや、長い。映画観終わった後の感想で	
どんだけ喋り続けてんスか。	
もう	
時間以上聞いてるんスけど。」	
「え、まだ	
時間でしょ？	
日中語られるよ？俺。」	
「ガチで勘弁してください。	
川島さんの感想タイムで丸	
日潰れるんスけど。」	
「俺は真面目な話をしているんだ。	
潰れるとか言うな。」	
「ノヴァ！オフのところ悪いんだけど	
ちょっとヘルプ入ってくれない？」	
「おや、何かあったんスか？」	
「急に団体さんが来ちゃって人手が足りないのよ	
ねぇ。お願い！	
バイト代弾むからさ！」	
「おやおや。バイト代が出るというのなら	
緊急出勤もやぶさかではないですなー。」	
「ホント！ありがとうノヴァ！	
じゃ、早く制服に着替えて！	
こっちこっち！」	
「ほいほーい。」	
「え？ザクロちゃんの話まだ途中なんだけど？」	
「川島さんは大人しく待ってようねー。」	
「え？俺放置？」	
「『メイドインヘブン』へようこそ！」	
「お帰りなさいませー。	
ご主人様達！」	
オタク客	
「ふおおおーーーー！こ、これは！	
『メイドインヘブン』人気ナンバーワンメイド！	
ノヴァ殿でござらぬかッ！」	
「な、なんと	
！ノヴァ殿といえば	
すいせい	
彗星	
の如く	
現れ一瞬にしてメイドカフェの頂点に	
期待の	
ちょうしんせい	
超新星	
「しかし、人気絶頂の	
さなか	
最中	
と姿を消し	
多くのファンが	
き悲しみ消えない	
を残した	
まさに閃光のような	
ごじん	
御仁	
ぶゆうでん	
武勇伝	
に事欠かない伝説のメイドであるノヴァ殿に	
まさか会えるとは	
ッ！これほど幸運に恵まれ	
この上ない喜びを得られるなど！かつてあっただろうか！」	
「感謝ッ！	
かんぷく	
感服	
でござるぅぅぅ	
「はいはーい。	
さっさと席に座りやがれッス。」	
「ふおおおーーー！この塩対応ッ！	
これッ！これでござるよやはりッ！」	
「この客を客として扱わないぞんざいな対応ッ！	
これこそがノヴァ殿の	
「まさか直接お目に掛かれるとはッ！	
この上ない喜びでござるッ！」	
「それでは団体様ご案内ー。」	
「ささ、ノヴァ殿に続くでござるー！」	
「いざ、参るでござるー！」	
「ほーい。お待ちどうさまー。	
ご注文の『ふわとろにゃんこオムライス』	
人前ッスー。」	
「あいや！ノヴァ殿！注文が違うでござる！	
せっしゃ	
拙者	
が注文したのは『マサムネハンバーグ』でござる！」	
「拙者は『ムラマサスパゲティ』でござる！	
全然違うでござるよ！」	
「うるせー！全部品切れ中だー！	
今出せるのは『ふわとろにゃんこオムライス』	
しかねーんだよ！我慢しろー！」	
「なんという	
おうぼう	
横暴	
これぞまさしく	
ぼうくん	
暴君	
しょぎょう	
所業	
「こ、これが伝説の人気ナンバーワンメイド！	
なんと	
あらあら	
しい対応か	
「だが、それがいい	
「それでは美味しくなる魔法をかけまーす。」	
「それでは皆さんご一緒にー！」	
ノヴァ・オタク達	
「団体様お帰りでーす。」	
「行ってらっしゃいませ。	
ご主人様達ー。」	
「ふおおおおー！	
また行ってくるでござるー！」	
「再びこの地に帰ってくるでござる！	
ノヴァ殿に会う為に！」	
「ふー。やっと帰ったかー。	
やれやれだぜー。」	
「ノヴァ！お疲れー！」	
「さっすがノヴァ！	
全然腕は衰えてないみたいね！」	
「良いオタク	
さば	
きだったわよ！ノヴァ！」	
「ははは。それほどでもー。」	
「はい。それじゃこれバイト代ね。」	
「ありがたく頂戴致しまする。」	
「本当に助かっちゃったわ！	
ありがとうねノヴァ！」	
「ええ。お呼びとあらば即参上。	
皆さまのピンチに駆けつけるのが	
ヒーローでござるよ。」	
「では、自分はこれにて失礼。」	
「うん。また来てよねー。」	
「え？ちょっと待って？	
普通に俺、置いてく感じ？」	
「ったく、ノヴァの奴、	
俺を置いてさっさと店を出ちまいやがって。」	
「一体どこ行っちまったんだ？」	
俺がきょろきょろと辺りを見回していると	
ノヴァらしき人影を見かけた。	
ノヴァ？	
「あいつ。あんなところに居やがった。」	
「ノヴァ。こんなところに居たのか。」	
「お前なぁ。俺を放置した	
ナチュラルに置いて行くんじゃねーよ。」	
「ノヴァ？」	
ていげん	
提言	
。警告します。	
号のマスター。」	
お前、ノヴァじゃないな？」	
こうてい	
肯定	
。私は	
シリーズ、	
号機です。」	
「ドクターはあなたに	
しつぼう	
失望	
そして今回のルートを	
失敗だと思い始めています。」	
「は？誰だよ。ドクターって。」	
「これ以上、ドクターの期待を裏切るような事が	
あればドクターはあなたを排除し	
今回のルートのリセットをするでしょう。」	
しょうそう	
焦燥	
。今のドクターには	
あせ	
りが見えます。	
それだけ	
が当初の計画と比較し	
大きなズレが生じているのです。」	
「予測。我	
ドクターの命令が下れば	
あなたの排除を開始するでしょう。」	
「提案。ですが、あなたが生きたいと願うなら	
全力で抵抗し、一切の	
ちゅうちょ	
無く	
を破壊する事を推奨します。」	
破壊ってお前達をか？」	
。ご安心を。	
シリーズは例え破壊されても	
ふめつ	
不滅	
号が居る限り。」	
「警告はしました。	
さようなら。	
あれが	
シリーズ。	
本当にノヴァそっくりだったな。」	
「あー！川島さん！	
こんなところに居たんスか！」	
「おわ。	
シリーズってまだ居るのかよ。」	
「は？何寝ぼけてんスか。	
こちとら勝手に迷子になった川島さんを	
探して回っていたというのに呑気なもんスね。」	
「あ、これ本物だわ。	
つーか、元はと言えば	
お前が俺を置いてったからじゃねーか。」	
「そんな事より大変ッス！	
早くこっち来てくださいッス！」	
「お、おいっ！ノヴァ	
ノヴァは俺の腕を引っ張り、	
何処かへ連れて行く。	
ノヴァはささっと	
ものかげ	
物陰	
に隠れ、	
何やら様子を伺っている。	
何してんの？」	
「しっ。あれを見るッス。」	
ノヴァが指差す方向を見ると	
何やら見知った顔の二人組が居た。	
あれは。	
「今日は晴れて良かったね。	
ミーちゃん。」	
「ええ。とても良いお出かけ	
ね。	
アーちゃん。」	
「まるで私達二人を祝福しているかのような	
おあつらえ向きの日ね。」	
「そうね。きっとアーちゃんが	
晴れ女だからに違いないわね。	
さすが私の親友、アーちゃん。」	
「もう。ミーちゃんったらお	
世辞	
がうまいね。	
でもありがと。」	
「ふふっ。」	
「えへへっ。」	
だよな？	
何やら様子がおかしいようだが。」	
「いやいやいや！おかしいにも程があるッス！」	
「会う度に喧嘩をしている	
の仲ッ！	
はんぱつ	
反発	
しあう	
じしゃく	
磁石	
のような存在ッ！	
聖皇学園史上最悪のコンビッスよ！？」	
「あの二人が休日に仲良くお出かけしているなんて	
何かキメてるとしか思えないッス！」	
「し、しかも	
ッ！お互いを親友などと	
のたま	
い、	
ミーちゃん、アーちゃんと呼び合う超絶親身の距離感ッ！	
世界の	
きんこう	
均衡	
が今ッ！破壊されているんスよッ！」	
ノヴァがかつてない動揺を見せているが、	
確かに決して	
あいい	
相容	
れないであろう獅堂と盾守が	
仲良さそうにしているのは明らかに異常だ。	
「それじゃ早速だけどこの先の	
ショッピングモールに行きましょうか。」	
「うん。お洋服を見るのよね。」	
「ミーちゃんのお洋服、	
私が選んであげる！」	
「まあ、嬉しい。	
アーちゃんが選んでくれるなら	
絶対間違いないわ。」	
「えへへっ。任せて。	
さあ、行きましょう。」	
「うんっ。」	
獅堂と盾守は二人で仲良く手を繋ぎながら	
ショッピングモールへ向かっていく。	
完全にキャラ崩壊してるじゃねーか。」	
「二人の後をつけるッス。	
ちょうほうぶじきでん	
諜報部直伝	
の本物の	
びこうそうさ	
尾行捜査	
とくとお見せしましょう。」	
「学生相手にそんな	
でんか	
伝家	
ほうとう	
宝刀	
を抜いちゃっていいのかよ。」	
「あ、見て見て。	
この花柄のワンピースなんて	
ミーちゃんに似合うんじゃないかしら？」	
「そうね。全体的にはよさそうだけど	
私には地味過ぎるんじゃないかしら？」	
「そんな事無いわ！」	
「ミーちゃんは	
せいそ	
清楚	
でお	
やかな	
お姉さんタイプなんだからこれぐらい地味な方が	
バッチリ決まると思うの！」	
「確かに。アーちゃんがそう言うなら	
そんな気がしてきたわ。カラーリングも	
白で私に合いそうな気がするもの。」	
「そうそう。ミーちゃんは学園を代表する	
生徒会長さんだしやっぱりクリーンな	
ホワイトカラーがイメージにピッタリね。」	
「嬉しい。アーちゃんは私の事、	
何でもわかっているのね。」	
「あったりまえよ！	
私にミーちゃんの事を語らせたら	
右に出るものは居ないわ！」	
なんだろう。服の事を話してるはずなのに	
ちゅうしょうてき	
抽象的	
でふわふわしていて	
雲を掴むような話なんだが。」	
「明らかにその場のノリというか	
雰囲気で話してる感あるっスね。」	
「これまで犬猿の仲でバチバチだったせいで	
お互いの事を知らなさすぎる挙句、当たり障りの無い	
表面上の所でしか互いを褒められないという事ッスか。」	
「そこまでして仲良し感を演出する意味とは	
「それじゃアーちゃんが選んでくれた	
この花柄のワンピース買っちゃおうかなっ。」	
「それがいいわ！店員さん！	
一着お買い上げよ！」	
「花柄のワンピースですね。	
お買い上げありがとうございます。」	
「それじゃカードで	
「待って。ミーちゃん。」	
「どうしたの？アーちゃん。」	
「私が買ったげる。	
ミーちゃんへのプレゼントよ。」	
「ッ！あ、アーちゃん	
「う、嬉しい	
！そのさりげない優しさ	
配慮	
ッ！気遣い	
私、今キュンってしちゃった！」	
「ふふっ。サプライズで	
ミーちゃんを喜ばせたかったの。	
どうやらその様子だと大成功みたいね。」	
「うん	
っ。成功を通り越して	
もはや優勝	
ッ！優勝よ！アーちゃん！」	
「ありがとう。優勝トロフィー代わりに	
花柄のワンピースを贈呈させてもらうよ。」	
「それじゃ、カード一括払いで。」	
「承りました。	
「ところでお二人はとても仲が良いのですね。	
ご学友ですか？」	
「学友なんてもんじゃないわ。	
もっと上のステージに居るの。」	
「私達、マブダチだもんね。	
「うん。マブダチよね！	
「ねー。」	
何故あいつらは	
に互いの名前を呼び合うのか。	
しかもあだ名で。」	
あまりにも露骨な仲良いアピール。	
の驚くべき関係性を目の当たりにした	
はくちゅうむ	
白昼夢	
のような幻覚に憑りつかれているに	
違いないと。そう言い聞かせた。	
きっと俺達は疲れている。そうに違いない。	
疲れた心を癒す為、ショッピングモール内の	
ゲームセンターに来ていた。	
「いけぇええええーーーーッ！！	
ブリザルド・ソーマブレイドッ！」	
「甘いッ！	
エクセルインパクトッ！」	
「ぐええええーーーーーッ！！	
カウンター超必殺技だとぉおおおーーーッ！！！」	
ゲーセンに響き渡る	
俺の操作キャラはノヴァのカウンターを	
モロに受け地面に倒れ込む。	
「ブ、ブリュンヒルデーーーーッ！！」	
私の勝利	
くにへかえるんだな。	
おまえにもかぞくがいるだろう	
どこぞのキャラの勝利台詞を吐き捨てるノヴァ。	
俺達は今、世間でも最も人気がある対戦型格闘ゲーム	
『ソードファイターズ』で対戦をしているのである。	
「おいおい！俺の技の方が発生が早かったのに	
何で後出しでカウンター喰らうんだよ！	
クソゲーかよ！」	
「自分が使ってるスピードタイプのキャラ、	
エクセルハートは超必殺発動時に	
フレーム	
の無敵時間が発生するんスよ。」	
「なので、大抵の技の切り返しや	
起き上がり時のリバーサルなんかに	
効果的なんス。」	
「ず、ずるいぞ	
俺のパワー系女騎士ブリュンヒルデの	
超必殺技には無敵フレームなんてないのに	
「ブリュンヒルデは	
最下層の弱キャラ。	
パワーは高いがどの攻撃も大振りで隙だらけで	
扱いずらいんスよねー。」	
「何でわざわざそんな弱いキャラ使ってんスか。	
川島さん。	
りッスかー？」	
「う、うるせー！俺は	
たかびしゃ	
高飛車	
で自信満	
ブリュンヒルデってキャラが好きなんだよ！」	
「だというのに運営から見放されて	
性能が残念になっている	
ふぐう	
不遇	
キャラ	
「こんなに一生懸命なのに	
むく	
われないなんて	
可哀想じゃねぇか	
俺は救いたいんだブリュンヒルデをな	
「あー。川島さんって	
何か不遇系キャラ好きっスよね。」	
「自分と似た境遇に親近感が芽生えて	
感情移入してる感じッスか。」	
「え？お前の中では	
俺は不遇キャラ扱いなの？」	
「さあさあ。まだまだ手持ちのコインは	
残ってるッスよ。	
早くコンティニューするッス。」	
「手持ち	
ゲーム筐体のテーブルに積み上げられていた	
円玉のタワーが見るも無残に	
標高が低くなっている。	
そう。俺が負け続けてコンティニューする度に	
円玉を投入しているせいで	
あっという間にコインが枯渇していくのだ。	
反面、ノヴァは最初にコイン投入から	
全戦全勝。奴はこれまでにたったの	
円しか消費していない。	
弱者が	
され続ける現実。	
まさに格ゲーは社会の	
しゅくず	
縮図	
があってたまるか。	
負けられない。	
負けるわけにはいかない。	
絶対に負けられない戦いがここにある。	
「行くぞ！コンティニューだ！」	
「見せてやろうぜ！ブリュンヒルデ！	
、番狂わせ、	
ジャイアントキリングだ！」	
しょうこ	
性懲	
りも無くブリュンヒルデッスか。	
いいでしょう。すぐに『くっころ』にしてやりますよ。	
『くっころ』に。」	
女騎士であるブリュンヒルデは	
敗北すると『くっ	
、殺せ。』、	
通称『くっころ』ボイスがあるのだ。	
もちろんそのボイスは特定の層には	
ご褒美ではあるのであえて弱キャラの	
ブリュンヒルデを使う輩も少なくない。	
だが！	
俺達は勝つッ！」	
「行くぜえええええーーーーーッ！！」	
この後、俺は更に	
連敗した。	
ブリュンヒルデの『くっころ』祭り開催である。	
「くそー。結局、	
ノヴァに	
度も勝てなかったぜー。」	
またいつでも相手になってやるでござるよ。」	
「それまでに練習を積んでおく事ですなー。」	
「次は負けねーからな！」	
「おや？」	
「そうこうしているうちに	
日が落ちてしまいましたな。」	
「ああ。暗くなってきたし	
そろそろ帰るとするか。」	
「うーん！久	
のデート、	
随分	
たんのう	
堪能	
出来ましたなー。」	
「デートって何か	
あまず	
甘酸	
っぱいやつ	
じゃなかったっけ？」	
「それはアニメや映画の見過ぎですなー。	
真のデートとは	
二人で楽しい時間を過ごす事ッスよ。」	
「自分は今日はとても楽しい一日でした。	
川島さんはどうですかな？」	
「ああ。俺も楽しかったぜ。	
まったく想定してなかった	
劇場版ザクロちゃんも観れたことだしな。」	
「むー。	
今日楽しかったかと聞かれて	
映画の話するのマジでノンデリッスよ。」	
予想の斜め上の返答が返って来て	
ふまんげ	
不満気	
にむくれるノヴァ。	
ザクロちゃんに	
嫉妬するのちょっと可愛いとこあるな。	
「ははは。そう怒るなって。	
もちろんノヴァとメイドカフェに行ったり	
ゲーセンで遊んだりしてるのは楽しいよ。」	
「なんていうのかな、お前と居ると	
変に気を使わなくていいっていうか	
自然体で居られるのがいいんだよな。」	
「ふっふっふ。そうでしょう。	
自分と川島さんは	
の呼吸。	
相性バッチリなんスから。」	
「これも腐れ縁。	
マスター登録した時から	
長い付き合いッスからねー。」	
「川島さん事なら	
もはや手に取るようにわかるのですよ。」	
「マスター登録	
公園でのオートマタ暴走事件より	
ずっと昔に既に俺達は出会っていたんだよな。」	
未だに思い出せないが。」	
「まったくー。	
ノエルさんの事は思い出したのに	
何で自分の事は思い出してくれないんスかねー。」	
「やっぱり思い出すきっかけなのかな。」	
「ノエルの事はあいつと出会った場所、	
生体工学研究所に行ったことが	
きっかけで思い出す事が出来た。」	
「もしかしたらノヴァと初めて出会った場所に	
行ったら何か思い出せるかもしれないな。」	
残念ながらそれは無理ッスね。」	
「無理？」	
「自分と川島さんの出会いの場所、	
マスター登録をした場所。	
それはこの世界のどこにも存在しないんス。」	
この世界は	
だから。」	
今、見えたのは何だ？	
見たことのない光景	
はずだ。	
俺はあんな場所に行ったことはない。	
けど	
何故か、俺は知っている気がする。	
何なんだこの感覚は	
駄目だ	
。思い出そうとすると	
頭が割れそうに痛くなる	
「無理に思い出そうとしない方がいいッスよ。	
に都合の悪い情報へのアクセスが	
制限されているッスから。」	
「ロックされたセキュリティを	
無理に突破しようとすれば対象者の	
ダメージを受け、最悪廃人になるッス。」	
お前と影山は一体何を	
んでいるんだ？」	
の到達点。	
それは川島さん自身で確かめて欲しいッス。	
そうでなければ意味が無い。」	
「何故ならこの	
の鍵は	
とくいてん	
特異点	
である川島さんが握っているのだから。」	
「どういう結末を迎えるかは川島さん次第ッス。	
そして	
の未来も。」	
ってのは	
俺にはよくわからない。よくわからないが、	
俺のやる事は最初から何も変わらない。」	
「俺達の当初の作戦。	
人の学園アイドル攻略をし	
すれば	
その答えに辿り着けるんだな？」	
「そうッス。だから川島さんは	
このままヒロインである自分を攻略するんスよ。	
今日はその為のデートでもあるんスから。」	
「自分から攻略を	
うなが	
すヒロインってのも珍しいよな。」	
けいかくすいしんがわ	
計画推進側	
ッスからね。	
他の	
のヒロイン達とは	
立場が違うんスよ。」	
で片づけられる他のヒロイン達に	
反感を買う発言だぞ。」	
「兎にも角にも本来の計画で	
学園アイドル攻略に専念したいんスから	
いい加減フェイリクスの件を片付けないとッスね。」	
「ああ。フェイリクスのクソ野郎に	
ユリ姉が寝取られてる状態じゃ	
おちおちデートにも行けねーぜ。」	
川島さんだって	
フェイリクスに身体を奪われてるのに	
真っ先に気になるのがユリせんせーの事なんスね。」	
「あったりまえよ！ユリ姉は俺の唯一の家族、	
そして最強のお姉ちゃん！	
失う訳にはいかないのさ。絶対に。」	
「川島さんが超絶シスコンなのには	
ではあるんスけど	
ヒロイン側としては不安になるんスよね。」	
「家族愛が重いとかいうか、明らかに度を越えている。	
自分にとってユリせんせーが	
最大のライバルであるという事実に。」	
「俺は好きに正直なだけさ。」	
「馬鹿正直にも程があると言ってるんスよ。」	
記憶を失っていても本当にブレないというか	
根っこの部分は相変わらずッスね。」	
「さて、そろそろ帰りますか。我が家に。	
この後、深夜から配信もあることですし。」	
「うっそ。この後、配信やる気なのかよ。」	
「今日は伝説のクソゲー	
『すーぱーまるおブラザーズ』の	
エンディングを目指すんスよ。」	
「体力オバケか。」	
「忘れたんスか？	
オートマタは体力無尽蔵ッスよ。」	
「確かに。そういうところは良いよな。	
俺もオートマタになって	
ありがたみに気付いたわ。」	
「ま、オートマタのメリットは	
それだけじゃないッスけどねー。」	
「さーて、お仕事お仕事ーっと。」	
ノヴァは両手を頭の後ろで組みながら	
テクテクと駅に向かっていく。	
「ほら、川島さん。	
さっさと帰るッスよー。」	
「おうよ。」	
そして俺達は歩き出す。	
二人の帰るべき場所へ。	
「いきなり呼び出してなんだよ。真田。」	
「そうッスよ。こっちは	
ひばん	
非番	
で寝てたのに	
きんきゅうしょうしゅう	
緊急招集	
で叩き起こすとか	
迷惑極まりないッスよ。」	
「貴様らこそ何を勘違いしている。	
でも休暇でも無く	
待機命令を出したのだ。」	
「諸君に集まってもらったのは他でも無い。	
ついに我	
はフェイリクスが隠した	
洗脳装置の	
ありか	
在処	
を突き止めたのだ。」	
見つけたの私なんですが。」	
「天道さんが仕事した	
驚くとこそこなんですか？	
たまには仕事ぐらいしますよ。私。」	
たまにしか仕事しねーのかよ。」	
「天道、調査状況を報告しろ。」	
「はいはい。お任せを。	
「影山さんの推測通り、フェイリクスさんは	
洗脳装置を学園外の施設に設置していました。」	
「設置場所は	
から北西	
に位置する	
ていこくじゅうこうだいさんはいきしょりじょう	
帝国重工第三廃棄処理場	
「これは洗脳装置が発信する電波の最大距離が	
なのと	
装置を設置可能な機材、スペース、電力を割り出した結果	
この第三廃棄処理場が導き出されたという事です。」	
「ま、まじかよ	
天道がそんな賢そうな理屈から探し当てるなんて	
当てずっぽうで探したわけじゃないなんて	
「おやおや。私も随分と侮られたものですねえ。」	
「諜報部はどこかの刑事課みたいに	
体張って捜索なんてしませんよ。」	
「当然、理にかなった推論から答えを	
導き出しているのです。」	
「まぁ、ほとんどは影山さんの	
分析したデータを元に捜索範囲を	
絞っていますけどね。」	
「それで天道。影山の話では	
洗脳装置を破壊すれば人質達の洗脳が	
解けるとの事だが裏は取れたのか？」	
「ええ。第三廃棄処理場の洗脳装置の電波は	
常に聖皇学園に向けて発信されていて、」	
「フェイリクスさんの	
の周波数と	
一致したのを確認しました。」	
「洗脳装置を破壊すれば電波の発信は停止し	
聖皇学園全体に	
している洗脳状態は	
解除されるでしょう。」	
「なるほど。上出来だ。」	
「え？私今、真田警部に褒められました？	
いやー。これは私も次の給与査定、	
期待していいんですかねえ？」	
「貴様の勤務態度の悪さで減給していた部分を	
帳消しにしてやろう。」	
「それプラマイゼロじゃないですかあ。	
っていうか、勝手に減給しないでくださいよお。」	
「さて、捜索班の仕事は予定通り完了だ。	
次は洗脳装置の破壊班である	
機巧院と川島の出番だな。」	
「オーケーオーケー。	
やっと我	
の出番が回って来ましたなあ。」	
「俺達は	
に潜入して	
洗脳装置をぶっ壊せばいいんだな？」	
「ああ。それで人質は解放されるはずだ。	
お前達にとってはこの上なく	
シンプルな作戦であろう？」	
「その通り。潜入と破壊工作はお手の物ッスよ。	
ちゃちゃっとやって、ささっと帰ってくるッス。」	
「人質の	
ユリ姉の心配をしなくていいのは	
気が軽いぜ。まぁ、フェイリクスの野郎を	
ぶっ飛ばせねーのは癪だがよー。」	
の別動隊を学園に待機させ	
お前達が洗脳装置を破壊した同時に	
フェイリクスを確保する。」	
「なるほど。フェイリクスさんの近くには	
元斑鳩警察のユリヒメさんが居ますからねえ。」	
「洗脳さえ解除してしまえばユリヒメさんが	
フェイリクスさんを無力化するでしょう。」	
「そういう事だ。	
洗脳さえ無ければフェイリクスなど	
恐るるに足らず。」	
「今、フェイリクスは川島さんの身体を	
乗っ取ってるッスからねー。	
大した戦闘力も無いでしょうしね。」	
「え？何それ俺の戦闘力が低いって言ってる？」	
「よし。作戦内容は決まった。	
直ちに保護者説明会を執り行う。」	
「は？保護者説明会？」	
「忘れたのか？	
このフェイリクス捕獲作戦は	
カグヤ殿からの	
「そしてカグヤ殿のご	
そくじょ	
息女	
今やフェイリクスに洗脳され	
人質の一人となっている。」	
「早急にカグヤ殿に状況を説明し	
作戦の最終承認を得る必要があるのだ。」	
「そうそう。斑鳩警察は	
五月雨家、	
ちカグヤさんに	
頭が上がりませんからねえ。」	
「娘の為に国家権力を動かす力を持つ	
サツキの母親	
。これが究極の	
モンスターペアレントってやつか	
「あ、それカグヤさんに聞かれたら	
ざんしゅ	
斬首	
されるッスよ。」	
「天道。保護者に連絡しろ。	
保護者説明会の開催だ。」	
「わかりました。斑鳩警察署内にお呼びします。」	
「以上が本作戦の全容となります。	
保護者の方	
、質問があればどうぞ。」	
「なるほどねー。敵拠点に潜入し	
洗脳措置の破壊かー。これで人質が	
解放されるのはシンプルでいいわね！」	
「ええ。あくまで破壊工作がメインなので	
人質となっているお嬢様や他の皆さんが	
危険に晒されずに済むのは良いですね。」	
「人命救助優先の真田警部らしい作戦内容ね。	
解決まで時間が掛かり過ぎるのは難点だけれど	
今回は多めに見るとしましょうか。」	
「サツキが人質になっている状況が状況だけにね。」	
「オオメにミテヤルゾー。」	
「はっ。	
なお言葉痛み	
「おいおい。マジかよ。	
あの真田が頭下げてるよ。」	
「それだけカグヤさんの権力が	
上という事ですねえ。」	
「権力に屈する真田警部が見れるのは今だけ！」	
「作戦自体は悪くないわ。	
ただ、破壊工作を行う実行班は	
信用していいのかしら？」	
「任務達成率	
狙った獲物は逃さない。	
諜報部のエースである自分にお任せあれ。」	
「安心しな。壊すのは得意だ。	
洗脳装置だけとは言わず拠点ごと	
ぶっ壊してやるぜ。」	
不安ね。	
本当にあれに任せて	
大丈夫なのかしら？」	
「ご、ご安心を	
ああみえて諜報部でも実績のある者達です。	
必ずや作戦成功に導いてくれるでしょう。」	
「そら！お前達もアピールせんか！」	
「やる気あります！	
頑張ります！	
お客様は神様です！」	
「体力に自信あります！	
言われた事やります！	
仕事に文句言いません！」	
「あーあ。こりゃダメだ。	
カグヤちゃん、	
ますます不安になっちゃってる。」	
「コイツラ、	
バイトみたいな事言ッテルゾー。」	
「まぁ、パッと見、	
い二人組なのは事実ですからねえ。」	
ここはお二人に任せてみませんか？」	
ステラさん？」	
「カグヤさんも見たでしょう？	
あの二人の	
「あれほど息の合っていて	
誰よりも勝利に	
な二人組は	
なかなか居ません。」	
「この先、どんな困難が待ち受けていようとも	
二人ならきっと乗り越えて行けると思うんです。」	
「だからあの二人に託しましょう。	
この作戦の行く末、私達の	
聖皇学園の子供達の未来を。」	
「大丈夫だって！カグヤちゃん！	
ユートとノヴァちゃんならやれるよ！」	
「だって二人はオートマタなんだから！」	
まぁ、いいでしょう。	
どのみち他に選択肢は無いようだしね。」	
「機巧院さん、川島さん。	
あなた達に洗脳装置の破壊を任せます。」	
「ああ、任せろ。」	
「必ず成功させなさい。	
もし失敗してサツキにもしもの事があれば	
あなた達の首を刎ねます。文字通り。」	
カグヤは刀を掴み、	
俺達に向けて	
さや	
から刃を見せつける。	
この人、本気じゃん。	
本気で首持ってこうとしてるよ。	
頑張りまするでする、はい。」	
「絶対成功させます。	
まだ死にたくないので。」	
「川島さんなら	
くびは	
首刎	
ねられても平気なんじゃないですか？	
オートマタなんだし。」	
いや、なんだろう。	
カグヤに首跳ねられたらオートマタでも	
即死しそうな予感がするんだが。」	
あの殺気。そしてあの刀。	
を直接攻撃して来そうな気がするんだよな。	
「よし。カグヤ殿の許可も取れた。	
それでは	
せんのうそうちはかいさくせんかいし	
洗脳装置破壊作戦開始	
行きなさい。そして必ずやり遂げなさい。」	
「はっ！行ってくるであります！」	
せんのうそうちはかいはん	
洗脳装置破壊班	
！出動します！」	
「ガンバレヨー！」	
あ、いや。	
私が号令する役目なのだが	
「ドンマイ真田。	
カグヤちゃんに美味しいところ	
取られちゃったねー。」	
ノヴァさん、川島さん。	
お嬢様の事、どうかお願いします。」	
「天道さんの話ではこの廃棄処理場の	
中央制御室に洗脳装置が	
設置されてるらしいッス。」	
今回の作戦はなんとか中央制御室まで	
潜入して洗脳装置をぶっ壊せばいいんだな。」	
「ええ。そうすればフェイリクスの洗脳が解け、	
の外で待機してる	
いかるがけいさつべつどうたい	
斑鳩警察別動隊	
無力化されたフェイリクスを確保するって	
すんぽう	
寸法	
「それじゃあ、破壊班の俺達が	
しっかり仕事しなくちゃな。」	
施設の様子を	
うかが	
うと	
廃棄処理場の正面ゲートには	
警備員が二人配置されている。	
「この前の生体工学研究所と違って	
現在も稼働している施設だから	
警備員が居るな。」	
「ノヴァ。警察手帳を見せて	
施設に入れてもらおうぜ。」	
「いや、おそらくそれは無理ッスね。」	
「何でだよ？」	
「考えてもみてくださいッス。	
フェイリクスが何故、複数のオートマタを	
学園に持ち込めていたのか。」	
「そして、洗脳装置をこの廃棄処理場に	
設置して稼働させ続けられる事が出来たのか。」	
「それはこの廃棄処理場の人達を	
洗脳して操っていたからッス。」	
。獅堂やサツキ達が使ってた	
オートマタはこの廃棄処理場から	
横流ししてた奴だったのか	
「って事はこの施設内の人間は	
フェイリクスに洗脳された	
俺達の敵って事か。」	
「そうッス。なので話し合いは無理。	
排除するしかないッス。」	
排除って	
正義の斑鳩警察がそんな事していいのかよ？」	
「この弾を使ってください。」	
ノヴァから弾丸のマガジンを渡される。	
「ナニコレ？」	
ますいだん	
麻酔弾	
ッス。これで眠らせれば	
廃棄処理場の人間達を	
傷つけずに無力化出来るッス。」	
しょうおんよう	
消音用	
のサプレッサーッス。	
これを装着すれば銃の発射音を小さく出来て	
射撃しても周りの人間に気付かれにくくなるッス。」	
急に	
おんみつこうどうかん	
隠密行動感	
出て来たな。」	
俺はサプレッサーと麻酔弾のマガジンを	
銃に取り付ける。	
警備員	
「おい、どうした？」	
ぐあっ。」	
「よし。	
したッス。	
さっさと施設内に潜り込むッス。」	
これ大丈夫だよね？	
死んでないよね？」	
サプレッサーと麻酔弾という	
最強ステルスアイテムを手に入れた俺達は	
警備員達を無力化しながら順調に進んで行く。	
は今廃棄処理場の	
区画に居るんスけど	
この先の連絡路を通れば	
中央制御室がある	
区画に行けるッス。」	
「廃棄処理場なだけあって	
警備は必要最低限しか配置されてないッス。	
潜入任務としては楽勝ッスね。」	
ノヴァがいきなりフラグみてーな事を言い出すと	
突如、スポットライトが俺達に向けられる。	
そこまでだッ！侵入者め！」	
「なっ！我	
の侵入がバレた	
「誰だッ！？」	
「飛んで火にいる夏の虫ッ！	
やはり来たわねッ！あんた達！」	
「罠とも知らずにまんまと来たわねッ！	
ここで会ったが百年目ッ！	
この前の借りをここで返してやるッ！」	
馬鹿なッ！先回りされていたというのか	
「彼女達がここに居るという事は	
の作戦は	
つつぬ	
筒抜	
けという事ですな	
「ユートの言った通りだったわ！	
ここで待っていれば	
あんた達がここに来るってね！」	
「私達は川島さんから	
お前達を排除するように命令されている	
ッ！私達は	
お前達を倒し	
さんの	
を取る	
「おい、お前は大きな勘違いをしている。	
別にサツキは死んでない。」	
「あの二人に何を言っても無駄ッス。	
戦うしかないッス。」	
「その通り！すべては	
で語るのみ！」	
「行くわよッ！ミーちゃんッ！」	
「わかったわッ！アーちゃんッ！」	
「来いッ！私達の	
よッ！」	
獅堂と盾守が天に向かって叫ぶと	
上空から	
機のオートマタが舞い降りて来る。	
だいにせだいがたたいじんせんとうよう	
第二世代型対人戦闘用	
った私達の新たなる	
つるぎ	
なんだありゃあ	
オートマタっていうか、	
もはや兵器じゃねぇか	
きょくちせんとう	
極地戦闘	
を想定して	
設計された軍事用オートマタッスね。」	
「あんなものまで出してくるという事は	
あちらさんも出し惜しみしてる余裕は	
無くなった感じッスか。」	
「さあ！私達と	
「ここで決着をつけてやるッ！」	
「何が	
軍事用オートマタを持ち出しておいて、	
ずりーぞ！」	
「勝負にはずるいも卑怯も無いわ！」	
「勝てばよかろうなのだ！」	
「こっちが何か言うと	
二人いっぺんに返して来るのなんなんだ	
「なるほど。獅堂かいちょーと盾守パイセンが	
不自然に仲が良かったのはあのオートマタを	
二人で動かす為だったワケッスね。」	
「どのみちアレを倒さなければ	
洗脳装置は破壊出来ない。	
やるッスよ！川島さん！」	
「しょうがねえッ！やってやるぜッ！」	
一同	
ッ！川島さんッ！	
サブマシンガン発射ァッ！」	
「了解ッ！うおおおおーーッ！！」	
俺は左腕サブマシンガンを	
バリスタに向けて乱射するッ！	
「被弾を確認。損傷無し。」	
ッ！？無傷	
「今、何かしたかしら？」	
「私達のバリスタに	
まめでっぽう	
豆鉄砲	
効くわけないでしょうッ！」	
さすが軍事用オートマタ	
戦車並みの装甲してるッスね	
「バリスタッ！お返しよッ！	
ライトマシンガン発射ッ！」	
「釣りはいらないわッ！	
とっときなさいッ！」	
「了解。直ちに戦闘行動に移行。」	
「目標を補足。排除開始。」	
「来やがれッ！ガラハドの時みてーに	
奴の銃弾を撃ち落としてやるッ！」	
バリスタの左肩に取り付けられた	
にれんそう	
二連装	
ライトマシンガンから銃弾が乱射される。	
俺はバリスタが発射した銃弾を撃ち落とそうと	
照準を合わせるが	
「まずいッ！川島さん避けてッ！」	
ノヴァの回避命令に俺は	
射線上から横っ飛びで離れるッ！	
射線上にあった	
はあるであろう積み荷が	
バリスタのライトマシンガンによって粉	
になる。	
「嘘	
何て威力してやがる	
あんなの喰らったらひとたまりもねーぞ	
「あー！惜しいッ！	
あと少しでバラバラに出来たっていうのにッ！	
ノヴァの奴、カンがいいわね！」	
「バリスタの	
ライトマシンガンは	
たいせんしゃ	
対戦車	
ライフルと同等の破壊力を持つ。」	
「並みのオートマタの装甲では	
っただけであの世行きよ。」	
アレの射程圏内は危険っス！	
とにかく一旦離れるッス！」	
！しゃあねえなッ！」	
俺はバックステップで	
ライトマシンガンの射程外に退避する。	
「ふっ。そう来ると思ったわ。	
すべては想定通り。」	
「あんたの行動なんてまるっとお見通しよ！	
バリスタッ！見せてやんなさいッ！」	
「ライトマシンガンの有効射程外への退避を確認。	
中距離武装へ変更。	
ミサイルランチャーを起動。」	
右肩の	
よんれんそう	
四連装	
ミサイルランチャーから	
ミサイルが連射される。	
ミサイルだとぉ	
「川島さん！ダッシュダッシュ！	
とにかく逃げるッス！」	
「言われなくても逃げてるよッ！」	
俺は向かってくるミサイルの射線上から	
走って逃げ回るッ！	
「ああ。言い忘れてたけど	
バリスタのミサイルは	
ついびしき	
追尾式	
「どんなに逃げても標的を追い続ける	
ホーミングミサイルよッ！」	
射線上から外れたミサイルは弧を描くように	
曲がり俺を追尾して来るッ！	
「うおおお！！追いかけて来やがるッ！	
どうすんだノヴァッ！！」	
ふむ。そうッスね。」	
ノヴァは腕を組み、	
ほんの数秒考えこむ仕草を見せると	
意を決したように口を開く。	
度反転ッ！	
そのまま全速力でダッシュッス！」	
「反転って	
ミサイルに突っ込めって事かよ！？」	
「いーから！言う通りにするッ！」	
「くっそッ！	
どうなっても知らねーからなッ！」	
俺は進行方向を反転し、	
追いかけて来るミサイルに向かって走り出すッ！	
っ！自分からミサイルに	
向かってくるなんて何を考えてるの！？」	
「自殺行為ね。勝ち目が無いとみて	
試合放棄ってところかしら？」	
「川島さん！そのままミサイルの下に	
潜り込んでやり過ごすッス！」	
俺は迫ってくるミサイルの下を	
スライディングで通過し交差するッ！	
「ミサイルを	
した！？」	
「いえ！ミサイルの	
ついびせいのう	
追尾性能	
を甘く見ないことね！	
どこまで標的を追い続け、	
絶対に逃げられはしないッ！」	
通り過ぎたミサイル達は	
きゅうせいどう	
急制動	
方向転換し再びを俺を追尾してくるッ！	
っ！なんだその動き！	
いい加減しつけーぞッ！」	
「これで終わりだッ！」	
「受けなさい！正義の	
「ぐわーーッ！！」	
逃げ場を失った俺は	
近くに着弾したミサイルの爆風に	
吹っ飛ばされるッ！！	
爆風の	
は凄まじく	
俺は進行方向に居るバリスタに激突するッ！！	
「いってぇええッ！！」	
「目標との接触を確認。	
ちに迎撃します。」	
「はん！わざわざバリスタの	
目の前に飛んでくるなんて	
そんなに死にたいらしいわね！」	
「待って	
！あの方向はまずい	
残った	
発のミサイルが俺を追尾して飛んでくる。	
それはつまり、近くのバリスタ目掛けて	
ミサイルが向かって来ている事を意味する。	
「あああ！ミサイルがバリスタに！	
よ、避けなさいッ！バリスタッ！」	
ッ！まさかこれを狙っていたのか！？」	
計画通り。」	
俺がバリスタの真下で伏せると同時に	
発のミサイルがバリスタに直撃し	
大爆発を起こすッ！	
私達のバリスタが	
嘘よ	
これだけやっても勝てないっていうの	
わ、私達	
負けちゃったよぉ	
私達はここまでのようね	
あとは川島先生に任せましょう	
「そうね	
ユリ先生なら何とかしてくれるよね	
だから私達は一足先に休ませてもらうとしましょう	
少し	
疲れたわ	
。お休みなさい。	
「お休み	
獅堂と盾守は抱き合いながらその場に倒れ込んだ。	
「え？死んだ？」	
「いや、気を失っているだけッス。」	
「おそらく二人で軍事用オートマタの	
バリスタを操縦したことで	
が擦り減って	
したのでしょう。」	
「オートマタの操縦って	
そんなに消耗するのか	
「どちらかというと元	
犬猿の仲である獅堂かいちょーと	
盾守パイセンが無理やり仲良くしてたせいで	
潜在的な精神ダメージが大きかったのではないかと。」	
「一見仲良さそうに見えても	
互いに反発し合ってたって事か。	
どんだけ仲悪いんだよ。こいつら。」	
「さあ。先を急ぐッス。	
洗脳装置はこの先の	
区画ッス。」	
「おう。」	
「なんとか獅堂達を	
けたのはいいが、	
まさか破壊工作の情報が筒抜けとはな。」	
「この先の洗脳装置までの道のりに	
が待ち構えてるんじゃないか？」	
「そうッスね。獅堂かいちょーと盾守パイセンが	
ユリせんせーに託すと言っていたのでこの奥で	
を待ち構えているのは確実ッス。」	
ユリ姉と戦う事になるのか。」	
ユリせんせーが相手だからといって	
手を抜かないでくださいッス。」	
「これはユリせんせーを洗脳から解き放つ為の	
作戦でもあるんスから。」	
「わ、わかっている！	
だが	
俺はユリ姉を傷つける事は出来ない。」	
「まぁ、フェイリクスも	
一応	
のルールに	
のっと	
っているッスから	
オートマタ同士の戦いになるとは思うッス。」	
「そ、そうだよな	
「ただ、軍事用オートマタの	
バリスタを出して来たところを見ると	
フェイリクスも余裕が無くなって来ている事は事実。」	
「追い込まれたフェイリクスが	
何をしでかすかは	
みちすう	
未知数	
常に警戒は怠らずに行くッス。」	
「ああ。何があっても	
ユリ姉だけは守ってみせるぜ。」	
本当に自らの命を投げ出しそうで	
不安なんスよね。」	
「ノヴァ、待て。	
目の前に何か居る。」	
「おっと。」	
「誰だ！？」	
「やっほー。	
メカワシマくん、ノヴァ。」	
「はろはろーッス。	
五月雨さん。」	
お前がここに居るって事は。」	
君達を倒す為に待っていたんだよ。」	
「負けっぱなしは趣味じゃないんだ。」	
「ガラハドは既に破壊した。	
お前が操るオートマタはもう無いはずだ。」	
私は新たなオートマタを手に入れたのだー。」	
「じゃじゃーん！私の新しい剣！	
アイゼンだー！」	
「よう。久しぶりだな。」	
「アイゼンてめー！	
まだサツキのストーカーしてやがったのか！	
この変態オートマタが！」	
「馬鹿を言うな。	
俺はサツキに	
やと	
われただけだ。」	
「五月雨さーん。何でよりによって	
こんなのを雇ってしまったんスかー。」	
「えー。こう見えてアイゼン素直で優しいよ？	
私の言う事、何でも聞いてくれるし。」	
「ああ。俺はサツキの剣。	
サツキの手足となり、	
サツキの願いを叶える駒となろう。」	
「アイゼン。お手。」	
「ああ。」	
回回ってワンって鳴いて。」	
「ワン。」	
「ね？素直でしょ？」	
「アイゼンのヤツ、	
てなづ	
手懐	
けられてるじゃねーか	
「五月雨さんの	
じゅうじゅん	
従順	
な犬に成り下がってるッスね	
「さあ！この前のリベンジマッチだ！	
私と	
だよ！」	
「一度お前と戦ってみたいと思っていた。	
いい機会だ。その実力、	
この目で見極めさせてもらおう。」	
アイゼンは	
しっこく	
漆黒	
の巨大な	
たいけん	
を構え	
戦闘モードに移行する。	
っ！やるしかねーのかよ	
の作戦の障害となるのなら	
排除するだけッス！」	
「いっけー！アイゼン！	
叩き潰せー！」	
「承知！」	
アイゼンは身の丈以上ある大剣を	
振りかざすッ！	
「わかってるッ！」	
アイゼンの降り下ろす大剣を	
バックステップで	
すッ！	
大剣が降り下ろされた地面は	
その質量と衝撃で	
えぐ	
クレーターのような穴ができる	
ッ！なんてパワーだ	
「どうだ！みたか！	
アイゼンのパワーはすっごいんだよ！」	
「いいぞ。サツキ。	
もっと俺を褒めろ。」	
何言ってんだこいつは。」	
「いくらパワーが凄くても	
当たらなければどうという事は無い！	
川島さん反撃ッス！」	
「おうッ！」	
俺はアイゼンの頭部に照準を合わせ	
右腕リボルバーを発射するッ！	
アイゼンは大剣を盾にし弾丸を防ぐ。	
「チッ！あの馬鹿デケー剣、	
盾にもなるのかよッ！」	
「なるほど。攻防一体型の武装ッスか。	
あのデカさは	
じゃないって事ッスね。」	
「そういう事だ。」	
「攻めろー！やれー！アイゼンー！	
攻撃あるのみだー！」	
「わかっている。」	
アイゼンは大剣を軽	
と振り回し	
斬撃を繰り出す。	
しかし、大振りなだけあって避ける事は難しくない。	
撃、	
撃と	
繰り出される斬撃を冷静に避けながら	
的確に射撃を撃ち込んでいく。	
「チッ。ちまちまと逃げ撃ちしやがって。	
正面から正	
と戦えねぇのか。」	
「うるせー！	
一発でも喰らったらこっちはアウトなんだ！	
射撃武器があるのにわざわざ近接で戦うかよ！」	
「なるほど。一理ある。」	
「こらー！アイゼン！何やってるのさー！	
全然当たってないじゃないかー！	
当てろー！」	
「やれやれ。相手の出方を	
伺っていたというのに短気な奴だ。	
サツキには	
しんぼうづよ	
辛抱強	
さが足りないようだ。」	
「もう少し剣を	
まじ	
えたかったところだが、	
ウチのお姫様が	
そうきけっちゃく	
早期決着	
を望んでいるようでな。」	
「悪いがここからは少し本気を出させてもらう。」	
アイゼンは大剣を上段に構える。	
「あの構えは	
川島さん！とにかく離れて出方を伺うッス！」	
「わかってる！	
いくら大剣のパワーが高かろうが	
距離さえ取ればこっちのもんだぜ！」	
俺はバックステップでアイゼンから距離を取り、	
リボルバーの狙いを定める。	
「大剣使いに距離を取るのは	
じょうとうしゅだん	
常套手段	
射程外から攻撃されれば大剣など無力。	
敵の遠距離武装は最大の弱点だからな。」	
「だが、この俺が大剣の弱点に対して	
何も対策してないとでも思ったか？」	
アイゼンは上段に構えた大剣を	
そのまま真下の地面に叩きつけたッ！	
そして、大剣を叩きつけた反動によって	
アイゼンはロケットが如くこちらに向かって	
超スピードで飛んでくるッ！	
「な、なにィィイイイイーーーーッ！！！？？」	
アイアンキック。」	
生かした飛び蹴りをぶちかますッ！！	
アイゼンの弾丸のような突進から	
繰り出される蹴りをまともに喰らった俺は	
後方に吹っ飛ばされるッ！！	
「ぐわああああーーーーッ！！」	
そして壁に激突し地面に倒れ込んだ。	
左腕損傷率	
射撃機構に異常発生。	
サブマシンガン使用不能。」	
きゃくぶそんしょうりつ	
脚部損傷率	
、移動速度低下。	
姿勢制御に問題発生	
復旧開始。復旧まで	
オートバランサーが一時的に使用不能になります。」	
「いえーい！大当たりー！	
やったね！アイゼン！」	
「当然だ。」	
「まずい	
ッ！ドクターに強化改修を	
受けているとはいえ今の一撃は	
相当なダメージだったはず	
「川島さーん！立てー！	
早く立つんだー！」	
「そんな事言われたって	
足が上手く動かねーんだよ	
「アイゼンさんのアイアンキックの衝撃で	
オートバランサーがイカレちまったようッスね	
すぐには動けないか	
「おいおい。蹴り一発でこのザマか。	
だらしがねえな。川島。」	
アイゼンは大剣を	
かつ	
ぎなら	
よゆうしゃくしゃく	
余裕綽	
俺の目の前に歩いてくる。	
「うるせえッ！これでもくらえッ！」	
俺は唯一動かせる右腕のリボルバーを	
アイゼンに頭部に照準を合わせる。	
「遅ぇッ！」	
アイゼンは大剣を振り回し	
俺の右腕の斬り飛ばすッ！	
「ぐあああーーーッ！！」	
「しまった	
最後の武装まで失ってしまった	
「これでお前は戦う	
すべ	
をすべて失った。	
終わりだな。川島。」	
「よーし！アイゼン！	
そのままメカワシマくんを叩き潰すんだ！」	
「どうやらサツキは	
お前がミンチになるのをご	
しょもう	
所望	
らしいぜ。」	
おいアイゼン。	
サツキのサイコパス癖、	
何とかした方がいいんじゃねーか？」	
「俺はサツキの全てを受け入れる。	
サツキがお前をミンチにしろと言うのなら	
それに従うだけさ。」	
「本当にサツキの事を思うなら、	
間違ってる事は正してやるのが	
サツキの為じゃねーのか？」	
何？」	
「相手に何の疑問を抱かず、	
盲目的に言う事に従うのは	
本当に相手の為なのか？」	
「黙れッ！お前に何がわかるッ！」	
「違う。そんなの間違ってる。	
それはただの	
そんな関係は本物じゃない！」	
「黙れと言っているッ！	
いい加減くたばりやがれッ！」	
怒りをあらわにしたアイゼンは	
俺に向けて大剣を振り下ろそうとする	
その時、斬り飛ばされた俺の右腕が	
ひらい	
飛来	
アイゼンの顔面を殴り飛ばしたッ！	
「な、何ィィィィイイイイーーーーーッ！！？！」	
「うそ！？どうして！？」	
殴り飛ばされたアイゼンは	
地面に叩きつけられる。	
アイゼンは吹っ飛んだ衝撃で	
地面に突き刺さった大剣を取ろうと	
手を伸ばすが	
すかさず、俺は無防備になった	
アイゼンの頭部にリボルバーの銃口を向ける。	
動けるじゃねーか	
「まぁな。俺の演技もなかなかのモンだろ？」	
！斬り飛ばされた	
メカワシマくんの右腕が元通りにくっついてるの！」	
「なるほど。右腕を斬り飛ばされたように	
見せかけていたわけか。」	
「え！？どういうこと！？」	
「あの時、アイゼンさんに斬撃で	
川島さんの右腕が斬り飛ばされたように見えたのは	
実はロケットパンチを飛ばしていたからなんス。」	
「ろ、ろけっとぱんち？」	
「右腕を失ったと見せかけ	
めロケットパンチを飛ばしておき	
絶妙なタイミングでアイゼンにブチ当てる。」	
「ロケットパンチは遠隔操作で	
飛行軌道を自由に設定できる。	
相手の油断を誘った高等戦術ですな。」	
「チッ。一杯食わされたぜ。」	
「どうする？まだやるか？」	
「降参だ。どのみちこのままやっても	
俺の負けは目に見えてるしな。」	
「そうか。」	
俺はアイゼンの降参を認め、	
構えていた銃を降ろした。	
「いえーい！この	
の勝利ッス！」	
「えー！また私負けちゃったのー！	
もー！なんでだよー！」	
「まぁ、そうむくれるな。サツキ。」	
「俺達はまんまと奴らの策に	
った。	
あいつらの方が	
いちまいうわて	
一枚上手	
だったという事だ。」	
「まー。	
確かにあんな戦い方してくるなんて	
思わなかったけどさー。」	
「サツキ。機巧勝負は俺達の勝ちだ。	
この道を通してくれるな？」	
「はいはい。わかりましたよーだ。	
通っていいですよーだ。」	
サツキは機嫌を悪そうにしながらも	
道を譲ってくれた。	
「それでは五月雨さん。	
はこの先に用がありますので	
お先に失礼しますよ。」	
「川島。」	
「なんだよ？」	
「お前は言ったな。	
サツキが間違っていたら正すのが本物だと。」	
「お前はサツキが間違っていると思うか？」	
「ああ。少なくともフェイリクスに	
付き従ってるのは間違ってるだろ。」	
「俺はフェイリクスをぶっ倒し	
サツキをフェイリクスの	
じゅばく	
呪縛	
解き放ってやるのさ。」	
なるほどな。	
俺はサツキが望んだ事ならば	
それでいいと思っていた。」	
「だが、確かにフェイリクスの	
言いなりになっているサツキを	
見ているのは良い気分はしない。」	
「川島。野郎を倒して	
サツキを自由にしてやってくれ。」	
「ああ。任せろ。」	
「ほな。」	
サツキとアイゼンを残し俺達は先を急ぐ。	
フェイリクスとの決戦の為に。	
「これでよしっと。	
もう動いていいッスよ。」	
「おおっ。	
何だか少し身体が	
軽くなったような気がするぜ。」	
「応急処置用のリペアキットッス。	
これでさっきの戦いのダメージが	
多少なり修復されてるはずッス。」	
「とはいえ、あくまで応急処置。	
ここでは修理が出来ない以上、	
損傷した状態でどこまで戦えるか	
「手足が動けば何とかなる。	
あと	
戦ぐらいは何とか持つさ。」	
「俺達には洗脳装置を破壊して	
フェイリクスぶっ飛ばさなきゃならねーんだ。	
こんなとこで足を止めてられるかってんだ。」	
そうッスね。	
でも、くれぐれも無理だけは	
しないでくださいッス。」	
ちゅうおうせいぎょしつ	
中央制御室	
の目指すゴールッスね。」	
せんのうそうち	
洗脳装置	
ってのはどれだ？」	
「君達の探し物はこれかな？」	
中央制御室のど真ん中で待ち構えていた	
奴がおもむろに指を差した方向	
そこには巨大な機械が配置され、	
りを上げながら駆動している。	
どうやらあれが洗脳装置のようだ。	
また会えて嬉しいよ。」	
「テメェがここに居るって事は	
「当然、私も居るという事だ。」	
ユリ姉ッ！」	
を倒し	
本当にここまで来るとはな。	
にわかに信じがたい事だが。」	
「だから言ったじゃないか。ユリヒメ。	
彼らの戦闘力は	
れないってさ。」	
「もはや残る	
せいおうがくえんせいとかい	
聖皇学園生徒会	
は私一人のみ。	
散っていた者達の	
、この私が討つとしよう。」	
「来いッ！カグツチッ！」	
ユリ姉が指を鳴らすと上空から	
一機のオートマタが舞い降りて来る。	
だいにせだいがたはくへいせんよう	
第二世代型白兵戦用	
「ユートから借り受けた私の剣だ。」	
「軍事用オートマタの	
オンパレードッスね	
どこまでオートマタを	
おうりょう	
横領	
すれば気が済むんスか！」	
？違う。これは救いだよ。」	
「救い？」	
「このオートマタ達は人間から見捨てられ	
廃棄予定だった者達だ。	
だから僕が救ってあげたんだ。」	
「ノエル、君が僕を救ってくれたようにね。」	
「何でもかんでもノエルさんのせいにするの	
いい加減ウザいッスよ。」	
シリーズの人格は	
随分と反抗的なようだ。	
早急に消してしまわないといけないね。」	
「ノヴァの人格を消す	
「ここには洗脳装置本体がある。	
至近距離から供給される洗脳の電波は強力だ。」	
「これを使えば	
に直接介入し	
シリーズの人格ごと	
消し飛ばす事だって出来るのさ。」	
！ノヴァを殺すって事か	
「勘違いしないで欲しいな。	
それは元	
ノエルのものだ。	
だから元の持ち主に返してもらうだけさ。」	
「聞こえているんだろう？ノエル。	
シリーズなどという邪魔な人格を消し、	
すぐに君に会いに行くよ。待っていてくれ。」	
平気で薄ら寒い事言いやがるッスね。」	
「なるほど。フェイリクスの野郎は	
今までノヴァの	
の奥底に眠るノエルに	
話しかけてやがったって事か。」	
「だからキモいんスよ。こいつは。」	
ノエルはそんな事言わない。」	
その顔で、その声で、	
ノエルが言わない事を口にするな。	
「ユリヒメ。奴等を排除するんだ。」	
「ああ。任せておけ。ユート。	
お前を不快にするものはこの私が	
しよう。」	
「ユリ姉	
ッ！やめてくれ	
俺はユリ姉と戦いたくはない	
「黙れッ！貴様にユリ姉などと	
呼ばれる	
すじあ	
筋合	
いはないッ！	
ユリ姉と呼んでいいのはユートだけだッ！」	
っ！ユ、ユリ姉	
「川島さん。言ったはずッス。	
ユリせんせーを洗脳から解き放つには	
あの制御装置を破壊するしかないッス。」	
「その為にはまずユリせんせーの	
操るオートマタを無力化しなければ	
ならないッス。」	
「わかってる	
これが最後の戦いだ	
「この勝負に勝って	
ユリ姉の目を覚まさせてやる	
「ほう。その覇気、その	
とうし	
闘志	
悪くはない。相手にとって不足無し。」	
「行くぞ！カグツチ！	
奴等に目にもの見せてくれるわ！」	
「カグツチはブレードによる	
近接戦闘が主な戦闘スタイルッス。」	
「つまり、遠距離攻撃が有効って事だな！」	
「その通りッ！川島さん！	
サブマシンガンッス！」	
「うおおおおーーーーッ！！」	
俺は左腕のサブマシンガンを	
カグツチに向かって乱射するッ！	
「無駄だッ！カグツチ！」	
カグツチは	
乱射されるサブマシンガンの弾丸を	
目にも止まらぬ速さで切り払う。	
サブマシンガンの弾を全弾、	
刀で切り払っただとォ	
「ンなアホな	
カグツチのカタログスペックでは	
弾丸を斬り裂くほどの反応速度は無いはず	
「そう。カグツチだけのスペックでは不可能だ。	
けれどマスターであるユリヒメの	
反応速度をプラスしたらどうかな？」	
「そう。ユリヒメはカグツチに	
演算能力を向上させているんだ。」	
「演算能力だけじゃない	
しんぎたい	
心技体	
ユリヒメが	
った戦闘技術がすべて	
カグツチにフィードバックされている。」	
「君達が相手しているのはユリヒメ自身	
いや、ブレイズチルドレン計画、	
レベル	
そのものだよ。」	
「マジかよ	
じゃあ、今俺達が相手してるのはカグツチを介した	
ユリ姉本人って事じゃねぇか	
ユリせんせーを	
はいじん	
廃人	
にさせる気ッスか	
？どういう事だ	
は人間の神経に大きな負荷を掛けるッス。	
オートマタの演算能力を肩代わりするって事は	
本来機械が行う膨大な計算量を人間が行うって事ッス。」	
「どれほどの負荷が掛かるかは計り知れない。	
下手したら	
しているユリせんせーの	
神経が焼き切れて廃人ッスよ！」	
なんだと	
今すぐ戦いをやめさせろッ！	
ユリ姉が危ねぇッ！」	
「戦いをやめる？冗談を言うな。	
は既に始まっている。	
勝敗が決するまで誰も止められはしない。」	
。君が悪いんだよ。川島ユート。	
僕から大切なものを	
ノエル奪った君が	
「だから、僕も同じことしてやるのさッ！	
君はユリヒメと戦いッ！ユリヒメが壊れていく様を	
その目で見るがいいッ！」	
クソ野郎があああああああーーーーーッ！！！」	
「馬鹿め！よそ見をしている暇はないぞッ！」	
「行けえッ！カグツチッ！」	
びに踏み込み	
ブレードで斬りかかってくる。	
俺は背中のバックパックから射出した	
刀の	
を握り刃を出現させる。	
カグツチのブレードを受ける。	
「ほう。仕込み	
がたな	
で受け止めたか。	
面白い。」	
「ユリ姉ッ！	
を今すぐやめるんだ！	
そのままじゃ廃人なっちまうぞッ！」	
俺はカグツチと	
り合いになりながら	
ユリ姉に呼びかける。	
「そんな事は知っている。	
だが、貴様を倒すまで	
を解除する気はない。」	
っ！何でだよ	
どうしてだよユリ姉	
何故そこまで戦う必要があるんだ！？」	
「ユートの障害は私が排除する。	
例えこの身が滅びようともな。」	
本当にわからず屋だな！	
昔から	
「なんでそうやって	
自分を	
にするんだッ！	
もっと自分を大切にしろよッ！」	
「黙れッ！貴様に何がわかるッ！	
ユートはこの私にとってすべてなのだッ！	
だから命を代えても守る必要があるのだ！」	
「貴様に私の気持ちがわかるかぁッ！！」	
り合いの状態から	
よこな	
横薙	
ぎに刃を弾き	
その返し刃で俺の首筋を狙って斬撃を放つ。	
にカグツチの刃を受け止めるが、	
凄まじいパワーに耐えきれず吹っ飛ばされる。	
「ぐああああーーーッ！！」	
「川島さんッ！！」	
「ふふっ。それでいい。」	
突破。	
ブレード破損、左右武装使用不能。	
システムオールダウン。活動限界です。」	
うぐぐ	
応急処置で騙し騙しやって来たッスが	
蓄積ダメージが大きすぎたようッスね	
「ふん	
カグツチのパワーを思い知ったか	
これで終わり	
あ、頭が割れそうだ	
優位に立っていたはずのユリ姉は	
突如としてこめかみを抑えながら苦しみ出す。	
こくし	
酷使	
した症状が出て始めている	
「ユリせんせー！	
は危険ッス！	
もうやめるッスよ！」	
「黙	
ッ！貴様らを	
ほうむ	
るまで	
私は止まるわけには行かんのだ	
「やめ	
「いいぞ！ユリヒメ！	
さあ！奴はもう虫の息だ！	
君の手でトドメを刺すんだ！」	
！わかっているさ	
！私は	
勝つ	
「トドメだ	
ッ！カグツチ	
奴を	
いっとうりょうだん	
一刀両断	
にしろォ	
カグツチはブレードを上段に構え	
斬りかかってくる。	
「勝った	
ッ！僕達の勝利だ	
何やってんだ俺	
ユリ姉を助けると	
ユリ姉を守ると誓ったのに	
結局、また助けられないのかよ	
あの時と一緒だ	
あの時	
いつだ？	
そう、か。	
俺は本当に	
度ユリ姉を死なせてたのか。	
許せねえ。そいつは許せねえよな。	
はらわた	
が煮えくり返りそうだ。	
ッ！憎い憎い憎い	
ユリ姉を殺した	
は当然だが、	
それ以前に何も出来なかった弱い自分自身に	
だからァ	
ッ！今度はァ	
絶対に死なせねぇ	
何でもいいッ！俺の中に眠ってる力ァ	
今だけでいい	
ッ！テメェらの力	
全部俺に	
しやがれぇええええーーーーーッ！！！	
カグツチのブレードを止めた	
奴め	
！どこにそんな力が	
ひかりかがや	
光輝	
く刀	
あれはまさか	
さんの力	
「すまねえ	
ユリ姉。	
俺が弱っちいばっかりに	
俺はユリ姉を死なせちまった情けねえ弟だ	
何を言って	
「だがよぉ	
っ！今度は	
今度だけはぁ	
ッ！絶対にッ！	
死なせねぇ	
「愛とッ！怒りとッ！悲しみのォッ！」	
ブレイズソードバースト	
炎刃爆裂破	
ォオオオオオオーーーーーッ！！！！」	
俺の握りしめる光り輝く刀から炎が燃え盛り、	
巨大な炎の刃となりカグツチを貫くッ！！	
炎の刃はグングン伸び続け	
後方に配置された洗脳装置ごと	
カグツチを貫いたッ！！	
「なにィィィィイイイイーーッ！！？」	
「カグツチが	
ッ！！洗脳装置が	
僕の計画がああああーーーーッ！！！」	
カグツチが	
「お前は一体	
何者	
！大丈夫ッスか	
「大丈夫ッス。	
の消耗が	
激しくて気を失ってるだけ。	
命に別状は無いッス。」	
僕のオートマタ達が全滅	
「僕の	
洗脳装置が破壊された	
僕の計画が	
「洗脳装置は破壊され、	
お前を守る者は誰も居ないッス。」	
「さあ。観念するッス。	
「観念	
観念だって？	
この僕が？」	
「ははは！僕はまだ終わっていない！	
忘れたのか！？	
この身体は川島ユートの身体だ！」	
「君は川島ユートは傷つけられない！	
つまり、この身体は人質というわけさ！」	
っ！悪あがきを	
「さあ！わかったらそこをどけ	
たかわら	
高笑	
いする顔面に向かって	
俺のロケットパンチが	
さくれつ	
炸裂	
「うぎゃあああーー！！	
痛い痛い痛いーーーーッ！！」	
っ！自分の身体を	
なく	
殴りつけるなんて	
この身体に戻りたくはないのか！？」	
「うるせえ。ユリ姉を危険な目に遭わせた	
テメェをボコれるんなら	
自分の身体なんてどうなったっていい。」	
どうかしてる	
その顔は	
「僕の顔がどうしたって	
なッ！？」	
フェイリクスが地面に散らばったガラス片で	
自分の顔を見ると	
顔の半分から機械部分が露出していた。	
この身体は川島ユートの肉体のはず	
「だけど、これじゃまるで	
じゃないか。」	
「え？川島さんってオートマタなんスか？」	
「ンなわけねーだろ。	
生まれてから高校生になるまで	
すくすく育って来たつもりなんだが。」	
「あー、まぁ確かに。	
いくらオートマタでも成長による肉体変化は	
まだ	
みかいたく	
未開拓	
の分野ではありますな。」	
「一体	
！一体これはどういう事なんだ	
僕は川島ユートの身体を乗っ取り、	
人間になったんじゃなかったのか	
「この身体	
一体、何なんだ！？」	
「その質問には私が答えよう。」	
「ドクター！」	
「影山！？何故ここに！？」	
「影山	
？まさかお前は	
の科学者か	
「元帝国重工の科学者だ。	
今は	
の科学教員をしている。」	
に言えば	
君は私の計画の一部として	
動いていた	
「何を言っている	
？そんな事はあり得ない。	
僕は僕自身の意志で計画を立て、	
ここまでやって来たんだ。」	
「残念ながらそれは	
さっかく	
錯覚	
君がそう思い込むように私がプログラムしたのだ。」	
「順を追って説明しよう。」	
「私は人間とオートマタの	
し替える研究のサンプルを探していた。」	
「幸運な事に	
の操作能力を持つ、	
人間とオートマタを	
体ずつ見つけたのだ。	
それが川島とフェイリクスだ。」	
「更にこの	
体のサンプルには偶然にも接点があり	
フェイリクスは川島ユートに憎しみの感情を	
いだ	
いている事が判明した。」	
「私はこの憎しみの感情を利用し、	
大掛かりな	
の実験環境を用意した。」	
川島ユートに復讐する為に	
僕が聖皇学園の生徒達を洗脳したのも	
お前が仕組んだっていうのか。」	
より実践的なサンプルを収集するには	
本物の憎しみと復讐による計画が必要なのだ。」	
「だから、私はフェイリクスが動きやすいように	
この施設に洗脳装置を設置し、川島ユートを	
オートマタのボディを与えたのだ。」	
「この身体はお前が用意したものだったのか	
「それは君の希望を叶えたまでだ。	
その身体を使って川島ユートに	
復讐すると言っていたからな。」	
「ふざけやがって	
「影山テメェ	
これはテメェが仕組んだ事だったのか	
に必要な実験だったからな。」	
テメェのせいでユリ姉が	
巻き込まれた生徒がどうなったと思ってんだ	
「科学の進歩に犠牲は付き物だ。	
の前では仕方の無い犠牲だよ。」	
「ふざけんなッ！テメェ	
「落ち着いてくださいッス！	
川島さん！」	
「これが落ち着いていられるかッ！	
こいつのせいでッ！一歩間違えればユリ姉が	
死んでたかもしれないんだぞッ！」	
「確かにドクターのしたことは	
じんどう	
人道	
はん	
する事ッスけど、川島さんのおかげで	
ユリせんせーは無事ッス。」	
は知る必要があるッス。	
この計画で何が行われていたのかを。	
今はドクターの話を聞きたいッス。」	
「ドクター。フェイリクスが川島さんを	
オートマタのボディを	
使ってるって言ってたッスね。」	
「ああ。そうだ。」	
「では、本当の川島さんの身体はどこッスか？」	
「良い質問だな。	
「人間を洗脳するには強制的に	
を行い	
から認識を	
させる事で	
対象の任意操作が可能となる。」	
「そして川島は	
と呼ばれる	
希少能力を保有しており、	
の最大射程が	
を越える。」	
「私は川島を生体ユニットとして	
洗脳装置に組み込む事で	
ちょうえんかくそうさ	
超遠隔操作	
による人体洗脳を思い立ったのだ。	
「そして私の	
おもわく	
思惑	
通り、	
この廃棄処理場の洗脳装置を経由し	
聖皇学園の生徒達を洗脳する事に成功した。」	
川島さんを生体ユニットとして	
組み込んだって事はまさか	
「既に君達には見えているだろう。	
生体ユニットとなった川島の姿が。」	
で破壊した洗脳装置。	
破損した外装から見える装置内部に	
カプセルに入った人影が見える。	
「俺	
「どうやら洗脳装置の生体ユニットとして	
川島さんの本物の身体が使われてたってのは	
マジのようッスね	
「喜べ。君達が私の計画通りに	
動いてくれたおかげで	
の良いサンプルが収集できた。」	
「これでまた一歩。	
が進む事になるだろう。」	
「テメェ影山	
人をモルモット扱いしやがって	
「モルモット扱いではない。	
君はモルモットだよ。川島。」	
「何だとこの野郎ッ！	
ふざけんなッ！テメェッ！」	
「はははははははッ！！！」	
「あ？何笑ってんだ？	
「これが笑わずにいられるか	
自分の意志で計画を遂行してきたつもりだった	
「川島ユート、君に復讐し	
ノエルを取り戻す	
！それこそが	
それだけが僕を突き動かしていたんだ	
「だというのに	
ッ！この身体も	
洗脳能力も	
ッ！復讐心も	
何もかもがこの影山という男に作られたものだ	
「僕は	
ッ！僕一人では何も出来ない	
何も無い	
僕は一体何者なんだ	
「フェイリクス。何も	
ひかん	
悲観	
する事は無い。	
君は元	
廃棄予定の出来損ないだ。	
それを私が有効活用してやっただけの事。」	
「むしろ喜ばしい事だと思わんかね？	
出来損ないで無価値な君が最期に	
となれたのだから。」	
「ふ	
ふふふ	
ふはははははは	
「やはり	
の科学者というのは	
どいつもこいつもクソ野郎だな	
「お前達のような奴が居るからッ！	
ノエルが犠牲になったんだ！」	
「お前達さえ居なければ	
ノエルは死なずに済んだんだッ！」	
「言ったはずだ。科学の進歩に犠牲は付き物だと。	
仮にノエルとやらが死ななかったとしても	
別の誰かが代わりに犠牲になっただけだ。」	
「貴様ぁああああーーーーーッ！！！」	
「影山ぁああああーーーーーッ！！！」	
っ！二人共落ち着いてくださいッス！」	
「これが落ち着いていられるか	
ノエルの死を当たり前の	
犠牲としか思っていない奴に！」	
「見損なったぜッ！影山ッ！	
テメェがそこまで	
マッドサイエンティストだとはなッ！」	
「やれやれ。何故事実を	
べただけなのに	
こうも感情的になるのだ。	
これだから人の心というものは理解に苦しむ。」	
「もういい。わかった。	
やはり帝国重工の科学者など生かしておけない。	
ここで	
ってやる。」	
するオートマタを失った君に	
一体何が出来るというのかね？」	
「僕は元	
のオートマタとして作られた。	
のボディに対しても僕の能力は有効だ。」	
「精神干渉を	
に行い	
エーテライトコアの	
ゆうごうろ	
融合炉	
を反転させる	
「は？どういう事だ？」	
のエーテライトコアは	
倍の出力を有している。」	
「膨大な出力のエーテライトコアの	
を反転させれば	
エーテライトが	
ぼうちょう	
膨張	
し半径	
をにも及ぶ	
大爆発を引き起こすだろう。」	
自爆する気ッスか。」	
「なんだとぉおおおおーーーッ！！？」	
「やめろッ！フェイリクスッ！	
ここにはユリ姉達が居るんだぞッ！	
関係無い奴等を巻き込むのか！？」	
「ユリヒメ達には申し訳ないと思っているよ。	
でも、仕方ないんだ。	
の科学者は	
まっさつ	
抹殺	
しなければならない。」	
「これはノエルへの	
たむ	
手向	
け。	
僕は最期にあの影山という科学者を	
みちづ	
道連	
れにする事にしたんだ。	
これ以上、ノエルのような犠牲者を出さない為にもね。」	
「ふざけやがって！だからってユリ姉達を	
巻き込むなんざお前も	
科学者共と同じ事をしてるんだぞ！」	
「だから、僕は地獄行くよ。	
あいつと一緒にね。」	
「開き直ってんじゃねーッ！」	
「やむを得ねぇッ！	
ここでフェイリクスを機能停止させるッ！」	
俺は銃口をフェイリクスの	
のうてんめが	
脳天目掛	
けて照準を合わせる。	
「おっと。下手な事をしない方がいいよ。	
僕に少しでも衝撃を与えれば、	
すぐさまドカンだ。」	
「ンだとぉ	
ばんさくつ	
万策尽	
きたか。」	
「影山テメェえええ	
何諦めてんだ！誰のせいでこんな事に	
なったと思ってやがる	
「エーテライトコア自爆まで	
カウントダウン開始。」	
「うおおおお！！	
まさかの	
カウントかよ！？	
猶予無さすぎだろ！」	
「どうする！？どうする！？	
せめてユリ姉だけでも	
何とか助けられないか	
「ふふっ。やはり最後に笑うのは僕のようだね。」	
ッ！フェイリクスッ！	
何最期に勝ち誇ってんだこの野郎ぉおーーーッ！！」	
カウント	
秒前のその時、	
突如として謎の飛行物体が現れ、	
フェイリクスを上空へと連れて行く。	
なんだ！？」	
号か？」	
「なにィッ！？」	
離せ	
ッ！一体何をするつもりだ	
「フェイリクス！アンタを上空で爆発させるッス！」	
「空の上ならエーテライトコアの爆発範囲から	
川島さん達を守れるッスからね！」	
ッ！馬鹿か君は！？	
早く離れろッ！君まで巻き込まれるぞッ！」	
「半径	
のエーテライト爆弾を使う時点で	
どの口がほざくんスか。」	
「ノエル！君は	
りこう	
利口	
君だけは飛行ユニットで助かる事を計算して	
この方法を選んだんだ！」	
「それなのに自分の命を犠牲にしてまで	
あんな奴等を助けるだなんて！	
君がそこまで馬鹿だなんて思わなかった！」	
「馬鹿だなー。フェイリクス。	
私が利口だったらとっくに	
研究所から逃げ出してるよ。」	
ノエル、なのか？」	
「うん。ごめんね。フェイリクス。	
私のせいで君に辛い目ばかり	
遭わせちゃったね。」	
！ノエル	
僕はずっと	
ずっと君に会いたかった	
「でも、今度は私が一緒だから。	
寂しくないよね？」	
！もちろんだ	
「ノヴァーーーッ！！	
何やってんだお前ぇえええーーーーッ！！」	
「ユートーー！ごめーん！	
私、このままフェイリクスと	
自爆するからーーー！」	
「って、まさかノエルか！？」	
「うん！これしか君達を助ける方法が	
思い浮かばなかったんだー！」	
「お、おい	
「だから、私達の分まで生きてね！」	
「それじゃー	
ばいばい。」	
「ノヴァアアアアアアーーーーッ！！！	
ノエルゥウウウーーーーーーッ！！！」	
エーテライトコア正常。	
の移行シーケンス	
フェイズ	
完了。	
エーテライトコアの出力上昇。」	
エーテルコンバータ起動。	
最終シーケンスに移行します。」	
最終フェイズ完了。	
終了。	
バイタル正常。	
の移行完了。」	
「被検体を覚醒させます。」	
「こ	
ていこくじゅうこうほんしゃ	
帝国重工本社	
ちかじっけんしつ	
地下実験室	
気分はどうかね？川島ユート。」	
。地下実験室	
俺は一体	
俺は自分の手を見る	
すると何か違和感を感じた。	
あれ	
？俺の手ってこんな感じだっけ？	
もっと機械っぽいゴツゴツした	
感じじゃなかったっけ？	
「あん！？ちょっと待て！？	
はどこだ！？」	
はそれだ。」	
影山が指差す方向。壁に取り付けられた鏡で	
自分の姿を確認する。	
これ俺だ	
。俺元に戻ってる	
鏡に映っていたのは今や懐かしい姿。	
借り物のオートマタのボディじゃない。	
人間の俺、川島ユート本人の姿だった。	
「洗脳装置は破壊され生体ユニットとしての	
君の役割は終わった。」	
かりそ	
仮初	
めのオートマタのボディから	
元の人間の身体に君の	
を戻したのだ。」	
「どうかね？オートマタで居る時間が長かった為	
まだ五感が元に戻らないとは思うが	
人間の動作に支障は無いだろう？」	
俺は手を握ったり腕を回してみる。	
確かに身体を動かす信号の遅延というか	
鈍さはあるが、元の俺の身体のようだ。	
「ああ。ちょっと違和感あるが	
問題無さそうだ。」	
ふむ。	
オートマタから人間への	
こんぱくいこうじっけん	
魂魄移行実験	
問題無く完了だな。」	
「ようやく元の身体に戻れたぜ。	
あいつが俺の身体を奪ったせいで	
ずっとフェイリクスの野郎のボディだったからな。」	
いや、違う。	
フェイリクスは俺の身体を	
オートマタのボディだった。	
すべての	
はこいつ	
影山が仕組んだ事だったんだ。	
「ノヴァッ！	
おい！ノヴァは無事か！？	
ユリ姉は！？あの後どうなったんだ！？」	
「一度に質問をするな。	
順を追って説明しよう。」	
「あの時、フェイリクスは自我が崩壊し	
自身のエーテライトコアを	
暴走させ自爆を試みた。」	
号は咄嗟に	
フェイリクスを上空に連れ去り	
もろともじばく	
諸共自爆	
した。」	
「そん	
「エーテライトコアの爆発は上空だった為、	
地上への被害は最小限で済んだ。	
号の判断は正しかったと言える。」	
「まもなく	
が到着し	
ユリヒメ、	
の被検体の	
回収を行った。」	
「私は君が使っていたオートマタの	
のボディと君の肉体である生体ユニットを	
回収し、この実験室まで運び込んだ。」	
「そしてたった今、	
が完了し	
君は元の人間の肉体に戻れたというわけだ。」	
「それじゃユリ姉達は無事なのか	
「ああ。洗脳装置が破壊された事により	
洗脳を受けていた者達は	
元の状態に戻っている事だろう。」	
「ただし、洗脳されていた時の記憶は	
夢の中に居るようにおぼろげな状態と	
なっているだろうがね。」	
「洗脳時の記憶が残っていると	
後からの情報操作と	
いんぺい	
隠蔽	
が厄介なので	
このような	
さいく	
細工	
をさせてもらった。」	
「今頃、洗脳されていた者達は	
夢でも見ていたかのように何事も無く	
日常生活に復帰している事だろう。」	
ノヴァは？	
ノヴァは無事なのか？」	
「無事、という定義によるが、	
号の状況は君に伝えるとしよう。」	
「何せ、今回の学園アイドルの攻略対象であり	
君のヒロインおよびパートナーでもあるからな。」	
「フェイリクスと自爆した	
号は	
しほとんどの部品は燃え尽き	
わずかな破片が	
ざんがい	
残骸	
として地上に降り注いだ。」	
「私は爆散した残骸の中から	
号の	
エーテライトコアを回収した。」	
「エーテライトコアは	
ないほう	
内包	
オートマタの核とも言えるユニットだ。」	
「逆に言えば	
このエーテライトコアさえ存在していれば	
オートマタは何度でも	
しゅうふく	
修復	
が可能だ。」	
ッ！じゃ、じゃあ！	
ノヴァは直るのか！？」	
「ああ、既にボディを完全修復し	
エーテライトコアを組み込んだ。	
号は『	
もとどお	
元通	
り』だ。」	
「ノヴァに	
ノヴァに会わせてくれ	
号、こちらに来たまえ。」	
はい。ドクター。」	
ッ！良かった	
お前が無事で	
ッ！何で命を	
するような事をするんだ	
「俺はお前が死んじまったと思って	
すげー悲しくてッ！すげー怖くてッ！	
仕方無かったんだッ！」	
「ノヴァ！もうあんな事はやめてくれ	
お前まで目の前で死なれたら	
俺はもう	
耐えられない	
ノヴァ？」	
ひてい	
否定	
。私はノヴァなどという	
ではありません。」	
けいこく	
警告	
。私はノヴァではありません。	
号です。」	
？何言ってんだ	
お前なんかヘンだぞ	
ぎもん	
疑問	
。システムは正常。	
どこも異常はありません。」	
「私を異常だと疑う。	
あなたに問題があると仮定します。」	
しつもん	
質問	
あなたは誰ですか？」	
。俺は川島ユートだ	
俺がわからないのか？」	
「川島ユート。検索対象に指定。	
人物データベース検索	
該当無し。」	
「再度質問します。	
これはどうなっている？	
ノヴァの様子がおかしい	
「おかしい？	
号は正常だ。	
何も問題は無い。」	
「問題無いわけねぇだろうがッ！	
俺を	
ッ！俺の事を覚えてないんだぞ	
「言ったはずだ。	
り』だと。	
新品の状態に戻したという事だ。」	
「新品って	
まさか記憶を消したのかッ！？」	
「消した	
というより消えたが正しいな。	
オートマタには人間の脳にあたる部分に	
きおくりょういき	
記憶領域	
を有している。」	
「しかし、	
号が爆散した際に	
記憶領域も燃え尽きてしまった。	
もはや復元は不可能だ。」	
「だから私は	
号を	
文字通り『	
り』にしたのだ。」	
じゃあノヴァは俺の事を	
何も	
何一つ覚えてないってのか	
「そうだ。だが、	
さいわ	
いにもエーテライトコアは無事で	
機体の復元は出来ている。」	
「またやり直せばよかろう。」	
「やり直す	
？何を言ってる	
「忘れたのか？我	
の使命を。	
人の学園アイドルを攻略し	
「さあ。川島。今一度、	
号を攻略するのだ。	
それが君に与えられた役割だ。」	
「何？」	
「人の心を	
何だと思ってる	
記憶が消えたから	
また一からやり直せだと	
「俺が好きなのはノヴァなんだッ！」	
「あのカードゲームが好きで金の	
ミートスパゲティが大好きな	
イタズラ好きな小悪魔のノヴァなんだ！」	
「見た目だけそっくりの	
号じゃダメなんだ	
あいつじゃなきゃ	
ノヴァじゃなきゃダメなんだ	
「そうか。では君はこの	
号とは	
学園アイドル攻略作戦を続行するのは	
不可能だと言いたいんだな？」	
。俺はノヴァじゃなきゃ	
あいつとじゃなきゃ	
ヒロイン攻略なんて続けられない	
では君を	
はいじょ	
排除	
するとしよう。	
「はい。ドクター。」	
ブレードを取り出し構える。	
の障害となる人間は	
排除する。それだけの事だ。」	
ッ！？テメェ影山	
ようず	
用済	
みとわかったら	
しようってのか！？」	
「どうやら私の見込み違いだったようだな。	
今回の君には随分と失望させられたよ。」	
「学園アイドル攻略を	
えんかつ	
円滑	
に進ませる為	
号との協力関係が意図的に生まれるよう	
フェイリクスという障害を用意した。」	
「ところが、君はなかなか計画の真相に	
辿り着けずフェイリクスを追い詰めるのに	
多くの時間を費やした。」	
「そしてこれまで順当に好感度を上げていた	
号も破壊された事で記憶領域がリセットされ	
攻略を	
からやり直す事になってしまった。」	
「まったく。どうして君はこうも間が悪いのだ。	
の進行に遅れが生じている今、	
ちえん	
遅延	
は避けたいというのに。」	
「だから、私は君を始末し	
このルートそのものをリセットする事にした。	
コンティニューよりリスタートの方が早いからな。」	
何を言ってやがる	
「ああ。今の君は理解する必要は無い。	
どうせ君はここで死に、ゲームオーバーだ。	
またセーブポイントからやり直すだけなのだから。」	
奴を始末しろ。」	
「了解。目標確認。	
キリングモード	
殺戮状態	
に移行。	
対象を抹殺します。」	
ノヴァは踏み込み、	
ブレードを	
俺目掛けて振り下ろすッ！	
その時、どこからとなもなく	
刀が	
され、ノヴァは咄嗟にブレードで	
飛んでくる刀を切り払った。	
侵入者の攻撃を確認。	
きんきゅうげいげき	
緊急迎撃	
により、	
目標の	
に失敗しました。」	
「助かった	
グッドタイミングでしたねえ	
ご無事でしたか？川島さん。」	
「天道	
ッ！何故お前がここに	
「何故って、	
川島さんを助けに来たんですよ。	
だって今にも殺されそうじゃないですか。」	
天道。	
貴様、私の邪魔をするのか？」	
「別に影山さんの	
邪魔をしたいわけじゃないんですよ。」	
「私はただ	
のお仕事をしているだけです。	
人命救助というお仕事をね。」	
「馬鹿な。貴様がしている事は	
の妨害行為に他ならない。」	
「組織を裏切るつもりか？天道。」	
「あなたから組織だとか、裏切るだとかの	
言葉が聞けるとは意外ですねえ。	
あなたってそんなに	
きょうちょうせい	
協調性	
ありましたっけ？」	
「黙れ。	
邪魔をするというなら貴様も排除する。」	
号。奴も始末しろ。」	
「了解。目標設定。	
直ちに排除します。」	
ブレードを振り回し、	
天道に斬りかかる。	
「おっとっと。怖い怖い。	
当たったら無事では済みませんね	
。私。」	
天道はヘラヘラとした余裕をかましながら	
ノヴァの斬撃をひらりと	
「ちょっと失礼しますよ。	
ひしょうけん	
飛翔剣	
番発射。」	
天道が指を鳴らすと	
空中に	
ふゆう	
浮遊	
本の剣が出現し、	
一斉にノヴァに向かって射出される。	
ノヴァは飛んでくる	
をブレードで	
切り払いすべて叩き落とす。	
ノヴァに叩き落とされた	
推進力を失い地面に次	
と突き刺さった。	
「警告。私に	
を通用しません。」	
「確かに。ノヴァさんの反応速度だと	
見切られちゃいますよねえ。」	
「なので、	
ちょっと時間稼ぎさせてもらいます。」	
プラズマティック・フィールド	
電磁結界	
ノヴァに叩き落とされ地面に	
突き刺さった複数の	
が共鳴し	
電磁フィールドを引き起こす。	
「エラー。	
ジャマーによる	
でんじかんしょうけんしゅつ	
電磁干渉検出	
エーテライトコア出力低下。システムダウン。	
機体制御不能。」	
電磁干渉で	
エーテライトを麻痺させたか。	
な真似を。」	
「さあ、今のうちに逃げますよ。	
わ、わかった。」	
俺は振り返りノヴァを	
いちべつ	
一瞥	
「エラー。電磁干渉継続中。	
復旧まで残り	
「ほらー。川島さん。	
何やってるんですかー？	
置いておきますよー？」	
天道め。	
一体、どういうつもりだ。」	
「というわけで、川島さんの救出は	
成功したのですがノヴァさんは記憶を失い	
影山さんの	
な配下になってしまったようです。」	
は我	
の知る	
では	
ないようだな。」	
「ノヴァは何も覚えちゃいなかった	
俺の事でさえも	
「あれは本当にノヴァなのか	
で感情が無いオートマタの本質、	
一切の	
も迷いも無く俺を殺そうとしやがった	
「まさに命令通りに動く機械。	
今のあいつはただの殺人マシーンに	
なっちまったんだ	
「とまぁこんな感じでせっかく元の身体に戻れたのに	
ノヴァさんが影山さんに寝取られてしまって	
メンタルがヘラってしまってるんですよねえ。」	
う、うわあ	
「天道。貴様はわざと	
川島の傷を	
っているのか？」	
「いえ、事実を報告しているんですよ。	
私、	
ですから。」	
「報告義務は認めるが貴様はいつも一言多いのだ。」	
「それにしても影山め	
フェイリクスが起こした一連の事件の	
だったとは。	
はまんまと	
あざむ	
かれていたわけか。」	
「知らずうちに影山さんの計画の	
がされていたとは	
一杯食わされましたねえ。」	
「幸い洗脳され人質になっていた者達は	
全員無事だったから良かったものの	
の顔に泥を塗る	
くつじょくてき	
屈辱的	
な事件だ。」	
「このままでは終わらんぞ。	
必ず影山を見つけ出し逮捕してくれる。」	
「天道。影山の	
いどころ	
居所	
は掴めているのか？」	
「先ほどまでは	
地下実験室に居ましたけど斑鳩警察に	
見つかった以上、姿を	
くら	
ませたでしょうね。」	
「影山さんは用心深いですからねえ。	
斑鳩警察が指名手配している以上、	
まず表には姿を見せないでしょう。」	
「つまり、奴が身を隠しているアジトを	
探し出す必要があるという事か。」	
「ええ。そちらは私の方で調査を進めておきましょう。」	
「ほう。いつになく仕事熱心だな。」	
「影山さんは知らない仲じゃありませんし、	
なによりノヴァさんは我が諜報部の	
諜報員ですからねえ。」	
「私としても可能であれば	
戻って来て欲しいんですよ。	
ノヴァさんに。」	
「お前もノヴァを信じてるんだな	
お前、いいやつだな	
急に手のひら返さないでくださいよ。	
きしょくわる	
気色悪	
いですよ。」	
「機巧院の斑鳩警察への職場復帰。	
私も願わくば望むところだ。」	
「だが、それは今の機巧院の立ち位置上	
難しいところだ。」	
「あ？どういう事だ？」	
「まず我	
はフェイリクス事件の首謀者として	
影山を指名手配している。」	
機巧院は記憶を失っているとはいえ	
影山の配下として行動している。」	
機巧院は影山の	
きょうはんしゃ	
共犯者	
として	
逮捕または	
される可能性がある。」	
「ノヴァを	
逮捕	
「ふざけんなッ！真田だって知ってるだろッ！	
ノヴァは記憶を失って影山に命令されてるだけだッ！	
ノヴァを逮捕する道理はねぇだろうがッ！」	
「それは当然承知している。	
だが、機巧院はオートマタだ。」	
「オートマタはマスターの命令に	
じゅんしゅ	
順守	
そしてマスターがオートマタを使用し	
悪事を働けばマスター同様にオートマタも等しく裁かれる。」	
「つまり、影山さんがノヴァさんを	
使って悪い事したらノヴァさんも	
犯罪者って事ですよ。」	
「何故ならオートマタは	
人間にとって道具だから。」	
「例えば人間がナイフで	
傷害事件を犯したとしましょう。	
そのナイフは凶器として扱われ警察が回収します。」	
ノヴァさん	
凶器になり得る可能性があるのです。」	
凶器	
「ふざけるな	
ッ！ノヴァは確かに	
オートマタだ	
ッ！けど人間だ	
心を持った人間なんだよ	
「それを道具だの凶器だの	
お前らには人の心が無いのか	
お前らそれでも警察かよ	
も機巧院が斑鳩警察に戻ってくる事を	
望んでいると。」	
「だが、現代の法では	
オートマタは道具として扱われ裁かれる。	
それが今の法の限界なのだ。」	
人間を	
したオートマタが出始めたのが	
ごく最近ですからねえ。」	
「まだ法の整備も進んでおらず	
警察も対応が難しいんですよ。	
オートマタの犯罪というのは。」	
っ。そんな	
じゃあ	
俺はどうしたら	
「川島。お前は今日はもう帰って休め。」	
「真田警部？」	
「そして、考えろ。	
自分が成すべきを事を。」	
「その答えが出たのなら	
またここに来るがいい。」	
「いいんですか？真田警部。	
川島さんにチャンスを与えるような事をして。」	
「フェイリクス事件が終わった今、	
川島さんを斑鳩警察に	
関わらせる意味はありません。」	
「むしろ、影山さんは	
川島さんを始末しようとしている。」	
、斑鳩警察が川島さんを	
保護すべきだと思いますがねえ。」	
「川島の言い分はもっともだ。	
、斑鳩警察の仲間である機巧院を	
犯罪者として裁いていいわけがない。」	
「だが、我	
が斑鳩警察の	
国家組織である以上	
法のルールに	
くことはできん。」	
「しかし、奴は斑鳩警察では無い。	
そして機巧院と共に	
フェイリクス事件を解決した	
こうろうしゃ	
功労者	
「川島には選ぶ権利がある。	
機巧院の運命を。」	
「相変わらず甘いですねえ。	
「そういうのは私じゃなくて	
ちゃんと本人に言った方が	
いいんじゃないですか？」	
私はどうやら若者に	
怖がられているらしいからな。」	
「あー。それ気にしてました？」	
「ようやく帰ったか。ユート。」	
「とっくに	
は過ぎているぞ。	
こんな時間まで	
どこをほっつき歩いていたのだ。」	
お、俺の事がわかるのか	
「何を言っている？ユート。	
まさかまだ入院時の記憶の	
こんだく	
混濁	
があるのか？」	
「この反応	
っ！ま、間違いない	
俺の知ってるユリ姉だ	
「良かった	
っ！ユリ姉	
元に戻ったんだな	
本当に良かったよぉおお	
うわああーーーん	
っ。ユート	
なぜ泣く	
一体、どうしたと言うのだ！？」	
「ユリ姉が死ななくて良かったよぉ	
ユリ姉がユリ姉で良かったぁ	
もう二度と俺の側から居なくならないでくれぇ	
「私が死ぬ	
！お前、なんかおかしいぞ	
ちょっと頭冷やして来い	
声が	
聞き覚えのあるこの声は	
姉？」	
「起きたか。ユート。」	
「気分はどうだ？	
少しは落ち着いたか？」	
何とかな。」	
「まったく昨日は驚いたぞ。	
帰ってくるなり、いきなり泣き出しおって。	
何事かと思ったぞ。」	
「家に帰ってくるとユリ姉の出迎えてくれる。	
そんな当たり前の日常が戻って来たのが	
涙が出るほど嬉しかったのさ。」	
お前疲れてるんじゃないのか？	
今日、学校休むか？」	
「ああ。嬉しい事言ってくれるじゃないの。	
ユリ姉はいつも優しいけど	
今日は特別優しいね。」	
は、はあ。」	
「でも、大丈夫。学校に行くよ。	
いつまでもユリ姉に	
甘えてばかりいられないからね。」	
「そ、そうか。それならいいのだが。」	
俺はユリ姉と再会出来た喜びを伝えると	
ユリ姉はどこか困惑したような	
リアクションをする。	
まぁ、俺からすればユリ姉に会えたのは	
本当に久しぶりなんだけどユリ姉には	
その実感が無いだろう。	
影山の話じゃ洗脳されていた間の	
記憶はほとんど無いらしいからな。	
念の為、ユリ姉に確認しておこうかな。	
「ところでユリ姉。	
最近、何か変わった事あった？」	
「変わった事？ああ、そういえば	
先日、学校の近くの公園でオートマタの	
暴走事件があったそうだ。」	
「最近は物騒だからな。	
お前も気をつけるのだぞ。」	
なるほど。タイミング的に	
ユリ姉達がフェイリクスの洗脳されたのは	
オートマタ暴走事件の直後だった。	
つまり、洗脳されたタイミングからの	
記憶は抜け落ちているという事か。	
あと、妙に気になる事があるのだが。」	
「私がオートマタを	
と戦っていた	
おぼろげだがそんな光景が思い浮かぶのだ。」	
「それが夢なのか現実なのか	
さだ	
かではないが、	
その光景が頭に焼き付いて離れない。	
あれは一体何だったのだろうか	
完全に	
記憶が無くなっているわけじゃないのか。	
どうやら洗脳状態でも印象的な出来事は	
記憶から消えず残り続けるようだ。	
「そして、機巧院と共に居たオートマタ	
何故だかユートに似ていた。	
はまるで違うのにそれがユートだと感じてしまうのだ。」	
「私はそのオートマタを	
に傷つけてしまった。	
私のした事に対する胸の痛み、罪悪感は今でも消えない。」	
「私はまた	
あやま	
ちを犯してしまったのか。」	
「大丈夫。ユリ姉は何も悪くねぇ。」	
「もしユリ姉が間違ってたら、	
俺が間違いを正してやる。	
俺は何があってもユリ姉の味方だ。」	
どうやら少し弱気になっていたようだ。	
私も人の事は言えないな。」	
「さて。さっさと支度をしろ。	
学校へ行くのだろう？」	
「ああ。そうだな。」	
随分久しぶりの登校だな。」	
自分の身体で学校に行くのは	
本当にいつ以来だろうか。	
フェイリクスに身体を奪われてから	
俺の日常は一変した。	
信頼していたユリ姉や学園の生徒達が	
洗脳され、何かも失った俺の側には	
誰一人として味方は居なくなった。	
ノヴァ以外は。	
身体どころかフェイリクスに全てを奪われ	
絶望の	
ふち	
に立たされていた俺に	
ノヴァだけが救いの手を差し伸べてくれた。	
世界のすべてが敵になったとしても	
ノヴァだけは俺の味方で居てくれたんだ。	
何で今お前は俺の側に居ないんだ。	
せっかく元の身体に戻れたっていうのに。	
ようやく俺達の日常が帰って来たっていうのに。	
どうして、	
俺の事を忘れちまうんだよ。	
「ナンダナンダ？	
しんきくさ	
辛気臭	
い顔シテンナー。」	
「おや、悩み事かね？少年。」	
「と、誰だっけお前？」	
「フーゲツはフーゲツだ！	
覚えてネーノカヨ！」	
「元気が無いようだけど、	
どうかしたのかな？	
ちょっとノヴァと上手く行ってなくてな。」	
「ソウカ。次はイイ出会いアルサ。」	
「何勝手に終わらせてんだ。	
まだ終わってねーよ。」	
「そういえば今日、	
ノヴァ見てないんだよね。	
いつも一緒に登校してるんだけど。」	
「ノヴァのヤツ	
やっぱ学校には来ないか。」	
「ノヴァと喧嘩した？」	
「喧嘩	
まぁ、結果的には	
いになったな。」	
まさかノヴァが	
俺をガチで殺そうとすると思わなかったが。	
「へー。ノヴァと喧嘩するなんて羨ましいなぁ。」	
「は？羨ましい	
「ノヴァって	
としていて誰に対しても	
はっぽうびじん	
八方美人	
というかあんまり本音を見せないんだよね。	
もちろん私に対してもね。」	
「だから、ノヴァとはずっと仲良しで	
今まで口論とか喧嘩とかした事が	
なかったんだ。」	
「仲良しなのは良い事じゃないのか？」	
「そうだね。	
きっとその方が安全で安心で楽しいと思う。」	
「でも、私が本当に欲しいのは『	
ほんもの	
本物	
』なんだ。」	
』？」	
うわべ	
上辺	
でも馴れ合いでも無い。	
本音で、本気でぶつかり合える関係性。」	
「喜びも怒りも痛みも苦しみも悲しみも	
全部ひっくるめて分かち合える。	
それが私が求める『	
「私はノヴァの『	
』になれない。」	
「でも、ユートくん。君なら、君になら	
ノヴァの『	
』になれるかもしれない。」	
俺がノヴァの『	
』に。」	
「君にはその資格がある。	
あとは君自身がどうしたいか、だよ。」	
俺はどうしたいんだ	
影山の学園アイドル攻略作戦を俺は断った。	
それはノヴァが記憶を失い、	
俺の知ってるノヴァじゃなくなったからだ。	
俺が好きなのは	
てんしんらんまん	
天真爛漫	
で金が大好きな	
こあくまけいはいしんしゃ	
小悪魔系配信者	
のノヴァなんだ。	
心無い機械となったオートマタじゃない。	
だけど	
ノヴァは。	
俺が記憶を失って、ノヴァとの記憶を忘れても	
それでも側に居てくれた。	
それでも俺を好きだと言ってくれた。	
それなのに俺はノヴァが記憶を失った途端、	
『こんなのノヴァじゃない』と否定した。	
何やってるんだ。俺。	
「ナンダナンダ？ダンマリダゾー？」	
「うんうん。青少年よ。	
じっくり悩みたまえ。	
君には立ち止まる時間が必要だ。」	
。先に行こうか。	
ユートくんをそっとしておいてあげよう。」	
「クヨクヨスンナヨー。」	
「あ、そうだ。」	
元の身体に戻れてよかったね。	
サツキに気を使わせちまったな。」	
あれ？	
フェイリクスに洗脳されていたサツキが	
何で俺の身体の事を知ってるんだ？	
「よー。川島。	
久しぶりだなー。元気してたか？」	
「誰だっけ？お前。」	
「おいおい。プロローグ以来の	
の登場だからって忘れんなよ。	
お前の親友、	
「そうだそうだ。岡崎。	
あまりにも出番が無さすぎて忘れてたわ。」	
「お前がなかなか学校に来ないのが悪い。	
俺は毎日登校してるのによー。」	
「しょうがねえだろ。	
最近は学校行ってるヒマなんか	
無かったんだから。」	
フェイリクスが俺にすり替わって	
学園を支配してたからな。	
それどころじゃなかったのも事実。	
ん？	
「岡崎。何で俺が久しぶりに	
学校来たってわか	
「あんですって！？	
獅堂ミナトぉおおおおーーーッ！！！」	
俺がふとした疑問を口にした時、	
教室に	
どごう	
怒号	
が響き渡った。	
「あら。聞こえなかったのかしら。」	
「それ以上、私に近づかないでくれるかしら。	
また抱きつかれでもしたら	
「はぁあああーーーーッ！！？	
誰があんたなんかに抱きつくかああーーーッ！！」	
「獅堂会長。	
盾守さんと何かあったの？」	
「抱きつくとかなんとか聞こえましたが	
「ええ、皆、聞いてちょうだい。」	
は眠った私を	
連れて行き、」	
「あろうことか私に抱きつき	
添い寝プレイをするという変態行為に	
んで	
えつ	
に浸っていたのよ。」	
「まあ	
しゅくじょ	
淑女	
たる獅堂さんになんて	
はれんち	
な行為	
「風紀委員長の盾守さんともあろうお方が	
なんたる	
ぐこう	
愚行	
！見損ないましたわ	
なっ	
あれはあんたが抱きついて	
来たんでしょうがぁああーーーッ！！」	
「何勝手に私のせいにしてんのよッ！	
そもそも私だって気づいたら廃棄処理場に居たんだから	
私の犯行なわけないでしょうッ！？」	
「皆さん、御覧なさい。	
犯人が苦し紛れの	
をしているわ。	
ああやって論点をズラし、犯した罪から逃ようとしているのよ。」	
「なんて	
こそく	
姑息	
「盾守さん、今ならまだ間に合います。	
じしゅ	
自首	
してください。」	
「ふ、ふざけるなああああーーーーーッ！！	
獅堂ミナトぉおおおおーーーーーッ！！」	
「馬鹿者ッ！朝っぱら何を騒いでいるッ！」	
「ユリせんせぇええーーーッ！！	
助けてくださいッ！獅堂ミナトが	
私を犯罪者に仕立て上げようとするんですッ！」	
「そうやっていつもいつも被害者面して	
川島先生に泣きつこうとする。	
まったく見下げ果てたものね。」	
「あんですってええええーーーッ！！	
元はと言えばあんたから	
喧嘩売って来たんでしょうがあああーーーッ！！」	
「いい加減にしろ！二人共！	
ホームルームが始められんではないか！」	
「見ろよ。獅堂と盾守、また喧嘩してるぜ。	
なんであそこまで馬が合わないのかねぇ。」	
信じられるか？ちょっと前まで	
あだ名で呼び合い、二人で遊びに行くほどの	
仲の良さだったんだぜ。」	
「おいおい。そいつは笑えねえ冗談だぜ。	
あの二人が仲良くお出かけだって？	
天地が裂けてもありえないね。」	
俺もそう思っていた時代があった。	
実際にこの目で見るまでは	
な。	
絶対に相いれない犬猿の仲である獅堂と盾守を	
一時的とはいえ、	
なかむつ	
仲睦	
まじい関係にしちまうなんて	
フェイリクスの洗脳とはなんと恐ろしいのか。	
「では、朝のホームルームは以上だ。	
皆、今日も一日	
べんがく	
勉学	
はげ	
むのだぞ。」	
「川島先生。」	
ホームルームの	
しゅうりょうまぎわ	
終了間際	
獅堂はすっと手を上げ	
きょしゅ	
挙手	
をする。	
「どうした？獅堂。」	
「川島先生。窓の外に	
さんが居ます。」	
「何を言っている？	
ここは四階だぞ。	
そんなところに	
が居るわけ	
獅堂の指差す方向。	
窓の外に空中で浮遊するノヴァが居た。	
っ！？ノヴァ！？」	
な格好をしている！？	
校則違反だぞ！？」	
「何考えてるのよノヴァ	
な格好で登校してくるなんて	
ふうき	
風紀	
が乱れるわ	
いやいや、	
もっと突っ込むべき大事なところが	
あるんと思うんですが。」	
論点がズレてる	
はれんちけいさつ	
破廉恥警察	
の二人だった。	
「そんな事よりアイツなんか浮いてないか？」	
「ほんとだ	
！浮いてる	
「っていうか飛んでる	
「まずそれが普通の反応ではあるよな。」	
っ！校則違反の	
な格好で	
ひこう	
飛行	
し周囲から浮いた存在になるとは	
ひこうしょうじょ	
非行少女	
だな	
「誰が上手い事言えと。」	
「目標補足。川島ユートを確認。	
ちに排除します。」	
ノヴァはアサルトライフルを構え、	
ッ！？ここで撃つ気か！？」	
「いかんッ！皆、伏せろッ！」	
「射撃開始。」	
ノヴァがトリガーを引くと	
アサルトライフルの銃口から教室に向けて	
無数の弾丸が発射される。	
その時、	
が射線上に割って入り、	
おおだて	
大盾	
で全ての弾丸を防ぎきる。	
「盾守ッ！」	
「獅堂ミナトッ！私が防いでるうちに	
アレを何とかしなさいッ！」	
「私に命令	
するなッ！」	
獅堂が机を蹴り飛ばすと	
弾丸のように勢いよく射出され	
外に浮遊するノヴァに直撃するッ！！	
みかくにんとうてきぶつ	
未確認投擲物	
ちょくげき	
直撃	
さよくそんしょう	
左翼損傷	
ひこうせいぎょふのう	
飛行制御不能	
翼を破壊されたノヴァは制御不能となり	
真っ逆さまに地面に墜落する。	
「敵機を	
げきつい	
撃墜	
「え？まさか死んだ？」	
「い、いかんッ！	
あれでは機巧院がッ！」	
「ちょっとアンタッ！	
やり過ぎよ！？」	
俺は墜落したノヴァの	
あんぴ	
安否	
が心配になり、	
教室から飛び出すッ！	
「お、おいッ！川島ッ！」	
こうきどうひこう	
ユニットの故障を確認。	
継続使用不可。ユニットをパージします、」	
獅堂に撃墜されたノヴァは何事も無かったように	
破損した飛行パーツを外し、ピンピンしていた。	
！お前	
教室でドンパチやるなんて何考えてんだ	
クラスの皆を巻き込む気か	
で君を排除しようとしたのだが、	
君のクラスには	
ひけんたい	
被検体	
人も居たか。	
さすがにあれらを相手では	
号も手こずるようだ。」	
テメェがノヴァにこんな真似をさせたのか	
「こんな真似？それは誤解だよ。」	
ちょうほうていさつ	
諜報偵察	
たんきせんにゅう	
単機潜入	
おんみつあんさつ	
隠密暗殺	
に特化したオートマタだ。	
号が本来の姿と言える。」	
ノヴァは心を持った人間だ	
人殺しの道具なんかじゃない	
「心を持った人間？それは違う。	
号は命令通りに対象を抹殺する	
シリアルキラー	
殺人機械	
だ。それは君も認めていたはずだ。」	
号との学園アイドル攻略作戦の続行を拒否した。	
ゆえに私は作戦から降りた君を	
排除しなければならなくなったのだ。」	
「この事態は君が	
まね	
いた事だ。	
号が人殺しの道具になっているのは	
君のせいだと言えないかね？」	
確かに俺はノヴァを否定した。	
記憶を失い命令通り動く機械となった	
オートマタなんてノヴァじゃないってな。」	
「けどよ。やっぱりそいつはノヴァなんだ。	
記憶があろうが無かろうが紛れもなく	
俺の知ってるノヴァなんだよ。そいつは。」	
「今の	
号の記憶領域は初期化されている。	
人格を形成する情報は何も無い。	
人間で例えれば	
だけ	
した別人だ。」	
「だというのに君はこの個体を	
以前の	
号と	
どういつし	
同一視	
するというのか？」	
。俺にはわかる	
記憶が無くても人格が無くてもノヴァの	
ノヴァだって言ってるんだ。」	
「それは君の	
きぼうてきかんそく	
希望的観測	
に過ぎない。	
こたいしきべつじょうほう	
個体識別情報	
など存在しない。」	
「理屈じゃねぇ。	
魂がそう叫んでいるんだ。」	
まゆつばもの	
眉唾物	
「だから、俺はノヴァの魂と	
を試みる。	
やきゅうしょうぶ	
野球勝負	
野球、だと？」	
「記憶が無くたって心に響いた	
感情、経験、過ごした思い出は	
魂に刻み込まれてるはずだ。」	
魂のぶつかり合いで呼び覚ます！	
しょうぶごと	
勝負事	
による肉体言語だ！」	
「本気でぶつかり合ったなら、	
魂で感じられるはずだ！	
互いの考えも！思いも！全て！」	
「そんな根性論、非科学的だ。	
何の意味も無い。」	
ユリ姉！」	
「影山。お前も教師の端くれならわからはずだ。	
スポーツを通して得られる	
すこ	
やかなる精神。	
そして成長。それが子供達の可能性である事を。」	
「競い合い、	
せっさたくま	
切磋琢磨	
し、勝負し続ける。	
それこそが人間の	
さが	
教師は見届ける必要がある。	
生徒達の勝負の行く末を。」	
それが教師の	
せきむ	
責務	
というのなら了解した。」	
号。川島の茶番に付き合ってやれ。」	
「了解しました。ドクター。」	
「川島ユートとノヴァが	
やきゅうたいけつ	
野球対決	
ですって？	
一体何がどうしたらこうなるのよ。」	
め事は勝負で	
を決する。	
おきて	
ちゅうじつ	
忠実	
ともいえるわね。」	
ごう	
に入れば	
したが	
え、か。	
やはりゲームにはルールが必要だ。	
そうでなければ	
ちつじょ	
秩序	
たも	
てない。」	
しれっとオーディエンスが	
増えてるんだよなぁ。」	
「では、ルール説明を行う。」	
「ルールは	
球勝負。	
ピッチャーが	
球投げる間に	
バッターが	
球でも外野に打ち返せればバッターの勝利。」	
「逆にバッターが	
球とも	
からぶ	
空振	
りか。内野ゴロまたはフライなら、	
ピッチャーの勝利だ。」	
「バッターはユート、ピッチャーは	
「両者準備はいいか？」	
「もちろんだっ！」	
「準備完了。」	
こうしきよう	
硬式用	
の金属バットを	
手に持ちバッターボックスに入る。	
ほぼ同時にノヴァはマウンドに立ち、	
ボールを手に持った。	
「ノヴァのやつ、いきなり教室を襲撃して来たと思ったら	
川島ユートと野球対決をする事になってるなんてね。」	
「しかも以前とは	
雰囲気が違っていて別人みたいだし。」	
「獅堂ミナト、	
あんたが撃ち落としたせいで	
頭でも打ったんじゃないの？」	
「そう？	
かもく	
寡黙	
でクールな機巧院さんも	
なかなか魅力的だと思うけど。」	
あんたに聞いた私が馬鹿だったわ。」	
「ドクター。投球指示を。」	
ストライクゾーンの中心に速球を投げろ。」	
「了解。投球プログラム設定完了。」	
「わざわざコースと	
きゅうしゅ	
球種	
を相手バッターに教えるなんて	
影山め。一体何を考えている？」	
「川島さん程度が相手では	
球種とコースがわかっていても打てはしない。	
そういう事ですね。」	
むろん	
無論	
。少しでも	
このゲームを面白くしてやろうという	
私なりの配慮だ。」	
！舐めやがって	
後で	
づら	
かかせてやるからな	
をかく川島さんが目に浮かびますね。」	
「それではこれより、	
しんけんやきゅう	
真剣野球	
球勝負を	
り行う！」	
「プレイボール！」	
俺は金属バットを構え、打撃フォームの態勢に入る。	
「さあ、来やがれ	
「試合開始。投球フォームに移行。」	
ノヴァは俺が構えたのを見やると、	
大きく振りかぶり、オーバースローで球を投げた。	
「ちょっ！？」	
瞬間、	
まばた	
きする間も無く	
ノヴァの投げた球はストライクゾーンド真ん中に入り、	
バックフェンスに突き刺さっていた。	
「ストライク！」	
何今の？」	
「球速	
キロ	
なんて球投げるのよノヴァのやつ！」	
スピードガンで球速を測定していた	
きょうがく	
驚愕	
の声を上げる。	
「それ速いの？」	
「あんた野球素人！？	
めちゃくちゃ速いわよ！」	
キロは現代の	
プロ野球選手でも最高速度を誇る領域だ。」	
「それを女子高生が	
と投げて来るとは	
一体、奴は何者なんだ？」	
号は人間ではない。	
ゆえに人間の基準で判断するのは正確ではない。」	
きかくがい	
規格外	
怪物、という事か。	
甲子園でも	
まれ	
に現れる	
年に	
一人の	
というやつだな。」	
間違ってないんだけどそうじゃない。	
影山とユリ姉の間に微妙なすれ違いが発生していた。	
「なるほど。機巧院さんが	
プロレベルの	
ちょうごうそっきゅう	
超剛速球	
を投げるのであればこの勝負、	
川島さんに万に一つも勝ち目が無いですね。」	
だから私はあえて球種とコースを	
かいじ	
開示	
「ふざけんなッ！	
相手がプロレベルだろうがなんだろうが	
俺は負けるわけにはいかねーんだよッ！」	
「さあ！次だッ！」	
「ドクター。第二球の指示を。」	
「同じだ。	
ストライクゾーン中心に速球を投げろ。」	
「了解しました。投球プログラム継続。」	
球目もまったく同じ球種とコース	
まさに強者の余裕ってやつね	
「それだけの実力差があるという事。	
まさに消化試合ね。」	
外野が好き放題言ってくれる。	
だが、そんなヤジを気にしてる余裕はねぇ。	
問題はあのプロ野球クラスの剛速球を	
どうやって攻略するかだ。	
俺はノヴァと	
したからわかる。	
オートマタの演算能力と精密動作は折り紙付きだ。	
球目と同じなら	
わず	
ストライクゾーンの中心のコースを通るはず。	
コースが	
め分かっていれば	
タイミングさえ合わせれば打てるはずだ。	
「来やがれ	
「第	
球。投球開始。」	
球目の投球映像を再生するかのように	
まったく同じ投球動作で	
球目を投げた。	
閃光	
光の矢の如く発射される超高速の弾。	
キロのストレートである。	
「ここだぁッ！」	
コースは予測通り。俺はタイミングを	
バットを振り抜く	
ときすで	
時既	
おそ	
し。	
バットを振った時には	
ボールはバックフェンスに突き刺さっていた。	
「ストライクッ！」	
「あー！何やってんのよ。川島ユート！	
全然タイミング合ってないじゃない！」	
「川島さん程度の反応速度とスイングスピードでは	
キロの剛速球を捉える事は不可能。	
もはやハンデにすらなってないようですね。」	
「ふむ。見込み違いか。	
川島の能力が私の予測を	
大きく下回っていたようだ。」	
「テメェら！	
一球ごとにヤジ飛ばしてんじゃねーぞ！」	
「次は必ず打ってやる！	
おんなじ球で来いッ！」	
「ドクター。第三球の指示を。」	
「聞いた通りだ。	
変わらず、ストライクゾーン中心への	
速球でフィニッシュだ。」	
「了解しました。投球プログラム継続。	
これで決めます。」	
「しかし、後が無いぞ。ユート。	
プロ野球界最高球速と並ぶ	
キロの超剛速球。	
一体、どう攻略する？」	
「俺は負けない。	
絶対に負けるわけにはいかねぇんだ。」	
ひとこきゅう	
一呼吸	
置き、	
自分に言い聞かせるように言葉を	
ぐと	
バットを構え、打撃姿勢に入った。	
しかし、実際どうする？	
獅堂の言う通り球種とコースが分かっていても	
俺の反応速度とスイングスピードじゃ	
どう	
いても	
キロの速球は捉えられない。	
このままだと確実に三振だ。	
それは間違いない。	
これまで投球された球で	
つうかん	
痛感	
だが、	
一つだけこの状況を	
する方法がある。	
それは今この状況において、	
俺が、俺だけ使える禁じ手である。	
だかい	
打開	
する唯一の手段それは	
以前、ノヴァと	
した俺は	
オートマタの演算能力を利用する事によって	
大幅に射撃精度と反応速度を向上させる事が出来た。	
一度、ノヴァと	
をした事で	
チャンネルは開通状態となっていて	
再接続も可能のはず。	
つまり、ノヴァとの	
こそが	
キロの超剛速球を攻略する鍵なのである。	
ノヴァの第	
球。	
これまでの投球をリプレイするかの如く、	
寸分違わぬ動作で振りかぶって、	
投げたッ！	
「今だッ！」	
えいしょう	
詠唱	
を終えると同時に視界は	
まばゆ	
い光に包まれ	
ノヴァの存在のようなものを感覚的に	
感じられるようになった。	
そして、視界や思考が驚くほどクリアになり、	
たった今投球された	
キロのストレートが	
まるでスローモーションのように正確に視える。	
よしッ！これならいけるッ！	
俺は踏み込み、	
ど真ん中のストライクゾーンに	
入って来たボールを	
ましん	
真芯	
で捉え打ち返すッ！！	
「ッ！？」	
「なっ！？」	
「打ち返しただとッ！？」	
真芯で打ち返した球の弾道は	
グングン高度を上げていき、	
ホームランコースの軌道を描いていた。	
すいちょくじょうしょうかいし	
垂直上昇開始	
ノヴァは大ジャンプで飛び上がり、	
上空でホームランコースのボールをキャッチする。	
「アウトッ！」	
「な、なにぃいいいーーーーーーーーッ！！！」	
「あ、あのホームランボールを	
キャッチしたですってッ！？	
どんな跳躍力してんのよッ！？」	
「川島さんも思ったより頑張った方ですが	
機巧院さんの方が一枚上手でしたね。」	
だきゅうかいしゅうかんりょう	
打球回収完了	
ボールはキャッチしたノヴァは	
何事も無くグラウンドに着地する。	
「ゲームセットッ！	
勝者、機巧院ッ！」	
「私達の勝ちだ。川島。	
君の言う対話とやらは出来たのかね？」	
「所詮は結果が	
分かり切っている茶番に過ぎない。	
無駄な時間だったな。」	
「分かってないのはお前だ。影山。	
ちゃんとこの野球勝負、	
収穫はあったぜ。」	
「俺が打ち返した最後の打球、	
ノヴァは咄嗟に跳躍してキャッチした。	
あれはお前の指示じゃないな？」	
「確かに指示はしていないが、	
が状況の変化に合わせて	
最適な行動を取っただけではないか？」	
「違うな。あれはノヴァが『負けたくない』という	
強い意志によって生み出された行動だったんだ。」	
「あれが意志の選択だと	
「そして俺はあの行動で確信した。	
はまだ生きてるってな。」	
「根っこの部分でアイツは何も変わっていない。	
俺の知っている負けず嫌いの	
機巧院ノヴァのままなんだ。」	
よまいごと	
世迷言	
それは君の希望的観測に過ぎない。」	
「だから俺は	
を挑む。」	
ほう。」	
「野球勝負の次は	
と来ましたか。」	
だと！？	
何を言ってるんだ！ユート！	
お前は今、野球勝負で負けたばかりなのだぞ！」	
「負けず嫌いにも程があるぞ！」	
「どうするんだ？影山。	
俺との	
、受けるのか？」	
どのみち君を排除する必要があるのだ。	
とやらで決着をつけるとしよう。」	
「よし。話は決まりだな。	
それじゃあ	
「ドクター。提案があります。	
発言許可を。」	
「何だ？言ってみろ。	
「現時点での	
飛行ユニットをロストした状態であり	
ばんぜん	
万全	
の体制では無い為、実施は得策ではありません。」	
「戦闘準備を整えた後、	
最大火力で敵を	
せんめつ	
殲滅	
するのが最適解であると	
提案します。」	
「なるほど。確かに一理ある。	
開発中の	
シリーズの武装の実践テストを	
行うのにも丁度いい。」	
「では、川島。スケジュールの変更だ。	
みょうちょう	
明朝	
まるよんまるまる	
、ポイント	
ななごーまるさん	
に来たまえ。	
を行うとしよう。」	
っていつだよ？」	
「明日の午前四時ですね。」	
「夜中じゃねーかッ！	
普通に寝てるわッ！」	
「さらばだ。行くぞ。	
「無視かよッ！？」	
影山は一方的に場所と時間を指定し、	
ノヴァを連れて学園を去っていた。	
「まさかユートと機巧院が	
をする事になるとはな。」	
「どうするんだ？ユート。」	
「もちろん行くに決まってるだろ。	
目覚まし頼むぜ。ユリ姉。」	
朝の通学時間ですら	
起きられないお前が早朝に起きられるとは	
到底思えないのだが。」	
は終わった事だし、	
教室に戻りますか。」	
「あんた、いくらなんでもマイペース過ぎるわよ。」	
「っていうか、ノヴァのやつ普通に	
授業サボって帰っちゃったんだけど	
誰も気にしてないし。」	
「影山がわざわざ時間と場所を指定して来たのだ。	
罠とみて間違いないだろう。	
それでも行くのか？」	
「ああ。もちろんだ。」	
「ノヴァは完全に記憶を失ったわけじゃない。	
あいつの	
には俺達との思い出が	
刻み込まれているはずだ。」	
真剣勝負で	
の奥底に眠る	
ノヴァの記憶を呼び覚ます。」	
「機巧院の記憶を取り戻す為に	
影山の罠に自ら飛び込もうというのか。」	
「それがお前の覚悟というわけだな。川島。」	
「いいだろう。行くがよい。	
そして必ず機巧院を連れ戻してくるのだ。」	
「当たり前だ。その為に俺はここに居る。」	
「おやおや。何があったかは知りませんが、	
随分と吹っ切れたようですねえ。」	
「天道。影山が指定した場所は割り出せたのか？」	
「ええ。ポイント	
だいに	
第二	
オートマタ生産工場のようですね。」	
「何年も前に廃棄された工場ですが	
影山さんが	
ひみつり	
秘密裏	
ねじろ	
根城	
研究開発を進めていたようです。」	
「まったく科学者という人種は何でもかんでも	
勝手に利用しおって。この世のものすべてを	
自分の	
しょゆうぶつ	
所有物	
とでも思っているのか。」	
第二オートマタ生産工場に	
の部隊を回しておけ。」	
「川島の援護をすると共に影山を確保する。」	
「はいはい。了解です。」	
「真田。俺に力を貸してくれるのか？」	
「勘違いするな。お前の為ではない。	
最優先は影山の確保だ。」	
「そして、我が斑鳩警察の警官、	
機巧院の救出の為の作戦だ、」	
「おやおや。素直じゃないですねえ。	
真田警部。川島さんを手助けしたいなら	
そう言えばいいのに。」	
よけい	
余計	
な口を挟んでいないで	
さっさと作戦準備に取りかかれ。」	
「わかりました。	
それはそれとして、	
お客さんのようですね。」	
「ごきげんよう。斑鳩警察の皆さん。」	
「これはカグヤ殿。	
わざわざこちらまでお越し下さるとは	
今日はどのようなご用件で？」	
「話は聞かせてもらったわ。	
フェイリクス事件の	
影山さんを確保しようというのね。」	
ずっとドア越しに聞いてたのかよ。」	
「ええ。影山の	
せんぷくさき	
潜伏先	
が判明した為、	
斑鳩警察は突入準備を進めています。」	
ちょうじょう	
重畳	
。是非お願いするわ。	
私の娘を危険に	
した犯罪者は	
例外なく	
しなくてはならないわ。」	
あくまで警察がするのは確保までであって	
くのは法なんですが。	
なんで	
しゅくせいぜんてい	
粛清前提	
なんすか。」	
「作戦自体は	
おおむ	
ね問題無いでしょう。	
けれど私は一つ、	
どうしても納得がいかない事があるのだけれど。」	
「と、言いますと？」	
さんだったかしら？	
わざわざ助ける必要はあるのかしら？」	
？どういう意味だそれは？	
ノヴァは俺達斑鳩警察の仲間だ。	
それを助けない	
どうり	
道理	
がどこにある？」	
「聞けばあの	
は記憶を失っているそうね。	
そして、犯罪者の影山さんの命令に従い	
な駒として動いてる。」	
「その証拠に聖皇学園を襲撃したそうね。	
自身の	
まな	
であるというのに。	
何の	
も無く。」	
「一歩間違えれば死傷者が出ていたかもしれない。	
そしてそれは私の娘だった可能性もある。」	
「それはとてもとても恐ろしいことだわ。	
耐え	
がた	
いほどにね。」	
何が言いたい？」	
は危険よ。	
あれはただの殺人兵器。	
野放しには到底出来ない。」	
即刻破壊しなさい。	
これは命令よ。」	
「ふざけんなッ！ノヴァは仲間だ！	
オートマタでありながら人の心を持った人間だ！	
破壊なんて冗談じゃねぇッ！」	
が仲間	
人の心を持った人間	
勘違いも	
だしいわ。」	
「あなたはフェイリクス事件で	
何も学ばなかったのかしら？」	
が余計な人格を持ったせいで	
聖皇学園の生徒達が洗脳され人質になり	
危険に晒された。」	
は所詮は人形。	
人間には決してなり得ない失敗作。」	
「中途半端に人に似せた事で	
犯罪に走るようになった危険な存在。」	
は危険。	
あんなものはすべて	
廃棄してしまえばいいのよ。」	
「それはエゴだ！	
あんたは何もわかっちゃいない！」	
「私のエゴ	
ですって？」	
の実験によって	
心が	
ゆが	
んだ哀れな被害者の一人でもあるんだ。」	
「そしてその心の弱さを影山に	
付け込まれ利用された。」	
「フェイリクスは確かに取り返しの	
つかない事をしたが	
の余地が	
無いわけじゃない。」	
「それを	
やりだま	
槍玉	
に上げてオートマタ全てを	
きけんし	
危険視	
扱いして排除しようとする	
あんたはエゴ以外の何物でもねぇって言ってんだ！」	
「おのれ	
こぞうふぜい	
小僧風情	
が私に	
楯突	
くか	
「真田警部	
機巧院さんを破壊しなさい！」	
「カグヤ殿	
！しかし	
「これは命令よ	
聞けないというのなら	
この小僧の首をこの場で刎ねる	
カグヤは	
し俺の首筋に刀を突きつける。	
「おやおや。これは穏やかじゃないですねえ。」	
「やってみろよ。」	
何ですって？」	
「俺は絶対にノヴァを助ける。	
破壊なんて絶対させねぇ。	
首を	
ねたきゃ好きにしな。」	
「馬鹿者！挑発するな	
いい度胸ね。	
ならお望みどおりにしてあげるわ。」	
カグヤは俺の首を落とそうと	
に力を籠めた瞬間	
「そこまでだよ。お母さん。」	
サツキが現れ、カグヤを制止する。	
どうしてここに	
「ノヴァは壊させない。	
ノヴァは私の友達だから。」	
何を言ってるの？サツキ。」	
は危険よ	
あれを野放しにすればあなたにまた危害を加える	
「即刻破壊すべきよ	
あなたを守る為に	
「私の為？それは違うよ。	
お母さんは私を言い訳にして、	
オートマタを壊したいだけなんだ。」	
「だって、お母さんはオートマタが嫌いだから。」	
ち、違う	
！違うのサツキ	
私は本当にあなたの身が心配で	
ノヴァは私の友達だって。」	
「ノヴァを破壊しようと言うのなら、	
お母さんが相手でも私は容赦しない。」	
サツキは俺を庇うように割って入り	
抜刀した刀をカグヤに向ける。	
私にサツキと戦えというの	
娘に刀を向けられ動揺するカグヤと裏腹に	
びどう	
微動	
だにせず真っすぐと	
カグヤを見据えるサツキ。	
くっ。」	
サツキの真に迫る	
はき	
覇気	
に観念したのか、	
カグヤは向けていた刀を下ろす。	
わかったわ。	
機巧院さんの破壊命令、取り消すわ。」	
「はっ。承知致しました。	
カグヤ殿。」	
「ありがとう。お母さん。	
わがまま言ってごめんなさい。」	
カグヤが折れた事を確認したサツキは	
ようやく刀を	
のうとう	
納刀	
今回は大目に見るけれど、	
母親に刀を向けて脅すような	
真似はやめなさい。」	
「はぁい。気を付けます。」	
反省してるんだかしてないんだが	
サツキは何事も無かったような	
からへんじ	
空返事	
を返す。	
やっぱこいつ真性の	
サイコパスなんじゃないだろうか。	
「いやはやヒヤヒヤしましたねえ。	
川島さんの首がまた飛ぶかと思いましたよ。」	
「前はオートマタだからよかったけど	
今回は首飛んだらガチで死ぬからな。」	
「それではカグヤ殿。	
影山の捕獲作戦は我	
斑鳩警察に	
お任せください。」	
「そして機巧院は我	
斑鳩警察の仲間。	
必ずや救出し決して危険視するような	
存在ではないと証明してみせましょう。」	
そう。	
好きになさい。」	
「それじゃお母さん。	
警察の邪魔になっちゃうし	
私達は帰ろうか。」	
え、えぇ。」	
サツキはカグヤの	
手を取り部屋を出て行こうとする。	
「それじゃユートくん。	
お、おう。」	
「いやー。	
ききいっぱつ	
危機一髪	
でしたねえ。	
サツキさんが来なかったら	
川島さん死んでましたねえ。」	
「ああ。サツキは命の恩人だよ。	
俺とノヴァのな。」	
「何はともあれ我	
のやる事は変わらん。	
川島、天道、	
作戦決行までに	
てはず	
手筈	
を整えておけ。」	
「わかってる。」	
来たか。川島。」	
「よー。来てやったぜ。」	
「顔が	
れているようだが？」	
「こんな時間にこんな場所に呼び出しやがってよー。	
おかげでユリ姉に叩き起こされて顔がボコボコだぜ。」	
ユリ姉には絶対遅刻出来ないから	
叩き起こしてくれって言ったら	
ガチでぶん殴って起こしてきたのである。	
大事な	
おおしょうぶ	
大勝負	
の前に	
を入れられたと思って	
ありがたくもらっておくぜ。	
「さて、時間だな。	
準備はいいか？」	
影山は腕時計で時間を確認する。	
「ああ。とっくに準備も覚悟も完了している。」	
「さあ、始めようぜ。	
「了解した。では、始めよう。	
ぜんきしゅつげき	
全機出撃	
影山が指を鳴らすと上空に	
大量の	
集まり編隊を形成した。	
出撃。	
戦闘準備完了。」	
シリーズ出撃。	
シリーズ全機出撃を確認。	
戦闘準備完了しました。」	
上空に列をなして	
む未確認飛行物体	
シリーズ達。その数なんと	
そして、中央で	
シリーズ達の	
とうせい	
統制	
取っているのはノヴァだった。	
「さて、こちらの準備も完了だ。	
いつでも来たまえ。」	
「おいちょっと待てッ！	
これはノヴァとの	
シリーズ全機出撃してんだよ！？」	
「おや？知らなかったのかね？	
をするという事は	
シリーズ全機を相手にすると	
どうぎ	
同義	
号を司令塔として	
各個体が	
ネットワークで繋がり	
動作する集合体だ。」	
号が居る限り不滅。	
逆に言えば	
シリーズを全機破壊しなければ	
号を破壊出来ない。」	
「つまり、君の真剣勝負の勝利条件は	
シリーズ全機を破壊する事だ。」	
「ふざけやがってッ！影山テメェッ！	
最初っからまともに	
をする気が無かったな！？」	
「君が	
に何を求めてるかなどどうでもいい事だ。	
シリーズの最大火力を持って君を	
ただそれだけの事。」	
「許せねえッ！	
に挑む	
魂の	
したなッ！」	
「全ての	
は結果が全てだ。	
勝者こそが正義。	
敗北者に語る資格など無い。」	
もんどう	
問答	
は無用。	
シリーズ全機、攻撃開始。」	
「了解。目標補足。	
上空に浮かぶ	
シリーズが	
とアサルトライフルを構え	
嘘だろ	
標的の俺に向けて一斉射撃を開始する。	
これぞまさに	
しゅうちゅうほうか	
集中砲火	
上空から弾丸の雨が俺に向かって降り注ぐ！	
「うおおおおおおーーーーッ！！！」	
俺が死を覚悟した時、	
を持った警官が俺を庇うように	
立ちはだかり銃弾の雨を防ぐッ！	
警官の恰好をしているが、	
俺は知っている	
この馬鹿デカいツインテールは	
「盾守	
「ほう。あれを防ぐか。」	
「何やってんのよ川島ユートッ！	
私達、	
が到着するまで	
待てなかったの！？」	
！斑鳩警察だったのか！？」	
盾守は	
から黒い手帳を取り出し、	
俺に付きつけて宣言をする。	
「ほら警察手帳！	
いかるがけいさつこうあんぶ	
斑鳩警察公安部	
とくむたいたいちょう	
特務隊隊長	
アメリアよ！」	
「マジかよ！真田が言っていた	
斑鳩警察の援軍って盾守の事だったのか！？」	
「私だけじゃないわ！	
こうあんぶ	
公安部	
とくむたい	
特務隊	
が援軍よ！」	
とパトカーが停車し警官数十人が	
と駆け出してくる。	
警官	
「盾守隊長！	
公安部特務隊ただいま到着しました！」	
「遅い！何やってんの！？」	
「いえいえ！これでも急いだんですよ！」	
「そうですよ！帝国重工から急遽、	
戦闘用オートマタを借りて	
ここまで輸送するのは骨なんですから！」	
「ええい！言い訳なんて聞きたくないわ！	
こっちもオートマタ部隊全機出撃よ！」	
「はっ！オートマタ部隊全機出撃！	
特殊車両コンテナ開きます！」	
大型特殊車両のコンテナが開き、	
中からオートマタ軍団が次	
と現れる。	
「ソルジャー隊。	
全機出撃完了。」	
「全機出撃完了。」	
獅堂が使っていたオートマタか！」	
シリーズ。」	
「それだけじゃないわ。	
今日は特別でね。	
とっておきがあるのよ。」	
盾守が指を鳴らすと特殊車両のコンテナから	
大型のオートマタが飛び出してくる。	
「あいつは	
獅堂と盾守が二人で操っていたデカブツか！」	
「これを持ち出すのに相当苦労したんだから。	
感謝してよね。」	
「ソルジャーにバリスタか。	
予想外の援軍だが、	
なかなか興味深い戦闘データが取れそうだ。」	
オートマタ部隊の戦闘準備完了しました！」	
「よし。こちらも準備が整ったようね。」	
「川島ユート。他の	
私達斑鳩警察が食い止めるわ。	
あんたはノヴァを何とかしなさい。」	
「司令塔のノヴァさえ無力化すれば	
シリーズは機能停止するはずよ。」	
あぁ！わかった！」	
「全部隊攻撃開始ッ！	
目にもの見せてやんなさいッ！」	
エーディーエス	
盾守の号令と共に	
斑鳩警察オートマタ部隊の	
一斉掃射が開始される！	
「こちらも反撃開始だ。」	
シリーズ全機一斉射撃。」	
「了解。一斉射撃開始。」	
シリーズも同時に一斉射撃を開始し	
戦場に弾丸が飛び交い、	
シリーズの戦いの	
ひぶた	
火蓋	
が切って落とされる	
斑鳩警察が	
シリーズを	
引きつけてくれる間に	
俺はノヴァを何とかしねーと	
しかし、ノヴァは上空で	
指揮していて動きそうもないし地上は弾丸が	
飛び交う戦場で	
に動けないしどうしたものか	
俺はふと目の前の影山に注目する。	
そういえばノヴァは影山の命令に従っているんだよな。	
つまり、ノヴァにとって影山はマスターって事だ。	
ひめ	
いた。	
俺はオートマタだった頃の	
の武装、	
ブレードを取り出し、	
「死ねぇえええええーーーーーッ！！！	
影山ぁあああああーーーーーーッ！！！」	
いっちょくせん	
一直線	
に駆け出し影山に斬りかかるッ！	
その時、ノヴァが割って入ると共に	
ブレードで切り返し俺の斬撃を止めたッ！	
「ドクターへの攻撃を確認。	
最優先行動に設定。	
緊急迎撃措置を行います。」	
「やはり来やがったな！	
俺とタイマンしやがれ！ノヴァ！」	
「なるほど。わざと私に攻撃を仕掛け、	
号をおびき寄せたというわけか。」	
「他の	
シリーズの状況は	
だんまくうす	
弾幕薄	
いッ！なにやってんの！？」	
「了解。射撃継続します。」	
「敵戦力の弾幕拡大。	
応戦します。」	
シリーズが足止めを受けて動けんか。	
斑鳩警察め。	
こりつ	
孤立	
させる為、	
この状況を作り出したか。」	
「言ったはずだ！	
俺はノヴァと真剣勝負するってな！	
悪いが付き合ってもらうぜぇッ！」	
り合いの状態を切り払いで解除し	
上段から刀を振り下ろす。	
さらに降り下ろした刀を切り上げ、	
連撃を繰り出すッ！	
「うおおおおおーーーーーッ！！」	
連打、連打、連打！	
と反撃の余地を与えず	
と連撃を繰り出すッ！	
だがノヴァも大した反応速度だ。	
俺の連撃を高周波ブレードで	
き受け続ける。	
号が押されている？	
妙だな。	
も無しに川島の	
反応速度が想定以上の数値を示している。」	
オートマタのボディで	
戦闘を繰り返した事で	
に戦闘経験が	
フィードバックされているというのか。」	
俺は刀を	
よこいっせん	
横一線	
で薙ぎ払い、	
ノヴァの高周波ブレードを弾き飛ばす。	
「もらったぁああああーーーーッ！！」	
刀を上段に構え、ノヴァの肩目掛けて	
けさぎ	
袈裟斬	
りを叩き込むッ！	
「緊急上昇。離脱します。」	
ノヴァが飛行ユニットの	
スラスターの出力を上げ上空に上昇し、	
俺の斬撃を回避するッ！	
「なッ！汚ねぇぞッ！	
降りて来やがれッ！」	
「目標の戦闘能力を再計算。	
近接戦闘は危険と判断。」	
「射撃による遠距離攻撃に切り替えます。」	
ノヴァはアサルトライフルを取り出し、	
っ！こっちは空飛べねーのに	
それは反則だろ	
「目標補足。射撃開始。」	
アサルトライフルの銃口から弾丸を乱射するッ！	
「うわああああーーーーッ！！」	
俺は全速力で射線上から逃れようと走り出すッ！	
「目標の移動を確認。	
射撃方向修正。」	
しかし、当然ながら上空からの射撃は圧倒的有利。	
どんなに地上で逃げ回ったところで空からは	
敵の姿など丸見えなのである。	
ッ！このままでは蜂の巣だッ！	
なんとか	
しゃへいぶつ	
遮蔽物	
に隠れなければ	
あれは！盾守か！	
「おおおおおーーーーッ！！	
盾守ィィィィイイイイー！	
助けてくれぇえええーーーーーッ！！」	
「川島ユートッ！	
何でこっち来んのよッ！？」	
「上から撃たれてるッ！	
撃たれてるから何とかしてくれッ！」	
「はあッ！？」	
俺はスライディングで地面を滑りながら	
スタイリッシュに盾守の後ろに隠れる！	
「チィッ！」	
を構え、	
上空から乱射され続ける銃弾を防ぎきる！	
「エーテライト・ライフル。残弾ゼロ。	
リロードします。」	
「ふー。助かったぜ！盾守！」	
「助かったぜじゃないわよ！	
か弱い女の子を盾にするなんて最低よッ！」	
「リロード完了。目標再設定。	
「まずいッ！また撃ってくるぞ！」	
「このォ	
「川島ユート！	
何か飛び道具とか無いわけ！？	
このままじゃジリ貧よ！」	
「こちとら武器は刀一本だぞ！？	
飛び道具なんてあるわけ	
いや	
ある。	
俺に残されたらたった一つの飛び道具が	
「盾守！そのまま持ち	
こた	
えててくれよ！」	
「な、何をするつもり！？」	
巨大な炎の刃が一筋の矢の如く	
上空に向かって射出されるッ！	
地上から発射された炎の刃は上空に浮遊するノヴァに直撃ッ！	
炎の刃は手に持っていたアサルトライフルは破壊し、	
飛行ユニットの左翼を貫ぬいたッ！！	
「敵機対空砲撃の直撃。	
損傷状況確認。	
エーテライト・ライフル破壊、使用不能。」	
「飛行型ユニット、左翼被弾。	
飛行制御不能。緊急オートバランサー作動。	
浮遊モードで再起動します。」	
「よし！銃を破壊して	
かたよく	
片翼	
をへし折ってやったぜ！	
これでもう自由に飛び回って	
ドンパチ出来なくなった！」	
「あんな隠し玉を持っていたなんてね！	
やるじゃない川島ユート！」	
ユリヒメの操るカグツチ戦で見せた技か。	
の機体に内蔵された武装かと思っていたが	
川島自身の	
による能力だったのか。」	
ほのお	
ブレイズチルドレン計画の強化人間は	
そんな芸当も可能という事か。」	
「ノヴァ！お前の負けだ！	
さっさと降りて	
こうさん	
降参	
。私はまだ負けていません。」	
「負け惜しみ言ってんじゃねー！	
武器を失い翼をもがれたお前に一体何が出来るってんだ！」	
さっきまで泣きながら	
私の影に隠れてたくせに相手が弱った途端	
急に強気に出たわね。」	
「ドクター。	
エーテライト・バスターキャノンの使用許可を。」	
開発中の試作武装だが	
射撃実験としては丁度いい。」	
「エーテライト・バスターキャノン射出。」	
影山が指を鳴らすと	
地上の武器庫から四角いコンテナが	
機、	
上空に向けて勢いよく射出された。	
「エーテライト・バスターキャノン射出確認。	
えんかくゆうどうかいし	
遠隔誘導開始	
。ドッキングします。」	
射出されたコンテナから大型ライフルが現れ、	
吸い込まれるような軌道を描き、	
ノヴァにドッキングする。	
「ドッキング完了。	
バスターキャノンモードに移行します。」	
「エネルギーライン、	
ぜんだんちょっけつ	
全弾直結	
ランディングギア、アイゼン、ロック。」	
「チャンバー内、	
せいじょうかあつちゅう	
正常加圧中	
ライフリング回転開始。」	
ちょっと待て	
あんな馬鹿デカい大砲をこっちに向けて	
ぶっ放すつもりじゃねーだろうな！？」	
「あれって	
たいせんしゃようこうしゅつりょく	
対戦車用高出力	
レールガンじゃないの！？	
あんなの撃たれたら私の盾じゃ防ぎきれないわよ！？」	
「目標補足。照準固定。」	
「エーテライト・バスターキャノン発射。」	
「ふ、伏せろぉおおおーーーーーッ！！」	
「いやああああーーーーーーッ！！」	
バスターキャノンの砲身から	
巨大なエネルギー波が発射され	
地上を焼き尽くした。	
生きてるか	
「な、なんとかね	
「ふむ。自動照準機能に不具合があるな。	
いささか射線がズレたか。」	
「だが、威力は申し分ない。」	
でしょ	
何よ	
これ	
「どうしたってんだよ。盾守。	
一体何が	
盾守の視線の先、バスターキャノンの射線上は	
ちひょう	
地表	
が焼き払われ	
しょうど	
焦土	
と化していた。	
「た、盾守隊長	
今の砲撃でオートマタ部隊の	
半数以上が	
かいめつ	
壊滅	
「戦線を維持できません	
「なんですって	
バ、バリスタは	
「損傷率	
ッ！バリスタが一撃で	
レンタル料高かったのに	
「そんな事言ってる場合か	
もう一発撃たれたら全滅だぞ	
号。照準をマニュアルに切り替え、	
誤差を修正。今度は外すなよ。」	
「了解。自動照準補正をマニュアルモードに変更。	
第二射、発射シークエンス再始動。」	
「バスターキャノン高速冷却作動。	
エーテライトリチャージ開始。	
チャージ完了まで残り	
秒。」	
「うげえッ！？また撃つつもりだッ！」	
こ、これはヤバいですよ！	
全部隊に撤退命令を	
「はー！？何	
おじけ	
怖気	
づいてるのよッ！	
撤退なんかするわけないでしょ！？」	
「これは勝利への退却！	
て、撤退するでありますッ！」	
「撤退！撤退ーーー！」	
「う、うわああああーーーーッ！！」	
「こらあああーーッ！	
公安部・特務隊が	
てきぜんとうぼう	
敵前逃亡	
してんじゃないわよッ！」	
「命大事にでありますーーーーッ！！」	
バスターキャノンで	
かいめつてきひがい	
壊滅的被害	
を受けた斑鳩警察は	
盾守の制止を無視して	
の如く退却を始めるッ！	
「チャージ完了まで	
さっきの炎の刃飛ばすやつ	
もう一度やってあれを止めなさいよッ！」	
「よしっ！もう一発当ててやるッ！」	
しかし、俺の熱い叫びと裏腹に	
刀から炎が出る事は無く、	
何も起こらなかった。	
「は？こんな時に何ふざけてんのよ。」	
。何も出ない	
エネルギー切れ	
かも	
「はあああああーーーーッ！！	
何よそれ！？どうすんのよ！？」	
「そ、そんな事言ったって	
俺が知るかぁあああああーーーーーッ！！」	
「ああああああーーーーッ！！	
もう時間が無いぃいいいーーーーッ！！」	
「どうするどうするどうするーーーーっ！！」	
俺と盾守は絶体絶命の状況にパニックになり	
頭を抱えて慌て始める。	
のオートマタ野郎に抱きかかえられた	
ポニーテール	
むすめ	
と舞い降りた。	
「お困りのようだね。ユートくん。」	
「サ、サツキ！？	
とアイゼン！？」	
「五月雨！？	
どうしてあんたがここに！？」	
「そんな事より今はノヴァを止めなきゃ	
皆、死んじゃう。そうだよね？」	
「そんな事言ったって、	
既にあいつはバスターキャノンの	
発射態勢に入っちまってる	
「一体、どうしろって言うんだ	
「この状況を何とかするにはノヴァに直接、	
の内部から	
強制停止させるしかない。」	
「一度、ノヴァと	
している君なら	
チャンネルは解放されている。	
再接続が出来るはずだよ。」	
確かに！	
ノヴァとの	
は可能だ	
「ちょ、ちょっと待ってよ！	
って言ったってノヴァは空の上に居るのよ！	
どう考えても	
の有効射程外よ！」	
「それならユートくんも	
空を飛んじゃえばいいんだよ。」	
？空を飛ぶ	
「安心しろ。俺が飛ばしてやる。」	
「アイゼン！？」	
「さあ、もう時間が無いよ。」	
「だあああああーーーーッ！！	
もうやるしかねえッ！」	
観念した俺はアイゼンの腕に掴まる。	
「サツキ。行ってくる。」	
「うん。ノヴァの事、お願い。」	
を大きく振りかぶり、	
地面に思い切り叩きつけると	
地面の	
がんばん	
岩盤	
が破壊され、	
その衝撃でアイゼンの身体は打ち上げロケットのように	
勢いよく急上昇する。	
「うおおおおおおおーーーーーーーッ！！」	
「何だあれは	
「す、すごい	
！と、飛んでる	
「たーまやーっ。」	
地上	
メートルの高度に達しようとするところで	
アイゼンが俺の腕を掴み	
「俺のガイドはここまでだ。」	
「あとはテメェで行って来いッ！」	
空中でノヴァに向かって	
俺をぶん投げたッ！！	
「あああああああーーーーッ！！」	
「ッ！	
の射出確認。」	
「に、二段式ロケットッ！？」	
「馬鹿な！？あんな	
とっぴょうし	
突拍子	
も無い方法で	
号への直接攻撃を仕掛けるというのか	
アイゼンにぶん投げられた俺は、	
ノヴァに向かってミサイルの如く一直線に突っ込むッ！	
「ノヴァアアアアアアアアーーーーッ！！」	
「理解不能。行動予測不能。	
たんしんとっこうじれいけんさく	
単身特攻事例検索	
データ無し。」	
そして、懐に入った俺は右手を伸ばし	
ノヴァの胸に触れるッ！	
詠唱を終えると同時に視界は	
「ノヴァ！どこだ！	
どこに居る！？」	
の中でノヴァに呼びかける。	
確かに存在は感じる。	
この中のどこかに居るはずだ。	
こんぱくりょういき	
魂魄領域	
の中で	
の光が差し込んでいる。	
俺はその光に向かって手を伸ばす。	
すると、突然風景が変わり	
森のような場所に飛ばされた。	
「どこだ	
ここは	
雨が降り注ぐ森の中。そこにたった一人で	
地面にしゃがみ込み何かを必死に探す人影があった。	
見つからない。	
見つからないんです。」	
ずっと探しているのに。	
見つからない。」	
探しているんだ？」	
マスターの大切なもの。	
失くしてしまった。」	
あれが無いと、あれが見つからないと、	
マスターは悲しむ。」	
マスターが悲しむのは嫌なんです。」	
俺とノヴァの記憶	
の奥底に刻み込まれた記憶。	
この光景が俺とノヴァの過去の記憶だとすれば	
この記憶を辿れば忘れていた俺の	
記憶を思い出せるかもしれない。	
そうすればここに居るのノヴァの	
探し物を見つけてやれる。	
ノヴァ自身を見つける事が出来る。	
今ここに居るノヴァは自分自身を見失っているんだ。	
だから俺がノヴァを見つけてやらなくちゃいけない。	
俺は知る必要がある。	
ノヴァを通じて過去に何があったのかを。	
「ノヴァ。教えてくれないか？	
俺達の出会いを。そして俺達の思い出を。」	
ノヴァは震えた指で森の奥底を指し示す。	
あっちだな。」	
「ちょっと行ってくる。	
ここで待ってろよ。」	
俺が森の奥に足を踏み入れると	
また場面が変わり、今度は湖がある場所になった。	
目の前には壊れて動かなくなった	
一体のオートマタが横たわっていた。	
これはノヴァだ。間違いない。	
確かノヴァが以前言っていた。	
任務の途中でスラスターが故障して墜落した	
と。	
これは俺とノヴァが初めて会った場所。	
俺はここでノヴァを見つけたんだ。	
「電源再接続。エーテライトコア直結。	
起動。	
起動シークエンス正常。	
「初めまして。こんにちは。	
この度は当社、	
の製品を	
お買い上げ頂きありがとうございます。」	
オートマタ、	
製造番号	
「私達	
生み出された新時代の	
オートマタです。」	
「単独での任務遂行に特化しており、	
きょうしゅうとつにゅう	
強襲突入	
行うよう設計されています。」	
「また、専用のオプションパーツを換装する事で	
こうきどう	
高機動	
こうしゅつりょく	
高出力	
ちょうきょりほうげき	
長距離砲撃	
など状況に合わせた	
戦闘行動が可能です。」	
「より汎用的でより実践的な	
新時代のオートマタ、	
あなたのご期待にお応えする事を約束します。」	
シリーズのチュートリアルは以上です。	
それではマスター登録の手続きに移ります。」	
「マスター。	
あなたの名前を教えてください。」	
して倒れていたノヴァを家に連れて帰って	
再起動させた時	
みたいだな。	
任務行動中だったノヴァは墜落した衝撃で	
記憶領域がイカれて工場出荷状態で再起動した。	
だから、ノヴァは目の前に居る俺を	
シリーズの購入者だと勘違いして	
マスター登録したんだ。	
「あなたの名前はユート、ですね。	
マスター登録完了しました。」	
「よろしくお願いします。	
私のマスター。」	
「私の事は	
もしくは	
号とお呼びください。」	
そうだ。俺はここで	
長ったらしい名前だったからこう言ったんだ。	
ノヴァ、ですか？	
シリーズ名を個体に付けるのは	
当社製品の中では	
な事例です。」	
「ですが、マスターから付けて頂いた名前。	
私は気に入りました。」	
「報告。	
きょくど	
極度	
くうふく	
空腹	
を検知。	
しく低下中。」	
「警告。	
ちに食物を摂取しなければ	
こかつ	
枯渇	
し活動不能に	
「要求。食物の用意を希望します。」	
ノヴァと暮らし始めて数日経った時に	
いきなり『腹が減った何か食わせろ』とか	
言い出したんだ。	
「質問。この食べ物は何ですか？」	
だから、家にある余った食材を使って	
料理を作ってやった。	
「理解。ミートスパゲティ、	
という食べ物なのですね。」	
がっしょう	
合掌	
。いただきます。」	
「評価。独特な味がします。」	
もちろん料理なんて	
今までまともに作った事が無かったから	
失敗しちまったんだけど。	
「ですが、マスターが作ったこの料理。	
とても美味しいです。」	
正直不味くて食えたもんじゃない出来だったけど	
それでも、ノヴァは文句も言わずに	
美味そうに食べていた。	
「疑問。マスターが	
いつも見ているその映像は何ですか？」	
「ザクロちゃん	
というのですね。	
それは面白いのですか？」	
。マスターの	
時間にも及ぶ	
ザクロちゃんの作品解説により	
この作品の素晴らしさを理解出来ました。」	
「質問。しかしマスターがザクロちゃんを視聴している時、	
とても悲しそうな顔をしています。	
それは何故ですか？」	
「困惑。悲しみを癒す為、ですか？	
マスターは何故悲しいのですか？」	
そうだ。俺はこの時、	
どうしようもない悲しみに耐えられず	
ザクロちゃんに癒しを求めていたんだ。	
ユリ姉が死んだ悲しみと怒りで	
今にも押し潰されそうだったから。	
マスターの姉、	
ユリヒメの死が悲しいのですね。」	
「だからマスターはユリヒメの	
を倒そうと必死に	
いている。」	
「私はマスターの力になります。	
私はマスターの夢と希望を実現する。	
その為の	
シリーズです。」	
「心配。マスター。	
身体が震えているようですが	
身体的異常ですか？」	
「納得。なるほど。	
がいき	
外気	
が低い事による体温低下ですか。	
それが人間が感じる『寒さ』なのですね。」	
「だから、マスターはそんなに衣類を着込んで	
ぼうかんたいさく	
防寒対策	
をしているのですね。	
それは適切な対応です。」	
「『そんな恰好で寒くは無いのか？』	
ですか。」	
「否定。	
人間に	
していますが	
たいおんちょうせいきこう	
体温調整機構	
内蔵している為、寒さも熱さも感じません。」	
「提案。マスターもオートマタになれば	
気温の変化に悩まされる事も無いでしょう。」	
「質問。マスター。	
いつも大事そうに持っている	
そのペンダントは何ですか？」	
「ロケットペンダント	
これは中に写真を入れられるのですか。」	
「興味。この写真の女性が	
なのですね。	
どことなくマスターに似ている気がします。」	
せんぼう	
羨望	
ユリヒメが羨ましいです。	
マスターからこんなに愛されていて。」	
いえ、何でもありません。」	
マスターは	
いつもユリヒメの話ばかりしますね。」	
こどく	
孤独	
私はマスターのオートマタです。	
もっと構って欲しいと思うのは	
私のはわがままでしょうか？」	
きしょう	
起床	
。おはようございます。	
マスター。今日はお出かけですか？」	
りょうしょう	
了承	
はい。お留守番はお任せください。	
しっかりやり遂げてみせます。」	
そうべつ	
送別	
。それでは行ってらっしゃいませ。	
マスター。」	
「発見。これは	
マスターが大切にしているペンダント。	
忘れて行ってしまったのですね。」	
「決意。きっとマスターは困っている。	
お届けしなければ。」	
「確認。マスターはこの山道を越えた村に	
行っているはずです。」	
「きっとマスターはこのペンダントを忘れた事に	
気付いて困っているはず。	
早くお届けしなくては。」	
「反論。	
ですが、」	
「解答。マスターがこのペンダントを	
大事にしているのは	
この写真に写るユリヒメが大切な人だから。」	
「真理。	
マスターが	
ユリヒメに抱いているのは深い愛情。	
その想いの強さがマスターを苦しめている。」	
ひあい	
悲哀	
それは決して私には向けられない感情。	
私だってマスターが大切です。	
私にはマスターしか居ないから。」	
そう、か。」	
「私はマスターに	
愛されたかったのですね。」	
。ユリヒメ	
私はあなたが	
ねた	
ましい。	
マスターに愛されるあなたに	
してしまう」	
「仮説。もし、あなたが居なければ	
私はマスターに愛されるのでしょうか	
「危険	
の崩壊を検知	
どしゃくず	
土砂崩	
れの発生	
直ちに回避を	
「被害状況確認。	
さんがくちたい	
山岳地帯	
の崖から	
しんりんちたい	
森林地帯	
への転落。	
損傷軽微。任務継続に支障無し。	
しあん	
。正規ルートから随分外れてしまいました。	
急ぎ順路に復帰しマスターの元へ急がなければ。」	
。ペンダントが	
無い？」	
。そんな	
マスターの大切なペンダントを	
失くしてまうなんて	
じせき	
自責	
。私のせいだ	
私が嫉妬してユリヒメが居なければと	
思ってしまったから	
「使命。探さなければ	
っ。見つけなければ	
必ず	
「そうでなくてはマスターの	
信頼を裏切ってしまう	
「マスターに嫌われてしまう	
そんなのは絶対に	
嫌だ	
ノヴァ。探したぞ。	
こんなところに居たのか。」	
すみません。マスター。	
あなたの大切な	
ペンダントを無くしてしまった	
「私の	
わがままが	
このような事態を招いてしまった	
お願いです	
嫌いにならないで	
「私を	
一人にしないで	
もういい。	
もういいんだよ。ノヴァ。」	
「あれはお前のせいじゃない。	
そんなに自分を責めるな。」	
あのペンダントは	
かたみ	
形見	
なのでしょう	
「ああ。確かにペンダントが	
無くなっちまったのは残念だけど、」	
「ユリ姉はいつでも俺の心の中に居る。	
ずっと一緒なんだ。だから気にするな。」	
「そんな事より、お前が無事でよかった。」	
「マス	
ター	
「ここは寒い。さっさと帰ろうぜ。」	
俺は手に持っていた	
マフラーをノヴァに掛けてやる。	
これは？」	
「お前いつも寒そうだから、	
となりむら	
隣村	
の服屋に手編みのマフラーを頼んでたんだ。」	
マスターが今日出掛けてたのは	
このマフラーを取りに行ってたから	
なのですか？」	
「ああ。まさかその間に	
お前が崖から落ちてるとは	
思わなかったけどな。」	
私の為	
だったのですね。」	
「あ、そういやお前ってオートマタだから	
ぼうかんぎ	
防寒着	
とかいらなかったんだっけ？」	
「いえ	
このマフラー、	
とても	
温かいです。」	
「そうか。じゃあ、帰るか。」	
俺はノヴァの手を取り歩き出す。	
俺達の帰るべき場所へ。	
「よう。ノヴァ。	
ようやく戻って来たな。」	
「まったく、随分探したぜ。」	
マスターにたくさん酷い事を	
してしまいました	
まぁ、長距離エネルギー砲で	
砲撃されるとかなかなか無い経験ではあるな。」	
「記憶を失っていたとはいえ	
私はマスターに取り返しのつかない事を	
なんて謝ったらいいか	
「だからお前のせいじゃないって言ってるだろ。	
こうして俺は無事だし、お前の記憶も戻った。	
それでいいじゃねーか。」	
そう、ですか。	
ありがとうございます。マスター。」	
「おーい！ユートくーん！ノヴァー！	
大丈夫かーい？」	
「ああ！大丈夫だー！」	
「ほら、サツキが呼んでる。	
いつまでもこんな場所に居ないで	
あいつらの所に帰ろうぜ。」	
はい！マスター。」	
「命令。	
シリーズ全機戦闘行動停止。」	
戦闘行動を停止します。」	
シリーズ全機。	
戦闘行動を停止しました。」	
ノヴァが戦闘停止を命令を掛けると	
シリーズは即座に行動を停止し	
地上に降り立った。	
「と、止まった	
「た、助かったのか	
シリーズの	
戦闘行動を停止させました。	
これで戦闘は終了です。」	
「ふー	
一時はどうなる事かと思ったぜ	
一旦の危機は脱したようだ。」	
「うん。お疲れ様。	
アイゼン。」	
「それと	
「お帰り。ノヴァ。」	
「謝罪。	
さん。心配おかけしました。	
マスターを送り届けてくれて	
ありがとうございます。」	
「気にしないでよ。	
私達、友達でしょ？」	
「感謝。そう	
ですね。	
五月雨さんは私の友達です。」	
「あんた本当にノヴァ	
なの？	
何かキャラ違くない？」	
「挨拶。こんばんは。	
たてがみせんぱい	
盾守先輩	
。言語モードがデフォルトなので	
に感じるかもしれませんが	
ノヴァ本人で間違いありません。」	
「そ、そうなんだ	
なんて言うか口調どころか	
性格まで変わってそうなんだけど	
「ノヴァの	
はあの頃から何も変わってない。	
ノヴァはノヴァだよ。」	
「う、うん	
そう言われるとそんな気がしてきたわ	
「これで任務完了か。」	
まだあいつが残ってる。」	
「影山。ノヴァの記憶は戻り、	
シリーズは停止した。	
お前の負けだ。」	
信じられん。	
記憶領域が初期化された状態で	
記憶が戻るなど。」	
からの記憶の復元。	
この結果から導き出される結論は	
こそが個体識別の絶対証明。」	
さえ存在し続ける事が	
可能ならば	
に制限は無い。」	
が指し示す答えだというのか。」	
「おい。何一人で意味わからねー事を	
ブツブツ言ってやがる。」	
「いい加減教えろ。	
ってのは何なんだ。	
お前は一体何を	
んでやがる。」	
今の君には	
を知る資格がある。」	
し外側の世界を観測した。	
いや、正確には思い出したというべきか。」	
「君は感じたはずだ。	
不自然な記憶の	
この世界とは違う記憶。」	
「ああ。この世界では	
ユリ姉は俺と一緒に暮らしていて	
元気に聖皇学園の教師やってる。」	
「でも、ノヴァと初めて出会った世界では	
ユリ姉は死んでいて俺は仇である	
を殺す為、	
復讐に燃えていた。」	
よだん	
余談	
のちのちし	
んだと思っていたユリ姉が	
実は	
まぞく	
魔族	
として蘇っていたという	
驚きの事実が発覚するが頭が爆発しそうなので	
かつあい	
割愛	
「夢や記憶違いと言うには	
余りにも	
なまなま	
しくリアルな光景。	
間違いなくあれは俺が実際に体験した記憶だ。」	
「だが、そうなると	
二つの世界の記憶には	
しょう	
じる。	
一体どちらの世界が正しいのかと。」	
「影山。どうせお前は全部知ってんだろ。」	
「そうだ。では順を追って説明しよう。」	
「まず、この世界は現実の世界ではない。」	
「ここはもう一つの世界。	
この恋愛シミュレーションゲームを	
題材とした	
かそうせかい	
仮想世界	
別世界なんじゃないかと思ってたが	
よりによって何でギャルゲーをモチーフにしてんだよ。」	
「それについてはこの	
作る事になった発端を説明する必要がある。」	
「何か難しい話をしているね。」	
ちょっと何言ってるのかわからないわね。」	
「現実世界で突如現れた	
さいやく	
災厄	
世界を	
しゅうえん	
終焉	
いざな	
う破滅の力を有する	
人類の敵、	
クサナギ。」	
ぜったいぼうぎょしょうへき	
絶対防御障壁	
を有しており	
通常兵器では一切傷つける事は出来ない。	
唯一の例外、	
ソードブレイカーを除いて。」	
「君はソートブレイカーの	
使手	
、ユリヒメ、	
人の学園アイドル達と共に立ち向かった。」	
過去の俺が	
サツキ達と仲間だったって言ってたけど	
現実世界での話だったのか。」	
「だが、君達はソードブレイカーを	
持っていたにもかかわらず	
の前にあえなく敗れ去った。」	
？ちょ	
俺達、	
に負けたの	
敗因は	
クサナギは	
せいしんかんしょうのうりょく	
精神干渉能力	
を持っていた。	
対象に強制的に	
を行い、	
ちょくせつこんぱく	
直接魂魄	
にダメージを与える恐ろしい能力だ。」	
「君達は	
クサナギの精神干渉攻撃により	
ちめいてき	
致命的	
なダメージを負い	
さいきふのう	
再起不能	
となったのだ。」	
クサナギを放置すれば	
世界は終焉に向かい人類は滅びるだろう。」	
を殺す事が出来るのは	
を破れるソードブレイカーを持つ	
君達だけだ。」	
に敗北した君達を回収し、	
人類の生存を賭けた、とある計画を立案した。」	
「それこそが	
君達を再び戦線に復帰させ	
クサナギを倒し	
世界を破滅から救う	
いちだい	
一大	
プロジェクトだ。」	
ようするに	
現実世界を救う為に	
俺達に	
を倒させるって事なのかよ。」	
「その通り。」	
「それが何をどうしたら	
ギャルゲー世界でラブコメする展開に	
なるんだよ。」	
「それが私が導き出した	
さいてきかい	
最適解	
だったのだ。」	
お前の計算	
間違ってるんじゃねぇか？」	
の手段、	
何故この仮想世界を作り上げたかを説明しよう。」	
「仮想世界の役割は主に二つ。	
一つ目は君達の	
の修復、	
そして二つ目が	
クサナギの精神干渉攻撃への対抗。」	
クサナギの精神干渉攻撃によって	
に致命的なダメージを負った君達を治療するには	
通常の医療方法では手の	
ほどこ	
しようが無かった。」	
のダメージとは自我の欠落。	
自身を構成する要素が破損した状態だ。」	
のみを仮想世界に接続させ	
現実世界で経験した自身の過去を再現し	
する事で自我を取り戻す修復方法だ。」	
を修復するだけでは	
クサナギには勝てない。」	
の精神干渉攻撃を攻略しなければ	
再び敗北する事は明白。」	
「そこで私は	
を強化し、	
外部からの精神干渉攻撃を無効化する手段を	
思い立った。」	
「計算の結果、	
を強化するには感情の	
たか	
ぶり、	
恋愛感情が最も効果的であると導き出された。」	
「ゆえに私はこの恋愛シミュレーションゲームを題材として	
仮想世界を作り出し君達が恋愛をするように仕向けたのだ。」	
アイドル	
こうりゃくさくせん	
攻略作戦	
おいおい、そこに繋がってくるのかよ。	
を倒す為の学園ラブコメだったとは。」	
「そしてこの	
の鍵となるのが	
「そうだ。結局、	
って何なんだよ。」	
は対象の	
に接続し	
認識を捻じ曲げ	
を与える能力だ。」	
の錯覚効果によって	
この仮想世界が現実世界と区別が付かない程の	
リアリティが演出されているのだ。」	
。正直、	
ここが仮想世界だって言われても	
未だに信じられないぐらい違いがわからねぇぜ	
「さらに	
の錯覚は	
記憶操作も可能になっている。」	
「この記憶操作によって、対象の記憶をリセットし	
学園アイドル攻略を	
いち	
からリトライする事出来るのだ。」	
「つまり、川島。	
君はこの仮想世界に来てから	
学園アイドル攻略を何度もループしている。」	
じゃあ、俺はノヴァ以外の学園アイドルも	
攻略していたのか	
「ああ。ループした世界の中には	
そういったルートも存在する。」	
「当然、成功もあれば失敗もある。	
こいなか	
恋仲	
になれず破局したバッドエンドも	
数多く繰り返している。」	
っ。い、嫌だぁ	
ノヴァに振られるルートなんか	
想像したくない	
「大丈夫です。マスター。	
私はマスターを絶対振ったりなんかしません。」	
「何か急に落ち込み始めたんだけど。	
何なのかしら？」	
「ユートくんはノヴァに	
捨てられるのが怖いんだねー。」	
の最終到達点。	
を強化し自力で	
を打ち破った時、	
クサナギを倒す準備が整っているというわけだ。」	
「『学園アイドルを攻略し	
しろ』って	
言ってたのはそういう意味だったのか。」	
「そういうわけだ。我	
に通じているのだ。」	
「さて、これが	
の真相だ。	
理解出来たかね？」	
「正直、	
も無さすぎて理解が	
追い付いてないが、少なくとも	
ぶっ倒さないと現実世界がヤバイ事はわかった。」	
「まぁ、今の君の理解度はそんなものだろう。」	
「馬鹿にしてんのか。」	
では、問おう。」	
「なぜ私がここまでひた隠しにしていた	
の真相について	
今になって君に話したと思う？」	
「は？降参して負けを認めたからか？」	
「不正解。」	
「正解は、今ここで君を抹殺し、	
このルートを初めからやり直す為だ。」	
なっ！？」	
「君は知り過ぎた。	
をして	
外の世界の存在を知ってしまった。」	
「このまま放置すれば、	
に大きな狂いが生じる。」	
「だから、私は今ここで君を抹殺し	
君が知り得た情報を無かった事に	
しようというのだ。」	
「ふざけんなテメェ	
この期に及んで俺を殺すだと！？	
冗談じゃねぇッ！」	
「心配するな。このルートの君は死ぬが	
記憶をリセットしてやり直せる。	
ここは仮想世界。真に君が死ぬことは無い。」	
「そういう問題じゃねぇッ！！」	
「わからないな。何故	
こば	
む？	
に必要な事なのだ。」	
「私と君は	
りがいかんけい	
利害関係	
が一致しているはずだ。	
を倒すという利害がな。」	
「ああ、そうだよ！	
は現実世界のユリ姉の仇だ！	
一匹残らずぶっ殺すッ！」	
「だが、ここで俺が死ぬのは話が別だ！」	
「ここで俺が死ねばこのルートは無かった事になるッ！	
つまり、ここに居るノヴァとの	
思い出が全部無くなっちまうんだよ！」	
「それは！それだけは死んでもさせねえッ！	
俺はここに居るノヴァとハッピーエンドを迎えてやるんだ！	
絶対になッ！」	
「ひゅー。言うねー。ユートくん。」	
なかなか熱い事、言うじゃないの	
「そうか。交渉決裂だな。」	
「私は今から君を始末する。	
死にたくなければ	
全力で抵抗してみせるのだな。」	
「川島。今から君を始末する。」	
「マスター	
すけだち	
助太刀	
します	
ノヴァが傷ついた身体をおして	
助けに入ろうとする。	
「無駄な事は止めておけ。	
シリーズの管理者である私に	
を加える事は出来ない。」	
「下がっていろ。ノヴァ。	
影山の相手は俺一人でやる。」	
「影山。俺と	
俺が勝ったらお前は	
大人しく斑鳩警察に捕まれ。」	
だが私の勝利条件は君の抹殺だ。」	
「上等だ！やれるもんならやってみろ！」	
「唐突に	
一体、何が始まるっていうのよ	
「がんばれー。ユートくーん。」	
「川島。ブレイズチルドレン計画の	
強化人間とやらの力、見せてもらおうか。」	
「行くぜ！影山！」	
俺は刀を構え、影山と	
じげんてんい	
次元転移	
デバイス・	
オートマティックブック	
機巧魔導書	
転送。」	
影山が指を鳴らすとどこからともなく	
大型の本が出現し手に取った。	
「何だその本は？	
これから俺と戦おうってのに読書とは	
舐めてんのか？」	
「あいにくこれは私の武器だ。	
君を始末するには十分すぎる程のな。」	
「面白ぇ	
！そんなチャチな本なんざ	
この刀でぶった斬ってやるッ！」	
「かかって来たまえ。」	
俺は駆け出し影山に一直線に	
するッ！	
ページ	
だい	
せつ	
グラヴィティ・フィールド	
重力歪曲場	
展開。」	
あがッ！」	
影山の何らかの詠唱の直後、	
身体が急激に重くなり俺は	
地面に叩きつけられるッ！	
「何コケてんのよ！川島ユート！	
さっさと立ち上がりなさいよ！」	
身体が動かねぇ	
巨大なプレス機にでも押し潰されているかのように	
地面に張り付けにされ、立ち上がる事すら出来ない	
「解説。	
コイルにより	
きょくしょてき	
局所的	
じば	
磁場	
せいせい	
生成	
その場の	
じゅうりょく	
重力	
ベクトルを	
はんてん	
反転	
へんちょう	
変調	
し、対象の運動を	
そがい	
阻害	
じゅうりょくせいぎょそうち	
重力制御装置	
せんじょう	
戦場	
める科学の結晶です。」	
「あれに捕まったが最後、	
高重力の	
えじき	
餌食	
となり	
いっさいみうご	
一切身動	
きが	
取れなくなります。」	
っ！あれが	
じゅうりょくそうさ	
重力操作	
ですって！？	
そんな非現実的なもの	
映画でしか見た事ないわよ！」	
「ドクターの科学力であれば	
とぎばなし	
伽噺	
を現実に出来るのです。」	
「影山先生って頭いいんだねー。」	
「お、お前ら	
何で急に敵側を持ち上げて始めてんだ	
どっちの味方だよ	
反転。」	
影山の詠唱直後、地面に押し潰されていた身体が	
勢いよく跳ね上がりゴムボールのように上昇した！	
「う、うおおおおおおお	
ーーーーーーッ！！！」	
「今度は飛んでる！	
川島ユートが天高く飛んでいるわ！」	
「すごーい。高ーい。」	
させることで、	
対象を瞬間的に上空へ	
しゃしゅつかのう	
射出可能	
「これにより敵の行動を強制的に中断させ、	
位置エネルギーを奪う	
せんじゅつ	
戦術	
てんよう	
転用	
できる。」	
待って。	
もしかしてこのまま落下する感じ？」	
打ち上げられた俺の身体は上空で	
を失い重力による	
しぜんらっか	
自然落下	
を開始する。	
上空から落下した俺は地面に叩きつけられる。	
この野郎	
！人を押し潰したり飛ばしたり	
やりたい放題しやがって	
俺は刀を地面に突き立て何とか立ち上がる。	
「ほう。あの高さから落ちて立ち上がるか。	
ブレイズチルドレン計画の	
並みの人間よりは	
がんじょう	
頑丈	
っ！こちとら	
たいけんまよう	
対剣魔用	
に鍛えられてんだ！	
身体のデキがちげーんだよ！」	
「では、これはどうかな。」	
ダイヤモンド・スピアー	
結晶破槍	
影山の周囲に	
こおり	
やり	
つぎつぎ	
こうちく	
構築	
されていく。	
ぜんだんはっしゃ	
全弾発射	
複数の氷の槍が一斉に発射されるッ！	
ちょうていおん	
超低温	
あっしゅく	
圧縮	
すいぶんし	
水分子	
しゅんかんてき	
瞬間的	
ひょうそう	
氷槍	
けいせい	
形成	
くうき	
空気	
まさつ	
摩擦	
ひょうめん	
表面	
こうか	
硬化	
はがね	
をも	
きょうど	
強度	
を得る。」	
「しゃらくせえッ！」	
俺は飛んでくる氷の槍を片っ端から切り払い	
叩き落とすッ！	
「す、すごい！	
氷の槍をすべて切り払った！」	
「うんうん。なかなかやるね。」	
「私と	
を繰り返した事により	
マスターの	
はんのうそくど	
反応速度	
も向上しているのです。」	
「影山ぁあああーーッ！！」	
氷の槍を放った一瞬の攻撃の隙、	
俺は地を蹴り駆け出し、距離を詰めるッ！	
ファイアウォール	
火炎障壁	
突如、俺の目の前に炎の壁が出現し	
行く手を	
はば	
むッ！	
こうおんねんしょうはんのう	
高温燃焼反応	
を制御し、前方に	
たてほうこう	
縦方向	
えんへき	
炎壁	
しかい	
視界	
しんこうけいろ	
進行経路	
を同時に	
しゃだん	
遮断	
し、敵の	
こうどう	
行動	
せいげん	
制限	
ねつほうしゃ	
熱放射	
せっきん	
接近	
そのものがリスクとなる	
せんじゅつてきぼうぎょそうち	
戦術的防御装置	
「邪魔だァッ！」	
俺は刀で炎の壁を斬り裂き、	
そのまま直進するッ！	
「嘘！？炎を刀で斬り裂いたッ！？」	
「ユートくん。熱いの得意なのかなー？」	
「ブレイズチルドレンはその名の通り、	
炎に耐性があるようだな。」	
「くたばれッ！影山ッ！」	
炎の壁を走り抜け、	
しゃていけんない	
射程圏内	
に辿り着いた俺は	
刀を上段に構え影山の首筋に	
向かって刃を降り下ろすッ！	
ニュートラルバリアー	
零相障壁	
突如、影山の前に	
はんとうめい	
半透明	
かべ	
され	
てっぺき	
鉄壁	
のバリアの	
く斬撃を弾くッ！	
「何ィ！？俺の斬撃を弾いただと！？」	
の完全防御程では無いが	
あらゆる攻撃を無効化する防壁。」	
「君の斬撃程度であれば傷一つ付ける事は出来ない。」	
「さて、今度はこちらから行くぞ。」	
地殻崩裂	
足元から	
りゅうき	
隆起	
した岩が出現し	
ふくぶ	
腹部	
し大きく吹っ飛ばされるッ！！	
ちかくしんどう	
地殻振動	
ゆうはつ	
誘発	
あっしゅくがんばん	
圧縮岩盤	
させる。	
発生した	
がんかい	
岩塊	
しょうげきは	
衝撃波	
と共に対象に	
し強力な	
だげき	
打撃	
を与える。	
ちあつせいぎょぎじゅつ	
地圧制御技術	
おうよう	
応用	
した、	
こうげきけんせいあつがた	
攻撃兼制圧型	
ちけいそうさへいそう	
地形操作兵装	
「これでフィニッシュだ。」	
さいしゅうしょう	
最終章	
雷撃散弾砲	
影山の目の前に	
いくうかん	
異空間	
が出現し	
でんげき	
電撃	
うレーザーが放射され	
を破壊しながら俺に直撃するッ！	
「うわあああーーーーッ！！」	
レーザーに	
でんじ	
電磁	
パルスを	
させ、	
こうそく	
光束	
めいちゅうじ	
命中時	
かんつうねつ	
貫通熱	
でんりゅう	
電流	
ショックの	
にじゅう	
二重	
ダメージを発生させる。	
こうがくへいき	
光学兵器	
でんじへいき	
電磁兵器	
ふくごうがた	
複合型	
エネルギーブラスター。」	
がは	
「あー。ユートくん。	
倒れちゃった。」	
「あぁ	
！解説している間に	
マスターが戦闘不能に	
がんばんちょくげき	
岩盤直撃	
からの	
電撃レーザーの殺人コンボ	
これはさすがに決まったわね	
「重力、炎、氷、土、雷	
ここまで複数の属性を同時に操るとは。	
影山め。とんだ	
てじなし	
手品師	
「ドクターは超一流の科学者でありながら	
エレメンタルマスター	
万象支配者	
しょくい	
職位	
こうい	
高位	
まどうし	
魔導士	
でもあるのです。」	
では魔力が存在しない為、	
魔法を直接使う事が出来ない。」	
「ゆえに、この	
もち	
いる事で	
かがくへいき	
科学兵器	
ぎじてき	
疑似的	
に魔法を使用しているのだ。」	
「気を失ったか。	
これでトドメを刺してやろう。」	
氷結の槍が空中に生成され、	
発射態勢に移行する。	
「ちょ、ちょっと待ちなさいよ！	
もう勝負はついてるッ！	
命まで奪う必要は無いじゃない！」	
の勝利条件は川島の抹殺だと。」	
ですって！？」	
「これで川島も終わりか。」	
「立てー！立つんだユートくん！」	
「立ってください！マスター！」	
の電撃は	
人体に	
でんき	
電気	
ショックを与え行動を	
まひ	
麻痺	
直撃受けた川島はもはや指一本動かす事は出来ない。	
さらばだ。川島。」	
氷の槍を射出させようとした瞬間、	
影山の顔面に	
こうてつ	
鋼鉄	
が直撃したッ！！	
思いきりぶん殴られた影山は	
数十メートル吹っ飛び	
倉庫の壁に激突するッ！！	
何が起きたの	
いきなり影山先生が吹っ飛んだ	
「何かに殴られたように見えたけど。」	
「あれはオートマタのロケットパンチ。	
こんな事が出来るオートマタは	
「ふー。危ねー。	
何とか	
きしゅうせいこう	
奇襲成功	
したぜー。」	
何このオートマタ？	
どっから出て来たのよ？」	
「あ、この	
かんかく	
感覚	
ユートくんだ。」	
「マスター！」	
シリーズのボディ	
まさか川島がこれを動かしているのか	
「ああ。こんな事もあろうかと天道に頼んで	
警察車両に	
を積んでもらってたんだ。	
いざという時にこいつに乗り移って戦えるようにな。」	
「なるほど。さすがはマスター。	
して遠隔操作しているのですね。」	
「な、何よ！それ！	
じゃあ、今このオートマタの中身は	
川島ユートってわけ！？」	
「ああ。ぶっつけ本番だが何とか成功したみたいだ。	
油断した影山に裏をかいた一発をぶち込む事が出来たぜ。」	
「馬鹿	
エーテルコンバータを介した	
も無しに	
直接、オートマタに	
ひょうい	
憑依	
させるとは	
ブレイズチルドレン計画が生み出した	
の能力だというのか	
「お前の負けだ。影山。	
大人しく降参しろ。」	
俺は左腕サブマシンガンの銃口を	
影山の額に付きつける。	
「ドクター。この状況での	
ドクターの勝率は	
以下です。	
な判断を願います。」	
ここまでか。」	
「降参する。私の負けを認めよう。」	
勝者、マスター！」	
「ユートくんが勝った！	
やったね！」	
「ま、まさかオートマタに	
せんぽう	
戦法	
を取るなんて	
こんな勝ち方アリなの	
「なるほど。川島の強さの	
は単純に	
だけではない。	
じゅうなん	
柔軟	
きばつ	
奇抜	
な発想力が勝利への鍵だったか。」	
「影山先生。フェイリクス事件の	
しゅぼう	
首謀	
及び	
せいおうがくえんしゅうげき	
聖皇学園襲撃	
ぎょうむしっこうぼうがい	
業務執行妨害	
の容疑で	
逮捕します。」	
「まさか教え子に逮捕される事になるとはな。	
これも	
「私だって仕事じゃなければ	
こんな事したくなかったですよ。」	
号。どうやら今回のルートは	
君のマスターの勝ちのようだ。」	
「このルートのリセットが無くなった以上、	
君は晴れて自由の身だ。引き続き学園アイドル攻略作戦の	
ヒロインとして任務を継続したまえ。」	
「任務了解しました。ドクター。」	
「川島。私が逮捕されてしまった以上、	
本作戦は私の	
かんかつ	
管轄	
から離れる。」	
「もはや、このルートの結末は誰にも予測不能。	
君自身が未来を切り開き作り上げていく他無い。」	
「任せろ。お前亡き後、	
俺が必ずノヴァを	
ハッピーエンドにしてみせるぜ。」	
「訂正。マスター。	
ありがたい宣言ではありますが	
ドクターはまだ死んでいません。」	
「君は私の予測を越えた。つまり、	
を狂わせる危険なファクター、	
いぶんし	
異分子	
としてシステムが認定した事を意味する。」	
「これが吉と出るか凶と出るか。	
せいひ	
成否	
の鍵を握っている。	
その意味をよく考えておくのだな。」	
「ようするに外の世界に居る	
さえ	
ぶっ殺せばいいんだろ？	
任せておけ。シンプルな話だぜ。」	
「やれやれ。相変わらず	
君は。」	
いちまいいわ	
一枚岩	
ではない。	
この計画を自分の利益の為に利用しようとする者達が居るのだ。	
その事をゆめゆめ忘れるな。」	
がヤバイって時に	
勝手な奴等が居るもんだ	
「さあ、話は終わりよ。	
この男を連れて行きなさい。」	
「はっ！」	
「さあ、来い。	
パトカーに乗るんだ。」	
「警官とは	
やばん	
野蛮	
に扱ってもらいたいものだがね。」	
「さらばだ。川島、	
君達に	
さち	
あれ。」	
影山は付き添いの警官と共にパトカーに乗り込み	
護送されていく。	
「さて、無事事件も解決した事だし	
あんた達もさっさと帰んなさいよ。	
今日も学校なんだから。」	
「やべ。今日も学校あるのすっかり忘れてた。」	
「指摘。マスター。学校をサボると	
ユリヒメに怒られてしまいますよ。」	
「くっ。ユリ姉に怒られたくない。	
ユリ姉には笑顔で居て欲しいんだ。」	
とろ	
吐露	
マスターがユリヒメを大事にしているのは	
わかりますがその反応をされると	
私としては複雑な気持ちになりますね。」	
「サツキ。深夜外出は	
さみだれけ	
では厳禁だ。	
カグヤに見つからずにこっそり戻るぞ。」	
「うーん。無断で出て来ちゃったから	
お母さんに見つかったら怒られちゃうよね。」	
「盾守先輩、今何時ですか？」	
分だけど	
盾守は腕時計を確認して現在時刻を伝える。	
「わー。どうしよう。	
お母さん早起きだから	
時半にもう起きちゃうよ。」	
「把握。なるほど。状況はわかりました。	
カグヤが起きる前に五月雨さんを	
家に送り届ければいいのですね。」	
「要求。盾守先輩、緊急事態です。	
全員を警察車両で家まで	
送り届けてください。」	
「警察車両を勝手にタクシー代わりに	
すんじゃないわよ！ノヴァ！」	
「っていうか、五月雨だけじゃなくて	
『我	
全員』ってどういう事よ！？」	
「マスターも私も戦闘で	
している状態。	
ここから歩いて帰るなど現実的ではありません。	
ゆえに足が必要なのです。警察の足が。」	
！口調は丁寧な癖に	
相変わらず	
ずうずう	
しいわね	
「悪いな。盾守。	
そういうわけだから頼むわ。」	
「お願いしまーす。」	
しょ、しょうがないわね！	
そこまで言うのなら送ってあげてもいいけど	
「やったー。」	
「盾守先輩って	
何だか言って頼られるのが	
嬉しいんですよね。」	
「う、うるさい！	
いいからさっさとパトカーに乗んなさいよ！」	
「マスター。行きましょう。」	
「へいへい。よろしく頼むぜ。」	
「今回の事件の	
てんまつ	
顛末	
さん率いる	
こうあんぶとくむたい	
公安部特務隊	
シリーズと交戦、	
これを撃退し	
の影山さんを逮捕し無事解決。」	
こうしきちょうしょ	
公式調書	
としては	
こんなところでしょうか。」	
「実際は	
のノヴァさんが	
敵側に	
ねがえ	
寝返	
ったり川島さんや五月雨さんの	
戦闘介入があったりやたらカオスなんですが、」	
「この辺を調書に書いてると上層部からのツッコミが	
止まらないですからねー。ひとまず盾守さんの	
てがら	
手柄	
って事で無難にまとめておきました。」	
「確認した。問題無い。	
上層部のお	
かんけつ	
簡潔	
な内容の方が	
喜ばれるからな。」	
たてがみふくそうかん	
の活躍とした方が	
受けがいいだろう。」	
ふくそうかん	
副総監	
げんかく	
厳格	
な方ですが	
意外にも	
さんを	
てきあい	
溺愛	
してますからねえ。	
何せ娘さんの為に	
まで新設する程ですし。」	
「今回の特務隊の事件解決は	
さぞかし嬉しいでしょうね。」	
「ノヴァさんの件はどうします？	
一応、川島さんの	
のおかげで	
記憶が戻ったみたいですけど。」	
「本人の意志次第だが、	
こちらとしては	
に戻れるように	
準備をしておくとしよう。」	
はオートマタである前に	
斑鳩警察の警察官だからな。」	
「おやおや。お優しい事で。	
ただ、上層部は良い顔しないと思いますよ？	
あちらさんは	
の介入に	
かいぎてき	
懐疑的	
「上の連中には私から話を通しておく。	
この件に関しては文句は言わせん。」	
「頼もしい事で。	
真田警部ってそんなに	
部下思いでしたっけ？」	
「川島は覚悟を決め、信念を貫き、	
正義の名の	
に機巧院を救い出した。	
それは斑鳩警察の	
げる理想の在り方。」	
「であるなら、上に立つ私は	
奴等が証明した正義に応えるだけだ。」	
「どうやら今回の川島さんの行動は	
真田警部のお気に召したようですねえ。」	
「さて、私は事件の報告をする為、	
本庁に向かう。留守を頼んだぞ。天道。」	
「はいはい。行ってらっしゃいませ。	
「起きてくださいッス。川島さん。」	
「おはようッス。川島さん。」	
今、何時？」	
時ッス。」	
時か	
時ッ！？学校ッ！	
やべえ！遅刻だッ！」	
「まだ慌てるような時間じゃないッス。」	
「いや、慌てるような時間だろッ！	
遅刻だよ！？」	
「うああああーーーーッ！！	
ユリ姉に怒られるッ！！」	
「大丈夫大丈夫。	
ユリせんせーにはちゃんと連絡して	
午後から出席するように話をしておいたッスから。」	
「そッスそッス。	
何せ早朝にドンパチやってたんスから	
今日ばかりはしゃーないッス。」	
「それに午前中はゆっくり寝てていいって	
ユリせんせーも了承済みッス。」	
「そ、そうか。	
ユリ姉がそう言うならのんびりするか。」	
「つーか、ノヴァ。いつの間にやら	
口調や恰好がいつもの感じに戻ってない？」	
「川島さんが寝てる間にデフォルト設定なっていた	
言語モードや容姿バリエーションを	
再設定して元に戻したんスよ。」	
「じゃじゃーん。	
こあくまけいがくえん	
小悪魔系学園	
アイドル・	
ノヴァちゃん復活ッスよー。」	
ノヴァがキメ顔でキメポーズをキメていた。	
「さっきまで	
まじめけいゆうとうせい	
真面目系優等生	
みたいなキャラだったのに	
急に高校デビューして	
あかぬ	
垢抜	
けた感じになっちゃうの	
なんでなんだろうな。」	
「何言ってるんスんかー。	
こっちの方がいいっしょー？」	
「なんたって川島さんの好みに	
合わせた設定なんスから。」	
。そういえば	
その口調と外見、	
どことなくザクロちゃんに似てるような。」	
ザクロちゃんは魔法少女に変身するとピンクの	
ツインテールヘアーになるんだが、変身前はちょうど	
今のノヴァのようなウルフカット風の外見をしているのだ。	
「その通り！ようやく気付いたんスかー。」	
「川島さんがザクロちゃんばっかり観てるから	
ちょっとでも気が	
けるように	
ザクロちゃん風に設定を寄せてみたんスよ。」	
「それって俺の為だったのか	
ノヴァと過ごした記憶を思い出した今ならわかる。	
ノヴァはとんでもなく	
で尽くすタイプであると。	
現実世界で初めてノヴァに会った時から	
一貫してマスターである俺に尽くし続けている。	
それはこの世界でも一切変わらない。	
これだけ尽くされて喜ばない男は居ない。	
こうして感じるノヴァのありがたみ。	
俺は改めてノヴァの愛の重さを知るのだった。	
「そうッスよ。	
今の今までその事にまったく気づいてないとは	
どんかん	
鈍感	
にも程があるッスけど。」	
「まぁ、今となってはこっちの方が	
自分にとってはしっくり来るッスけどねー。」	
「デフォノヴァの	
っぽい感じも好きだけど	
ノヴァと言えばノリが良い感じだよな。」	
「ふむふむ。川島さんはデフォルトも好き、と。」	
ノヴァは手帳に取り出しメモを取っていた。	
「なにそれ？」	
「これは川島さんメモッスよ。	
川島さんに関する事をメモって分析するんス。」	
お前もしかして	
しょっちゅうメモ取ってたの？」	
「そッス。こう見えてドクターと同じく	
戦闘スタイルはデータ分析型ッスから。	
川島さんの攻略情報は要チェックッス。」	
戦闘スタイルって。	
また俺と戦おうってんじゃねーだろうな？」	
で正気に戻らなかったら	
あのまま自分が勝ってたッスねー。」	
「お前が正気に戻らなかったら	
勝つとか以前にバスターキャノンで	
灰になってたわ。」	
「はっはっはー。	
まぁ、こうしてピンピンしてるんだから	
終わりは良ければすべて良しってねー。」	
ノヴァは俺の背中を	
バシバシ叩きながら高笑いする。	
「さて、お昼にはちょっと早いっスけど	
食事を用意したッス。	
川島さん、お腹空いてるっしょ？」	
「え？ノヴァが作ってくれたの？	
食べる食べる。超腹減ってる。」	
「ノヴァちゃん特製ミートスパゲティ。	
たーんと召し上がれ。」	
「うん。知ってた。」	
この家にある食材では	
何故かミートスパゲティしか作れない。	
まさかの縛りプレイになっているのである。	
「いただきまーッス。」	
うーん、デリシャス！」	
ノヴァは自分で作った料理を	
美味そうに食っていた。	
もう腹ペコだ。	
俺もフォークを手に取り早速、	
食う事にする。	
う、美味いッ！」	
「な、なんだこのミートスパゲティは！	
こんなに美味かったのかミートスパゲティ	
「でしょでしょ？特に川島さんは	
にミートスパゲティ食べるから	
相当美味いと感じるじゃないッスか？」	
！俺がオートマタになってる時、	
いっさいミートスパゲティなんて	
食べてなかったからなぁ。」	
「目の前でノヴァはバグバク食ってたけど。」	
だんじき	
断食	
日常的に食事制限という我慢を重ね、	
それが解放された瞬間至上の美味しさとなるッス。」	
「つまり川島さんはこの瞬間の為に、	
ミートスパゲティの	
お預けを食らっていたんスよ。」	
「俺がオートマタになっていたのは	
断食の為だったのか。」	
「ごちそうさまーッス。」	
「ふー。食った食った。」	
「さーて、	
ご飯も食べてお腹も	
ふく	
れた事ですし	
学校に行きますかー。」	
「そうだな。んじゃ支度するか。」	
「自分も色	
準備しなくては。	
女の子は	
に時間が掛かるんスよ。」	
「ほいじゃまたあとでー。」	
ノヴァは支度をする為、	
パタパタと自分の部屋に引っ込んで行った。	
「よっし。準備出来たー。	
川島さんはどッスか？」	
「おー。俺はいつでも行けるぜー。」	
「それじゃ学校へレッツゴー。」	
「行ってきまーッス。」	
「いやー。こうして川島さんと	
一緒に通学なんて初じゃないッスかー？」	
「言われてみるとそうかもな。	
俺がオートマタになってる時は	
敵地である学園に潜入はしたが。」	
「まぁ、あの時は学園の生徒は	
フェイリクスに洗脳されていて	
楽しく通学って感じでも無かったですからなー。」	
「んじゃ、これからは	
ちょくちょく一緒に通学するか。」	
「お。いッスねー。	
その時はマイルームまで迎えに来て欲しいッス。	
ついでに朝食も作って欲しいッス。」	
「君、要求多くない？	
一応マスターだよね？俺。」	
の前に自分は学園アイドルでかつ	
攻略対象のヒロインなんスから	
普通に彼女として扱うべきッスよ。」	
うん、そうかも。」	
「ところで、	
その恰好何か違う感じしたんだけど。	
お前いつも着けてるマフラーどうしたの？」	
ていこくじゅうこうはいきしょりじょう	
帝国重工廃棄処理場	
でフェイリクスと自爆した時に	
身に着けてたマフラーも消し飛んだんスよ。」	
「そういやあの時の爆発で	
ボディごとバラバラになったんだっけか。」	
同時に記憶領域まで吹っ飛んで	
まさかの初期化状態のノヴァと	
バトルする事になったわけだが。	
が内包されているエーテライトコアさえ無事なら	
ボディはいくらでも復元出来るんスけど	
あのマフラーは	
いっちょうら	
一張羅	
で替えが効かないんスよねー。」	
「何せあれは、	
川島さんにもらった大事なマフラーだったんスから。」	
「もしかしてあの時、お前にあげたマフラー	
ずっと大切に身に着けていたのか？」	
「そりゃあ、川島さんから貰った	
初めてのプレゼントッスからね。	
自分にとっては思い出深い大切な一品ッスよ。」	
「そうだったのか。	
何かいつもマフラー着けてて	
冷え性なのかな？って思ってたわ。」	
記憶が無かったとはいえ、	
自分の想いが何一つ伝わってないじゃないスか。	
このニブチンがー。」	
さすがのノヴァもこれにはむくれて	
不満気な様子を見せる。	
「わ、悪かったよ。」	
「俺からしてみりゃノヴァがいつも薄着で	
寒そうにしてたから、せめて防寒になればいいと	
思ってあげたんだ。」	
「だから、まさかそんなに	
大事にしてるとは思わなくてさ。」	
「川島さんって自分に冷たいッスからなー。	
川島さんから貰ったプレゼントって	
あのマフラーしか無いんスよ。」	
「いやいや、別にノヴァに冷たいわけじゃねーよ。」	
「どっちかっていうと気の置けない仲というか	
気を使わなくていいから	
素で接する	
だから何か気楽でいいんだよ。」	
「なるほど。自分に対しては	
川島さんはあれが自然体であると。」	
「そうそう。大体お前だって	
人に飯作るように要求したり	
好き勝手やってんじゃねーか。」	
「川島さんが自分を雑に扱うから	
お返しッスよ。」	
「俺のせいかよ。」	
「まぁ、キャピキャピした恋人関係より	
はこのぐらいの距離感の方が	
に合ってるのかもしれませんなあ。」	
「確かに。ノヴァとあんまり	
あまあま	
でラブラブな感じなる	
イメージが湧かないわ。」	
それはそれで傷つくんスけど。」	
「あ。」	
「はろはろー。」	
通学路の交差点。それぞれの道から	
バッタリと合流する見知った面	
「よう。さっきぶり？」	
「なによ。あんた達も結局寝坊？」	
「さすがに早朝だったからねー。	
ひと眠りしたらこんな時間になっちゃった。」	
「俺も普通に爆睡してたわ。	
盾守だって寝坊してんじゃねーか。」	
「私はあの後、本部長への報告したりとか	
と仕事があったのよ。	
まぁ、ちょっと寝過ごしたけど。」	
「寝坊してんじゃん。」	
「うっさい。」	
「五月雨さんはあの後、	
カグヤさんに怒られなかったッスか？	
無断外出だったじゃないスか。」	
「それがさー。こっそり部屋に戻ろうとしたら	
玄関の前にお母さんが立ってて、	
私が帰るのを待ってたんだよね。」	
「え。それ大丈夫なの？」	
「うわー。怒られるかなーって思ったんだけど	
『説教は後でするから早く寝なさい』って	
それだけ言ってお咎め無しだったよ。」	
五月雨さんが心配だったんスねー。	
無事に帰って来て安心したんじゃないスかね。」	
「無断で夜遊びして朝帰りして来る	
ふりょうむすめ	
不良娘	
帰りを待ってるなんて良いお母さんじゃない。」	
「うん。私、お母さん大好きー。」	
母親であるカグヤに	
を向けて脅していた気もするが	
あれは気のせいだよな。うん。	
そんなバイオレンスな反抗期あるわけないよね。	
「学校に到着ッスー。」	
「登校して来たか。お前達。」	
「あ、ユリ先生！」	
「おはようございまーす。」	
「遅ようございます？」	
「ユリ姉？どうしてここに？	
今、授業中じゃ？」	
「ちょうど今の時間、	
私の担当授業が無いんだ。」	
「ゆえにこうして	
ひとしごとお	
一仕事終	
えたお前達を出迎える為、	
ここで待っていたのだ。」	
「事件解決の報告は受けている。	
よくやったな。お前達。」	
「ユリ先生	
すっごく頑張ったんです	
「いえーい。大勝利ー。」	
シリーズを全員相手にした時は	
マジで死ぬかと思ったが	
何とかなったぜ。皆のおかげだ。」	
「いやー。ユリせんせーをはじめ、	
皆さんにはご迷惑おかけしました。」	
ノヴァはペコリと頭を下げる。	
「今回のノヴァはいつも以上に大暴れしてたわよね。	
教室は破壊するわ、バスターキャノンをぶっ放して	
オートマタ部隊を壊滅させるわ。」	
「そうだねー。	
本気モードのノヴァと	
真剣勝負したかったなー。」	
あれ、サツキさん？	
またサイコパス出てません？	
いや、どっちかって言うと戦闘狂？	
「事情は把握している。	
もはや何も言うまい。」	
「こうして無事機巧院が戻って来たのだ。	
良しとしようじゃないか。」	
「ははー。	
なお言葉。	
るでござりまする。」	
お前が無事で良かった。」	
かいま	
垣間	
見た	
現実世界のユリ姉の記憶。	
現実世界のユリ姉は	
との戦いで	
命を落とし俺は仇を討つ為、	
復讐に燃えていた。	
だからこそわかる。今、こうして	
ユリ姉が笑顔で出迎えくれる。	
それがどれだけ幸せな事なのか。	
ユリ姉が生きていてくれて良かった。	
俺はそれだけで涙が出るほど	
嬉しくて幸せなんだ。」	
っ。ユリ姉	
もう俺を一人にして	
どこへも行かないでくれ	
川島ユート何急に泣いてるのよ！？」	
「ユートくんはいつもユリ先生の前で	
泣いてるねー。」	
おい。何故お前が泣く。	
立場が逆だろう。」	
「ユリ姉。今度は絶対俺が守ってみせる。	
だからもう一人で無茶すんなよ。」	
あ、ああ。	
何故私が説教されてるのだ。」	
「川島さんにとってユリせんせーは	
家族以上に大切な人だから仕方ないんスけど、」	
「メインヒロインである自分を差し置いて	
『絶対守る』宣言は	
ちょっと嫉妬しちゃうッスねー。」	
ノヴァがヤキモチ焼くなんて珍しいねー。」	
「可愛いとこあるじゃん。うりうりー。」	
「普段は表には出さないッスけど、	
自分は結構	
どくせんよく	
独占欲	
ある方ッスからねー。」	
「好きな人が他の女の人と	
イチャイチャしてたら	
イラッと来るじゃないッスか。」	
「それはそうだねー。	
ユートくんってデリカシー無いもんね。」	
。何今の会話	
ノヴァって川島ユートに	
の字なワケ？」	
「盾守パイセン。	
の字って表現古くないスか？	
自分は川島さん好きッスよ。」	
そうなんだ。	
し、知らなかった	
。ふ、ふーん。」	
「盾守先輩。顔真っ赤ですよ。」	
「こ、校内での	
は禁止だから！	
よ！	
「相変わらず、	
盾守パイセンに浮いた話が無いからって	
お堅いですなー。」	
「な、なによ！学校は勉強する場所なのよ！	
チャラチャラと恋愛なんかしてるヒマないの！」	
年ぐらい前の価値観してる。」	
「よー。川島	
じゅうやくしゅっきん	
重役出勤	
ご苦労様。」	
「よう。岡崎。	
昼に学校に来るのは最高だな。	
毎日昼からにしてくんねーかな。」	
「まぁそれはあるな。	
登校時間が早すぎんだよな。	
もうちっと寝かせて欲しいぜ。」	
「っていうか、なんか窓無くね？」	
妙に風通しが良いと思ったら	
ベランダ側にある窓がすべて無くなっていた。	
昨日、	
が教室を襲撃して	
窓ガラス全部割って行ったじゃねーか。」	
「あ、そういやそうだったわ。」	
「あれだけの事があったのに	
よく忘れられるな。	
ずぶと	
図太	
いヤツ。」	
「昨日から今日の朝方に掛けて色	
あったんだよな。」	
「天気予報みてーな表現だな。」	
「事件はそれだけじゃないぜ。	
今日のニュース見たか？」	
「ニュース？」	
がある	
大規模爆発が起きて地上が	
と化したらしい。」	
「しかもその犯人は何とこの学園の科学教師の影山。	
影山は爆発事件の犯人として	
けさみめい	
今朝未明	
によって逮捕されたそうだ。」	
「なるほど。物騒な話だな。	
他に何か変わった事はあったか？」	
「いや、今言った話以外は何も。	
影山は	
ひそ	
かに女子生徒から人気だったらしくてな。	
逮捕報道で	
らくたん	
落胆	
の声が挙がってるぜ。」	
のんき	
呑気	
な話だな。」	
なるほど。斑鳩警察は	
シリーズの事を伏せて爆発事件として	
発表したのか。	
それにしても数時間前の事件が	
もうニュースとして報道されているのは	
さすがに早過ぎる気がするが。	
「ああ、そういや。	
機巧院は今日登校してるんだよな？」	
「おい、何で知ってんだよ。	
お前ずっとこの教室に居たんじゃねーのか。」	
「聖皇学園の	
学園アイドルの情報は常に出回ってるから。	
大体の最新情報は追えるのさ。」	
そんなもんまであるのかよ	
「こいつはやべえ	
！ユリ姉のプライバシーが	
他の男子達に流出してしまう	
即刻その	
を潰さねーと	
「そこはユリ先生じゃなくて、	
お前の彼女の	
じゃねーのか？」	
「何でノヴァが俺の彼女って事になってんだよ。」	
「お前らいつも一緒に居るし、何なら今日は	
の家から一緒に登校して来たそうじゃねーか。	
それなら彼氏彼女の事情だと思われても仕方ねえさ。」	
そんな事まで	
で流出されてんのかよ。	
マジで潰さねーとその聖皇学園	
「実は今日はその学園アイドル絡みで	
もう一つ面白い話があるんだ。」	
「ユリ姉が	
ちじょく	
恥辱	
にまみれる話だったら	
のアカウントを持っている男子を	
一人一人始末しなきゃならねえ。」	
「おいやめろ。	
俺もターゲットに入ってるじゃねえか。」	
「まぁ、安心しろよ。	
ユリ先生の事じゃない。	
今回は盾守と獅堂の件らしい。」	
「盾守に獅堂	
？ユリ姉じゃなきゃ許す。」	
「何やら今日の放課後、	
獅堂が盾守を呼び出してるらしいんだ。	
もしかしたら面白いものが見れるかもな。」	
「獅堂が	
盾守を？	
珍しいな。いつも盾守の方から	
獅堂に突っかかってるイメージだが。」	
「だろ？気になるよな。	
まぁ、放課後になってからのお楽しみって事で。」	
「では、ホームルームを終わりにする。	
獅堂。	
締めてくれ。」	
「わかりました。」	
「ユリ先生、さようならー。」	
放課後になり、	
ホームルームを終えた生徒達は次	
に教室を後にする。	
「それで獅堂ミナト。	
話って何よ？」	
「ここじゃ何だから	
場所を変えましょうか。」	
「な、何よ	
改まっちゃって	
ここでは言えない話なワケ？」	
「わざわざ	
のある場所で	
話すメリットが無いだけよ。	
いいからついて来なさい。」	
獅堂は	
うろた	
狼狽	
える盾守に目もくれず	
スタスタと教室を出て行く。	
「あ！ちょっと待ちなさいよ！	
獅堂ミナト！」	
置いて行かれた盾守は	
慌てて獅堂の後を追う。	
「始まったな。」	
マジで獅堂が盾守を呼び出してるよ。	
この後、一体どうなっちまうんだ？」	
「こいつは大スクープの予感がするッスよ。」	
「うおっ！ノヴァ！	
いつの間に！」	
「火のないところに煙は立たず。	
諜報部の勘がスクープの場所へと	
うッス。」	
「川島さん！二人を追うッス！	
こいつは面白くなってきたぜ！」	
「あ、おい！ノヴァ！」	
ノヴァはパタパタと教室を出て行く。	
「川島。ガールフレンドが	
先に行っちまったぞ。	
追わなくていいのか？」	
「しょうがねーなー。	
じゃ、行ってくるぜ。岡崎。」	
「おう。行ってこい。」	
「で？こんなところまで呼び出して。	
話って何よ。」	
「これ、あなたに返すわ。」	
獅堂は一つの	
かみぶくろ	
紙袋	
を盾守に差し出す。	
「ん？何よこれ？」	
盾守は紙袋から一着の洋服を取り出す。	
はながら	
花柄	
のワンピース	
これって	
「要領を得ない話だけど。	
どうやらそのワンピース、	
あなたから貰ったらしいのよ。」	
「その服を見る度に	
かに思い出すのよ。	
あなたに洋服屋でそれを	
みつくろ	
見繕	
ってもらった	
存在しない記憶が。」	
「最初は夢か何かだと思ったけれど、	
実際そのワンピースは私の手元にあった。	
それが何よりの証拠。」	
「だから、私はあの記憶を事実として受け入れ。	
これをあなたに返す事にしたの。」	
。私も覚えてる	
これ、私があんたに選んで、	
買ってあげたワンピースだ。」	
「あの時、私がこれをプレゼントしたら	
すごく嬉しそうにしてた。	
そうだ	
間違いない。」	
「まさか私達が休日に仲良くショッピングだなんてね。	
何があったか知らないけれど本当にどうかしていたわ。」	
「そんな事ない！」	
「盾なんとかさん？」	
「私はあんたと一緒にお出掛けして	
遊んでショッピングして！	
すっごく楽しかった！」	
「あんたと一緒に過ごした時間は	
私にとってかけがえのないものだった！	
私達はあの時だけは本物の親友だった！」	
「私達が親友	
「そうよ！私達の相性は	
バッチリだったじゃない！	
きっとまた仲良くなれる！親友になれるわ！」	
「そうでしょう！？ミーちゃん！	
だからもう一度私と	
「私をミーちゃんと呼ぶなッ！」	
「私をミーちゃんと呼んでいいのは	
ママだけだッ！	
断じてお前のような	
ではないッ！」	
？どうしてそんな事を言うのよ！	
ミーちゃん！私達、親友だったじゃない！	
またやり直せるよきっと！」	
「お前と私が親友	
むしず	
虫唾	
が走る	
！二度と口にするな	
「な、何でよ！何でそんな冷たい事を言うのよ！	
また私の事、アーちゃんって呼んでよ	
私に優しく	
ほほえ	
微笑	
んでよミーちゃん	
「だからミーちゃんと呼ぶな	
けが	
らわしい	
「ほ、ほら！この花柄ワンピース	
あなたにプレゼントするから	
きっと似合うから	
！ね？」	
「くどい	
！それはお前との関係性を無かった事に	
する為に返したのだ	
！もう私達は親友でも何でもない！	
赤の他人だ	
酷いよ	
ミーちゃあああん	
チッ。まったく	
らち	
が明かない。	
これだから厄介なのよ。この女は。」	
「いいわね？これで借りは返した。	
すべてを水に流し、明日からはただの	
クラスメイトとして接しなさい。これは命令よ。」	
「やだぁ	
っ！やだよぉ	
また仲良くしようよぉ	
ミーちゃああん	
チッ。泣いて叫べば	
どうにかなるとでも思ってるのかしら？	
だから私はこの女が嫌いなのよ。」	
「話は終わりよ。	
さようなら。盾なんとかさん。	
二度と馴れ馴れしくするんじゃないわよ。」	
獅堂はえぐい捨て	
ぜりふ	
を残し立ち去って行った。	
「うわああああーーーーん！	
待ってぇえええーーー！	
ミーちゃああああーーーーん！」	
親友だと思っていた獅堂に裏切られ	
その場で泣き崩れる盾守。	
なんだこれは	
俺は何を見せられているんだ	
ってやつっスね	
「本来ではあり得なかった	
盾守パイセンと獅堂かいちょーが	
親友だったという世界線。」	
「そんな甘い世界を見せられたら最後。	
チョロ過ぎる盾守パイセンはあの	
しこう	
至高	
の光景が	
忘れられず今も獅堂かいちょーを求めてしまう。」	
「洗脳から解けた今でも盾守パイセンは	
ずっと夢の中に	
われているのかもしれないッス。」	
「そんなのって	
悲しすぎんだろ	
「フェイリクスはとんでもない罪を	
残していったようッスね。」	
どうしてこうなっちゃうのよ	
やっと見つけた私の親友だったのに	
「またアーちゃんって呼んでよ	
私に優しく語り掛けてよ	
「ミーちゃん	
ミーちゃあああーーーーん	
「盾守！無事か	
「ユリせんせえええーーーーッ！	
！私	
ミーちゃんに嫌われちゃったよぉおおおーーー！」	
「ミ	
「な、何だこれは	
一体、何をどうしたらこんな状態に	
なるというのだ	
この後、ユリ姉は精神が崩壊した盾守を	
日が暮れるまで生徒指導室で	
してやるのだった。	
「それではラスト	
やらしてもらってよかですか？」	
「はいー。リスナーから	
しょうだく	
承諾	
頂きましたんで	
ラスイチ行きまーす！」	
「これで本当にラストの泣きの一回！	
これでクリア出来なかったら	
次回はクリア失敗の謝罪配信します！」	
「それじゃスタート！」	
「まずはここできな粉を取り	
まるおをパワーアップ！	
そしてジャンプで溶岩を越える！」	
「火の玉をしゃがんで避け、	
連続ジャンプで落とし穴を飛び越える！」	
「あとは流れでダッシュで	
魔の弾幕地帯を通過するッ！」	
「そして立ちはだかるラスボスッ！	
相手のジャンプに合わせて潜り抜ける！」	
「今だ！うおおおおーーーッ！」	
「行けるか！？行けるか！？」	
「行ったーーーーーーッ！	
ゴォオオオオオーーーールッ！！」	
「ついに	
念願のまるお完全クリアーッ！」	
「感動の	
ッ！エンディング	
パート	
ファイナル	
「ノヴァちゃんのラスイチからの奇跡の神プレイッ！	
どうッスかこのドラマを生み出すエンターテインメントは！	
やっぱ持ってるッスねー！自分！」	
「おー！！ギフトチャットあざまーッス！」	
かつてない程、	
大盤振る舞いで回っておりますよー！」	
「ついに『すーぱーまるおブラザーズ』完結という事で	
今回のパートでまるおの冒険は終わっちゃいますが	
次は別の企画やろうと思ってるんで是非期待しててくださいッス。」	
「ふー。今日の配信も無事終了っと。」	
「配信終わったか？	
飯出来てるからこっち来て食えよ。」	
「おお。ナイス。	
食べる食べるー。」	
「んー！デリシャス。」	
俺が作ったミートスパゲティを	
美味そうに頬張る。	
「いやー。こうして川島さんが	
何かと世話焼きに来てくれるのは	
ありがたいッスねー。」	
「配信業をやってると自分の事が	
おろそかになりがちですからなー。」	
「やはり、配信者にはスケジュール管理と	
食事を作ってくれる	
マネージャーが必要なんスよ。」	
「お前の本業って	
じゃなかったっけ？	
いや、学生？あれどっちだ？」	
「聖皇学園の学生は世を忍ぶ仮の姿。	
時には斑鳩警察、時には配信者、	
果たしてその実体は	
ノヴァ！月に代わってデュエルしろよ！」	
が本体だったんだ。」	
「ごちそうさまー。」	
ノヴァが食事を終えると共に食卓からジャンプし、	
ソファにダイブする。	
そして、テーブルに置いてある携帯ゲーム機を取り出し	
ゲームをプレイし始めた。この間、わずか	
秒である。	
おい、行儀悪いぞ。	
つーか、食器ぐらい片付けろよ。」	
「川島さん、ここの家主は自分ッス。	
マイホームにはマイルールというものがあり、	
つまり自分は自由を手にしているという事ッス。」	
「ここって斑鳩警察所有の寮だから	
お前のモノじゃないんだよなぁ。」	
俺はノヴァが食べた食器を	
流し台に持って行き、洗い始める。	
「っていうか、ノヴァ。	
お前、斑鳩警察に復帰出来たのか？」	
「ええ。真田警部がイイ感じに	
取り計らってくれたんで、」	
シリーズ事件の事は	
ふもん	
不問	
になったおかげで	
晴れて斑鳩警察・諜報部に復帰出来たんス。」	
「だからこの部屋は変わらず自分のモノなんスよー。」	
ノヴァさんの職場復帰の為に色	
揉み消したの	
私だって事、忘れないでくださいよ。」	
「天道。」	
「うわぁー！何勝手に入って来てんスか！	
不法侵入ッスよ！	
警察ー！誰か警察を呼んでくれー！」	
「ここは斑鳩警察の寮で	
私もノヴァさんも警察です。	
はい、論破。」	
へりくつ	
屁理屈	
ばかり並べやがって、	
これだから諜報部ってのは	
しいんだ。」	
「お前も諜報部だからな。」	
「なんなら私はノヴァさんの上司で	
ノヴァさんは私の部下ですからね。」	
「それで天道、何か用か？」	
「ええ。ノヴァさんの職場復帰祝いに	
ちょっと顔を出しに来たんですよ。」	
これ、諜報部復帰の正式な辞令です。」	
天道は書類を取り出しノヴァに手渡す。	
「おー。ちゃんと	
ほんちょう	
本庁	
が押されているッス。	
もしかして、これで正式に諜報部の	
メンバーとして認められたんスか？」	
「ええ。真田警部が本庁まで	
行って掛け合ってくれたんです。	
斑鳩警察の警官だ。』ってね。」	
「うひょー。	
真田警部。熱い男ッスねー。	
そこに痺れる憧れるゥー。」	
「逆に今までノヴァは	
正式な警官じゃなかったのか？」	
「はい。今までノヴァさんはこれまで前例が無い	
オートマタの諜報員という事で	
試験運用中だったんですよ。」	
「それで今回のフェイリクス事件の解決の功績だったり	
シリーズが人間の	
であると証明された事で	
正式に諜報部の警官として認められたわけですね。」	
「なるほど。あの事件が	
結果的にノヴァの人間性を証明する	
良い結果になったのか。」	
「ええ。未だに人間の	
を移植した	
オートマタは人間と機械の	
境界線が	
なままです。」	
「残念ながら現代の法では	
その存在の取り扱いに	
くりょ	
苦慮	
手をこまねいているのが実情です。」	
「だからこそ、今回のノヴァさんの件が	
オートマタの未来にとって	
良い	
きざ	
しとなるといいですよね。」	
「あれ？お二人共、	
急に黙ってどうかしましたか？」	
「いや、急に天道がまともな	
事言い出すもんだから。」	
「気でも触れたのかと思って。」	
「酷いですねえ。	
たまに真面目な話をするとこれですよ。」	
「まぁ、とにかく。」	
職場復帰おめでとうございます。	
今後ともよろしくお願いしますよ。」	
「うむ。苦しゅうない。」	
「なんて図	
しい態度なんだこいつは。」	
「ああ。真田警部からの計らいで	
特別休暇が出るらしいですよ。」	
「え？マジ？」	
「ええ。諜報部としてはフェイリクス事件及び、	
シリーズ事件が解決した功績という名目で。」	
「実際は色	
お疲れであるノヴァさんと川島さんを	
休ませてあげたいっていうのが真田警部の本音ですね。」	
「真田のヤツ、	
粋な事をするじゃねーか。」	
「真田警部はツンデレですなー。」	
「それは真田警部に言ってあげてください。	
多分怒ると思いますけどね。」	
「さて、それじゃ喋りたい事は	
喋りましたし私はそろそろ失礼しますよ。」	
「ノヴァさん達の	
お邪魔になっちゃいますからね。」	
「わかってんじゃねーか。	
とっとと帰れ、帰れー。」	
「あ、そうだ。川島さん。」	
「ん？何だよ？」	
「ノヴァさんとの記憶、	
思い出せて良かったですね。」	
「どうです？ノヴァさん意外と	
なところあるでしょう？」	
いつもこんなテンションだから	
愛の重さにまるで気付かなかったが。」	
「あれってただの照れ隠しなんですよ。	
ノヴァさんって	
きっすい	
生粋	
じゅんじょうおとめ	
純情乙女	
なので。」	
「オォーイ！何コソコソしてんだ！	
余計な事喋ってないでとっとと帰れよー！」	
「おっと。これは	
しっけい	
失敬	
それじゃこれでお	
いとま	
「それではごゆっくり。」	
「やれやれ、	
やっと帰ったか。」	
「天道さんと何を話してたんスか？	
余計な事、	
吹き込まれてないでしょうね？」	
天道に弱みを握られてるノヴァは	
自分の評判が	
められてないかどうか	
気になるようだ。	
別に何を言われても俺がノヴァを	
嫌いになる事は無いんだがそういうの気にするの、	
可愛いとこあるよな。	
「いや、別に？何も？」	
「ほんとにー？	
まぁ、別にいいッスけど。」	
「あぁ、そうだ。	
天道がさっき言ってたけど	
お前、今休暇中なんだろ？」	
「これからどっか遊びに行こうぜ。」	
「おー。デートッスね。	
行きましょ行きましょ。」	
「ほんじゃ、着替えてくるッス。	
でわ。」	
一瞬で機嫌が直ったノヴァは	
を整えにパタパタと自室に入って行った。	
「やっべ。遅刻遅刻	
「ごめん。待った？」	
「おっそーい。	
いつまで待たせるのよ	
「女の子を待たせるなんて	
失礼しちゃうわね。ぷんぷん。」	
「ごめんごめん。	
喫茶店でアイスストロベリーパフェ奢るから	
機嫌直してよ？」	
「しょうがないにゃ	
。いいよっ。」	
「でも、トッピングはダブルで勘弁してあげる。」	
「ははは。こいつは一本取られたぜ。」	
「あはは。こいつぅー。」	
で、今回のパターンは	
どういう狙いがあるんだ？」	
「これまでとは	
志向	
を変えて	
彼氏が遅れて彼女のゴキゲン取りを	
するパターンッス。」	
「先に待ち合わせ場所で待っていたにも関わらず	
遅刻した彼氏を許してしまう彼女。」	
いっしんふらん	
一心不乱	
けなげ	
健気	
おおうなばら	
大海原	
のような心の広さを持ち合わせた	
パーフェクトな彼女に彼はもうメロメロでしょう。」	
「心広いやつがダブル要求するかね？」	
「逆ッス。」	
「逆？」	
「これは川島さんの心を広げる為なんス。	
彼女がダブル要求しても『はい。よろこんで。』と	
すぐに返せる心の広さを養う訓練ッス。」	
「お前はイエスマンを量産し	
げぼく	
下僕	
としようしているのか？」	
「否定無き肯定のみがある世界。	
そんちょう	
尊重	
し合える争いが生まれない真の平等。	
それってとっても平和で素晴らしい世界だよねっ。」	
「人はそれをディストピアと言うんじゃないのか？」	
リアリスト	
現実主義者	
ッスねー。	
まぁ、だからこそ一緒に居て	
退屈はしないッスけど。」	
こうれい	
恒例	
の茶番は終わった事だし	
デートを始めるとすっか。」	
「茶番では無く儀式ッス。	
「それにデートなら	
もう始まってるんスよ。」	
独伯	
ノヴァは俺の手を取り、歩き出す。	
「さあ、行きましょう。	
のデートスポットへ。」	
「え？ナニコレ？」	
「今日は特別でしてね。当店ナンバーワンメイドの	
ノヴァちゃんが川島さんの専属メイドとして	
おもてなしをさせて頂くんスよ。」	
「この前、ノヴァがカードハンターを追い払って	
ウチの店を救ってくれたからね。	
そのお礼も兼ねてのサービスよ。」	
「良かったわね。ユートくん。	
超人気メイドのノヴァに特別接待してもらえるなんて。	
ノヴァのファンが知ったら抹殺ものよ。」	
「へぇー。そうなんだ。	
こいつはありがたい話だ。この場に	
ノヴァのファンが居ない事を祈るよ。はは。」	
「ご主人様。今日はあなただけのメイドです。	
あなたの望みを叶え、	
あなたに	
しふく	
至福	
ひととき	
一時	
を与えましょう。」	
「それでは一名様、ご案内	
「お待ちどうさまー。ご注文の	
『ふわとろにゃんこオムライス』でーッス。」	
「え？頼んでないけど？」	
「今日のまかないは	
『ふわとろにゃんこオムライス』でーッス。	
だからタダなんです、ご主人様ー。」	
わざわざ金が掛からないメニューを	
ご主人様に出すのはメイドとしてどうなんだ？」	
「ご主人様のお財布にも気を使える会計番長。	
それがメイドのたしなみなのです。」	
！メイドの鑑だ	
なんて優良店	
！コンカフェは客から	
するだけじゃなかったんだな	
「当店が頂くのはご主人様のお気持ち。	
お気持ちはご主人様の我	
にお見せ頂く	
誠意の具現化。	
ち対価でございます。」	
遠回しに金銭要求してんじゃねー。」	
「さて、それでは美味しくなる	
魔法を掛けましょう。」	
「さ、これで魔法が掛かりました。」	
「おお。じゃあ、早速いただきまーす。」	
俺がオムライスを食べようとした瞬間、	
ノヴァにスプーンをかっさわれた。	
食べられないんですけど？」	
「自分が食べさせてあげるッス。」	
「はい。あ	
ん。」	
ノヴァはスプーンでオムライスを一口すくい、	
俺の口元まで持ってくる。	
「あ、あーん。」	
「おいしい？」	
「お、おいしい。」	
「美味しい頂きましたァッ！」	
「おめでとうございます！」	
「おめでとう！」	
突如、店内から	
巻き起こる『おめでとう』コールと拍手。	
まるで状況が理解出来ない俺は唖然とする。	
なんなんだこれは。	
こういう時、	
どういう顔をすればいいのかわからない。」	
「笑えばいいと思うよ。」	
はは。」	
「はい。	
『アイスストロベリーパフェ・ダブル』。	
お待ちどうさま。」	
「おー。ありがとーッス。」	
「じゃ、ごゆっくり	
「うほー。美味そうー。	
いただきまーッス。」	
ウマー。」	
おもてなしの儀式が終わったノヴァは	
俺の隣に座り普通に客として	
パフェを食い始める。	
「メイド服来て客席に座ってると	
何か普通に休憩中みたいだな。」	
「実際今日はバイトじゃなくて	
お客として来てますからなぁ。」	
「オフの日にも制服貸してくれて	
メイドさんごっこさせてもらえるのは	
このお店の懐の広いところですな。」	
「まぁ、お前がバイト先で	
楽しそうにやってるのが見れて良かったよ。」	
「あーあれッスよね。働く姿という	
普段とはまた違った一面を見れて	
そのギャップに胸キュンするやつッスね。」	
「そして、可愛い彼女が仕事とはいえ	
他人のご主人様にご奉仕するのを見て	
展開で脳が破壊されるまでがセット。」	
まぁ、確かにノヴァが俺以外のヤツに	
ご奉仕してるのは見ていて正直あまり面白くはない。」	
「おんやー。川島さん。	
もしかしてノヴァちゃんにヤキモチですかー？」	
ちゃか	
茶化	
すな。俺は推しのノヴァちゃんが	
誰かと仲良くしてるのが嫌なんだい。」	
ねるな	
ねるな。	
まったくういやつよのう。」	
「というわけで特別企画！	
ノヴァちゃんへの質問コーナーの時間です。」	
「ノヴァちゃんに	
何か聞きたい事はあるかなー？	
今なら何でも答えちゃうゾー。」	
「何の	
脈絡	
唐突に謎コーナーが始まったな。」	
「質問募集中。」	
質問ねえ。」	
「そういやさ。	
結局どうなったんだ？」	
と交戦し、	
結果的にはノヴァが戦いを	
停止させたんだよな。	
ていこくじゅうこうせいたいこうがくけんきゅうじょない	
帝国重工生体工学研究所内	
されている	
実験施設で	
されていたんス。」	
「今回、ドクターが川島さんを抹殺対象に定めた事で	
シリーズをスクランブルで	
を解除し	
戦線に出撃させたという経緯があったわけッス。」	
での	
と戦闘後、	
ドクターが逮捕されたのを機にスクランブルは解除。」	
シリーズは元の実験施設へと戻り	
再凍結となっているんス。」	
皆で	
おとな	
大人	
しく睡眠中ッスね。」	
シリーズが現れ始めたのは	
そういう理由だったのか。」	
シリーズってのは	
実験施設で凍結されてたんだよな？	
何でお前は凍結されてないの？」	
ちゅうすうしれいとう	
中枢司令塔	
であり本体。	
つまり、リーダー的存在だからッス。」	
「はあ。」	
シリーズは、各機体が常時	
ネットワークに接続され、取得した情報や	
記憶をリアルタイムで全ユニットに伝達可能ッス。」	
「そのため遠隔任務や集団行動においても、	
しきけいとう	
指揮系統	
が存在せず	
単一の意思で動いているかのように機能するッス。」	
「重要なのは、	
個体	
ではなく	
集合体	
設計されている点ッスね。」	
「ゆえに一機を破壊しても意味はなく、	
である自分が存在する限り	
シリーズは永久に不滅なんスよ。」	
「これぞまさにワンフォーオール、	
オールフォーワンのシステムッス。」	
であるお前さえ	
稼働していれば	
動かす事も止める事も出来るって事か。」	
凍結状態ではあるスけど自分が号令をかければ	
いつでも呼び出す事はも可能ッスね。」	
「なるほど。だから急に影山が	
シリーズ全機投入する事が出来たわけか。」	
「まぁ、凍結状態と言っても常に	
ネットワークで	
全機体に情報は共有されているからいつでも出撃可能な	
スタンバイ状態ではあるんスよね。」	
あの戦力を	
いつでも動かせるって考えたらヤバイな。」	
「実際、	
シリーズの登場で	
オートマタの軍事利用が更に	
注目されるようになったのは事実ッスね。」	
「即時情報共有による統制、分散侵入と同時制圧。	
シリーズの特性を最大限に活用することで、	
従来の強襲作戦とは一線を	
かく	
す成果が期待できるッスから。」	
「戦況を一気に変えるようなものを	
開発してしまったせいで、」	
は軍関係のスポンサーから	
ファンレターが絶えないのだとか。」	
「でもよ。	
ずっと眠らせておくって事は	
軍事利用は考えてないって事か？」	
「そうみたいッスね。元	
人工的にソードブレイカーを扱い	
するという	
目的で設計されているッス。」	
「なので、そのコンセプトを	
変えるつもりは無いみたいッス。」	
し平和に暮らせる世界を願った。	
その為にノエルは	
の実験に参加したんだよな。」	
の結果としてノエルさんの	
命と引き換えに	
号機の自分が誕生したんス。」	
「ノエルは死んだ。もう居ない。	
だけどノエルの	
はお前の	
今も生き続けている。そうだろ？」	
シリーズの原点。	
オリジナルの	
を受け継いだ自分は	
ノヴァであり、ノエルさんでもあるッス。」	
「だからこそ、自分は	
にな	
っているという	
経緯があるんスよ。」	
「そっか。お前の中に	
ノエルが居るってわかって	
俺も救われた気がするよ。」	
「あの時の俺はノエルを	
助けてやる事は出来なかったから。」	
「ノエルさんは既に川島さんに	
救われていたんだと思うッス。」	
「だから、ノエルさんは自分の意志で、	
が居ない世界を望んで	
臨床実験を受ける事を決意した。」	
「ノエルさんが最後まで	
ノエルさんであり続けられたのは	
川島さんの支えがあったから。」	
「自分はそう思うッス。」	
シリーズの理解も深まった事ですし	
ノヴァちゃんへの質問コーナーを終了としますか。」	
「良かったッスね。川島さん。	
これでまたノヴァちゃんを	
知ることが出来たッスよ。」	
「お前の理解度が上がるとどうなるんだ？」	
な質問ッスね。	
好きな子の事をもっと知りたいと思うのは	
な事なんスよ。」	
「ノヴァちゃんを知るという事は！	
もっとノヴァちゃんが好きになると言う事さ！」	
「ノヴァちゃんを好きにな	
る。	
ノヴァちゃんを好きにな	
る。」	
ノヴァは人差し指をぐるぐる回しながら	
謎の呪文を詠唱し始めた。	
「どう？好きになった？」	
「おいおい。何言ってんだ。	
俺はノヴァにゾッコン	
だぜ。」	
「ひゅー。	
ストレートに言ってくれるぜ。」	
「今のはノヴァちゃん的に	
ポイント高いッスよ。」	
「どう？メイドさんごっこ楽しめたかしら？」	
「それはもちろん。	
まんえつ	
満悦	
ッスよね？川島さん。」	
「まぁ、メイド服姿の	
ノヴァに奉仕されるのは	
悪くない体験だったな。」	
「なに人前だからって	
しゃ	
に構えてるんスか。	
『ノヴァちゃん最高！』ぐらい言ってもいいんスよ。」	
「ノヴァちゃん最高！」	
「あら、大満足みたいね。」	
「ええ。というわけで我	
これで失礼するッス。」	
「はーい。今度は普通に	
シフト入ってくれてもいいんだからね。	
「まぁ考えておくッス。	
でわまたー。」	
「あ、	
パイセンだ。」	
「あんなところで何してんだアイツ？」	
？どこに居るの	
「休日に	
と仲良く出掛けていた事が	
忘れられずかつて二人で行った	
きせき	
軌跡	
トレースしているのか	
会いたい	
あなたに会いたい	
「盾守パイセンは	
だに	
ミーちゃんの	
げんえい	
幻影	
われているんスね。」	
「こんなに悲しい事ってあるのか。」	
「あらあら。	
川島さんと	
こんにちは。」	
きぐう	
奇遇	
「はろはろーッス。」	
「ほらほら。ミナトお嬢様。	
お友達にご挨拶しないと。」	
チッ。」	
何で舌打ちしてんだよ。」	
「こんなところで	
出くわすなんて奇遇ですね。	
お二人はもしかしてデートですか？」	
「ええ。見ての通り、	
はアツアツカップルなので。」	
聖皇学園の生徒たる者が休日に	
イチャイチャとデートですって？	
だしいわね。」	
「俺達は学生らしい健全なお付き合いをしているんだ。	
カップルを目の	
にするような	
へんけん	
偏見	
はやめてもらおうか。」	
「何ですかその絶対的優位な立場からの物言いは。	
デートがそんなに偉いんですか？ええ？	
殺すぞ。」	
え？何この人。	
急にキレ出して怖いんですけど。」	
「いけません。お嬢様。	
せいしゅんま	
青春真	
さか	
りのカップルを	
ひが	
むような事をなさっては。」	
お二人の幸せを願い祝福するとしましょう。」	
チッ。	
んでないし。」	
何でこの人、	
さっきから舌打ちしてるんだろう。」	
「川島さん、機巧院さん。	
先日のフェイリクス事件の解決、	
ありがとうございました。」	
「おかげでお嬢様の洗脳は解け、	
御覧のようにいつも通りの	
お嬢様に戻ってくれました。」	
「え？これでいつも通りなの？	
まだどこか洗脳されてるとかないよね？」	
「まぁでも常に周囲を敵視する	
キレたナイフみたいな存在が	
獅堂かいちょーって感じッスよね。」	
「フェイリクスにデレデレしている	
浮ついた獅堂かいちょーは	
やはり偽物だったという事ッス。」	
「なるほど。だから俺達みたいな	
休日にデートするような浮ついた連中を見ると	
気に入らなくて仕方が無いのか。」	
「さっきから何やら失礼な事ばかり言って	
もしかして私を	
ぐろん	
愚弄	
しているのですか？」	
「ううん。全然そんな事ないよ。」	
「ステラ。こいつらと	
話していても時間の無駄よ。	
さっさと行きましょう。」	
「はいはい。わかりました。	
お嬢様。」	
「それじゃ私達はお買い物の途中なので	
これで失礼しますね。」	
「おう。じゃあな。」	
「ばいばいッスー。」	
「では、参りましょうか。	
っ！あれは	
！私を置いて行かないで	
ミーちゃあああーーーーん！」	
なんだろう。せっかく獅堂に会えても	
に扱われるであろう盾守を想像すると	
ふびん	
不憫	
でならない。」	
「フェイリクスは盾守パイセンに	
一生消えない傷を残してしまったんスね。」	
「フェイリクスも単純に	
あの二人を仲直りさせようとしただけだってのに	
むしろ悪化してるのは予想外の結果ではあるよな。」	
「さて、次はどこ行くッスか？」	
「実は顔出しておきたい場所が	
あるんだよな。」	
「ほうほう。」	
「いらっしゃいませ。	
』へようこそ。」	
「わお。ユリせんせーのバーテン姿、	
かっこいー。」	
「よお。ユリ姉。来たぜ。」	
「って、何だ。お前達か。」	
最愛の弟がせっかく来たって言うのに	
何だはないぜ。」	
「せっかくの	
機巧院とのデートだというのに	
何故お前は姉離れが出来んのだ。」	
「まったくですな。	
このシスコン野郎に	
もっと言ってやって欲しいでござるよ。」	
「俺は家族愛に満ち溢れてるだけなんだ。	
何もおかしくはない。」	
「やれやれ。また始まったか。」	
「ところでユリせんせーは	
ここでバイトしてたんスねー。」	
「うむ。友人がこのバーのマスターをしていてな。	
少しでも力になれればと思って志願したのだ。」	
「うんうん。	
ユリヒメが働いてくれて大助かりよ。	
なんたってウチの	
かんばんむすめ	
看板娘	
なんだから。」	
「おや。リサさん。	
こんにちはッス。」	
「いらっしゃい。ノヴァ。」	
ってお前なぁ。	
私は客引きピエロではないぞ。」	
「えー。	
けんそん	
謙遜	
しちゃって。	
ユリヒメ目当てで来るお客さん多いのに。」	
！ユリ姉目当ての客だと	
そいつはまずい	
！一刻も早く排除しなくては	
「はいはい。落ち着きましょうねー。	
「じゃあ、そんな大人気看板娘の	
れるドリンクでもいかがかな？」	
「うむ。せっかく店に来たのだ。	
お前達、何か注文していくがいい。」	
ユリ姉は店のメニューを差し出す。	
「おっと。君達は未成年だから	
ソフトドリンクで我慢してね。」	
「ここってリサさんのお店だったんスね。」	
「うん。私この『	
マスターやってるんだ。」	
「オートマタがバーのお店を	
開いてるなんて意外でしょ？」	
「そッスね。リサさんみたいに自分の意志で	
お店を開こうなんていう酔狂な	
オートマタは珍しいッスね。」	
「メイドカフェでバイトしたり配信者したり	
やってるオートマタも	
随分珍しいと思うが。」	
「リサは昔から自分の店を持つのが夢だったな。	
リサが語る夢の話をよく傍らで聞いていたものだ。」	
「ええ。お店を持つ為に色んなところで	
働いてコツコツお金を貯めて。	
そりゃあもう下積み時代が長かったんだから。」	
「それでやっとこのお店を持てるって	
決まった時はほんとに嬉しかったなぁ。」	
「うむ。仲間達を集めて盛大に	
開店パーティーをしたものだ。」	
あの時は楽しかったねー。」	
「ユリヒメお酒弱いのに	
無理してお酒飲むから	
酔い潰れちゃって大変だったんだからー。」	
「へー。ユリせんせー。	
お酒弱いんスねー。」	
「ユリ姉、ビール	
杯でも	
フラフラになってなかったか？」	
「むむむ。せっかくのバーの開店祝いなのだ。	
酒ぐらい飲みたくなるのは	
しんじょう	
心情	
というものだ。」	
「ふふっ。わかってるよ。	
ユリヒメのそういう義理堅いところ私好きだから。」	
「こうして開店当初から	
今もウチのお店を手伝ってくれてるしね。」	
「ふ。私も友の夢に感化され、	
一緒に同じ夢を見たくなったのさ。」	
「おかげで私は良い夢が見れている。	
感謝している。リサ。」	
「どういたしてまして。	
これからもよろしくね。ユリヒメ。」	
「ああ。こちらこそだな。」	
「リサさんとユリせんせーって	
随分と仲良いっスけど	
昔からの付き合いなんスか？」	
「ああ。実はリサとは	
前の職場で一緒になったんだ。」	
「ユリせんせーの前の職場って言うと	
え、	
ッスか？」	
「そうそう。私とユリヒメは	
の警官だったのだー。」	
「うほー。なんという偶然。	
という事はお二人は自分の先輩ッスねー。」	
「ここにまさかの斑鳩警察関係者が	
三人も居るとはな	
「リサとは同じ部署で働く仲間でな。」	
「ユリヒメは現場でバリバリ仕事するタイプで	
私はユリヒメのサポートをする	
オペレーターって感じね。」	
「持ちつ持たれつ。	
リサは互いに助け合える同僚であり友人なのだ。」	
「なるほど。確かにお二人は	
相性良さそうッスねー。」	
「今ではユリヒメが	
私のお店のサポートしてくれてるもんね。」	
「私はもう斑鳩警察では無くなったが	
リサの友人というのは変わらない。	
友人の為に何か出来る事がしたいのさ。」	
「うーん。嬉しい事言ってくれるわねー。	
やっぱユリヒメはこうでなくっちゃ。」	
「おいおい。私はいつもと変わらないだろ？」	
「ユート、ノヴァ。	
ユリヒメをフェイリクスの洗脳から	
解き放ってくれてありがとうね。」	
「見ての通りユリヒメ、	
元通りになったみたい。」	
「礼には及ばないさ。	
俺は元	
、ユリ姉を正気に戻す為に	
フェイリクスとか戦ってたんだからな。」	
「いや、まったく。苦労したッスよ。	
ユリせんせーを寝取られて落ち込む川島さんの	
介護をしながら任務を遂行するのは。」	
「おい。俺が足引っ張ってるみたいな言い方をするな。」	
「実際、めちゃくちゃ足引っ張ってたッスけど。」	
「？	
お前達は何の話をしているのだ？」	
「ユリヒメは知らなくていいのよー。	
そのままのあなたで居てね。」	
「む。私は	
け者か？」	
ねない	
ねない。」	
「さて、ユリ姉の淹れてくれたドリンクも	
した事だしそろそろ行くとするか。」	
「はちみつミックスジュース美味しかったッス。	
はちみー。はちみー。」	
「店に来ればいつでも	
ってやろう。」	
「またいらっしゃい。」	
「ああ、また来るぜ。」	
絶対に負けない最強の力を手に入れる為に。」	
花咲はカードハンターの頭を足で踏みつける。	
「さーて。とんだ邪魔が入ったッスけど	
とうしょ	
当初	
の予定であったメインイベント会場へ	
行きましょう。」	
「花咲が邪魔呼ばわりされてるんだが。」	
「ささ、こちらッス。」	
かれて	
ろじ	
路地	
に入ると	
ホテル街にやって来た。	
「えーと、どこだったかな？」	
「お、あのホテルッスね。」	
ノヴァはホテルの建物を指差す。	
え？これラブなホテルなやつじゃないの？	
「さて、入りましょうか。」	
ノヴァを俺の手を引いて建物に入っていく。	
「え？ちょ、マジ？」	
受付	
「ご予約の	
名様ですね。	
こちらルームキーとなります。」	
「ありがとーッス。」	
ノヴァは鍵を受け取り	
エレベーターに乗り込む。	
「あ、この部屋ッスね。」	
「では、レッツゴー。」	
「おー。なかなかいい部屋ッス。」	
「あの、ノヴァさん？	
この部屋で何をなさるのですか？」	
ホテルの部屋に男女が二人。	
する事は一つしか無いでしょう。」	
「それじゃ自分は着替えてくるッス。」	
ありのまま今起こった事を話すぜ。	
今日は健全なデートだと思っていたら	
いつのまにかラブなホテルの一室に来ていた。	
洗脳だとか妄想だとか	
そんなチャチなもんじゃあ断じてねえ	
もっと恐ろしいものの	
へんりん	
片鱗	
を味わったぜ	
まさかこんな唐突なタイミングで	
大人の階段を上っちまうっていうのかよ。	
っ！なんてサプライズだ	
積極的過ぎるぜ	
ノヴァちゃんよ	
「魔法アイドル・ザクロちゃん！	
参上！」	
「君のハートをずっきゅんと	
撃ち抜いちゃうぞ。	
お兄ちゃん。」	
『魔法アイドル・ザクロちゃん、	
シーズン変身バージョン』！」	
「ザクロちゃんの変身衣装はどれも神だが、	
原点にして頂点、まさに至高の究極、	
初代バージョンを持ってくるなんて	
「わかっている	
これはわかっているな	
「ザクロちゃんファンの心を	
確実に見通している	
「どうッスか？テンチョーから	
仕入れたこのコスプレ衣装。	
まさにザクロちゃんそのものでしょう？」	
「す、凄すぎる	
！なんて完成度の高さ	
まさにザクロちゃんが	
現世に降臨したと言っても過言ではない！」	
「そして、容姿も口調も	
キャラクター性もザクロちゃんそのもの	
「まさかこの時の為に	
ザクロちゃんを	
していたというのか	
「ふっふっふ。すべてはこの瞬間の為に。	
ハートのときめきがメモリアルッスね？	
「ああ！俺は今、モーレツに！	
ときめきがトゥナイトしているぜ！」	
「お兄ちゃんはザクロちゃんに	
会いたい会いたいと言ってやかましいから、」	
「いっその事、	
自分がザクロちゃんに	
なる事にしたんスよ。」	
俺は頬から	
の涙が流れ落ちた。	
「ありがとう	
。ありがとうザクロちゃん	
俺は君に会えて感動の余りに	
涙が止まらないんだ	
「さあ、涙拭いて顔上げて？	
せっかくザクロちゃんに会えたんだから	
泣いてたら勿体無いッスよ。」	
「何かザクロちゃんに	
して欲しい事は無いんスか？	
「ん？今何でもって言った	
「いや別に何でもとは一言も言ってないッスけど	
可能な範囲で要望には応えましょう。」	
「いいよー。いいよー。	
そのポーズいいよー。」	
「はいよー。」	
「カメラ目線もらえるー？	
そうそうー。そんな感じー。」	
「オッケー。ナイスショットー。」	
「よーし。今度は	
うわめづか	
上目遣	
いでキスを	
求めるような恥じらいの気持ちを出しつつ	
『お兄ちゃん』と言ってみよう。」	
何その要求。キモ。」	
「ザクロちゃんはそんな事言わない。」	
「ザクロちゃんはそんな事言わないよ？	
お兄ちゃんの事は全肯定するからね。」	
ノヴァはやれやれと言いながら	
指示通りに若干の恥じらいを持たせつつ	
いを送り、一言。	
素晴らしい。」	
「よーし。最後に	
キメポーズ	
キメ台詞行ってみよう。」	
「お任せを。」	
「正義のきらめき、ここに降臨！	
『魔法アイドル・ザクロちゃん』！」	
「きらめきハートでズッキュンおしおき！	
「ラブリー	
パワーで	
あく	
そく	
ざん	
「イエース！	
「ザクロちゃん！ザクロちゃん！	
ーーーーッ！！」	
「ご利用ありがとうございました。	
またお越しください。」	
「ではまたー。」	
「いやー。良かったよ。	
ザクロちゃん。すげー再現度で	
めちゃくちゃ	
出来た。」	
「ははは。それは良きかな。	
この日の為にテンチョーに	
ザクロちゃんの衣装を頼んでたんスよ。」	
「衣装の出来も良いし、	
それを着こなすノヴァも最高だった！」	
「そんなに気に入って頂けたのなら	
次の衣装もテンチョー経由で	
手配してもいいかもしれないッスね。」	
それなら『シーズン	
の覚醒バージョン』や	
『劇場版の	
バージョン』も見たい	
「おやおや。川島さんは	
ですなー。」	
「まぁ、川島さんの態度次第では	
そのうち着てあげてもいいッスよ。」	
「わ、わかったよ！絶対だからな！	
完全にザクロちゃん呼びになってるし。	
もはや川島さんにとって	
自分はザクロちゃんに見えてるんスね。」	
っ。ここまでしてくれた	
ザクロちゃんに何かお返しがしたい	
「俺もザクロちゃんに	
プレゼントを買いたいから	
ショッピングモールに行こう。」	
「いいッスけど、	
自分ノヴァッスよ。ノヴァ。」	
「よし。そうと決まれば出発だー。	
ザクロちゃんに何を買ってあげようかな。」	
「よーし。ここでザクロちゃんの	
プレゼント買っちゃうぞー。」	
「ザクロちゃんは今、	
何が欲しいのかな？」	
「ノヴァ。」	
ノヴァ。君の欲しいものは？」	
「そッスねー。	
配信用に使う機材とか欲しいッスかね。」	
「という事は家電コーナーか。」	
「ここがマイクコーナーか。	
何か似たようなやつが	
めっちゃあるんだけど。」	
「何が違うのコレ？」	
「配信に使うマイク選びで重要なのは	
声をより品質良くリスナーに届けるのに	
適した性能ッス。」	
「その為には、音質が良く、	
ノイズが除去が出来てよりクリアな音が	
提供できるスペックが必要ッス。」	
「大抵のマイクだとそういった基本的な機能は	
搭載されてるんスけどもちろん値段が高いほど	
高性能で品質が良いんスよ。」	
「では、自分が今、欲しいマイクは	
「世界中のプロに愛用されている	
マイクブランド	
の中で比較的安価な	
価格帯で提供されている高音質なマイクッス。」	
「へー。性能の割には安めのマイクなのかー。	
どれどれお値段は	
え？	
万？」	
「ね？安いでしょう？」	
「ノヴァ。	
何か欲しいものはあるかな？	
マイク以外で。」	
「世界トップクラスの家電企業	
社から	
発売された高品質ワイヤレスヘッドホン。	
「世界最高クラスのノイズキャンセリングを	
搭載した高音質クリアサウンドを提供し	
何とお値段	
万円のお手頃価格！」	
「な、	
「ノヴァ。次行こうか。」	
「今度はカードショップ？」	
「ゲーム版『ソード	
ブレイカーズ	
はやかぜ	
疾風	
カケル・バージョン	
初回限定ランダム封入された超激レアカード！」	
でんじんちょうじん	
電人超人	
スパークリング・イェーガー	
プレミア価格	
千円！」	
一旦、落ち着こうか。」	
「どれも高くね？	
高校生の資金力じゃ買えなくね？」	
「なんだよー。	
プレゼント買ってくれるっていうから	
紹介してたのにー。」	
無しー。	
ノヴァちゃんを	
うならこれぐらい	
ポンって買えなくちゃいけないんだぞー。」	
え、彼女ってこんなに金掛かるの？	
俺の幻想が今ぶち殺されたんだが。」	
俺がノヴァへのプレゼント決めきれずに	
おろおろしているとどこかで	
見た事ある奴と目があった。	
あれ？あいつ	
シリーズだよな。	
っていうか、何か手招きしてるんだけど	
俺を呼んでる？	
「ノヴァ。一旦タイム。	
ちょっと作戦会議して来るから待ってて。」	
「あーなるほど。大きい方ね。	
じゃあ、適当に時間潰してるッス。」	
何かを察したノヴァは席を外す。	
明らかに何か勘違いしている。	
「挨拶。こんにちは。	
号のマスター。	
号って	
前も俺に警告して来たヤツか？」	
「再会。はい。お久しぶりです。	
「何でお前がここに居るんだよ。	
凍結中じゃなかったのか？」	
「肯定。	
シリーズの大半は凍結中です。」	
「しかし、凍結中も	
ネットワークによって	
号の情報は常に	
シリーズ全機に	
共有されています。」	
「救援。	
号の危機的状況を検知した為、	
こうしてスクランブル発進して	
現場に急行しました。」	
つまり、ノヴァのピンチを	
察知して助けに来たって事か？」	
号のマスターはプレゼントを	
決めかねている。このまま放置すれば	
プレゼントを買ってもらえない。まさに危機的状況です。」	
「ノヴァの要求するものが	
のきな	
軒並	
み高すぎて	
俺の財布が危機的状況なんだが。」	
「説明。	
ないこうてき	
内向的	
な為、	
本心を相手に伝える事が苦手です。」	
「あいつが	
？初耳だぞ。」	
「助言。本質的にはあなたから贈られた	
プレゼントであれば	
どんなものであれ嬉しいのです。」	
「証明。あなたが過去に贈ったものを	
ずっと大切にしていたのが何よりの証拠。	
金額は関係ありません。」	
なるほど。確かに。」	
「伝達。助言は伝えました。	
あとはあなたが自分で考えてください。」	
あぁ。考えてみる。	
ありがとうな。」	
「それでは失礼します。	
「えーと。ノヴァは	
っと。」	
ゲームセンターのアーケード筐体コーナー。	
席に座り格ゲーを	
プレイするノヴァが居た。	
「ノヴァ。待たせたな。」	
「おー。スッキリしたッスか？	
もよお	
すと大変ッスからねー。」	
いや、別に腹痛で	
ってたわけじゃないんだけど。」	
「さて。ちょうどいいし	
ファイターズ』の対戦しましょう。」	
「よーし。いっちょやってやるか。	
今度は負けないからな。」	
「意気込みは良し。	
軽く捻ってやるッス。」	
俺はノヴァの向かい側の筐体に座り。	
コインを投入する。	
「行くぞ！ブリュンヒルデ！	
いつぞやの借りを返してやるッ！」	
いいでしょう。また『くっころ』にしてやりますよ。	
ティアー	
最上位キャラのエクセルハートでね。」	
「キャラの性能の違いが戦力の	
決定的さでないということを	
教えてやる！」	
この後、俺はノヴァに連敗に連敗を重ね。	
再びブリュンヒルデの『くっころ』祭りが	
開催されたのである。	
ゲーセンで汗を流した俺達は	
ショッピングモールの近場にある	
公園に来ていた。	
「くそー。また負けたー。」	
ゆかいゆかい	
愉快愉快	
今日もガッツリ勝たせてもらったッスよ。」	
「そんなに勝ちたいなら弱キャラの	
『ブリュンヒルデ』じゃなくて	
強キャラ使えばいいんじゃないッスか？」	
「うるせー。弱かろうが	
俺は『ブリュンヒルデ』で勝ちたいんだよ。」	
「川島さん。残念系ポンコツキャラ	
結構好きッスもんねー。」	
もう日が落ちて夜になっちまってるな。」	
「何かんだ	
日中遊んでましたからなぁ。」	
「ああ。ノヴァと居るのが	
楽しくてあっという間に	
時間が過ぎちまったぜ。」	
「ええ。自分も川島さんとのデート、	
とても楽しませてもらったッス。」	
「そいつは	
俺達、相性バッチリだな。」	
「それはもちろん。なにせ	
川島さんは正式にマスター登録された	
自分のマスターなんスから。」	
「あの時、お前が偶然にも	
記憶喪失になってなかったらこうやって	
二人でデートする事も無かったんだよな。」	
「いえ、これは偶然ではなく	
ひつぜん	
必然	
まさに運命の出会いってヤツッスよ。」	
「だって、	
の最新型、	
任務中に動作不良を起こし工場出荷状態で	
川島さんと出会うだなんて	
てんもんがくてき	
天文学的	
な確率ッスよ。」	
「だからこれは	
いんがりつ	
因果律	
がもたらした運命。	
自分と川島さんは結ばれる運命に	
あったというわけッス。」	
「おいおい。今日のノヴァは随分	
してき	
詩的	
ロマンチストじゃねーの？」	
「知らなかったんスか？	
おとめ	
乙女	
なんスよ？」	
ノヴァはおもむろに俺に近づき	
そっと胸に手を置き身体を寄せた。	
「川島さんの心臓の鼓動が	
聞こえるッス。」	
「とても温かい	
オートマタには無い人間の温かみ。	
これが人間の生きてる証	
なんスね。」	
ノヴァは俺の胸に耳をあて、	
心臓の鼓動を	
いつく	
しむように聞いている。	
「力強くて、でも優しい。そんな音。	
この音聞いていると	
なんだかとても落ち着くッス。」	
「きっとそれは川島さんに寄り添い	
肌を重ねてるからなのかもしれないッス。」	
「そうか。	
だったらもっと聞かせてやる。」	
俺はノヴァの背中に腕を回し抱きしめる。	
あっ。」	
少しでも力を入れると壊れてしまいそうに	
なるぐらいノヴァの小さくて	
きゃしゃ	
華奢	
な身体。	
俺は優しく丁寧に抱きしめる。	
意外と	
ッスね。	
「お前から誘って来たんだろ。	
ぜん	
食わぬは男の恥だ。	
責任取れ。」	
変なところでメンタル弱くなる癖に	
こういう時は自信満	
なんスよね。」	
「でも、そういう男らしさ。	
自分は好きッス。」	
「女の子が勇気を振り絞って	
アタック掛けて来てんだ。	
それに応えないでどうするよ。」	
意外と鋭いんスよね。	
川島さんって。」	
俺に抱き着いて来たノヴァは	
少しだけ身体が震えていた。	
もし、『拒絶されたらどうしよう？』	
きっとそんな事を考えながら	
俺に抱き着いて来たのだろう。	
いつもの	
とした姿とは裏腹に	
ちっぽけな勇気を振り絞りながら。	
悪い。気づいてやれなくて。	
もっと早くこうしてやれば良かったな。」	
本当に鈍感なんスから。	
「でも、良かった。」	
ずっとあなたとこうしたかった。」	
「自分と川島さんはマスターと	
オートマタの主従関係で	
結ばれているッス。」	
「本当はもっと川島さんに近づきたかった。	
ずっと側に居たかった。	
誰にも渡したくはなかった。」	
「けれど、あなたはマスターで自分はオートマタ。	
オートマタはマスターの命令に従い	
要求を満たす支援をするもの。」	
がある以上、	
どうしても踏み込めなかった。	
一線を越えられなかった。」	
「もし、拒絶されたらって思ったら	
怖くて、足がすくんで、主従以上の	
近しい関係になれなかった	
自分には川島さんしか居ないから。」	
「マスターに	
川島さんに拒絶されたら	
自分は一人ぼっちになってしまう	
「自分は一人は嫌なんス	
あなたと一緒に	
あなたのお側に居たい	
「ごめんな。ノヴァ。	
俺の不甲斐なさがお前を苦しめてしまった。」	
「けどいいんだ。お前はもっと自由でいいんだ。	
主従関係に	
こだわ	
る必要なんて何一つ無い。	
が決めたルールにすぎねぇ。」	
「俺はマスターだとか、お前がオートマタだとか、	
の実験体だとか	
そんなものどうだっていい。」	
「俺はお前が、	
ノヴァが好きだ。」	
「ノヴァ。俺のメインヒロインになってくれ。」	
嬉しい。」	
「はい。もちろんッス。	
最初から自分は川島さんの	
メインヒロインッス。」	
「自分もあなたが	
川島さんが大好きッス。」	
「でも	
言葉だけじゃ不安ッス。	
あなたのメインヒロイン足りえる	
あかし	
欲しいッス。」	
俺の言葉が信用出来ないってのか？」	
いつも口だけは	
たっしゃ	
達者	
ッスから。」	
うぐっ。	
完全に否定出来ないのが痛いところだ。	
川島さん。お願いします。」	
ノヴァは目を閉じ、	
俺を受け入れようとしてくれている。	
わかった。俺も男だ。	
覚悟を決める。」	
俺はノヴァの肩を掴み、	
顔を近づけ、そっとその唇に口づけをする。	
んっ。」	
ちゅ	
んんっ	
ノヴァの小さく柔らかい唇。	
唇を重ね、	
けるような甘さに酔いしれる。	
んっ	
んちゅっ。」	
ひとりしきり唇を味わった俺は	
ノヴァから身体を離す。	
ぷは	
「どうだ？これで証明出来たか？」	
川島さんのヒロインの証、	
頂きましたッス。」	
でも、」	
もっとくださいッス。」	
ノヴァは背伸びをしながら	
俺にキスをする。	
好き	
あなたが	
大好き	
ノヴァはこれまでの	
うっぷん	
鬱憤	
を晴らすかのように	
熱く、激しく、求めるようにキスを重ねる。	
ヒロイン認定された事に	
あんど	
安堵	
したのか	
もはやなりふり構わず、甘えてくる。	
そんなノヴァが愛おしくてたまらなかった。	
俺はノヴァを優しく抱きしめながらキスをする。	
ガラス細工のような	
せんさい	
繊細	
な身体を壊してしまわないように。	
そっと、優しく。	
えへへっ。	
デートの最後にキスだなんて	
まるで恋人同士ッスね。」	
「バーカ。とっくに俺達は恋人だろ？」	
はい。うん。	
そうッスね。」	
自分は川島さんの彼女ッス。	
なんたってキスまでしちゃったんスから。」	
面と向かって	
言われるとなんだか恥ずかしいな。」	
「ふふっ。照れてる川島さん。	
可愛いッス。」	
えーと。	
メインヒロイン公認記念という事で	
彼女のノヴァにプレゼントがあるんだが。」	
「そんな言い訳みたいな口実作らなくても	
普通に渡せばいいのに。」	
「男ってのは	
何をするにも	
たいぎめいぶん	
大義名分	
が必要なんだよ。	
理由も無しに大それた事ができるか。」	
「彼女にプレゼント渡すのって大それた事なんスか。」	
「いーから。受け取ってくれ。	
ほらよ。」	
俺は紙袋から出したプレゼントを	
ノヴァの首に巻いてやった。	
「お前に渡すプレゼントを色	
が考えてみたんだが	
やっぱり予算的都合というか、高校生の俺には	
どうにも買えないものばかりでな。」	
「なんとか俺の小遣いでも買えそうなのが	
そのマフラーだったわけだ。」	
「ほら。前にあげたマフラー無くしちまったろ？	
だから、代わりと言っちゃあなんだが	
新しいマフラーをプレゼントさせてもらうよ。」	
嬉しい。	
すごく、嬉しいッス。」	
マフラーをプレゼントしてくれて	
ありがとう。川島さん。」	
大切にするッス。」	
「お、おお。そんなに喜んでくれるとは	
プレゼントした	
甲斐	
があったぜ。」	
大好きッス。」	
エンドロール開始	
「喜び、怒り、悲しみ、楽しさ、	
きどあいらく	
喜怒哀楽	
かんじょうひょうげん	
感情表現	
さえも	
人間と	
そんしょく	
遜色	
ないほど	
の姿だというの？」	
「どうみても人間にしか見えないですよね。	
ノヴァさんは。	
あれ、	
オートマタなんですよ？」	
「見たことも聞いたことが無いわ。	
人に恋する	
だなんて。」	
「そうですね。確かに	
を目的としていた。」	
「それは人間が	
の身体を捨てて	
ぎたい	
義体	
として永遠の	
せい	
を手に入れる為。」	
「そう、あれはただの器。	
器に感情なんていらないのよ。」	
「けれど、想定し得ないエラーが生じ	
プログラムされてない恋の感情が	
めば	
芽生	
えてしまった。」	
「それはただの偶然か、プログラムのバグか、	
それとも川島さんという	
の影響か、	
かではありません。」	
「ただ、芽生えてしまった恋の感情は	
オートマタの主従関係を越えて	
マスターと恋人同士になるという奇跡を生み出した。」	
「それってとっても	
素敵な事だと思いませんか？	
カグヤさん。」	
今日はいつに無く	
ろまん	
浪漫	
を語るわね。	
イルシオ。」	
「何故そこまであの機巧人形に	
肩入れするのかしら？	
ナンバーズ	
番号付き	
だから？」	
「確かにノヴァさんは我	
と同じく	
めいしゅさま	
盟主様	
に選ばれた	
「けれど、私には	
そんな事どうだっていいんです。」	
「だって、ノヴァさんって可愛いですよね。	
もうそれだけで私のお気に入りの	
コレクションの一つです。」	
あなたの趣味はまったくわからないわ。」	
「カグヤさんこそ。オートマタを	
嫌いだと言いながらも今回は随分オートマタに	
興味を示していたじゃないですか。」	
まで使って	
フェイリクスを川島さんに	
たきつけるなんて。」	
ただの気まぐれよ。	
が持つ	
どんなものか少し見てみたくなっただけ。」	
「それで、実際見てみた感想は？」	
「期待外れ	
だったわ。途中まではね。」	
「フェイリクスの計画が失敗し、	
さんの記憶が失われた時点で	
大方予想通りの結果だった。」	
私はつまらない	
えんもく	
演目	
まくひ	
幕引	
きの為	
の目を振りなおそうとした。」	
「影山さんも同じ結論だったみたいですねえ。」	
「けれど、サツキが	
私を止めた。」	
「サツキはあろうことか母である	
この私に刀を向け、この演目の続行を要求した。」	
何故	
これまでのどの世界線でもサツキが	
私に逆らう事は一度たりとも無かった。」	
「何かがおかしい	
そのものに狂いが生じている	
「さてそれはどうでしょうね。」	
どういうことかしら？」	
さん達は	
決められたシナリオ、決められた配役で	
物語を進行してきました。」	
いたレールに	
ほころ	
びが生まれてきている。」	
「それは何故か？」	
「彼女達が自我を持ち始め、	
に反逆しようとしている。」	
なん、ですって？」	
あり得ないわ。	
サツキ達は	
クサナギの	
せいしんしょうげき	
精神衝撃	
が致命的な損傷を受けている。」	
「その状態で	
にんしきそがい	
認識阻害	
えるはずがない。」	
がある限り、	
サツキ達はこの世界で	
平和で争いの無い夢を見続ける。」	
「それがあの子を守り、	
あの子が生き続けられる	
唯一の方法なのだから。」	
「外の世界は	
クサナギという	
はめつ	
破滅	
こうとしている。」	
「確かにカグヤさんの言う通り	
この世界に閉じ籠っていれば	
安全なのは間違いないですね。」	
「それならどうして今回、	
オートマタの可能性を	
試すような真似をしたんです？」	
きっとあなたも	
うすうす	
わかっているはずだ。	
この世界が決して安全ではない事が。」	
の最終目標に向けて	
オートマタに可能性を	
みいだ	
見出	
そうとしているんじゃないですか？」	
言ったはずよ。	
が嫌いだと。」	
「そうは言っても五月雨さんの命を救える	
唯一の方法がオートマタなのも事実。」	
「もはや我	
時間も選択肢も残されてない。」	
「人類の命運を賭けるしかない。	
である彼女達に。」	
「それでも	
「それでも私は運命に	
ってみせる。	
あの子を	
サツキを守る為に。」	
「もう二度とあの子を手離したりはしない。	
絶対に。」	
帰路の途中、公園を通り掛かると	
突如として自動販売機が猛スピードで	
俺のこめかみを	
め、地面に激突した。	
「な、な、な、何だぁああああああーーーーーッ！！？？」	
今まさに公園の自動販売機を俺目掛けて放り投げようとしていた。	
「目標補足	
だいにしゃ	
第二射	
とうてきかいし	
投擲開始	
待っ	
される次なる自動販売機ッ！	
猛スピードで迫り来る鉄の塊を	
に横っ飛びで回避するッ！	
「あ、危ねぇええええーーーーッ！！！	
殺す気かテメェ	
「なんだあのオートマタ	
ぶん投げてやがる	
貴様ダケハ許サナイ	
俺を知っている	
のかッ！？」	
「ノエルの仇	
コノ手で殺ス	
こいつ、一体何を言ってやがる	
「あの兄ちゃんが	
おとり	
になってくれてる間に逃げるんだッ！」	
「すまねぇ	
ッ！見知らぬ兄ちゃん	
皆を逃がす為に犠牲になったアンタの事は忘れないぜ	
「あ、テメェら俺を	
にして勝手に逃げるんじゃねーッ！	
はくじょうものども	
薄情者共	
がぁああああーーーーッ！！」	
「オノレ	
逃ガサン、貴様ダケハ	
「川島ユート	
貴様ノセイデ、ノエルは死ンダッ！」	
「貴様が逃げ出セバ！	
代わりにコノ子供が犠牲ニナルノダッ！！」	
理由はわからないが俺を目の敵している謎のオートマタ。	
奴は卑劣にも子供を人質に取り危害を加えようとしていた。	
「死ねェ	
ッ！川島ユートォ	
大丈夫。	
君は私が守るから。」	
お前は	
「ノエ	
ドウ	
シテ	
「一般には市販されてない研究機関所属の	
実験用オートマタッスけど、何故か公共の場に現れ、	
川島さんを標的にしていたっぽいッスね。」	
「は？何で実験用オートマタが	
へんてつ	
変哲	
もない普通の高校生である	
俺なんかを狙うんだよ？」	
チュートリアル	
ポニーテール女子	
のソードブレイカー	
ノヴァ編』を	
ダウンロードしてくれてありがとー。」	
「私はこのゲームのヒロインの一人。	
サツキ』だよ。」	
「ここではこのゲームの簡単な説明をしちゃうよ。」	
「さてさて『	
のソードブレイカー』とは	
「現代社会に剣と機械とポニーテールが登場する舞台で、	
人のヒロイン達とのドキドキわくわくの	
恋愛模様を描いた学園ラブコメビジュアルノベル、だよ。」	
「本作は	
シリーズの第四弾で	
てんしんらんまんこあくまけい	
天真爛漫小悪魔系	
ロボ	
ノヴァ」の	
お話が楽しめちゃうんだ。」	
「ではでは、本作のメインヒロインである	
ノヴァを呼んじゃうよー。」	
出番だよー。」	
このゲームのメインヒロインにして	
ノヴァ』ッス。」	
「でびるずらぶりー	
なにそれ？」	
「そう！それは最大のミステリー！	
が一体何なのか！	
君達の目で確かめてくれ！」	
「ふむふむ。何やら	
本編を進めると驚くべき事実が明らかになるようだよ。」	
「そしてそして！	
ノヴァちゃんに隠されたもう一つの秘密があるんスよ！	
それはなんと	
「ノヴァはロボット	
なんだよねー。」	
「ズコー！ちょっと	
さん！	
さらっとネタバレしないでくださいッスー！」	
「ああ、ごめんごめん。	
既に冒頭の紹介で喋っちゃってたからさ。」	
「もー！衝撃の事実は自分の口から言いたかったのにー！」	
「あはは。それは悪かったよ。	
でも、ロボ	
だなんてすごいよね。」	
「正確には『オートマタ』と呼ばれる	
じどうきかいにんぎょう	
自動機械人形	
「おーとまた？ロボットとは違うの？」	
「機械製品最大手企業『	
製造した自動機械人形『オートマタ』。」	
「『オートマタ』は世界ナンバーワンのシェアを誇り、	
もはや世界は『オートマタ』が支配していると	
では無いッス！」	
「そして自分は『	
技術を結集した最新型モデルッ！	
「おっと、そろそろ時間みたいだね。	
あとは本編で説明してもらうとして、	
一旦お開きにしようか。」	
「それでは、本編でまた会おう。	
ばいばい、またねー。」	
「こらー！勝手に締めるな	
ノヴァちゃんの魅力はまだ伝えきれてないぞー！」	
「ほら、ノヴァも挨拶挨拶。」	
「おっと、これは失敬。」	
「それでは皆さん、またお会いしましょー。	
へん	
お楽しみに！」	
」』	
ゝゞーァィゥェォッャュョヮヵヶぁぃぅぇぉっゃゅょゎゕゖ	
？！	
カテゴリ名	
セーブファイル	
テキスト	
